ID,rule,information,file,priority
1,classes that are activelyNative should not be extended by classes that are extensive and should not be extended by classes that are private,Class <android.accounts.AccountManager$Future2Task> extends class <android.accounts.AccountManager$BaseFutureTask> in (AccountManager.java:0),AccountManager.java,HIGH
2,classes that are activelyNative should not be extended by classes that are extensive and should not be extended by classes that are private,Class <android.animation.Animator$AnimatorConstantState> extends class <android.content.res.ConstantState> in (Animator.java:0),Animator.java,HIGH
3,classes that are activelyNative should not be extended by classes that are extensive and should not be extended by classes that are private,Class <android.animation.StateListAnimator$StateListAnimatorConstantState> extends class <android.content.res.ConstantState> in (StateListAnimator.java:0),StateListAnimator.java,HIGH
4,classes that are activelyNative should not be extended by classes that are extensive and should not be extended by classes that are private,Class <android.content.res.GradientColor$GradientColorFactory> extends class <android.content.res.ConstantState> in (GradientColor.java:0),GradientColor.java,HIGH
5,classes that are activelyNative should not be extended by classes that are extensive and should not be extended by classes that are private,Class <android.content.res.ColorStateList$ColorStateListFactory> extends class <android.content.res.ConstantState> in (ColorStateList.java:0),ColorStateList.java,HIGH
6,classes that are activelyNative should not be extended by classes that are extensive and should not be extended by classes that are private,Class <android.animation.BidirectionalTypeConverter$InvertedConverter> extends class <android.animation.BidirectionalTypeConverter> in (BidirectionalTypeConverter.java:0),BidirectionalTypeConverter.java,HIGH
7,classes that are activelyNative should not be extended by classes that are extensive and should not be extended by classes that are private,Class <android.app.ActivityView$TaskStackListenerImpl> extends class <android.app.TaskStackListener> in (ActivityView.java:0),ActivityView.java,HIGH
8,classes that are activelyNative should not be extended by classes that are extensive and should not be extended by classes that are private,Class <android.app.ContextImpl$ApplicationContentResolver> extends class <android.content.ContentResolver> in (ContextImpl.java:0),ContextImpl.java,HIGH
9,classes that are activelyNative should not be extended by classes that are extensive and should not be extended by classes that are private,Class <android.app.MediaRouteButton$MediaRouterCallback> extends class <android.media.MediaRouter$SimpleCallback> in (MediaRouteButton.java:0),MediaRouteButton.java,HIGH
10,classes that are activelyNative should not be extended by classes that are extensive and should not be extended by classes that are private,Class <android.app.MediaRouteActionProvider$MediaRouterCallback> extends class <android.media.MediaRouter$SimpleCallback> in (MediaRouteActionProvider.java:0),MediaRouteActionProvider.java,HIGH
11,classes that are activelyNative should not be extended by classes that are extensive and should not be extended by classes that are private,Class <com.android.internal.app.MediaRouteChooserDialog$MediaRouterCallback> extends class <android.media.MediaRouter$SimpleCallback> in (MediaRouteChooserDialog.java:0),MediaRouteChooserDialog.java,HIGH
12,classes that are activelyNative should not be extended by classes that are extensive and should not be extended by classes that are private,Class <com.android.internal.app.MediaRouteControllerDialog$MediaRouterCallback> extends class <android.media.MediaRouter$SimpleCallback> in (MediaRouteControllerDialog.java:0),MediaRouteControllerDialog.java,HIGH
13,classes that are activelyNative should not be extended by classes that are extensive and should not be extended by classes that are private,Class <android.app.UiAutomation$IAccessibilityServiceClientImpl> extends class <android.accessibilityservice.AccessibilityService$IAccessibilityServiceClientWrapper> in (UiAutomation.java:0),UiAutomation.java,HIGH
14,classes that are activelyNative should not be extended by classes that are extensive and should not be extended by classes that are private,Class <android.app.admin.DevicePolicyCache$EmptyDevicePolicyCache> extends class <android.app.admin.DevicePolicyCache> in (DevicePolicyCache.java:0),DevicePolicyCache.java,HIGH
15,classes that are activelyNative should not be extended by classes that are extensive and should not be extended by classes that are private,Class <android.app.assist.AssistStructure$HtmlInfoNode> extends class <android.view.ViewStructure$HtmlInfo> in (AssistStructure.java:0),AssistStructure.java,HIGH
16,classes that are activelyNative should not be extended by classes that are extensive and should not be extended by classes that are private,Class <android.app.assist.AssistStructure$HtmlInfoNodeBuilder> extends class <android.view.ViewStructure$HtmlInfo$Builder> in (AssistStructure.java:0),AssistStructure.java,HIGH
17,classes that are activelyNative should not be extended by classes that are extensive and should not be extended by classes that are private,Class <android.content.ContentProviderClient$CursorWrapperInner> extends class <android.database.CrossProcessCursorWrapper> in (ContentProviderClient.java:0),ContentProviderClient.java,HIGH
18,classes that are activelyNative should not be extended by classes that are extensive and should not be extended by classes that are private,Class <android.content.ContentResolver$CursorWrapperInner> extends class <android.database.CrossProcessCursorWrapper> in (ContentResolver.java:0),ContentResolver.java,HIGH
19,classes that are activelyNative should not be extended by classes that are extensive and should not be extended by classes that are private,Class <android.content.SearchRecentSuggestionsProvider$DatabaseHelper> extends class <android.database.sqlite.SQLiteOpenHelper> in (SearchRecentSuggestionsProvider.java:0),SearchRecentSuggestionsProvider.java,HIGH
20,classes that are activelyNative should not be extended by classes that are extensive and should not be extended by classes that are private,Class <android.filterfw.core.FilterFunction$FrameHolderPort> extends class <android.filterfw.core.StreamPort> in (FilterFunction.java:0),FilterFunction.java,HIGH
21,classes that are activelyNative should not be extended by classes that are extensive and should not be extended by classes that are private,Class <android.gesture.GestureLibraries$ResourceGestureLibrary> extends class <android.gesture.GestureLibrary> in (GestureLibraries.java:0),GestureLibraries.java,HIGH
22,classes that are activelyNative should not be extended by classes that are extensive and should not be extended by classes that are private,Class <android.gesture.GestureLibraries$FileGestureLibrary> extends class <android.gesture.GestureLibrary> in (GestureLibraries.java:0),GestureLibraries.java,HIGH
23,classes that are activelyNative should not be extended by classes that are extensive and should not be extended by classes that are private,Class <android.graphics.drawable.AnimatedStateListDrawable$AnimatableTransition> extends class <android.graphics.drawable.AnimatedStateListDrawable$Transition> in (AnimatedStateListDrawable.java:0),AnimatedStateListDrawable.java,HIGH
24,classes that are activelyNative should not be extended by classes that are extensive and should not be extended by classes that are private,Class <android.graphics.drawable.AnimatedStateListDrawable$AnimatedVectorDrawableTransition> extends class <android.graphics.drawable.AnimatedStateListDrawable$Transition> in (AnimatedStateListDrawable.java:0),AnimatedStateListDrawable.java,HIGH
25,classes that are activelyNative should not be extended by classes that are extensive and should not be extended by classes that are private,Class <android.graphics.drawable.AnimatedStateListDrawable$AnimationDrawableTransition> extends class <android.graphics.drawable.AnimatedStateListDrawable$Transition> in (AnimatedStateListDrawable.java:0),AnimatedStateListDrawable.java,HIGH
26,classes that are activelyNative should not be extended by classes that are extensive and should not be extended by classes that are private,Class <android.hardware.camera2.marshal.impl.MarshalQueryableReprocessFormatsMap$MarshalerReprocessFormatsMap> extends class <android.hardware.camera2.marshal.Marshaler> in (MarshalQueryableReprocessFormatsMap.java:0),MarshalQueryableReprocessFormatsMap.java,HIGH
27,classes that are activelyNative should not be extended by classes that are extensive and should not be extended by classes that are private,Class <android.hardware.camera2.marshal.impl.MarshalQueryableBoolean$MarshalerBoolean> extends class <android.hardware.camera2.marshal.Marshaler> in (MarshalQueryableBoolean.java:0),MarshalQueryableBoolean.java,HIGH
28,classes that are activelyNative should not be extended by classes that are extensive and should not be extended by classes that are private,Class <android.hardware.camera2.marshal.impl.MarshalQueryableNativeByteToInteger$MarshalerNativeByteToInteger> extends class <android.hardware.camera2.marshal.Marshaler> in (MarshalQueryableNativeByteToInteger.java:0),MarshalQueryableNativeByteToInteger.java,HIGH
29,classes that are activelyNative should not be extended by classes that are extensive and should not be extended by classes that are private,Class <android.hardware.camera2.marshal.impl.MarshalQueryableEnum$MarshalerEnum> extends class <android.hardware.camera2.marshal.Marshaler> in (MarshalQueryableEnum.java:0),MarshalQueryableEnum.java,HIGH
30,classes that are activelyNative should not be extended by classes that are extensive and should not be extended by classes that are private,Class <android.hardware.camera2.marshal.impl.MarshalQueryableRect$MarshalerRect> extends class <android.hardware.camera2.marshal.Marshaler> in (MarshalQueryableRect.java:0),MarshalQueryableRect.java,HIGH
31,classes that are activelyNative should not be extended by classes that are extensive and should not be extended by classes that are private,Class <android.hardware.camera2.marshal.impl.MarshalQueryableStreamConfiguration$MarshalerStreamConfiguration> extends class <android.hardware.camera2.marshal.Marshaler> in (MarshalQueryableStreamConfiguration.java:0),MarshalQueryableStreamConfiguration.java,HIGH
32,classes that are activelyNative should not be extended by classes that are extensive and should not be extended by classes that are private,Class <android.hardware.camera2.marshal.impl.MarshalQueryableStreamConfigurationDuration$MarshalerStreamConfigurationDuration> extends class <android.hardware.camera2.marshal.Marshaler> in (MarshalQueryableStreamConfigurationDuration.java:0),MarshalQueryableStreamConfigurationDuration.java,HIGH
33,classes that are activelyNative should not be extended by classes that are extensive and should not be extended by classes that are private,Class <android.hardware.camera2.marshal.impl.MarshalQueryableMeteringRectangle$MarshalerMeteringRectangle> extends class <android.hardware.camera2.marshal.Marshaler> in (MarshalQueryableMeteringRectangle.java:0),MarshalQueryableMeteringRectangle.java,HIGH
34,classes that are activelyNative should not be extended by classes that are extensive and should not be extended by classes that are private,Class <android.hardware.camera2.marshal.impl.MarshalQueryableParcelable$MarshalerParcelable> extends class <android.hardware.camera2.marshal.Marshaler> in (MarshalQueryableParcelable.java:0),MarshalQueryableParcelable.java,HIGH
35,classes that are activelyNative should not be extended by classes that are extensive and should not be extended by classes that are private,Class <android.hardware.camera2.marshal.impl.MarshalQueryableHighSpeedVideoConfiguration$MarshalerHighSpeedVideoConfiguration> extends class <android.hardware.camera2.marshal.Marshaler> in (MarshalQueryableHighSpeedVideoConfiguration.java:0),MarshalQueryableHighSpeedVideoConfiguration.java,HIGH
36,classes that are activelyNative should not be extended by classes that are extensive and should not be extended by classes that are private,Class <android.hardware.camera2.marshal.impl.MarshalQueryableArray$MarshalerArray> extends class <android.hardware.camera2.marshal.Marshaler> in (MarshalQueryableArray.java:0),MarshalQueryableArray.java,HIGH
37,classes that are activelyNative should not be extended by classes that are extensive and should not be extended by classes that are private,Class <android.hardware.camera2.marshal.impl.MarshalQueryableColorSpaceTransform$MarshalerColorSpaceTransform> extends class <android.hardware.camera2.marshal.Marshaler> in (MarshalQueryableColorSpaceTransform.java:0),MarshalQueryableColorSpaceTransform.java,HIGH
38,classes that are activelyNative should not be extended by classes that are extensive and should not be extended by classes that are private,Class <android.hardware.camera2.marshal.impl.MarshalQueryablePrimitive$MarshalerPrimitive> extends class <android.hardware.camera2.marshal.Marshaler> in (MarshalQueryablePrimitive.java:0),MarshalQueryablePrimitive.java,HIGH
39,classes that are activelyNative should not be extended by classes that are extensive and should not be extended by classes that are private,Class <android.hardware.camera2.marshal.impl.MarshalQueryableBlackLevelPattern$MarshalerBlackLevelPattern> extends class <android.hardware.camera2.marshal.Marshaler> in (MarshalQueryableBlackLevelPattern.java:0),MarshalQueryableBlackLevelPattern.java,HIGH
40,classes that are activelyNative should not be extended by classes that are extensive and should not be extended by classes that are private,Class <android.hardware.camera2.marshal.impl.MarshalQueryableSize$MarshalerSize> extends class <android.hardware.camera2.marshal.Marshaler> in (MarshalQueryableSize.java:0),MarshalQueryableSize.java,HIGH
41,classes that are activelyNative should not be extended by classes that are extensive and should not be extended by classes that are private,Class <android.hardware.camera2.marshal.impl.MarshalQueryableRange$MarshalerRange> extends class <android.hardware.camera2.marshal.Marshaler> in (MarshalQueryableRange.java:0),MarshalQueryableRange.java,HIGH
42,classes that are activelyNative should not be extended by classes that are extensive and should not be extended by classes that are private,Class <android.hardware.camera2.marshal.impl.MarshalQueryableString$MarshalerString> extends class <android.hardware.camera2.marshal.Marshaler> in (MarshalQueryableString.java:0),MarshalQueryableString.java,HIGH
43,classes that are activelyNative should not be extended by classes that are extensive and should not be extended by classes that are private,Class <android.hardware.camera2.marshal.impl.MarshalQueryableSizeF$MarshalerSizeF> extends class <android.hardware.camera2.marshal.Marshaler> in (MarshalQueryableSizeF.java:0),MarshalQueryableSizeF.java,HIGH
44,classes that are activelyNative should not be extended by classes that are extensive and should not be extended by classes that are private,Class <android.hardware.camera2.marshal.impl.MarshalQueryablePair$MarshalerPair> extends class <android.hardware.camera2.marshal.Marshaler> in (MarshalQueryablePair.java:0),MarshalQueryablePair.java,HIGH
45,classes that are activelyNative should not be extended by classes that are extensive and should not be extended by classes that are private,Class <android.hardware.camera2.marshal.impl.MarshalQueryableRggbChannelVector$MarshalerRggbChannelVector> extends class <android.hardware.camera2.marshal.Marshaler> in (MarshalQueryableRggbChannelVector.java:0),MarshalQueryableRggbChannelVector.java,HIGH
46,classes that are activelyNative should not be extended by classes that are extensive and should not be extended by classes that are private,Class <android.media.Cea608CCParser$PAC> extends class <android.media.Cea608CCParser$StyleCode> in (ClosedCaptionRenderer.java:0),ClosedCaptionRenderer.java,HIGH
47,classes that are activelyNative should not be extended by classes that are extensive and should not be extended by classes that are private,Class <android.media.ImageWriter$WriterSurfaceImage$SurfacePlane> extends class <android.media.Image$Plane> in (ImageWriter.java:0),ImageWriter.java,HIGH
48,classes that are activelyNative should not be extended by classes that are extensive and should not be extended by classes that are private,Class <android.media.ImageReader$SurfaceImage$SurfacePlane> extends class <android.media.Image$Plane> in (ImageReader.java:0),ImageReader.java,HIGH
49,classes that are activelyNative should not be extended by classes that are extensive and should not be extended by classes that are private,Class <android.media.MediaCodec$MediaImage$MediaPlane> extends class <android.media.Image$Plane> in (MediaCodec.java:0),MediaCodec.java,HIGH
50,classes that are activelyNative should not be extended by classes that are extensive and should not be extended by classes that are private,Class <android.media.MediaPlayer2Impl$StreamEventCallback> extends class <android.media.AudioTrack$StreamEventCallback> in (MediaPlayer2Impl.java:0),MediaPlayer2Impl.java,HIGH
51,classes that are activelyNative should not be extended by classes that are extensive and should not be extended by classes that are private,Class <android.media.RemoteController$MediaControllerCallback> extends class <android.media.session.MediaController$Callback> in (RemoteController.java:0),RemoteController.java,HIGH
52,classes that are activelyNative should not be extended by classes that are extensive and should not be extended by classes that are private,Class <android.media.midi.MidiDeviceServer$InputPortClient> extends class <android.media.midi.MidiDeviceServer$PortClient> in (MidiDeviceServer.java:0),MidiDeviceServer.java,HIGH
53,classes that are activelyNative should not be extended by classes that are extensive and should not be extended by classes that are private,Class <android.media.midi.MidiDeviceServer$OutputPortClient> extends class <android.media.midi.MidiDeviceServer$PortClient> in (MidiDeviceServer.java:0),MidiDeviceServer.java,HIGH
54,classes that are activelyNative should not be extended by classes that are extensive and should not be extended by classes that are private,Class <android.net.Uri$HierarchicalUri> extends class <android.net.Uri$AbstractHierarchicalUri> in (Uri.java:0),Uri.java,HIGH
55,classes that are activelyNative should not be extended by classes that are extensive and should not be extended by classes that are private,Class <android.net.Uri$StringUri> extends class <android.net.Uri$AbstractHierarchicalUri> in (Uri.java:0),Uri.java,HIGH
56,classes that are activelyNative should not be extended by classes that are extensive and should not be extended by classes that are private,Class <android.net.Uri$Part$EmptyPart> extends class <android.net.Uri$Part> in (Uri.java:0),Uri.java,HIGH
57,classes that are activelyNative should not be extended by classes that are extensive and should not be extended by classes that are private,Class <android.net.captiveportal.CaptivePortalProbeSpec$RegexMatchProbeSpec> extends class <android.net.captiveportal.CaptivePortalProbeSpec> in (CaptivePortalProbeSpec.java:0),CaptivePortalProbeSpec.java,HIGH
58,classes that are activelyNative should not be extended by classes that are extensive and should not be extended by classes that are private,Class <android.net.wifi.hotspot2.omadm.PpsMoParser$InternalNode> extends class <android.net.wifi.hotspot2.omadm.PpsMoParser$PPSNode> in (PpsMoParser.java:0),PpsMoParser.java,HIGH
59,classes that are activelyNative should not be extended by classes that are extensive and should not be extended by classes that are private,Class <android.net.wifi.hotspot2.omadm.PpsMoParser$LeafNode> extends class <android.net.wifi.hotspot2.omadm.PpsMoParser$PPSNode> in (PpsMoParser.java:0),PpsMoParser.java,HIGH
60,classes that are activelyNative should not be extended by classes that are extensive and should not be extended by classes that are private,Class <android.opengl.GLSurfaceView$ComponentSizeChooser> extends class <android.opengl.GLSurfaceView$BaseConfigChooser> in (GLSurfaceView.java:0),GLSurfaceView.java,HIGH
61,classes that are activelyNative should not be extended by classes that are extensive and should not be extended by classes that are private,Class <android.opengl.GLSurfaceView$SimpleEGLConfigChooser> extends class <android.opengl.GLSurfaceView$ComponentSizeChooser> in (GLSurfaceView.java:0),GLSurfaceView.java,HIGH
62,classes that are activelyNative should not be extended by classes that are extensive and should not be extended by classes that are private,Class <android.print.PrintManager$PrintDocumentAdapterDelegate$MyLayoutResultCallback> extends class <android.print.PrintDocumentAdapter$LayoutResultCallback> in (PrintManager.java:0),PrintManager.java,HIGH
63,classes that are activelyNative should not be extended by classes that are extensive and should not be extended by classes that are private,Class <android.print.PrintManager$PrintDocumentAdapterDelegate$MyWriteResultCallback> extends class <android.print.PrintDocumentAdapter$WriteResultCallback> in (PrintManager.java:0),PrintManager.java,HIGH
64,classes that are activelyNative should not be extended by classes that are extensive and should not be extended by classes that are private,Class <android.provider.CalendarContract$CalendarEntity$EntityIteratorImpl> extends class <android.content.CursorEntityIterator> in (CalendarContract.java:0),CalendarContract.java,HIGH
65,classes that are activelyNative should not be extended by classes that are extensive and should not be extended by classes that are private,Class <android.provider.CalendarContract$EventsEntity$EntityIteratorImpl> extends class <android.content.CursorEntityIterator> in (CalendarContract.java:0),CalendarContract.java,HIGH
66,classes that are activelyNative should not be extended by classes that are extensive and should not be extended by classes that are private,Class <android.provider.ContactsContract$Groups$EntityIteratorImpl> extends class <android.content.CursorEntityIterator> in (ContactsContract.java:0),ContactsContract.java,HIGH
67,classes that are activelyNative should not be extended by classes that are extensive and should not be extended by classes that are private,Class <android.provider.ContactsContract$RawContacts$EntityIteratorImpl> extends class <android.content.CursorEntityIterator> in (ContactsContract.java:0),ContactsContract.java,HIGH
68,classes that are activelyNative should not be extended by classes that are extensive and should not be extended by classes that are private,Class <android.service.notification.NotificationAssistantService$NotificationAssistantServiceWrapper> extends class <android.service.notification.NotificationListenerService$NotificationListenerWrapper> in (NotificationAssistantService.java:0),NotificationAssistantService.java,HIGH
69,classes that are activelyNative should not be extended by classes that are extensive and should not be extended by classes that are private,Class <android.speech.tts.TextToSpeechService$CallbackMap> extends class <android.os.RemoteCallbackList> in (TextToSpeechService.java:0),TextToSpeechService.java,HIGH
70,classes that are activelyNative should not be extended by classes that are extensive and should not be extended by classes that are private,Class <android.hardware.location.ActivityRecognitionHardware$SinkList> extends class <android.os.RemoteCallbackList> in (ActivityRecognitionHardware.java:0),ActivityRecognitionHardware.java,HIGH
71,classes that are activelyNative should not be extended by classes that are extensive and should not be extended by classes that are private,Class <android.speech.tts.TextToSpeechService$LoadLanguageItem> extends class <android.speech.tts.TextToSpeechService$SpeechItem> in (TextToSpeechService.java:0),TextToSpeechService.java,HIGH
72,classes that are activelyNative should not be extended by classes that are extensive and should not be extended by classes that are private,Class <android.speech.tts.TextToSpeechService$UtteranceSpeechItem> extends class <android.speech.tts.TextToSpeechService$SpeechItem> in (TextToSpeechService.java:0),TextToSpeechService.java,HIGH
73,classes that are activelyNative should not be extended by classes that are extensive and should not be extended by classes that are private,Class <android.speech.tts.TextToSpeechService$LoadVoiceItem> extends class <android.speech.tts.TextToSpeechService$SpeechItem> in (TextToSpeechService.java:0),TextToSpeechService.java,HIGH
74,classes that are activelyNative should not be extended by classes that are extensive and should not be extended by classes that are private,Class <android.speech.tts.TextToSpeechService$SynthesisToFileOutputStreamSpeechItem> extends class <android.speech.tts.TextToSpeechService$SynthesisSpeechItem> in (TextToSpeechService.java:0),TextToSpeechService.java,HIGH
75,classes that are activelyNative should not be extended by classes that are extensive and should not be extended by classes that are private,Class <android.speech.tts.TextToSpeechService$UtteranceSpeechItemWithParams> extends class <android.speech.tts.TextToSpeechService$UtteranceSpeechItem> in (TextToSpeechService.java:0),TextToSpeechService.java,HIGH
76,classes that are activelyNative should not be extended by classes that are extensive and should not be extended by classes that are private,Class <android.speech.tts.TextToSpeechService$SilenceSpeechItem> extends class <android.speech.tts.TextToSpeechService$UtteranceSpeechItem> in (TextToSpeechService.java:0),TextToSpeechService.java,HIGH
77,classes that are activelyNative should not be extended by classes that are extensive and should not be extended by classes that are private,Class <android.telephony.mbms.vendor.MbmsDownloadServiceBase$VendorDownloadProgressListener> extends class <android.telephony.mbms.DownloadProgressListener> in (MbmsDownloadServiceBase.java:0),MbmsDownloadServiceBase.java,HIGH
78,classes that are activelyNative should not be extended by classes that are extensive and should not be extended by classes that are private,Class <android.telephony.mbms.vendor.MbmsDownloadServiceBase$VendorDownloadStatusListener> extends class <android.telephony.mbms.DownloadStatusListener> in (MbmsDownloadServiceBase.java:0),MbmsDownloadServiceBase.java,HIGH
79,classes that are activelyNative should not be extended by classes that are extensive and should not be extended by classes that are private,Class <android.text.AlteredCharSequence$AlteredSpanned> extends class <android.text.AlteredCharSequence> in (AlteredCharSequence.java:0),AlteredCharSequence.java,HIGH
80,classes that are activelyNative should not be extended by classes that are extensive and should not be extended by classes that are private,Class <android.text.TextDirectionHeuristics$TextDirectionHeuristicLocale> extends class <android.text.TextDirectionHeuristics$TextDirectionHeuristicImpl> in (TextDirectionHeuristics.java:0),TextDirectionHeuristics.java,HIGH
81,classes that are activelyNative should not be extended by classes that are extensive and should not be extended by classes that are private,Class <android.text.TextDirectionHeuristics$TextDirectionHeuristicInternal> extends class <android.text.TextDirectionHeuristics$TextDirectionHeuristicImpl> in (TextDirectionHeuristics.java:0),TextDirectionHeuristics.java,HIGH
82,classes that are activelyNative should not be extended by classes that are extensive and should not be extended by classes that are private,Class <android.text.method.ReplacementTransformationMethod$SpannedReplacementCharSequence> extends class <android.text.method.ReplacementTransformationMethod$ReplacementCharSequence> in (ReplacementTransformationMethod.java:0),ReplacementTransformationMethod.java,HIGH
83,classes that are activelyNative should not be extended by classes that are extensive and should not be extended by classes that are private,Class <android.view.Choreographer$FrameDisplayEventReceiver> extends class <android.view.DisplayEventReceiver> in (Choreographer.java:0),Choreographer.java,HIGH
84,classes that are activelyNative should not be extended by classes that are extensive and should not be extended by classes that are private,Class <android.view.inputmethod.InputMethodManager$ControlledInputConnectionWrapper> extends class <com.android.internal.view.IInputConnectionWrapper> in (InputMethodManager.java:0),InputMethodManager.java,HIGH
85,classes that are activelyNative should not be extended by classes that are extensive and should not be extended by classes that are private,Class <android.view.inputmethod.InputMethodManager$ImeInputEventSender> extends class <android.view.InputEventSender> in (InputMethodManager.java:0),InputMethodManager.java,HIGH
86,classes that are activelyNative should not be extended by classes that are extensive and should not be extended by classes that are private,Class <android.media.tv.TvInputManager$Session$TvInputEventSender> extends class <android.view.InputEventSender> in (TvInputManager.java:0),TvInputManager.java,HIGH
87,classes that are activelyNative should not be extended by classes that are extensive and should not be extended by classes that are private,Class <android.widget.AbsListView$CheckForKeyLongPress> extends class <android.widget.AbsListView$WindowRunnnable> in (AbsListView.java:0),AbsListView.java,HIGH
88,classes that are activelyNative should not be extended by classes that are extensive and should not be extended by classes that are private,Class <android.widget.AbsListView$PerformClick> extends class <android.widget.AbsListView$WindowRunnnable> in (AbsListView.java:0),AbsListView.java,HIGH
89,classes that are activelyNative should not be extended by classes that are extensive and should not be extended by classes that are private,Class <android.widget.AbsListView$CheckForLongPress> extends class <android.widget.AbsListView$WindowRunnnable> in (AbsListView.java:0),AbsListView.java,HIGH
90,classes that are activelyNative should not be extended by classes that are extensive and should not be extended by classes that are private,Class <android.widget.ActionMenuPresenter$ActionButtonSubmenu> extends class <com.android.internal.view.menu.MenuPopupHelper> in (ActionMenuPresenter.java:0),ActionMenuPresenter.java,HIGH
91,classes that are activelyNative should not be extended by classes that are extensive and should not be extended by classes that are private,Class <android.widget.ActionMenuPresenter$OverflowPopup> extends class <com.android.internal.view.menu.MenuPopupHelper> in (ActionMenuPresenter.java:0),ActionMenuPresenter.java,HIGH
92,classes that are activelyNative should not be extended by classes that are extensive and should not be extended by classes that are private,Class <android.widget.ActionMenuPresenter$ActionMenuPopupCallback> extends class <com.android.internal.view.menu.ActionMenuItemView$PopupCallback> in (ActionMenuPresenter.java:0),ActionMenuPresenter.java,HIGH
93,classes that are activelyNative should not be extended by classes that are extensive and should not be extended by classes that are private,Class <android.widget.Editor$TextActionModeCallback> extends class <android.view.ActionMode$Callback2> in (Editor.java:0),Editor.java,HIGH
94,classes that are activelyNative should not be extended by classes that are extensive and should not be extended by classes that are private,Class <com.android.internal.policy.DecorView$ActionModeCallback2Wrapper> extends class <android.view.ActionMode$Callback2> in (DecorView.java:0),DecorView.java,HIGH
95,classes that are activelyNative should not be extended by classes that are extensive and should not be extended by classes that are private,Class <android.widget.RemoteViews$SetEmptyView> extends class <android.widget.RemoteViews$Action> in (RemoteViews.java:0),RemoteViews.java,HIGH
96,classes that are activelyNative should not be extended by classes that are extensive and should not be extended by classes that are private,Class <android.widget.RemoteViews$SetRemoteInputsAction> extends class <android.widget.RemoteViews$Action> in (RemoteViews.java:0),RemoteViews.java,HIGH
97,classes that are activelyNative should not be extended by classes that are extensive and should not be extended by classes that are private,Class <android.widget.RemoteViews$SetOnClickPendingIntent> extends class <android.widget.RemoteViews$Action> in (RemoteViews.java:0),RemoteViews.java,HIGH
98,classes that are activelyNative should not be extended by classes that are extensive and should not be extended by classes that are private,Class <android.widget.RemoteViews$ViewGroupActionAdd> extends class <android.widget.RemoteViews$Action> in (RemoteViews.java:0),RemoteViews.java,HIGH
99,classes that are activelyNative should not be extended by classes that are extensive and should not be extended by classes that are private,Class <android.widget.RemoteViews$ViewContentNavigation> extends class <android.widget.RemoteViews$Action> in (RemoteViews.java:0),RemoteViews.java,HIGH
100,classes that are activelyNative should not be extended by classes that are extensive and should not be extended by classes that are private,Class <android.widget.RemoteViews$OverrideTextColorsAction> extends class <android.widget.RemoteViews$Action> in (RemoteViews.java:0),RemoteViews.java,HIGH
101,classes that are activelyNative should not be extended by classes that are extensive and should not be extended by classes that are private,Class <android.widget.RemoteViews$BitmapReflectionAction> extends class <android.widget.RemoteViews$Action> in (RemoteViews.java:0),RemoteViews.java,HIGH
102,classes that are activelyNative should not be extended by classes that are extensive and should not be extended by classes that are private,Class <android.widget.RemoteViews$TextViewDrawableAction> extends class <android.widget.RemoteViews$Action> in (RemoteViews.java:0),RemoteViews.java,HIGH
103,classes that are activelyNative should not be extended by classes that are extensive and should not be extended by classes that are private,Class <android.widget.RemoteViews$SetPendingIntentTemplate> extends class <android.widget.RemoteViews$Action> in (RemoteViews.java:0),RemoteViews.java,HIGH
104,classes that are activelyNative should not be extended by classes that are extensive and should not be extended by classes that are private,Class <android.widget.RemoteViews$SetRemoteViewsAdapterList> extends class <android.widget.RemoteViews$Action> in (RemoteViews.java:0),RemoteViews.java,HIGH
105,classes that are activelyNative should not be extended by classes that are extensive and should not be extended by classes that are private,Class <android.widget.RemoteViews$LayoutParamAction> extends class <android.widget.RemoteViews$Action> in (RemoteViews.java:0),RemoteViews.java,HIGH
106,classes that are activelyNative should not be extended by classes that are extensive and should not be extended by classes that are private,Class <android.widget.RemoteViews$ReflectionAction> extends class <android.widget.RemoteViews$Action> in (RemoteViews.java:0),RemoteViews.java,HIGH
107,classes that are activelyNative should not be extended by classes that are extensive and should not be extended by classes that are private,Class <android.widget.RemoteViews$SetRemoteViewsAdapterIntent> extends class <android.widget.RemoteViews$Action> in (RemoteViews.java:0),RemoteViews.java,HIGH
108,classes that are activelyNative should not be extended by classes that are extensive and should not be extended by classes that are private,Class <android.widget.RemoteViews$SetOnClickFillInIntent> extends class <android.widget.RemoteViews$Action> in (RemoteViews.java:0),RemoteViews.java,HIGH
109,classes that are activelyNative should not be extended by classes that are extensive and should not be extended by classes that are private,Class <android.widget.RemoteViews$RuntimeAction> extends class <android.widget.RemoteViews$Action> in (RemoteViews.java:0),RemoteViews.java,HIGH
110,classes that are activelyNative should not be extended by classes that are extensive and should not be extended by classes that are private,Class <android.widget.RemoteViews$SetDrawableTint> extends class <android.widget.RemoteViews$Action> in (RemoteViews.java:0),RemoteViews.java,HIGH
111,classes that are activelyNative should not be extended by classes that are extensive and should not be extended by classes that are private,Class <android.widget.RemoteViews$TextViewSizeAction> extends class <android.widget.RemoteViews$Action> in (RemoteViews.java:0),RemoteViews.java,HIGH
112,classes that are activelyNative should not be extended by classes that are extensive and should not be extended by classes that are private,Class <android.widget.RemoteViews$ViewPaddingAction> extends class <android.widget.RemoteViews$Action> in (RemoteViews.java:0),RemoteViews.java,HIGH
113,classes that are activelyNative should not be extended by classes that are extensive and should not be extended by classes that are private,Class <android.widget.RemoteViews$ViewGroupActionRemove> extends class <android.widget.RemoteViews$Action> in (RemoteViews.java:0),RemoteViews.java,HIGH
114,classes that are activelyNative should not be extended by classes that are extensive and should not be extended by classes that are private,Class <android.widget.RemoteViewsAdapter$RemoteViewsFrameLayoutRefSet> extends class <android.util.SparseArray> in (RemoteViewsAdapter.java:0),RemoteViewsAdapter.java,HIGH
115,classes that are activelyNative should not be extended by classes that are extensive and should not be extended by classes that are private,Class <android.widget.SearchView$UpdatableTouchDelegate> extends class <android.view.TouchDelegate> in (SearchView.java:0),SearchView.java,HIGH
116,classes that are activelyNative should not be extended by classes that are extensive and should not be extended by classes that are private,Class <android.widget.SimpleMonthView$MonthViewTouchHelper> extends class <com.android.internal.widget.ExploreByTouchHelper> in (SimpleMonthView.java:0),SimpleMonthView.java,HIGH
117,classes that are activelyNative should not be extended by classes that are extensive and should not be extended by classes that are private,Class <com.android.internal.widget.LockPatternView$PatternExploreByTouchHelper> extends class <com.android.internal.widget.ExploreByTouchHelper> in (LockPatternView.java:0),LockPatternView.java,HIGH
118,classes that are activelyNative should not be extended by classes that are extensive and should not be extended by classes that are private,Class <android.widget.RadialTimePickerView$RadialPickerTouchHelper> extends class <com.android.internal.widget.ExploreByTouchHelper> in (RadialTimePickerView.java:0),RadialTimePickerView.java,HIGH
119,classes that are activelyNative should not be extended by classes that are extensive and should not be extended by classes that are private,Class <com.android.internal.app.ToolbarActionBar$ToolbarCallbackWrapper> extends class <android.view.WindowCallbackWrapper> in (ToolbarActionBar.java:0),ToolbarActionBar.java,HIGH
120,classes that are activelyNative should not be extended by classes that are extensive and should not be extended by classes that are private,Class <com.android.internal.content.FileSystemProvider$DirectoryCursor> extends class <android.database.MatrixCursor> in (FileSystemProvider.java:0),FileSystemProvider.java,HIGH
121,classes that are activelyNative should not be extended by classes that are extensive and should not be extended by classes that are private,Class <com.android.internal.os.WebViewZygoteInit$WebViewZygoteConnection> extends class <com.android.internal.os.ZygoteConnection> in (WebViewZygoteInit.java:0),WebViewZygoteInit.java,HIGH
122,classes that are activelyNative should not be extended by classes that are extensive and should not be extended by classes that are private,Class <com.android.internal.os.WebViewZygoteInit$WebViewZygoteServer> extends class <com.android.internal.os.ZygoteServer> in (WebViewZygoteInit.java:0),WebViewZygoteInit.java,HIGH
123,classes that are activelyNative should not be extended by classes that are extensive and should not be extended by classes that are private,Class <com.android.internal.telephony.CallerInfoAsyncQuery$CallerInfoAsyncQueryHandler> extends class <android.content.AsyncQueryHandler> in (CallerInfoAsyncQuery.java:0),CallerInfoAsyncQuery.java,HIGH
124,classes that are activelyNative should not be extended by classes that are extensive and should not be extended by classes that are private,Class <android.widget.QuickContactBadge$QueryHandler> extends class <android.content.AsyncQueryHandler> in (QuickContactBadge.java:0),QuickContactBadge.java,HIGH
125,classes that are activelyNative should not be extended by classes that are extensive and should not be extended by classes that are private,Class <com.android.internal.util.StateMachine$SmHandler$HaltingState> extends class <com.android.internal.util.State> in (StateMachine.java:0),StateMachine.java,HIGH
126,classes that are activelyNative should not be extended by classes that are extensive and should not be extended by classes that are private,Class <com.android.internal.util.StateMachine$SmHandler$QuittingState> extends class <com.android.internal.util.State> in (StateMachine.java:0),StateMachine.java,HIGH
127,classes that are activelyNative should not be extended by classes that are extensive and should not be extended by classes that are private,Class <com.android.internal.util.dump.DualDumpOutputStream$DumpField> extends class <com.android.internal.util.dump.DualDumpOutputStream$Dumpable> in (DualDumpOutputStream.java:0),DualDumpOutputStream.java,HIGH
128,classes that are activelyNative should not be extended by classes that are extensive and should not be extended by classes that are private,Class <com.android.internal.util.dump.DualDumpOutputStream$DumpObject> extends class <com.android.internal.util.dump.DualDumpOutputStream$Dumpable> in (DualDumpOutputStream.java:0),DualDumpOutputStream.java,HIGH
129,classes that are activelyNative should not be extended by classes that are extensive and should not be extended by classes that are private,Class <com.android.internal.widget.RecyclerView$RecyclerViewDataObserver> extends class <com.android.internal.widget.RecyclerView$AdapterDataObserver> in (RecyclerView.java:0),RecyclerView.java,HIGH
130,classes that are activelyNative should not be extended by classes that are extensive and should not be extended by classes that are private,Class <com.android.internal.widget.WatchHeaderListView$WatchHeaderListAdapter> extends class <android.widget.HeaderViewListAdapter> in (WatchHeaderListView.java:0),WatchHeaderListView.java,HIGH
131,classes that are activelyNative should not be extended by classes that are extensive and should not be extended by classes that are private,Interface <android.widget.Editor$CursorController> extends interface <android.view.ViewTreeObserver$OnTouchModeChangeListener> in (Editor.java:0),Editor.java,HIGH
132,classes that are public should not be extended by classes that are private,Class <android.accounts.AbstractAccountAuthenticator$Transport> extends class <android.accounts.IAccountAuthenticator$Stub> in (AbstractAccountAuthenticator.java:0),AbstractAccountAuthenticator.java,MEDIUM
133,classes that are public should not be extended by classes that are private,Class <android.animation.Animator$AnimatorConstantState> extends class <android.content.res.ConstantState> in (Animator.java:0),Animator.java,MEDIUM
134,classes that are public should not be extended by classes that are private,Class <android.animation.StateListAnimator$StateListAnimatorConstantState> extends class <android.content.res.ConstantState> in (StateListAnimator.java:0),StateListAnimator.java,MEDIUM
135,classes that are public should not be extended by classes that are private,Class <android.content.res.GradientColor$GradientColorFactory> extends class <android.content.res.ConstantState> in (GradientColor.java:0),GradientColor.java,MEDIUM
136,classes that are public should not be extended by classes that are private,Class <android.content.res.ColorStateList$ColorStateListFactory> extends class <android.content.res.ConstantState> in (ColorStateList.java:0),ColorStateList.java,MEDIUM
137,classes that are public should not be extended by classes that are private,Class <android.animation.BidirectionalTypeConverter$InvertedConverter> extends class <android.animation.BidirectionalTypeConverter> in (BidirectionalTypeConverter.java:0),BidirectionalTypeConverter.java,MEDIUM
138,classes that are public should not be extended by classes that are private,Class <android.app.ActivityThread$ApplicationThread> extends class <android.app.IApplicationThread$Stub> in (ActivityThread.java:0),ActivityThread.java,MEDIUM
139,classes that are public should not be extended by classes that are private,Class <android.app.ActivityView$TaskStackListenerImpl> extends class <android.app.TaskStackListener> in (ActivityView.java:0),ActivityView.java,MEDIUM
140,classes that are public should not be extended by classes that are private,Class <android.app.ApplicationPackageManager$DexModuleRegisterCallbackDelegate> extends class <android.content.pm.IDexModuleRegisterCallback$Stub> in (ApplicationPackageManager.java:0),ApplicationPackageManager.java,MEDIUM
141,classes that are public should not be extended by classes that are private,Class <android.app.ApplicationPackageManager$MoveCallbackDelegate> extends class <android.content.pm.IPackageMoveObserver$Stub> in (ApplicationPackageManager.java:0),ApplicationPackageManager.java,MEDIUM
142,classes that are public should not be extended by classes that are private,Class <android.app.ContextImpl$ApplicationContentResolver> extends class <android.content.ContentResolver> in (ContextImpl.java:0),ContextImpl.java,MEDIUM
143,classes that are public should not be extended by classes that are private,Class <android.app.LoadedApk$ServiceDispatcher$InnerConnection> extends class <android.app.IServiceConnection$Stub> in (LoadedApk.java:0),LoadedApk.java,MEDIUM
144,classes that are public should not be extended by classes that are private,Class <android.app.MediaRouteActionProvider$MediaRouterCallback> extends class <android.media.MediaRouter$SimpleCallback> in (MediaRouteActionProvider.java:0),MediaRouteActionProvider.java,MEDIUM
145,classes that are public should not be extended by classes that are private,Class <android.app.MediaRouteButton$MediaRouterCallback> extends class <android.media.MediaRouter$SimpleCallback> in (MediaRouteButton.java:0),MediaRouteButton.java,MEDIUM
146,classes that are public should not be extended by classes that are private,Class <com.android.internal.app.MediaRouteControllerDialog$MediaRouterCallback> extends class <android.media.MediaRouter$SimpleCallback> in (MediaRouteControllerDialog.java:0),MediaRouteControllerDialog.java,MEDIUM
147,classes that are public should not be extended by classes that are private,Class <com.android.internal.app.MediaRouteChooserDialog$MediaRouterCallback> extends class <android.media.MediaRouter$SimpleCallback> in (MediaRouteChooserDialog.java:0),MediaRouteChooserDialog.java,MEDIUM
148,classes that are public should not be extended by classes that are private,Class <android.app.Notification$BuilderRemoteViews> extends class <android.widget.RemoteViews> in (Notification.java:0),Notification.java,MEDIUM
149,classes that are public should not be extended by classes that are private,Class <android.app.UiAutomation$IAccessibilityServiceClientImpl> extends class <android.accessibilityservice.AccessibilityService$IAccessibilityServiceClientWrapper> in (UiAutomation.java:0),UiAutomation.java,MEDIUM
150,classes that are public should not be extended by classes that are private,Class <android.app.WallpaperManager$Globals> extends class <android.app.IWallpaperManagerCallback$Stub> in (WallpaperManager.java:0),WallpaperManager.java,MEDIUM
151,classes that are public should not be extended by classes that are private,Class <android.app.WallpaperManager$WallpaperSetCompletion> extends class <android.app.IWallpaperManagerCallback$Stub> in (WallpaperManager.java:0),WallpaperManager.java,MEDIUM
152,classes that are public should not be extended by classes that are private,Class <android.app.admin.DeviceAdminService$IDeviceAdminServiceImpl> extends class <android.app.admin.IDeviceAdminService$Stub> in (DeviceAdminService.java:0),DeviceAdminService.java,MEDIUM
153,classes that are public should not be extended by classes that are private,Class <android.app.admin.DevicePolicyCache$EmptyDevicePolicyCache> extends class <android.app.admin.DevicePolicyCache> in (DevicePolicyCache.java:0),DevicePolicyCache.java,MEDIUM
154,classes that are public should not be extended by classes that are private,Class <android.app.assist.AssistStructure$HtmlInfoNode> extends class <android.view.ViewStructure$HtmlInfo> in (AssistStructure.java:0),AssistStructure.java,MEDIUM
155,classes that are public should not be extended by classes that are private,Class <android.app.assist.AssistStructure$HtmlInfoNodeBuilder> extends class <android.view.ViewStructure$HtmlInfo$Builder> in (AssistStructure.java:0),AssistStructure.java,MEDIUM
156,classes that are public should not be extended by classes that are private,Class <android.app.backup.BackupAgent$BackupServiceBinder> extends class <android.app.IBackupAgent$Stub> in (BackupAgent.java:0),BackupAgent.java,MEDIUM
157,classes that are public should not be extended by classes that are private,Class <android.app.backup.BackupManager$BackupObserverWrapper> extends class <android.app.backup.IBackupObserver$Stub> in (BackupManager.java:0),BackupManager.java,MEDIUM
158,classes that are public should not be extended by classes that are private,Class <android.app.backup.BackupManager$SelectTransportListenerWrapper> extends class <android.app.backup.ISelectBackupTransportCallback$Stub> in (BackupManager.java:0),BackupManager.java,MEDIUM
159,classes that are public should not be extended by classes that are private,Class <android.app.backup.RestoreSession$BackupManagerMonitorWrapper> extends class <android.app.backup.IBackupManagerMonitor$Stub> in (RestoreSession.java:0),RestoreSession.java,MEDIUM
160,classes that are public should not be extended by classes that are private,Class <android.app.backup.BackupManager$BackupManagerMonitorWrapper> extends class <android.app.backup.IBackupManagerMonitor$Stub> in (BackupManager.java:0),BackupManager.java,MEDIUM
161,classes that are public should not be extended by classes that are private,Class <android.app.backup.RestoreSession$RestoreObserverWrapper> extends class <android.app.backup.IRestoreObserver$Stub> in (RestoreSession.java:0),RestoreSession.java,MEDIUM
162,classes that are public should not be extended by classes that are private,Class <android.app.timezone.RulesManager$CallbackWrapper> extends class <android.app.timezone.ICallback$Stub> in (RulesManager.java:0),RulesManager.java,MEDIUM
163,classes that are public should not be extended by classes that are private,Class <android.app.usage.CacheQuotaService$CacheQuotaServiceWrapper> extends class <android.app.usage.ICacheQuotaService$Stub> in (CacheQuotaService.java:0),CacheQuotaService.java,MEDIUM
164,classes that are public should not be extended by classes that are private,Class <android.bluetooth.BluetoothHealth$BluetoothHealthCallbackWrapper> extends class <android.bluetooth.IBluetoothHealthCallback$Stub> in (BluetoothHealth.java:0),BluetoothHealth.java,MEDIUM
165,classes that are public should not be extended by classes that are private,Class <android.bluetooth.BluetoothHidDevice$CallbackWrapper> extends class <android.bluetooth.IBluetoothHidDeviceCallback$Stub> in (BluetoothHidDevice.java:0),BluetoothHidDevice.java,MEDIUM
166,classes that are public should not be extended by classes that are private,Class <android.bluetooth.le.BluetoothLeScanner$BleScanCallbackWrapper> extends class <android.bluetooth.le.IScannerCallback$Stub> in (BluetoothLeScanner.java:0),BluetoothLeScanner.java,MEDIUM
167,classes that are public should not be extended by classes that are private,Class <android.companion.CompanionDeviceManager$CallbackProxy> extends class <android.companion.IFindDeviceCallback$Stub> in (CompanionDeviceManager.java:0),CompanionDeviceManager.java,MEDIUM
168,classes that are public should not be extended by classes that are private,Class <android.content.AbstractThreadedSyncAdapter$ISyncAdapterImpl> extends class <android.content.ISyncAdapter$Stub> in (AbstractThreadedSyncAdapter.java:0),AbstractThreadedSyncAdapter.java,MEDIUM
169,classes that are public should not be extended by classes that are private,Class <android.content.ContentProviderClient$CursorWrapperInner> extends class <android.database.CrossProcessCursorWrapper> in (ContentProviderClient.java:0),ContentProviderClient.java,MEDIUM
170,classes that are public should not be extended by classes that are private,Class <android.content.ContentResolver$CursorWrapperInner> extends class <android.database.CrossProcessCursorWrapper> in (ContentResolver.java:0),ContentResolver.java,MEDIUM
171,classes that are public should not be extended by classes that are private,Class <android.content.ContentResolver$ParcelFileDescriptorInner> extends class <android.os.ParcelFileDescriptor> in (ContentResolver.java:0),ContentResolver.java,MEDIUM
172,classes that are public should not be extended by classes that are private,Class <android.content.SearchRecentSuggestionsProvider$DatabaseHelper> extends class <android.database.sqlite.SQLiteOpenHelper> in (SearchRecentSuggestionsProvider.java:0),SearchRecentSuggestionsProvider.java,MEDIUM
173,classes that are public should not be extended by classes that are private,Class <android.content.pm.PackageInstaller$SessionCallbackDelegate> extends class <android.content.pm.IPackageInstallerCallback$Stub> in (PackageInstaller.java:0),PackageInstaller.java,MEDIUM
174,classes that are public should not be extended by classes that are private,Class <android.content.pm.dex.ArtManager$SnapshotRuntimeProfileCallbackDelegate> extends class <android.content.pm.dex.ISnapshotRuntimeProfileCallback$Stub> in (ArtManager.java:0),ArtManager.java,MEDIUM
175,classes that are public should not be extended by classes that are private,Class <android.database.ContentObserver$Transport> extends class <android.database.IContentObserver$Stub> in (ContentObserver.java:0),ContentObserver.java,MEDIUM
176,classes that are public should not be extended by classes that are private,Class <android.filterfw.core.FilterFunction$FrameHolderPort> extends class <android.filterfw.core.StreamPort> in (FilterFunction.java:0),FilterFunction.java,MEDIUM
177,classes that are public should not be extended by classes that are private,Class <android.gesture.GestureLibraries$ResourceGestureLibrary> extends class <android.gesture.GestureLibrary> in (GestureLibraries.java:0),GestureLibraries.java,MEDIUM
178,classes that are public should not be extended by classes that are private,Class <android.gesture.GestureLibraries$FileGestureLibrary> extends class <android.gesture.GestureLibrary> in (GestureLibraries.java:0),GestureLibraries.java,MEDIUM
179,classes that are public should not be extended by classes that are private,Class <android.hardware.camera2.CameraManager$CameraManagerGlobal> extends class <android.hardware.ICameraServiceListener$Stub> in (CameraManager.java:0),CameraManager.java,MEDIUM
180,classes that are public should not be extended by classes that are private,Class <android.hardware.camera2.marshal.impl.MarshalQueryableSizeF$MarshalerSizeF> extends class <android.hardware.camera2.marshal.Marshaler> in (MarshalQueryableSizeF.java:0),MarshalQueryableSizeF.java,MEDIUM
181,classes that are public should not be extended by classes that are private,Class <android.hardware.camera2.marshal.impl.MarshalQueryablePrimitive$MarshalerPrimitive> extends class <android.hardware.camera2.marshal.Marshaler> in (MarshalQueryablePrimitive.java:0),MarshalQueryablePrimitive.java,MEDIUM
182,classes that are public should not be extended by classes that are private,Class <android.hardware.camera2.marshal.impl.MarshalQueryableColorSpaceTransform$MarshalerColorSpaceTransform> extends class <android.hardware.camera2.marshal.Marshaler> in (MarshalQueryableColorSpaceTransform.java:0),MarshalQueryableColorSpaceTransform.java,MEDIUM
183,classes that are public should not be extended by classes that are private,Class <android.hardware.camera2.marshal.impl.MarshalQueryableEnum$MarshalerEnum> extends class <android.hardware.camera2.marshal.Marshaler> in (MarshalQueryableEnum.java:0),MarshalQueryableEnum.java,MEDIUM
184,classes that are public should not be extended by classes that are private,Class <android.hardware.camera2.marshal.impl.MarshalQueryableArray$MarshalerArray> extends class <android.hardware.camera2.marshal.Marshaler> in (MarshalQueryableArray.java:0),MarshalQueryableArray.java,MEDIUM
185,classes that are public should not be extended by classes that are private,Class <android.hardware.camera2.marshal.impl.MarshalQueryableRggbChannelVector$MarshalerRggbChannelVector> extends class <android.hardware.camera2.marshal.Marshaler> in (MarshalQueryableRggbChannelVector.java:0),MarshalQueryableRggbChannelVector.java,MEDIUM
186,classes that are public should not be extended by classes that are private,Class <android.hardware.camera2.marshal.impl.MarshalQueryableBoolean$MarshalerBoolean> extends class <android.hardware.camera2.marshal.Marshaler> in (MarshalQueryableBoolean.java:0),MarshalQueryableBoolean.java,MEDIUM
187,classes that are public should not be extended by classes that are private,Class <android.hardware.camera2.marshal.impl.MarshalQueryableReprocessFormatsMap$MarshalerReprocessFormatsMap> extends class <android.hardware.camera2.marshal.Marshaler> in (MarshalQueryableReprocessFormatsMap.java:0),MarshalQueryableReprocessFormatsMap.java,MEDIUM
188,classes that are public should not be extended by classes that are private,Class <android.hardware.camera2.marshal.impl.MarshalQueryablePair$MarshalerPair> extends class <android.hardware.camera2.marshal.Marshaler> in (MarshalQueryablePair.java:0),MarshalQueryablePair.java,MEDIUM
189,classes that are public should not be extended by classes that are private,Class <android.hardware.camera2.marshal.impl.MarshalQueryableStreamConfigurationDuration$MarshalerStreamConfigurationDuration> extends class <android.hardware.camera2.marshal.Marshaler> in (MarshalQueryableStreamConfigurationDuration.java:0),MarshalQueryableStreamConfigurationDuration.java,MEDIUM
190,classes that are public should not be extended by classes that are private,Class <android.hardware.camera2.marshal.impl.MarshalQueryableMeteringRectangle$MarshalerMeteringRectangle> extends class <android.hardware.camera2.marshal.Marshaler> in (MarshalQueryableMeteringRectangle.java:0),MarshalQueryableMeteringRectangle.java,MEDIUM
191,classes that are public should not be extended by classes that are private,Class <android.hardware.camera2.marshal.impl.MarshalQueryableParcelable$MarshalerParcelable> extends class <android.hardware.camera2.marshal.Marshaler> in (MarshalQueryableParcelable.java:0),MarshalQueryableParcelable.java,MEDIUM
192,classes that are public should not be extended by classes that are private,Class <android.hardware.camera2.marshal.impl.MarshalQueryableRect$MarshalerRect> extends class <android.hardware.camera2.marshal.Marshaler> in (MarshalQueryableRect.java:0),MarshalQueryableRect.java,MEDIUM
193,classes that are public should not be extended by classes that are private,Class <android.hardware.camera2.marshal.impl.MarshalQueryableRange$MarshalerRange> extends class <android.hardware.camera2.marshal.Marshaler> in (MarshalQueryableRange.java:0),MarshalQueryableRange.java,MEDIUM
194,classes that are public should not be extended by classes that are private,Class <android.hardware.camera2.marshal.impl.MarshalQueryableHighSpeedVideoConfiguration$MarshalerHighSpeedVideoConfiguration> extends class <android.hardware.camera2.marshal.Marshaler> in (MarshalQueryableHighSpeedVideoConfiguration.java:0),MarshalQueryableHighSpeedVideoConfiguration.java,MEDIUM
195,classes that are public should not be extended by classes that are private,Class <android.hardware.camera2.marshal.impl.MarshalQueryableString$MarshalerString> extends class <android.hardware.camera2.marshal.Marshaler> in (MarshalQueryableString.java:0),MarshalQueryableString.java,MEDIUM
196,classes that are public should not be extended by classes that are private,Class <android.hardware.camera2.marshal.impl.MarshalQueryableSize$MarshalerSize> extends class <android.hardware.camera2.marshal.Marshaler> in (MarshalQueryableSize.java:0),MarshalQueryableSize.java,MEDIUM
197,classes that are public should not be extended by classes that are private,Class <android.hardware.camera2.marshal.impl.MarshalQueryableBlackLevelPattern$MarshalerBlackLevelPattern> extends class <android.hardware.camera2.marshal.Marshaler> in (MarshalQueryableBlackLevelPattern.java:0),MarshalQueryableBlackLevelPattern.java,MEDIUM
198,classes that are public should not be extended by classes that are private,Class <android.hardware.camera2.marshal.impl.MarshalQueryableNativeByteToInteger$MarshalerNativeByteToInteger> extends class <android.hardware.camera2.marshal.Marshaler> in (MarshalQueryableNativeByteToInteger.java:0),MarshalQueryableNativeByteToInteger.java,MEDIUM
199,classes that are public should not be extended by classes that are private,Class <android.hardware.camera2.marshal.impl.MarshalQueryableStreamConfiguration$MarshalerStreamConfiguration> extends class <android.hardware.camera2.marshal.Marshaler> in (MarshalQueryableStreamConfiguration.java:0),MarshalQueryableStreamConfiguration.java,MEDIUM
200,classes that are public should not be extended by classes that are private,Class <android.hardware.display.DisplayManagerGlobal$DisplayManagerCallback> extends class <android.hardware.display.IDisplayManagerCallback$Stub> in (DisplayManagerGlobal.java:0),DisplayManagerGlobal.java,MEDIUM
201,classes that are public should not be extended by classes that are private,Class <android.hardware.display.DisplayManagerGlobal$VirtualDisplayCallback> extends class <android.hardware.display.IVirtualDisplayCallback$Stub> in (DisplayManagerGlobal.java:0),DisplayManagerGlobal.java,MEDIUM
202,classes that are public should not be extended by classes that are private,Class <android.hardware.input.InputManager$InputDevicesChangedListener> extends class <android.hardware.input.IInputDevicesChangedListener$Stub> in (InputManager.java:0),InputManager.java,MEDIUM
203,classes that are public should not be extended by classes that are private,Class <android.hardware.input.InputManager$TabletModeChangedListener> extends class <android.hardware.input.ITabletModeChangedListener$Stub> in (InputManager.java:0),InputManager.java,MEDIUM
204,classes that are public should not be extended by classes that are private,Class <android.hardware.location.ActivityRecognitionHardware$SinkList> extends class <android.os.RemoteCallbackList> in (ActivityRecognitionHardware.java:0),ActivityRecognitionHardware.java,MEDIUM
205,classes that are public should not be extended by classes that are private,Class <android.speech.tts.TextToSpeechService$CallbackMap> extends class <android.os.RemoteCallbackList> in (TextToSpeechService.java:0),TextToSpeechService.java,MEDIUM
206,classes that are public should not be extended by classes that are private,Class <android.location.BatchedLocationCallbackTransport$CallbackTransport> extends class <android.location.IBatchedLocationCallback$Stub> in (BatchedLocationCallbackTransport.java:0),BatchedLocationCallbackTransport.java,MEDIUM
207,classes that are public should not be extended by classes that are private,Class <android.location.CountryDetector$ListenerTransport> extends class <android.location.ICountryListener$Stub> in (CountryDetector.java:0),CountryDetector.java,MEDIUM
208,classes that are public should not be extended by classes that are private,Class <android.location.GnssMeasurementCallbackTransport$ListenerTransport> extends class <android.location.IGnssMeasurementsListener$Stub> in (GnssMeasurementCallbackTransport.java:0),GnssMeasurementCallbackTransport.java,MEDIUM
209,classes that are public should not be extended by classes that are private,Class <android.location.GnssNavigationMessageCallbackTransport$ListenerTransport> extends class <android.location.IGnssNavigationMessageListener$Stub> in (GnssNavigationMessageCallbackTransport.java:0),GnssNavigationMessageCallbackTransport.java,MEDIUM
210,classes that are public should not be extended by classes that are private,Class <android.location.LocationManager$GnssStatusListenerTransport> extends class <android.location.IGnssStatusListener$Stub> in (LocationManager.java:0),LocationManager.java,MEDIUM
211,classes that are public should not be extended by classes that are private,Class <android.location.LocationManager$ListenerTransport> extends class <android.location.ILocationListener$Stub> in (LocationManager.java:0),LocationManager.java,MEDIUM
212,classes that are public should not be extended by classes that are private,Class <android.media.MediaCodec$MediaImage$MediaPlane> extends class <android.media.Image$Plane> in (MediaCodec.java:0),MediaCodec.java,MEDIUM
213,classes that are public should not be extended by classes that are private,Class <android.media.ImageWriter$WriterSurfaceImage$SurfacePlane> extends class <android.media.Image$Plane> in (ImageWriter.java:0),ImageWriter.java,MEDIUM
214,classes that are public should not be extended by classes that are private,Class <android.media.ImageReader$SurfaceImage$SurfacePlane> extends class <android.media.Image$Plane> in (ImageReader.java:0),ImageReader.java,MEDIUM
215,classes that are public should not be extended by classes that are private,Class <android.media.MediaPlayer2Impl$StreamEventCallback> extends class <android.media.AudioTrack$StreamEventCallback> in (MediaPlayer2Impl.java:0),MediaPlayer2Impl.java,MEDIUM
216,classes that are public should not be extended by classes that are private,Class <android.media.PlayerBase$IPlayerWrapper> extends class <android.media.IPlayer$Stub> in (PlayerBase.java:0),PlayerBase.java,MEDIUM
217,classes that are public should not be extended by classes that are private,Class <android.media.RemoteController$MediaControllerCallback> extends class <android.media.session.MediaController$Callback> in (RemoteController.java:0),RemoteController.java,MEDIUM
218,classes that are public should not be extended by classes that are private,Class <android.media.browse.MediaBrowser$ServiceCallbacks> extends class <android.service.media.IMediaBrowserServiceCallbacks$Stub> in (MediaBrowser.java:0),MediaBrowser.java,MEDIUM
219,classes that are public should not be extended by classes that are private,Class <android.media.midi.MidiManager$DeviceListener> extends class <android.media.midi.IMidiDeviceListener$Stub> in (MidiManager.java:0),MidiManager.java,MEDIUM
220,classes that are public should not be extended by classes that are private,Class <android.media.projection.MediaProjection$MediaProjectionCallback> extends class <android.media.projection.IMediaProjectionCallback$Stub> in (MediaProjection.java:0),MediaProjection.java,MEDIUM
221,classes that are public should not be extended by classes that are private,Class <android.media.projection.MediaProjectionManager$CallbackDelegate> extends class <android.media.projection.IMediaProjectionWatcherCallback$Stub> in (MediaProjectionManager.java:0),MediaProjectionManager.java,MEDIUM
222,classes that are public should not be extended by classes that are private,Class <android.media.session.MediaController$CallbackStub> extends class <android.media.session.ISessionControllerCallback$Stub> in (MediaController.java:0),MediaController.java,MEDIUM
223,classes that are public should not be extended by classes that are private,Class <android.media.session.MediaSessionManager$CallbackImpl> extends class <android.media.session.ICallback$Stub> in (MediaSessionManager.java:0),MediaSessionManager.java,MEDIUM
224,classes that are public should not be extended by classes that are private,Class <android.media.session.MediaSessionManager$OnMediaKeyListenerImpl> extends class <android.media.session.IOnMediaKeyListener$Stub> in (MediaSessionManager.java:0),MediaSessionManager.java,MEDIUM
225,classes that are public should not be extended by classes that are private,Class <android.media.session.MediaSessionManager$OnVolumeKeyLongPressListenerImpl> extends class <android.media.session.IOnVolumeKeyLongPressListener$Stub> in (MediaSessionManager.java:0),MediaSessionManager.java,MEDIUM
226,classes that are public should not be extended by classes that are private,Class <android.media.tv.TvInputManager$Session$TvInputEventSender> extends class <android.view.InputEventSender> in (TvInputManager.java:0),TvInputManager.java,MEDIUM
227,classes that are public should not be extended by classes that are private,Class <android.view.inputmethod.InputMethodManager$ImeInputEventSender> extends class <android.view.InputEventSender> in (InputMethodManager.java:0),InputMethodManager.java,MEDIUM
228,classes that are public should not be extended by classes that are private,Class <android.net.NetworkRecommendationProvider$ServiceWrapper> extends class <android.net.INetworkRecommendationProvider$Stub> in (NetworkRecommendationProvider.java:0),NetworkRecommendationProvider.java,MEDIUM
229,classes that are public should not be extended by classes that are private,Class <android.net.Uri$AbstractHierarchicalUri> extends class <android.net.Uri> in (Uri.java:0),Uri.java,MEDIUM
230,classes that are public should not be extended by classes that are private,Class <android.net.Uri$OpaqueUri> extends class <android.net.Uri> in (Uri.java:0),Uri.java,MEDIUM
231,classes that are public should not be extended by classes that are private,Class <android.net.captiveportal.CaptivePortalProbeSpec$RegexMatchProbeSpec> extends class <android.net.captiveportal.CaptivePortalProbeSpec> in (CaptivePortalProbeSpec.java:0),CaptivePortalProbeSpec.java,MEDIUM
232,classes that are public should not be extended by classes that are private,Class <android.net.wifi.WifiManager$ProvisioningCallbackProxy> extends class <android.net.wifi.hotspot2.IProvisioningCallback$Stub> in (WifiManager.java:0),WifiManager.java,MEDIUM
233,classes that are public should not be extended by classes that are private,Class <android.net.wifi.WifiManager$SoftApCallbackProxy> extends class <android.net.wifi.ISoftApCallback$Stub> in (WifiManager.java:0),WifiManager.java,MEDIUM
234,classes that are public should not be extended by classes that are private,Class <android.net.wifi.aware.WifiAwareManager$WifiAwareDiscoverySessionCallbackProxy> extends class <android.net.wifi.aware.IWifiAwareDiscoverySessionCallback$Stub> in (WifiAwareManager.java:0),WifiAwareManager.java,MEDIUM
235,classes that are public should not be extended by classes that are private,Class <android.net.wifi.aware.WifiAwareManager$WifiAwareEventCallbackProxy> extends class <android.net.wifi.aware.IWifiAwareEventCallback$Stub> in (WifiAwareManager.java:0),WifiAwareManager.java,MEDIUM
236,classes that are public should not be extended by classes that are private,Class <android.os.CancellationSignal$Transport> extends class <android.os.ICancellationSignal$Stub> in (CancellationSignal.java:0),CancellationSignal.java,MEDIUM
237,classes that are public should not be extended by classes that are private,Class <android.os.Handler$MessengerImpl> extends class <android.os.IMessenger$Stub> in (Handler.java:0),Handler.java,MEDIUM
238,classes that are public should not be extended by classes that are private,Class <android.os.storage.StorageManager$ObbActionListener> extends class <android.os.storage.IObbActionListener$Stub> in (StorageManager.java:0),StorageManager.java,MEDIUM
239,classes that are public should not be extended by classes that are private,Class <android.os.storage.StorageManager$StorageEventListenerDelegate> extends class <android.os.storage.IStorageEventListener$Stub> in (StorageManager.java:0),StorageManager.java,MEDIUM
240,classes that are public should not be extended by classes that are private,Class <android.print.PrintManager$PrintDocumentAdapterDelegate$MyLayoutResultCallback> extends class <android.print.PrintDocumentAdapter$LayoutResultCallback> in (PrintManager.java:0),PrintManager.java,MEDIUM
241,classes that are public should not be extended by classes that are private,Class <android.print.PrintManager$PrintDocumentAdapterDelegate$MyWriteResultCallback> extends class <android.print.PrintDocumentAdapter$WriteResultCallback> in (PrintManager.java:0),PrintManager.java,MEDIUM
242,classes that are public should not be extended by classes that are private,Class <android.provider.ContactsContract$Groups$EntityIteratorImpl> extends class <android.content.CursorEntityIterator> in (ContactsContract.java:0),ContactsContract.java,MEDIUM
243,classes that are public should not be extended by classes that are private,Class <android.provider.ContactsContract$RawContacts$EntityIteratorImpl> extends class <android.content.CursorEntityIterator> in (ContactsContract.java:0),ContactsContract.java,MEDIUM
244,classes that are public should not be extended by classes that are private,Class <android.provider.CalendarContract$CalendarEntity$EntityIteratorImpl> extends class <android.content.CursorEntityIterator> in (CalendarContract.java:0),CalendarContract.java,MEDIUM
245,classes that are public should not be extended by classes that are private,Class <android.provider.CalendarContract$EventsEntity$EntityIteratorImpl> extends class <android.content.CursorEntityIterator> in (CalendarContract.java:0),CalendarContract.java,MEDIUM
246,classes that are public should not be extended by classes that are private,Class <android.se.omapi.SEService$SEListener> extends class <android.se.omapi.ISecureElementListener$Stub> in (SEService.java:0),SEService.java,MEDIUM
247,classes that are public should not be extended by classes that are private,Class <android.security.KeyChain$AliasResponse> extends class <android.security.IKeyChainAliasCallback$Stub> in (KeyChain.java:0),KeyChain.java,MEDIUM
248,classes that are public should not be extended by classes that are private,Class <android.service.autofill.AutofillFieldClassificationService$AutofillFieldClassificationServiceWrapper> extends class <android.service.autofill.IAutofillFieldClassificationService$Stub> in (AutofillFieldClassificationService.java:0),AutofillFieldClassificationService.java,MEDIUM
249,classes that are public should not be extended by classes that are private,Class <android.service.carrier.CarrierMessagingService$ICarrierMessagingWrapper> extends class <android.service.carrier.ICarrierMessagingService$Stub> in (CarrierMessagingService.java:0),CarrierMessagingService.java,MEDIUM
250,classes that are public should not be extended by classes that are private,Class <android.service.chooser.ChooserTargetService$IChooserTargetServiceWrapper> extends class <android.service.chooser.IChooserTargetService$Stub> in (ChooserTargetService.java:0),ChooserTargetService.java,MEDIUM
251,classes that are public should not be extended by classes that are private,Class <android.service.dreams.DreamService$DreamServiceWrapper> extends class <android.service.dreams.IDreamService$Stub> in (DreamService.java:0),DreamService.java,MEDIUM
252,classes that are public should not be extended by classes that are private,Class <android.service.euicc.EuiccService$IEuiccServiceWrapper> extends class <android.service.euicc.IEuiccService$Stub> in (EuiccService.java:0),EuiccService.java,MEDIUM
253,classes that are public should not be extended by classes that are private,Class <android.service.media.MediaBrowserService$ServiceBinder> extends class <android.service.media.IMediaBrowserService$Stub> in (MediaBrowserService.java:0),MediaBrowserService.java,MEDIUM
254,classes that are public should not be extended by classes that are private,Class <android.service.notification.ConditionProviderService$Provider> extends class <android.service.notification.IConditionProvider$Stub> in (ConditionProviderService.java:0),ConditionProviderService.java,MEDIUM
255,classes that are public should not be extended by classes that are private,Class <android.service.resolver.ResolverRankerService$ResolverRankerServiceWrapper> extends class <android.service.resolver.IResolverRankerService$Stub> in (ResolverRankerService.java:0),ResolverRankerService.java,MEDIUM
256,classes that are public should not be extended by classes that are private,Class <android.service.textservice.SpellCheckerService$InternalISpellCheckerSession> extends class <com.android.internal.textservice.ISpellCheckerSession$Stub> in (SpellCheckerService.java:0),SpellCheckerService.java,MEDIUM
257,classes that are public should not be extended by classes that are private,Class <android.service.textservice.SpellCheckerService$SpellCheckerServiceBinder> extends class <com.android.internal.textservice.ISpellCheckerService$Stub> in (SpellCheckerService.java:0),SpellCheckerService.java,MEDIUM
258,classes that are public should not be extended by classes that are private,Class <android.service.trust.TrustAgentService$TrustAgentServiceWrapper> extends class <android.service.trust.ITrustAgentService$Stub> in (TrustAgentService.java:0),TrustAgentService.java,MEDIUM
259,classes that are public should not be extended by classes that are private,Class <android.speech.RecognitionService$RecognitionServiceBinder> extends class <android.speech.IRecognitionService$Stub> in (RecognitionService.java:0),RecognitionService.java,MEDIUM
260,classes that are public should not be extended by classes that are private,Class <android.speech.SpeechRecognizer$InternalListener> extends class <android.speech.IRecognitionListener$Stub> in (SpeechRecognizer.java:0),SpeechRecognizer.java,MEDIUM
261,classes that are public should not be extended by classes that are private,Class <android.telecom.CallScreeningService$CallScreeningBinder> extends class <com.android.internal.telecom.ICallScreeningService$Stub> in (CallScreeningService.java:0),CallScreeningService.java,MEDIUM
262,classes that are public should not be extended by classes that are private,Class <android.telecom.Connection$VideoProvider$VideoProviderBinder> extends class <com.android.internal.telecom.IVideoProvider$Stub> in (Connection.java:0),Connection.java,MEDIUM
263,classes that are public should not be extended by classes that are private,Class <android.telecom.InCallService$InCallServiceBinder> extends class <com.android.internal.telecom.IInCallService$Stub> in (InCallService.java:0),InCallService.java,MEDIUM
264,classes that are public should not be extended by classes that are private,Class <android.telephony.NetworkService$INetworkServiceWrapper> extends class <android.telephony.INetworkService$Stub> in (NetworkService.java:0),NetworkService.java,MEDIUM
265,classes that are public should not be extended by classes that are private,Class <android.telephony.PhoneStateListener$IPhoneStateListenerStub> extends class <com.android.internal.telephony.IPhoneStateListener$Stub> in (PhoneStateListener.java:0),PhoneStateListener.java,MEDIUM
266,classes that are public should not be extended by classes that are private,Class <android.telephony.data.DataService$IDataServiceWrapper> extends class <android.telephony.data.IDataService$Stub> in (DataService.java:0),DataService.java,MEDIUM
267,classes that are public should not be extended by classes that are private,Class <android.telephony.ims.ImsCallSession$IImsCallSessionListenerProxy> extends class <android.telephony.ims.aidl.IImsCallSessionListener$Stub> in (ImsCallSession.java:0),ImsCallSession.java,MEDIUM
268,classes that are public should not be extended by classes that are private,Class <android.telephony.ims.ImsVideoCallProvider$ImsVideoCallProviderBinder> extends class <com.android.ims.internal.IImsVideoCallProvider$Stub> in (ImsVideoCallProvider.java:0),ImsVideoCallProvider.java,MEDIUM
269,classes that are public should not be extended by classes that are private,Class <android.telephony.ims.compat.stub.ImsCallSessionImplBase$ImsCallSessionListenerConverter> extends class <com.android.ims.internal.IImsCallSessionListener$Stub> in (ImsCallSessionImplBase.java:0),ImsCallSessionImplBase.java,MEDIUM
270,classes that are public should not be extended by classes that are private,Class <android.telephony.mbms.vendor.MbmsDownloadServiceBase$VendorDownloadProgressListener> extends class <android.telephony.mbms.DownloadProgressListener> in (MbmsDownloadServiceBase.java:0),MbmsDownloadServiceBase.java,MEDIUM
271,classes that are public should not be extended by classes that are private,Class <android.telephony.mbms.vendor.MbmsDownloadServiceBase$VendorDownloadStatusListener> extends class <android.telephony.mbms.DownloadStatusListener> in (MbmsDownloadServiceBase.java:0),MbmsDownloadServiceBase.java,MEDIUM
272,classes that are public should not be extended by classes that are private,Class <android.text.AlteredCharSequence$AlteredSpanned> extends class <android.text.AlteredCharSequence> in (AlteredCharSequence.java:0),AlteredCharSequence.java,MEDIUM
273,classes that are public should not be extended by classes that are private,Class <android.view.Choreographer$FrameDisplayEventReceiver> extends class <android.view.DisplayEventReceiver> in (Choreographer.java:0),Choreographer.java,MEDIUM
274,classes that are public should not be extended by classes that are private,Class <android.view.autofill.AutofillManager$AutofillManagerClient> extends class <android.view.autofill.IAutoFillManagerClient$Stub> in (AutofillManager.java:0),AutofillManager.java,MEDIUM
275,classes that are public should not be extended by classes that are private,Class <android.view.inputmethod.InputMethodManager$ControlledInputConnectionWrapper> extends class <com.android.internal.view.IInputConnectionWrapper> in (InputMethodManager.java:0),InputMethodManager.java,MEDIUM
276,classes that are public should not be extended by classes that are private,Class <android.view.textclassifier.SystemTextClassifier$TextClassificationCallback> extends class <android.service.textclassifier.ITextClassificationCallback$Stub> in (SystemTextClassifier.java:0),SystemTextClassifier.java,MEDIUM
277,classes that are public should not be extended by classes that are private,Class <android.view.textclassifier.SystemTextClassifier$TextLinksCallback> extends class <android.service.textclassifier.ITextLinksCallback$Stub> in (SystemTextClassifier.java:0),SystemTextClassifier.java,MEDIUM
278,classes that are public should not be extended by classes that are private,Class <android.view.textclassifier.SystemTextClassifier$TextSelectionCallback> extends class <android.service.textclassifier.ITextSelectionCallback$Stub> in (SystemTextClassifier.java:0),SystemTextClassifier.java,MEDIUM
279,classes that are public should not be extended by classes that are private,Class <android.view.textservice.SpellCheckerSession$InternalListener> extends class <com.android.internal.textservice.ITextServicesSessionListener$Stub> in (SpellCheckerSession.java:0),SpellCheckerSession.java,MEDIUM
280,classes that are public should not be extended by classes that are private,Class <android.view.textservice.SpellCheckerSession$SpellCheckerSessionListenerImpl> extends class <com.android.internal.textservice.ISpellCheckerSessionListener$Stub> in (SpellCheckerSession.java:0),SpellCheckerSession.java,MEDIUM
281,classes that are public should not be extended by classes that are private,Class <android.widget.ActionMenuPresenter$ActionMenuPopupCallback> extends class <com.android.internal.view.menu.ActionMenuItemView$PopupCallback> in (ActionMenuPresenter.java:0),ActionMenuPresenter.java,MEDIUM
282,classes that are public should not be extended by classes that are private,Class <android.widget.ActionMenuPresenter$OverflowPopup> extends class <com.android.internal.view.menu.MenuPopupHelper> in (ActionMenuPresenter.java:0),ActionMenuPresenter.java,MEDIUM
283,classes that are public should not be extended by classes that are private,Class <android.widget.ActionMenuPresenter$ActionButtonSubmenu> extends class <com.android.internal.view.menu.MenuPopupHelper> in (ActionMenuPresenter.java:0),ActionMenuPresenter.java,MEDIUM
284,classes that are public should not be extended by classes that are private,Class <android.widget.AppSecurityPermissions$MyPermissionInfo> extends class <android.content.pm.PermissionInfo> in (AppSecurityPermissions.java:0),AppSecurityPermissions.java,MEDIUM
285,classes that are public should not be extended by classes that are private,Class <android.widget.Editor$TextActionModeCallback> extends class <android.view.ActionMode$Callback2> in (Editor.java:0),Editor.java,MEDIUM
286,classes that are public should not be extended by classes that are private,Class <com.android.internal.policy.DecorView$ActionModeCallback2Wrapper> extends class <android.view.ActionMode$Callback2> in (DecorView.java:0),DecorView.java,MEDIUM
287,classes that are public should not be extended by classes that are private,Class <android.widget.QuickContactBadge$QueryHandler> extends class <android.content.AsyncQueryHandler> in (QuickContactBadge.java:0),QuickContactBadge.java,MEDIUM
288,classes that are public should not be extended by classes that are private,Class <com.android.internal.telephony.CallerInfoAsyncQuery$CallerInfoAsyncQueryHandler> extends class <android.content.AsyncQueryHandler> in (CallerInfoAsyncQuery.java:0),CallerInfoAsyncQuery.java,MEDIUM
289,classes that are public should not be extended by classes that are private,Class <android.widget.RadialTimePickerView$RadialPickerTouchHelper> extends class <com.android.internal.widget.ExploreByTouchHelper> in (RadialTimePickerView.java:0),RadialTimePickerView.java,MEDIUM
290,classes that are public should not be extended by classes that are private,Class <android.widget.SimpleMonthView$MonthViewTouchHelper> extends class <com.android.internal.widget.ExploreByTouchHelper> in (SimpleMonthView.java:0),SimpleMonthView.java,MEDIUM
291,classes that are public should not be extended by classes that are private,Class <com.android.internal.widget.LockPatternView$PatternExploreByTouchHelper> extends class <com.android.internal.widget.ExploreByTouchHelper> in (LockPatternView.java:0),LockPatternView.java,MEDIUM
292,classes that are public should not be extended by classes that are private,Class <android.widget.RemoteViewsAdapter$RemoteViewsFrameLayoutRefSet> extends class <android.util.SparseArray> in (RemoteViewsAdapter.java:0),RemoteViewsAdapter.java,MEDIUM
293,classes that are public should not be extended by classes that are private,Class <android.widget.RemoteViewsService$RemoteViewsFactoryAdapter> extends class <com.android.internal.widget.IRemoteViewsFactory$Stub> in (RemoteViewsService.java:0),RemoteViewsService.java,MEDIUM
294,classes that are public should not be extended by classes that are private,Class <android.widget.SearchView$UpdatableTouchDelegate> extends class <android.view.TouchDelegate> in (SearchView.java:0),SearchView.java,MEDIUM
295,classes that are public should not be extended by classes that are private,Class <android.widget.Toast$TN> extends class <android.app.ITransientNotification$Stub> in (Toast.java:0),Toast.java,MEDIUM
296,classes that are public should not be extended by classes that are private,Class <com.android.framework.protobuf.nano.Extension$PrimitiveExtension> extends class <com.android.framework.protobuf.nano.Extension> in (Extension.java:0),Extension.java,MEDIUM
297,classes that are public should not be extended by classes that are private,Class <com.android.ims.internal.uce.UceServiceBase$UceServiceBinder> extends class <com.android.ims.internal.uce.uceservice.IUceService$Stub> in (UceServiceBase.java:0),UceServiceBase.java,MEDIUM
298,classes that are public should not be extended by classes that are private,Class <com.android.internal.app.ToolbarActionBar$ToolbarCallbackWrapper> extends class <android.view.WindowCallbackWrapper> in (ToolbarActionBar.java:0),ToolbarActionBar.java,MEDIUM
299,classes that are public should not be extended by classes that are private,Class <com.android.internal.content.FileSystemProvider$DirectoryCursor> extends class <android.database.MatrixCursor> in (FileSystemProvider.java:0),FileSystemProvider.java,MEDIUM
300,classes that are public should not be extended by classes that are private,Class <com.android.internal.util.StateMachine$SmHandler$QuittingState> extends class <com.android.internal.util.State> in (StateMachine.java:0),StateMachine.java,MEDIUM
301,classes that are public should not be extended by classes that are private,Class <com.android.internal.util.StateMachine$SmHandler$HaltingState> extends class <com.android.internal.util.State> in (StateMachine.java:0),StateMachine.java,MEDIUM
302,classes that are public should not be extended by classes that are private,Class <com.android.internal.widget.RecyclerView$RecyclerViewDataObserver> extends class <com.android.internal.widget.RecyclerView$AdapterDataObserver> in (RecyclerView.java:0),RecyclerView.java,MEDIUM
303,classes that are public should not be extended by classes that are private,Class <com.android.internal.widget.WatchHeaderListView$WatchHeaderListAdapter> extends class <android.widget.HeaderViewListAdapter> in (WatchHeaderListView.java:0),WatchHeaderListView.java,MEDIUM
304,classes that are public should not be extended by classes that are private,Interface <android.widget.Editor$CursorController> extends interface <android.view.ViewTreeObserver$OnTouchModeChangeListener> in (Editor.java:0),Editor.java,MEDIUM
305,classes that have modifier STATIC should not be extended by classes that are public,Class <android.accessibilityservice.AccessibilityService$IAccessibilityServiceClientWrapper> extends class <android.accessibilityservice.IAccessibilityServiceClient$Stub> in (AccessibilityService.java:0),AccessibilityService.java,LOW
306,classes that have modifier STATIC should not be extended by classes that are public,Class <android.app.ApplicationErrorReport$ParcelableCrashInfo> extends class <android.app.ApplicationErrorReport$CrashInfo> in (ApplicationErrorReport.java:0),ApplicationErrorReport.java,LOW
307,classes that have modifier STATIC should not be extended by classes that are public,Class <android.app.ApplicationPackageManager$OnPermissionsChangeListenerDelegate> extends class <android.content.pm.IOnPermissionsChangeListener$Stub> in (ApplicationPackageManager.java:0),ApplicationPackageManager.java,LOW
308,classes that have modifier STATIC should not be extended by classes that are public,Class <android.app.Notification$DecoratedMediaCustomViewStyle> extends class <android.app.Notification$MediaStyle> in (Notification.java:0),Notification.java,LOW
309,classes that have modifier STATIC should not be extended by classes that are public,Class <android.app.Notification$MessagingStyle> extends class <android.app.Notification$Style> in (Notification.java:0),Notification.java,LOW
310,classes that have modifier STATIC should not be extended by classes that are public,Class <android.app.Notification$MediaStyle> extends class <android.app.Notification$Style> in (Notification.java:0),Notification.java,LOW
311,classes that have modifier STATIC should not be extended by classes that are public,Class <android.app.Notification$BigPictureStyle> extends class <android.app.Notification$Style> in (Notification.java:0),Notification.java,LOW
312,classes that have modifier STATIC should not be extended by classes that are public,Class <android.app.Notification$BigTextStyle> extends class <android.app.Notification$Style> in (Notification.java:0),Notification.java,LOW
313,classes that have modifier STATIC should not be extended by classes that are public,Class <android.app.Notification$InboxStyle> extends class <android.app.Notification$Style> in (Notification.java:0),Notification.java,LOW
314,classes that have modifier STATIC should not be extended by classes that are public,Class <android.app.Notification$DecoratedCustomViewStyle> extends class <android.app.Notification$Style> in (Notification.java:0),Notification.java,LOW
315,classes that have modifier STATIC should not be extended by classes that are public,Class <android.app.TaskStackListener> extends class <android.app.ITaskStackListener$Stub> in (TaskStackListener.java:0),TaskStackListener.java,LOW
316,classes that have modifier STATIC should not be extended by classes that are public,Class <android.app.UiAutomationConnection> extends class <android.app.IUiAutomationConnection$Stub> in (UiAutomationConnection.java:0),UiAutomationConnection.java,LOW
317,classes that have modifier STATIC should not be extended by classes that are public,Class <android.app.UserSwitchObserver> extends class <android.app.IUserSwitchObserver$Stub> in (UserSwitchObserver.java:0),UserSwitchObserver.java,LOW
318,classes that have modifier STATIC should not be extended by classes that are public,Class <android.app.VoiceInteractor$CommandRequest> extends class <android.app.VoiceInteractor$Request> in (VoiceInteractor.java:0),VoiceInteractor.java,LOW
319,classes that have modifier STATIC should not be extended by classes that are public,Class <android.app.VoiceInteractor$PickOptionRequest> extends class <android.app.VoiceInteractor$Request> in (VoiceInteractor.java:0),VoiceInteractor.java,LOW
320,classes that have modifier STATIC should not be extended by classes that are public,Class <android.app.VoiceInteractor$CompleteVoiceRequest> extends class <android.app.VoiceInteractor$Request> in (VoiceInteractor.java:0),VoiceInteractor.java,LOW
321,classes that have modifier STATIC should not be extended by classes that are public,Class <android.app.VoiceInteractor$ConfirmationRequest> extends class <android.app.VoiceInteractor$Request> in (VoiceInteractor.java:0),VoiceInteractor.java,LOW
322,classes that have modifier STATIC should not be extended by classes that are public,Class <android.app.VoiceInteractor$AbortVoiceRequest> extends class <android.app.VoiceInteractor$Request> in (VoiceInteractor.java:0),VoiceInteractor.java,LOW
323,classes that have modifier STATIC should not be extended by classes that are public,Class <android.content.pm.PackageParser$Instrumentation> extends class <android.content.pm.PackageParser$Component> in (PackageParser.java:0),PackageParser.java,LOW
324,classes that have modifier STATIC should not be extended by classes that are public,Class <android.content.pm.PackageParser$PermissionGroup> extends class <android.content.pm.PackageParser$Component> in (PackageParser.java:0),PackageParser.java,LOW
325,classes that have modifier STATIC should not be extended by classes that are public,Class <android.content.pm.PackageParser$Activity> extends class <android.content.pm.PackageParser$Component> in (PackageParser.java:0),PackageParser.java,LOW
326,classes that have modifier STATIC should not be extended by classes that are public,Class <android.content.pm.PackageParser$Provider> extends class <android.content.pm.PackageParser$Component> in (PackageParser.java:0),PackageParser.java,LOW
327,classes that have modifier STATIC should not be extended by classes that are public,Class <android.content.pm.PackageParser$Permission> extends class <android.content.pm.PackageParser$Component> in (PackageParser.java:0),PackageParser.java,LOW
328,classes that have modifier STATIC should not be extended by classes that are public,Class <android.content.pm.PackageParser$Service> extends class <android.content.pm.PackageParser$Component> in (PackageParser.java:0),PackageParser.java,LOW
329,classes that have modifier STATIC should not be extended by classes that are public,Class <android.content.pm.PackageParser$ParseComponentArgs> extends class <android.content.pm.PackageParser$ParsePackageItemArgs> in (PackageParser.java:0),PackageParser.java,LOW
330,classes that have modifier STATIC should not be extended by classes that are public,Class <android.content.pm.PackageParser$ProviderIntentInfo> extends class <android.content.pm.PackageParser$IntentInfo> in (PackageParser.java:0),PackageParser.java,LOW
331,classes that have modifier STATIC should not be extended by classes that are public,Class <android.content.pm.PackageParser$ActivityIntentInfo> extends class <android.content.pm.PackageParser$IntentInfo> in (PackageParser.java:0),PackageParser.java,LOW
332,classes that have modifier STATIC should not be extended by classes that are public,Class <android.content.pm.PackageParser$ServiceIntentInfo> extends class <android.content.pm.PackageParser$IntentInfo> in (PackageParser.java:0),PackageParser.java,LOW
333,classes that have modifier STATIC should not be extended by classes that are public,Class <android.content.pm.PackageParserCacheHelper$WriteHelper> extends class <android.os.Parcel$ReadWriteHelper> in (PackageParserCacheHelper.java:0),PackageParserCacheHelper.java,LOW
334,classes that have modifier STATIC should not be extended by classes that are public,Class <android.content.pm.PackageParserCacheHelper$ReadHelper> extends class <android.os.Parcel$ReadWriteHelper> in (PackageParserCacheHelper.java:0),PackageParserCacheHelper.java,LOW
335,classes that have modifier STATIC should not be extended by classes that are public,Class <android.content.res.AssetFileDescriptor$AutoCloseInputStream> extends class <android.os.ParcelFileDescriptor$AutoCloseInputStream> in (AssetFileDescriptor.java:0),AssetFileDescriptor.java,LOW
336,classes that have modifier STATIC should not be extended by classes that are public,Class <android.content.res.AssetFileDescriptor$AutoCloseOutputStream> extends class <android.os.ParcelFileDescriptor$AutoCloseOutputStream> in (AssetFileDescriptor.java:0),AssetFileDescriptor.java,LOW
337,classes that have modifier STATIC should not be extended by classes that are public,Class <android.hardware.biometrics.BiometricPrompt$AuthenticationResult> extends class <android.hardware.biometrics.BiometricAuthenticator$AuthenticationResult> in (BiometricPrompt.java:0),BiometricPrompt.java,LOW
338,classes that have modifier STATIC should not be extended by classes that are public,Class <android.hardware.camera2.impl.CameraDeviceImpl$CameraDeviceCallbacks> extends class <android.hardware.camera2.ICameraDeviceCallbacks$Stub> in (CameraDeviceImpl.java:0),CameraDeviceImpl.java,LOW
339,classes that have modifier STATIC should not be extended by classes that are public,Class <android.hardware.camera2.impl.CameraDeviceImpl$StateCallbackKK> extends class <android.hardware.camera2.CameraDevice$StateCallback> in (CameraDeviceImpl.java:0),CameraDeviceImpl.java,LOW
340,classes that have modifier STATIC should not be extended by classes that are public,Class <android.hardware.fingerprint.Fingerprint> extends class <android.hardware.biometrics.BiometricAuthenticator$BiometricIdentifier> in (Fingerprint.java:0),Fingerprint.java,LOW
341,classes that have modifier STATIC should not be extended by classes that are public,Class <android.hardware.fingerprint.FingerprintManager$AuthenticationCallback> extends class <android.hardware.biometrics.BiometricAuthenticator$AuthenticationCallback> in (FingerprintManager.java:0),FingerprintManager.java,LOW
342,classes that have modifier STATIC should not be extended by classes that are public,Class <android.hardware.biometrics.BiometricPrompt$AuthenticationCallback> extends class <android.hardware.biometrics.BiometricAuthenticator$AuthenticationCallback> in (BiometricPrompt.java:0),BiometricPrompt.java,LOW
343,classes that have modifier STATIC should not be extended by classes that are public,Class <android.hardware.hdmi.HdmiTimerRecordSources$Time> extends class <android.hardware.hdmi.HdmiTimerRecordSources$TimeUnit> in (HdmiTimerRecordSources.java:0),HdmiTimerRecordSources.java,LOW
344,classes that have modifier STATIC should not be extended by classes that are public,Class <android.hardware.hdmi.HdmiTimerRecordSources$Duration> extends class <android.hardware.hdmi.HdmiTimerRecordSources$TimeUnit> in (HdmiTimerRecordSources.java:0),HdmiTimerRecordSources.java,LOW
345,classes that have modifier STATIC should not be extended by classes that are public,Class <android.hardware.location.ActivityRecognitionHardware> extends class <android.hardware.location.IActivityRecognitionHardware$Stub> in (ActivityRecognitionHardware.java:0),ActivityRecognitionHardware.java,LOW
346,classes that have modifier STATIC should not be extended by classes that are public,Class <android.hardware.radio.RadioManager$AmBandConfig> extends class <android.hardware.radio.RadioManager$BandConfig> in (RadioManager.java:0),RadioManager.java,LOW
347,classes that have modifier STATIC should not be extended by classes that are public,Class <android.hardware.radio.RadioManager$FmBandConfig> extends class <android.hardware.radio.RadioManager$BandConfig> in (RadioManager.java:0),RadioManager.java,LOW
348,classes that have modifier STATIC should not be extended by classes that are public,Class <android.hardware.radio.RadioManager$AmBandDescriptor> extends class <android.hardware.radio.RadioManager$BandDescriptor> in (RadioManager.java:0),RadioManager.java,LOW
349,classes that have modifier STATIC should not be extended by classes that are public,Class <android.hardware.radio.RadioManager$FmBandDescriptor> extends class <android.hardware.radio.RadioManager$BandDescriptor> in (RadioManager.java:0),RadioManager.java,LOW
350,classes that have modifier STATIC should not be extended by classes that are public,Class <android.hardware.soundtrigger.SoundTrigger$GenericSoundModel> extends class <android.hardware.soundtrigger.SoundTrigger$SoundModel> in (SoundTrigger.java:0),SoundTrigger.java,LOW
351,classes that have modifier STATIC should not be extended by classes that are public,Class <android.hardware.soundtrigger.SoundTrigger$KeyphraseSoundModel> extends class <android.hardware.soundtrigger.SoundTrigger$SoundModel> in (SoundTrigger.java:0),SoundTrigger.java,LOW
352,classes that have modifier STATIC should not be extended by classes that are public,Class <android.hardware.soundtrigger.SoundTrigger$KeyphraseRecognitionEvent> extends class <android.hardware.soundtrigger.SoundTrigger$RecognitionEvent> in (SoundTrigger.java:0),SoundTrigger.java,LOW
353,classes that have modifier STATIC should not be extended by classes that are public,Class <android.hardware.soundtrigger.SoundTrigger$GenericRecognitionEvent> extends class <android.hardware.soundtrigger.SoundTrigger$RecognitionEvent> in (SoundTrigger.java:0),SoundTrigger.java,LOW
354,classes that have modifier STATIC should not be extended by classes that are public,Class <android.media.MediaBrowser2$BrowserCallback> extends class <android.media.MediaController2$ControllerCallback> in (MediaBrowser2.java:0),MediaBrowser2.java,LOW
355,classes that have modifier STATIC should not be extended by classes that are public,Class <android.media.MediaHTTPConnection> extends class <android.media.IMediaHTTPConnection$Stub> in (MediaHTTPConnection.java:0),MediaHTTPConnection.java,LOW
356,classes that have modifier STATIC should not be extended by classes that are public,Class <android.media.MediaHTTPService> extends class <android.media.IMediaHTTPService$Stub> in (MediaHTTPService.java:0),MediaHTTPService.java,LOW
357,classes that have modifier STATIC should not be extended by classes that are public,Class <android.media.MediaLibraryService2$MediaLibrarySession$Builder> extends class <android.media.MediaSession2$BuilderBase> in (MediaLibraryService2.java:0),MediaLibraryService2.java,LOW
358,classes that have modifier STATIC should not be extended by classes that are public,Class <android.media.MediaSession2$Builder> extends class <android.media.MediaSession2$BuilderBase> in (MediaSession2.java:0),MediaSession2.java,LOW
359,classes that have modifier STATIC should not be extended by classes that are public,Class <android.media.MediaLibraryService2$MediaLibrarySession$MediaLibrarySessionCallback> extends class <android.media.MediaSession2$SessionCallback> in (MediaLibraryService2.java:0),MediaLibraryService2.java,LOW
360,classes that have modifier STATIC should not be extended by classes that are public,Class <android.media.MediaPlayer2Impl$DrmInfoImpl> extends class <android.media.MediaPlayer2$DrmInfo> in (MediaPlayer2Impl.java:0),MediaPlayer2Impl.java,LOW
361,classes that have modifier STATIC should not be extended by classes that are public,Class <android.media.MediaPlayer2Impl$NoDrmSchemeExceptionImpl> extends class <android.media.MediaPlayer2$NoDrmSchemeException> in (MediaPlayer2Impl.java:0),MediaPlayer2Impl.java,LOW
362,classes that have modifier STATIC should not be extended by classes that are public,Class <android.media.MediaPlayer2Impl$ProvisioningNetworkErrorExceptionImpl> extends class <android.media.MediaPlayer2$ProvisioningNetworkErrorException> in (MediaPlayer2Impl.java:0),MediaPlayer2Impl.java,LOW
363,classes that have modifier STATIC should not be extended by classes that are public,Class <android.media.MediaPlayer2Impl$ProvisioningServerErrorExceptionImpl> extends class <android.media.MediaPlayer2$ProvisioningServerErrorException> in (MediaPlayer2Impl.java:0),MediaPlayer2Impl.java,LOW
364,classes that have modifier STATIC should not be extended by classes that are public,Class <android.media.MediaPlayer2Impl$TrackInfoImpl> extends class <android.media.MediaPlayer2$TrackInfo> in (MediaPlayer2Impl.java:0),MediaPlayer2Impl.java,LOW
365,classes that have modifier STATIC should not be extended by classes that are public,Class <android.media.MediaRouter$SimpleCallback> extends class <android.media.MediaRouter$Callback> in (MediaRouter.java:0),MediaRouter.java,LOW
366,classes that have modifier STATIC should not be extended by classes that are public,Class <android.media.MediaRouter$UserRouteInfo> extends class <android.media.MediaRouter$RouteInfo> in (MediaRouter.java:0),MediaRouter.java,LOW
367,classes that have modifier STATIC should not be extended by classes that are public,Class <android.media.MediaRouter$RouteGroup> extends class <android.media.MediaRouter$RouteInfo> in (MediaRouter.java:0),MediaRouter.java,LOW
368,classes that have modifier STATIC should not be extended by classes that are public,Class <android.media.SRTRenderer> extends class <android.media.SubtitleController$Renderer> in (SRTRenderer.java:0),SRTRenderer.java,LOW
369,classes that have modifier STATIC should not be extended by classes that are public,Class <android.media.WebVttRenderer> extends class <android.media.SubtitleController$Renderer> in (WebVttRenderer.java:0),WebVttRenderer.java,LOW
370,classes that have modifier STATIC should not be extended by classes that are public,Class <android.media.TtmlRenderer> extends class <android.media.SubtitleController$Renderer> in (TtmlRenderer.java:0),TtmlRenderer.java,LOW
371,classes that have modifier STATIC should not be extended by classes that are public,Class <android.media.Cea708CaptionRenderer> extends class <android.media.SubtitleController$Renderer> in (Cea708CaptionRenderer.java:0),Cea708CaptionRenderer.java,LOW
372,classes that have modifier STATIC should not be extended by classes that are public,Class <android.media.ClosedCaptionRenderer> extends class <android.media.SubtitleController$Renderer> in (ClosedCaptionRenderer.java:0),ClosedCaptionRenderer.java,LOW
373,classes that have modifier STATIC should not be extended by classes that are public,Class <android.media.audiofx.DynamicsProcessing$Eq> extends class <android.media.audiofx.DynamicsProcessing$BandStage> in (DynamicsProcessing.java:0),DynamicsProcessing.java,LOW
374,classes that have modifier STATIC should not be extended by classes that are public,Class <android.media.audiofx.DynamicsProcessing$Mbc> extends class <android.media.audiofx.DynamicsProcessing$BandStage> in (DynamicsProcessing.java:0),DynamicsProcessing.java,LOW
375,classes that have modifier STATIC should not be extended by classes that are public,Class <android.media.audiofx.DynamicsProcessing$Limiter> extends class <android.media.audiofx.DynamicsProcessing$Stage> in (DynamicsProcessing.java:0),DynamicsProcessing.java,LOW
376,classes that have modifier STATIC should not be extended by classes that are public,Class <android.media.audiofx.DynamicsProcessing$BandStage> extends class <android.media.audiofx.DynamicsProcessing$Stage> in (DynamicsProcessing.java:0),DynamicsProcessing.java,LOW
377,classes that have modifier STATIC should not be extended by classes that are public,Class <android.media.audiofx.DynamicsProcessing$MbcBand> extends class <android.media.audiofx.DynamicsProcessing$BandBase> in (DynamicsProcessing.java:0),DynamicsProcessing.java,LOW
378,classes that have modifier STATIC should not be extended by classes that are public,Class <android.media.audiofx.DynamicsProcessing$EqBand> extends class <android.media.audiofx.DynamicsProcessing$BandBase> in (DynamicsProcessing.java:0),DynamicsProcessing.java,LOW
379,classes that have modifier STATIC should not be extended by classes that are public,Class <android.media.session.MediaSession$CallbackStub> extends class <android.media.session.ISessionCallback$Stub> in (MediaSession.java:0),MediaSession.java,LOW
380,classes that have modifier STATIC should not be extended by classes that are public,Class <android.media.tv.ITvInputSessionWrapper> extends class <android.media.tv.ITvInputSession$Stub> in (ITvInputSessionWrapper.java:0),ITvInputSessionWrapper.java,LOW
381,classes that have modifier STATIC should not be extended by classes that are public,Class <android.media.tv.TvInputService$HardwareSession> extends class <android.media.tv.TvInputService$Session> in (TvInputService.java:0),TvInputService.java,LOW
382,classes that have modifier STATIC should not be extended by classes that are public,Class <android.net.NetworkPolicyManager$Listener> extends class <android.net.INetworkPolicyListener$Stub> in (NetworkPolicyManager.java:0),NetworkPolicyManager.java,LOW
383,classes that have modifier STATIC should not be extended by classes that are public,Class <android.net.wifi.WifiNetworkScoreCache> extends class <android.net.INetworkScoreCache$Stub> in (WifiNetworkScoreCache.java:0),WifiNetworkScoreCache.java,LOW
384,classes that have modifier STATIC should not be extended by classes that are public,Class <android.nfc.NfcActivityManager> extends class <android.nfc.IAppCallback$Stub> in (NfcActivityManager.java:0),NfcActivityManager.java,LOW
385,classes that have modifier STATIC should not be extended by classes that are public,Class <android.preference.PreferenceFrameLayout$LayoutParams> extends class <android.widget.FrameLayout$LayoutParams> in (PreferenceFrameLayout.java:0),PreferenceFrameLayout.java,LOW
386,classes that have modifier STATIC should not be extended by classes that are public,Class <android.print.PrintManager$PrintDocumentAdapterDelegate> extends class <android.print.IPrintDocumentAdapter$Stub> in (PrintManager.java:0),PrintManager.java,LOW
387,classes that have modifier STATIC should not be extended by classes that are public,Class <android.print.PrintManager$PrintJobStateChangeListenerWrapper> extends class <android.print.IPrintJobStateChangeListener$Stub> in (PrintManager.java:0),PrintManager.java,LOW
388,classes that have modifier STATIC should not be extended by classes that are public,Class <android.print.PrintManager$PrintServiceRecommendationsChangeListenerWrapper> extends class <android.printservice.recommendation.IRecommendationsChangeListener$Stub> in (PrintManager.java:0),PrintManager.java,LOW
389,classes that have modifier STATIC should not be extended by classes that are public,Class <android.print.PrintManager$PrintServicesChangeListenerWrapper> extends class <android.print.IPrintServicesChangeListener$Stub> in (PrintManager.java:0),PrintManager.java,LOW
390,classes that have modifier STATIC should not be extended by classes that are public,Class <android.print.PrinterDiscoverySession$PrinterDiscoveryObserver> extends class <android.print.IPrinterDiscoveryObserver$Stub> in (PrinterDiscoverySession.java:0),PrinterDiscoverySession.java,LOW
391,classes that have modifier STATIC should not be extended by classes that are public,Class <android.provider.ContactsContract$Presence> extends class <android.provider.ContactsContract$StatusUpdates> in (ContactsContract.java:0),ContactsContract.java,LOW
392,classes that have modifier STATIC should not be extended by classes that are public,Class <android.provider.SearchIndexablesContract$NonIndexableKey> extends class <android.provider.SearchIndexablesContract$BaseColumns> in (SearchIndexablesContract.java:0),SearchIndexablesContract.java,LOW
393,classes that have modifier STATIC should not be extended by classes that are public,Class <android.provider.SearchIndexablesContract$XmlResource> extends class <android.provider.SearchIndexablesContract$BaseColumns> in (SearchIndexablesContract.java:0),SearchIndexablesContract.java,LOW
394,classes that have modifier STATIC should not be extended by classes that are public,Class <android.provider.SearchIndexablesContract$RawData> extends class <android.provider.SearchIndexablesContract$BaseColumns> in (SearchIndexablesContract.java:0),SearchIndexablesContract.java,LOW
395,classes that have modifier STATIC should not be extended by classes that are public,Class <android.provider.Settings$Secure> extends class <android.provider.Settings$NameValueTable> in (Settings.java:0),Settings.java,LOW
396,classes that have modifier STATIC should not be extended by classes that are public,Class <android.provider.Settings$System> extends class <android.provider.Settings$NameValueTable> in (Settings.java:0),Settings.java,LOW
397,classes that have modifier STATIC should not be extended by classes that are public,Class <android.provider.Settings$Global> extends class <android.provider.Settings$NameValueTable> in (Settings.java:0),Settings.java,LOW
398,classes that have modifier STATIC should not be extended by classes that are public,Class <android.provider.SettingsStringUtil$ComponentNameSet> extends class <android.provider.SettingsStringUtil$ColonDelimitedSet> in (SettingsStringUtil.java:0),SettingsStringUtil.java,LOW
399,classes that have modifier STATIC should not be extended by classes that are public,Class <android.provider.SettingsStringUtil$ColonDelimitedSet$OfStrings> extends class <android.provider.SettingsStringUtil$ColonDelimitedSet> in (SettingsStringUtil.java:0),SettingsStringUtil.java,LOW
400,classes that have modifier STATIC should not be extended by classes that are public,Class <android.security.keystore.AndroidKeyStore3DESCipherSpi$CBC$NoPadding> extends class <android.security.keystore.AndroidKeyStore3DESCipherSpi$CBC> in (AndroidKeyStore3DESCipherSpi.java:0),AndroidKeyStore3DESCipherSpi.java,LOW
401,classes that have modifier STATIC should not be extended by classes that are public,Class <android.security.keystore.AndroidKeyStore3DESCipherSpi$CBC$PKCS7Padding> extends class <android.security.keystore.AndroidKeyStore3DESCipherSpi$CBC> in (AndroidKeyStore3DESCipherSpi.java:0),AndroidKeyStore3DESCipherSpi.java,LOW
402,classes that have modifier STATIC should not be extended by classes that are public,Class <android.security.keystore.AndroidKeyStore3DESCipherSpi$ECB$NoPadding> extends class <android.security.keystore.AndroidKeyStore3DESCipherSpi$ECB> in (AndroidKeyStore3DESCipherSpi.java:0),AndroidKeyStore3DESCipherSpi.java,LOW
403,classes that have modifier STATIC should not be extended by classes that are public,Class <android.security.keystore.AndroidKeyStore3DESCipherSpi$ECB$PKCS7Padding> extends class <android.security.keystore.AndroidKeyStore3DESCipherSpi$ECB> in (AndroidKeyStore3DESCipherSpi.java:0),AndroidKeyStore3DESCipherSpi.java,LOW
404,classes that have modifier STATIC should not be extended by classes that are public,Class <android.security.keystore.AndroidKeyStoreAuthenticatedAESCipherSpi$GCM$NoPadding> extends class <android.security.keystore.AndroidKeyStoreAuthenticatedAESCipherSpi$GCM> in (AndroidKeyStoreAuthenticatedAESCipherSpi.java:0),AndroidKeyStoreAuthenticatedAESCipherSpi.java,LOW
405,classes that have modifier STATIC should not be extended by classes that are public,Class <android.security.keystore.AndroidKeyStoreKeyGeneratorSpi$HmacSHA512> extends class <android.security.keystore.AndroidKeyStoreKeyGeneratorSpi$HmacBase> in (AndroidKeyStoreKeyGeneratorSpi.java:0),AndroidKeyStoreKeyGeneratorSpi.java,LOW
406,classes that have modifier STATIC should not be extended by classes that are public,Class <android.security.keystore.AndroidKeyStoreKeyGeneratorSpi$HmacSHA256> extends class <android.security.keystore.AndroidKeyStoreKeyGeneratorSpi$HmacBase> in (AndroidKeyStoreKeyGeneratorSpi.java:0),AndroidKeyStoreKeyGeneratorSpi.java,LOW
407,classes that have modifier STATIC should not be extended by classes that are public,Class <android.security.keystore.AndroidKeyStoreKeyGeneratorSpi$HmacSHA384> extends class <android.security.keystore.AndroidKeyStoreKeyGeneratorSpi$HmacBase> in (AndroidKeyStoreKeyGeneratorSpi.java:0),AndroidKeyStoreKeyGeneratorSpi.java,LOW
408,classes that have modifier STATIC should not be extended by classes that are public,Class <android.security.keystore.AndroidKeyStoreKeyGeneratorSpi$HmacSHA1> extends class <android.security.keystore.AndroidKeyStoreKeyGeneratorSpi$HmacBase> in (AndroidKeyStoreKeyGeneratorSpi.java:0),AndroidKeyStoreKeyGeneratorSpi.java,LOW
409,classes that have modifier STATIC should not be extended by classes that are public,Class <android.security.keystore.AndroidKeyStoreKeyGeneratorSpi$HmacSHA224> extends class <android.security.keystore.AndroidKeyStoreKeyGeneratorSpi$HmacBase> in (AndroidKeyStoreKeyGeneratorSpi.java:0),AndroidKeyStoreKeyGeneratorSpi.java,LOW
410,classes that have modifier STATIC should not be extended by classes that are public,Class <android.security.keystore.AndroidKeyStoreRSACipherSpi$OAEPWithSHA224AndMGF1Padding> extends class <android.security.keystore.AndroidKeyStoreRSACipherSpi$OAEPWithMGF1Padding> in (AndroidKeyStoreRSACipherSpi.java:0),AndroidKeyStoreRSACipherSpi.java,LOW
411,classes that have modifier STATIC should not be extended by classes that are public,Class <android.security.keystore.AndroidKeyStoreRSACipherSpi$OAEPWithSHA512AndMGF1Padding> extends class <android.security.keystore.AndroidKeyStoreRSACipherSpi$OAEPWithMGF1Padding> in (AndroidKeyStoreRSACipherSpi.java:0),AndroidKeyStoreRSACipherSpi.java,LOW
412,classes that have modifier STATIC should not be extended by classes that are public,Class <android.security.keystore.AndroidKeyStoreRSACipherSpi$OAEPWithSHA256AndMGF1Padding> extends class <android.security.keystore.AndroidKeyStoreRSACipherSpi$OAEPWithMGF1Padding> in (AndroidKeyStoreRSACipherSpi.java:0),AndroidKeyStoreRSACipherSpi.java,LOW
413,classes that have modifier STATIC should not be extended by classes that are public,Class <android.security.keystore.AndroidKeyStoreRSACipherSpi$OAEPWithSHA1AndMGF1Padding> extends class <android.security.keystore.AndroidKeyStoreRSACipherSpi$OAEPWithMGF1Padding> in (AndroidKeyStoreRSACipherSpi.java:0),AndroidKeyStoreRSACipherSpi.java,LOW
414,classes that have modifier STATIC should not be extended by classes that are public,Class <android.security.keystore.AndroidKeyStoreRSACipherSpi$OAEPWithSHA384AndMGF1Padding> extends class <android.security.keystore.AndroidKeyStoreRSACipherSpi$OAEPWithMGF1Padding> in (AndroidKeyStoreRSACipherSpi.java:0),AndroidKeyStoreRSACipherSpi.java,LOW
415,classes that have modifier STATIC should not be extended by classes that are public,Class <android.security.keystore.AndroidKeyStoreRSASignatureSpi$SHA1WithPSSPadding> extends class <android.security.keystore.AndroidKeyStoreRSASignatureSpi$PSSPadding> in (AndroidKeyStoreRSASignatureSpi.java:0),AndroidKeyStoreRSASignatureSpi.java,LOW
416,classes that have modifier STATIC should not be extended by classes that are public,Class <android.security.keystore.AndroidKeyStoreRSASignatureSpi$SHA512WithPSSPadding> extends class <android.security.keystore.AndroidKeyStoreRSASignatureSpi$PSSPadding> in (AndroidKeyStoreRSASignatureSpi.java:0),AndroidKeyStoreRSASignatureSpi.java,LOW
417,classes that have modifier STATIC should not be extended by classes that are public,Class <android.security.keystore.AndroidKeyStoreRSASignatureSpi$SHA384WithPSSPadding> extends class <android.security.keystore.AndroidKeyStoreRSASignatureSpi$PSSPadding> in (AndroidKeyStoreRSASignatureSpi.java:0),AndroidKeyStoreRSASignatureSpi.java,LOW
418,classes that have modifier STATIC should not be extended by classes that are public,Class <android.security.keystore.AndroidKeyStoreRSASignatureSpi$SHA224WithPSSPadding> extends class <android.security.keystore.AndroidKeyStoreRSASignatureSpi$PSSPadding> in (AndroidKeyStoreRSASignatureSpi.java:0),AndroidKeyStoreRSASignatureSpi.java,LOW
419,classes that have modifier STATIC should not be extended by classes that are public,Class <android.security.keystore.AndroidKeyStoreRSASignatureSpi$SHA256WithPSSPadding> extends class <android.security.keystore.AndroidKeyStoreRSASignatureSpi$PSSPadding> in (AndroidKeyStoreRSASignatureSpi.java:0),AndroidKeyStoreRSASignatureSpi.java,LOW
420,classes that have modifier STATIC should not be extended by classes that are public,Class <android.security.keystore.AndroidKeyStoreRSASignatureSpi$SHA256WithPKCS1Padding> extends class <android.security.keystore.AndroidKeyStoreRSASignatureSpi$PKCS1Padding> in (AndroidKeyStoreRSASignatureSpi.java:0),AndroidKeyStoreRSASignatureSpi.java,LOW
421,classes that have modifier STATIC should not be extended by classes that are public,Class <android.security.keystore.AndroidKeyStoreRSASignatureSpi$SHA512WithPKCS1Padding> extends class <android.security.keystore.AndroidKeyStoreRSASignatureSpi$PKCS1Padding> in (AndroidKeyStoreRSASignatureSpi.java:0),AndroidKeyStoreRSASignatureSpi.java,LOW
422,classes that have modifier STATIC should not be extended by classes that are public,Class <android.security.keystore.AndroidKeyStoreRSASignatureSpi$MD5WithPKCS1Padding> extends class <android.security.keystore.AndroidKeyStoreRSASignatureSpi$PKCS1Padding> in (AndroidKeyStoreRSASignatureSpi.java:0),AndroidKeyStoreRSASignatureSpi.java,LOW
423,classes that have modifier STATIC should not be extended by classes that are public,Class <android.security.keystore.AndroidKeyStoreRSASignatureSpi$SHA224WithPKCS1Padding> extends class <android.security.keystore.AndroidKeyStoreRSASignatureSpi$PKCS1Padding> in (AndroidKeyStoreRSASignatureSpi.java:0),AndroidKeyStoreRSASignatureSpi.java,LOW
424,classes that have modifier STATIC should not be extended by classes that are public,Class <android.security.keystore.AndroidKeyStoreRSASignatureSpi$SHA384WithPKCS1Padding> extends class <android.security.keystore.AndroidKeyStoreRSASignatureSpi$PKCS1Padding> in (AndroidKeyStoreRSASignatureSpi.java:0),AndroidKeyStoreRSASignatureSpi.java,LOW
425,classes that have modifier STATIC should not be extended by classes that are public,Class <android.security.keystore.AndroidKeyStoreRSASignatureSpi$NONEWithPKCS1Padding> extends class <android.security.keystore.AndroidKeyStoreRSASignatureSpi$PKCS1Padding> in (AndroidKeyStoreRSASignatureSpi.java:0),AndroidKeyStoreRSASignatureSpi.java,LOW
426,classes that have modifier STATIC should not be extended by classes that are public,Class <android.security.keystore.AndroidKeyStoreRSASignatureSpi$SHA1WithPKCS1Padding> extends class <android.security.keystore.AndroidKeyStoreRSASignatureSpi$PKCS1Padding> in (AndroidKeyStoreRSASignatureSpi.java:0),AndroidKeyStoreRSASignatureSpi.java,LOW
427,classes that have modifier STATIC should not be extended by classes that are public,Class <android.security.keystore.AndroidKeyStoreUnauthenticatedAESCipherSpi$CBC$NoPadding> extends class <android.security.keystore.AndroidKeyStoreUnauthenticatedAESCipherSpi$CBC> in (AndroidKeyStoreUnauthenticatedAESCipherSpi.java:0),AndroidKeyStoreUnauthenticatedAESCipherSpi.java,LOW
428,classes that have modifier STATIC should not be extended by classes that are public,Class <android.security.keystore.AndroidKeyStoreUnauthenticatedAESCipherSpi$CBC$PKCS7Padding> extends class <android.security.keystore.AndroidKeyStoreUnauthenticatedAESCipherSpi$CBC> in (AndroidKeyStoreUnauthenticatedAESCipherSpi.java:0),AndroidKeyStoreUnauthenticatedAESCipherSpi.java,LOW
429,classes that have modifier STATIC should not be extended by classes that are public,Class <android.security.keystore.AndroidKeyStoreUnauthenticatedAESCipherSpi$CTR$NoPadding> extends class <android.security.keystore.AndroidKeyStoreUnauthenticatedAESCipherSpi$CTR> in (AndroidKeyStoreUnauthenticatedAESCipherSpi.java:0),AndroidKeyStoreUnauthenticatedAESCipherSpi.java,LOW
430,classes that have modifier STATIC should not be extended by classes that are public,Class <android.security.keystore.AndroidKeyStoreUnauthenticatedAESCipherSpi$ECB$PKCS7Padding> extends class <android.security.keystore.AndroidKeyStoreUnauthenticatedAESCipherSpi$ECB> in (AndroidKeyStoreUnauthenticatedAESCipherSpi.java:0),AndroidKeyStoreUnauthenticatedAESCipherSpi.java,LOW
431,classes that have modifier STATIC should not be extended by classes that are public,Class <android.security.keystore.AndroidKeyStoreUnauthenticatedAESCipherSpi$ECB$NoPadding> extends class <android.security.keystore.AndroidKeyStoreUnauthenticatedAESCipherSpi$ECB> in (AndroidKeyStoreUnauthenticatedAESCipherSpi.java:0),AndroidKeyStoreUnauthenticatedAESCipherSpi.java,LOW
432,classes that have modifier STATIC should not be extended by classes that are public,Class <android.service.carrier.CarrierService$ICarrierServiceWrapper> extends class <android.service.carrier.ICarrierService$Stub> in (CarrierService.java:0),CarrierService.java,LOW
433,classes that have modifier STATIC should not be extended by classes that are public,Class <android.service.voice.VoiceInteractionSession$ConfirmationRequest> extends class <android.service.voice.VoiceInteractionSession$Request> in (VoiceInteractionSession.java:0),VoiceInteractionSession.java,LOW
434,classes that have modifier STATIC should not be extended by classes that are public,Class <android.service.voice.VoiceInteractionSession$AbortVoiceRequest> extends class <android.service.voice.VoiceInteractionSession$Request> in (VoiceInteractionSession.java:0),VoiceInteractionSession.java,LOW
435,classes that have modifier STATIC should not be extended by classes that are public,Class <android.service.voice.VoiceInteractionSession$CompleteVoiceRequest> extends class <android.service.voice.VoiceInteractionSession$Request> in (VoiceInteractionSession.java:0),VoiceInteractionSession.java,LOW
436,classes that have modifier STATIC should not be extended by classes that are public,Class <android.service.voice.VoiceInteractionSession$PickOptionRequest> extends class <android.service.voice.VoiceInteractionSession$Request> in (VoiceInteractionSession.java:0),VoiceInteractionSession.java,LOW
437,classes that have modifier STATIC should not be extended by classes that are public,Class <android.service.voice.VoiceInteractionSession$CommandRequest> extends class <android.service.voice.VoiceInteractionSession$Request> in (VoiceInteractionSession.java:0),VoiceInteractionSession.java,LOW
438,classes that have modifier STATIC should not be extended by classes that are public,Class <android.telecom.Call$Listener> extends class <android.telecom.Call$Callback> in (Call.java:0),Call.java,LOW
439,classes that have modifier STATIC should not be extended by classes that are public,Class <android.telecom.VideoCallImpl> extends class <android.telecom.InCallService$VideoCall> in (VideoCallImpl.java:0),VideoCallImpl.java,LOW
440,classes that have modifier STATIC should not be extended by classes that are public,Class <android.telephony.ims.ImsService$Listener> extends class <android.telephony.ims.aidl.IImsServiceControllerListener$Stub> in (ImsService.java:0),ImsService.java,LOW
441,classes that have modifier STATIC should not be extended by classes that are public,Class <android.telephony.ims.compat.stub.ImsConfigImplBase$ImsConfigStub> extends class <com.android.ims.internal.IImsConfig$Stub> in (ImsConfigImplBase.java:0),ImsConfigImplBase.java,LOW
442,classes that have modifier STATIC should not be extended by classes that are public,Class <android.telephony.ims.compat.stub.ImsUtListenerImplBase> extends class <com.android.ims.internal.IImsUtListener$Stub> in (ImsUtListenerImplBase.java:0),ImsUtListenerImplBase.java,LOW
443,classes that have modifier STATIC should not be extended by classes that are public,Class <android.telephony.ims.feature.ImsFeature$CapabilityCallback> extends class <android.telephony.ims.aidl.IImsCapabilityCallback$Stub> in (ImsFeature.java:0),ImsFeature.java,LOW
444,classes that have modifier STATIC should not be extended by classes that are public,Class <android.telephony.ims.feature.MmTelFeature$Listener> extends class <android.telephony.ims.aidl.IImsMmTelListener$Stub> in (MmTelFeature.java:0),MmTelFeature.java,LOW
445,classes that have modifier STATIC should not be extended by classes that are public,Class <android.telephony.ims.feature.MmTelFeature$MmTelCapabilities> extends class <android.telephony.ims.feature.ImsFeature$Capabilities> in (MmTelFeature.java:0),MmTelFeature.java,LOW
446,classes that have modifier STATIC should not be extended by classes that are public,Class <android.telephony.ims.stub.ImsConfigImplBase$Callback> extends class <android.telephony.ims.aidl.IImsConfigCallback$Stub> in (ImsConfigImplBase.java:0),ImsConfigImplBase.java,LOW
447,classes that have modifier STATIC should not be extended by classes that are public,Class <android.telephony.ims.stub.ImsConfigImplBase$ImsConfigStub> extends class <android.telephony.ims.aidl.IImsConfig$Stub> in (ImsConfigImplBase.java:0),ImsConfigImplBase.java,LOW
448,classes that have modifier STATIC should not be extended by classes that are public,Class <android.telephony.ims.stub.ImsStreamMediaSessionImplBase> extends class <com.android.ims.internal.IImsStreamMediaSession$Stub> in (ImsStreamMediaSessionImplBase.java:0),ImsStreamMediaSessionImplBase.java,LOW
449,classes that have modifier STATIC should not be extended by classes that are public,Class <android.telephony.mbms.InternalDownloadProgressListener> extends class <android.telephony.mbms.IDownloadProgressListener$Stub> in (InternalDownloadProgressListener.java:0),InternalDownloadProgressListener.java,LOW
450,classes that have modifier STATIC should not be extended by classes that are public,Class <android.telephony.mbms.InternalDownloadSessionCallback> extends class <android.telephony.mbms.IMbmsDownloadSessionCallback$Stub> in (InternalDownloadSessionCallback.java:0),InternalDownloadSessionCallback.java,LOW
451,classes that have modifier STATIC should not be extended by classes that are public,Class <android.telephony.mbms.InternalDownloadStatusListener> extends class <android.telephony.mbms.IDownloadStatusListener$Stub> in (InternalDownloadStatusListener.java:0),InternalDownloadStatusListener.java,LOW
452,classes that have modifier STATIC should not be extended by classes that are public,Class <android.telephony.mbms.InternalStreamingServiceCallback> extends class <android.telephony.mbms.IStreamingServiceCallback$Stub> in (InternalStreamingServiceCallback.java:0),InternalStreamingServiceCallback.java,LOW
453,classes that have modifier STATIC should not be extended by classes that are public,Class <android.telephony.mbms.InternalStreamingSessionCallback> extends class <android.telephony.mbms.IMbmsStreamingSessionCallback$Stub> in (InternalStreamingSessionCallback.java:0),InternalStreamingSessionCallback.java,LOW
454,classes that have modifier STATIC should not be extended by classes that are public,Class <android.telephony.mbms.vendor.MbmsDownloadServiceBase> extends class <android.telephony.mbms.vendor.IMbmsDownloadService$Stub> in (MbmsDownloadServiceBase.java:0),MbmsDownloadServiceBase.java,LOW
455,classes that have modifier STATIC should not be extended by classes that are public,Class <android.telephony.mbms.vendor.MbmsStreamingServiceBase> extends class <android.telephony.mbms.vendor.IMbmsStreamingService$Stub> in (MbmsStreamingServiceBase.java:0),MbmsStreamingServiceBase.java,LOW
456,classes that have modifier STATIC should not be extended by classes that are public,Class <android.text.BoringLayout$Metrics> extends class <android.graphics.Paint$FontMetricsInt> in (BoringLayout.java:0),BoringLayout.java,LOW
457,classes that have modifier STATIC should not be extended by classes that are public,Class <android.text.style.TtsSpan$CardinalBuilder> extends class <android.text.style.TtsSpan$SemioticClassBuilder> in (TtsSpan.java:0),TtsSpan.java,LOW
458,classes that have modifier STATIC should not be extended by classes that are public,Class <android.text.style.TtsSpan$VerbatimBuilder> extends class <android.text.style.TtsSpan$SemioticClassBuilder> in (TtsSpan.java:0),TtsSpan.java,LOW
459,classes that have modifier STATIC should not be extended by classes that are public,Class <android.text.style.TtsSpan$OrdinalBuilder> extends class <android.text.style.TtsSpan$SemioticClassBuilder> in (TtsSpan.java:0),TtsSpan.java,LOW
460,classes that have modifier STATIC should not be extended by classes that are public,Class <android.text.style.TtsSpan$DateBuilder> extends class <android.text.style.TtsSpan$SemioticClassBuilder> in (TtsSpan.java:0),TtsSpan.java,LOW
461,classes that have modifier STATIC should not be extended by classes that are public,Class <android.text.style.TtsSpan$TimeBuilder> extends class <android.text.style.TtsSpan$SemioticClassBuilder> in (TtsSpan.java:0),TtsSpan.java,LOW
462,classes that have modifier STATIC should not be extended by classes that are public,Class <android.text.style.TtsSpan$ElectronicBuilder> extends class <android.text.style.TtsSpan$SemioticClassBuilder> in (TtsSpan.java:0),TtsSpan.java,LOW
463,classes that have modifier STATIC should not be extended by classes that are public,Class <android.text.style.TtsSpan$TelephoneBuilder> extends class <android.text.style.TtsSpan$SemioticClassBuilder> in (TtsSpan.java:0),TtsSpan.java,LOW
464,classes that have modifier STATIC should not be extended by classes that are public,Class <android.text.style.TtsSpan$TextBuilder> extends class <android.text.style.TtsSpan$SemioticClassBuilder> in (TtsSpan.java:0),TtsSpan.java,LOW
465,classes that have modifier STATIC should not be extended by classes that are public,Class <android.text.style.TtsSpan$MeasureBuilder> extends class <android.text.style.TtsSpan$SemioticClassBuilder> in (TtsSpan.java:0),TtsSpan.java,LOW
466,classes that have modifier STATIC should not be extended by classes that are public,Class <android.text.style.TtsSpan$MoneyBuilder> extends class <android.text.style.TtsSpan$SemioticClassBuilder> in (TtsSpan.java:0),TtsSpan.java,LOW
467,classes that have modifier STATIC should not be extended by classes that are public,Class <android.text.style.TtsSpan$DigitsBuilder> extends class <android.text.style.TtsSpan$SemioticClassBuilder> in (TtsSpan.java:0),TtsSpan.java,LOW
468,classes that have modifier STATIC should not be extended by classes that are public,Class <android.text.style.TtsSpan$FractionBuilder> extends class <android.text.style.TtsSpan$SemioticClassBuilder> in (TtsSpan.java:0),TtsSpan.java,LOW
469,classes that have modifier STATIC should not be extended by classes that are public,Class <android.text.style.TtsSpan$DecimalBuilder> extends class <android.text.style.TtsSpan$SemioticClassBuilder> in (TtsSpan.java:0),TtsSpan.java,LOW
470,classes that have modifier STATIC should not be extended by classes that are public,Class <android.text.style.TtsSpan$SemioticClassBuilder> extends class <android.text.style.TtsSpan$Builder> in (TtsSpan.java:0),TtsSpan.java,LOW
471,classes that have modifier STATIC should not be extended by classes that are public,Class <android.util.Pools$SynchronizedPool> extends class <android.util.Pools$SimplePool> in (Pools.java:0),Pools.java,LOW
472,classes that have modifier STATIC should not be extended by classes that are public,Class <android.view.InputFilter> extends class <android.view.IInputFilter$Stub> in (InputFilter.java:0),InputFilter.java,LOW
473,classes that have modifier STATIC should not be extended by classes that are public,Class <android.view.accessibility.AccessibilityInteractionClient> extends class <android.view.accessibility.IAccessibilityInteractionConnectionCallback$Stub> in (AccessibilityInteractionClient.java:0),AccessibilityInteractionClient.java,LOW
474,classes that have modifier STATIC should not be extended by classes that are public,Class <android.view.animation.GridLayoutAnimationController$AnimationParameters> extends class <android.view.animation.LayoutAnimationController$AnimationParameters> in (GridLayoutAnimationController.java:0),GridLayoutAnimationController.java,LOW
475,classes that have modifier STATIC should not be extended by classes that are public,Class <android.widget.RelativeLayout$LayoutParams> extends class <android.view.ViewGroup$MarginLayoutParams> in (RelativeLayout.java:0),RelativeLayout.java,LOW
476,classes that have modifier STATIC should not be extended by classes that are public,Class <com.android.internal.view.menu.IconMenuView$LayoutParams> extends class <android.view.ViewGroup$MarginLayoutParams> in (IconMenuView.java:0),IconMenuView.java,LOW
477,classes that have modifier STATIC should not be extended by classes that are public,Class <android.widget.FrameLayout$LayoutParams> extends class <android.view.ViewGroup$MarginLayoutParams> in (FrameLayout.java:0),FrameLayout.java,LOW
478,classes that have modifier STATIC should not be extended by classes that are public,Class <android.widget.LinearLayout$LayoutParams> extends class <android.view.ViewGroup$MarginLayoutParams> in (LinearLayout.java:0),LinearLayout.java,LOW
479,classes that have modifier STATIC should not be extended by classes that are public,Class <com.android.internal.widget.ActionBarOverlayLayout$LayoutParams> extends class <android.view.ViewGroup$MarginLayoutParams> in (ActionBarOverlayLayout.java:0),ActionBarOverlayLayout.java,LOW
480,classes that have modifier STATIC should not be extended by classes that are public,Class <com.android.internal.widget.ResolverDrawerLayout$LayoutParams> extends class <android.view.ViewGroup$MarginLayoutParams> in (ResolverDrawerLayout.java:0),ResolverDrawerLayout.java,LOW
481,classes that have modifier STATIC should not be extended by classes that are public,Class <com.android.internal.widget.RecyclerView$LayoutParams> extends class <android.view.ViewGroup$MarginLayoutParams> in (RecyclerView.java:0),RecyclerView.java,LOW
482,classes that have modifier STATIC should not be extended by classes that are public,Class <android.widget.GridLayout$LayoutParams> extends class <android.view.ViewGroup$MarginLayoutParams> in (GridLayout.java:0),GridLayout.java,LOW
483,classes that have modifier STATIC should not be extended by classes that are public,Class <android.app.ActionBar$LayoutParams> extends class <android.view.ViewGroup$MarginLayoutParams> in (ActionBar.java:0),ActionBar.java,LOW
484,classes that have modifier STATIC should not be extended by classes that are public,Class <com.android.internal.widget.MessagingLinearLayout$LayoutParams> extends class <android.view.ViewGroup$MarginLayoutParams> in (MessagingLinearLayout.java:0),MessagingLinearLayout.java,LOW
485,classes that have modifier STATIC should not be extended by classes that are public,Class <android.widget.TableRow$LayoutParams> extends class <android.widget.LinearLayout$LayoutParams> in (TableRow.java:0),TableRow.java,LOW
486,classes that have modifier STATIC should not be extended by classes that are public,Class <android.widget.TableLayout$LayoutParams> extends class <android.widget.LinearLayout$LayoutParams> in (TableLayout.java:0),TableLayout.java,LOW
487,classes that have modifier STATIC should not be extended by classes that are public,Class <android.widget.RadioGroup$LayoutParams> extends class <android.widget.LinearLayout$LayoutParams> in (RadioGroup.java:0),RadioGroup.java,LOW
488,classes that have modifier STATIC should not be extended by classes that are public,Class <android.widget.ActionMenuView$LayoutParams> extends class <android.widget.LinearLayout$LayoutParams> in (ActionMenuView.java:0),ActionMenuView.java,LOW
489,classes that have modifier STATIC should not be extended by classes that are public,Class <android.widget.Toolbar$LayoutParams> extends class <android.app.ActionBar$LayoutParams> in (Toolbar.java:0),Toolbar.java,LOW
490,classes that have modifier STATIC should not be extended by classes that are public,Class <com.android.internal.app.WindowDecorActionBar$TabImpl> extends class <android.app.ActionBar$Tab> in (WindowDecorActionBar.java:0),WindowDecorActionBar.java,LOW
491,classes that have modifier STATIC should not be extended by classes that are public,Class <com.android.internal.app.procstats.SysMemUsageTable> extends class <com.android.internal.app.procstats.SparseMappingTable$Table> in (SysMemUsageTable.java:0),SysMemUsageTable.java,LOW
492,classes that have modifier STATIC should not be extended by classes that are public,Class <com.android.internal.app.procstats.PssTable> extends class <com.android.internal.app.procstats.SparseMappingTable$Table> in (PssTable.java:0),PssTable.java,LOW
493,classes that have modifier STATIC should not be extended by classes that are public,Class <com.android.internal.app.procstats.DurationsTable> extends class <com.android.internal.app.procstats.SparseMappingTable$Table> in (DurationsTable.java:0),DurationsTable.java,LOW
494,classes that have modifier STATIC should not be extended by classes that are public,Class <com.android.internal.midi.MidiEventScheduler$MidiEvent> extends class <com.android.internal.midi.EventScheduler$SchedulableEvent> in (MidiEventScheduler.java:0),MidiEventScheduler.java,LOW
495,classes that have modifier STATIC should not be extended by classes that are public,Class <com.android.internal.os.BatteryStatsImpl$BatchTimer> extends class <com.android.internal.os.BatteryStatsImpl$Timer> in (BatteryStatsImpl.java:0),BatteryStatsImpl.java,LOW
496,classes that have modifier STATIC should not be extended by classes that are public,Class <com.android.internal.os.BatteryStatsImpl$SamplingTimer> extends class <com.android.internal.os.BatteryStatsImpl$Timer> in (BatteryStatsImpl.java:0),BatteryStatsImpl.java,LOW
497,classes that have modifier STATIC should not be extended by classes that are public,Class <com.android.internal.os.BatteryStatsImpl$StopwatchTimer> extends class <com.android.internal.os.BatteryStatsImpl$Timer> in (BatteryStatsImpl.java:0),BatteryStatsImpl.java,LOW
498,classes that have modifier STATIC should not be extended by classes that are public,Class <com.android.internal.os.BatteryStatsImpl$ControllerActivityCounterImpl> extends class <android.os.BatteryStats$ControllerActivityCounter> in (BatteryStatsImpl.java:0),BatteryStatsImpl.java,LOW
499,classes that have modifier STATIC should not be extended by classes that are public,Class <com.android.internal.os.BatteryStatsImpl$Counter> extends class <android.os.BatteryStats$Counter> in (BatteryStatsImpl.java:0),BatteryStatsImpl.java,LOW
500,classes that have modifier STATIC should not be extended by classes that are public,Class <com.android.internal.os.BatteryStatsImpl$DualTimer> extends class <com.android.internal.os.BatteryStatsImpl$DurationTimer> in (BatteryStatsImpl.java:0),BatteryStatsImpl.java,LOW
501,classes that have modifier STATIC should not be extended by classes that are public,Class <com.android.internal.os.BatteryStatsImpl$DurationTimer> extends class <com.android.internal.os.BatteryStatsImpl$StopwatchTimer> in (BatteryStatsImpl.java:0),BatteryStatsImpl.java,LOW
502,classes that have modifier STATIC should not be extended by classes that are public,Class <com.android.internal.os.BatteryStatsImpl$LongSamplingCounter> extends class <android.os.BatteryStats$LongCounter> in (BatteryStatsImpl.java:0),BatteryStatsImpl.java,LOW
503,classes that have modifier STATIC should not be extended by classes that are public,Class <com.android.internal.os.BatteryStatsImpl$LongSamplingCounterArray> extends class <android.os.BatteryStats$LongCounterArray> in (BatteryStatsImpl.java:0),BatteryStatsImpl.java,LOW
504,classes that have modifier STATIC should not be extended by classes that are public,Class <com.android.internal.os.BatteryStatsImpl$Timer> extends class <android.os.BatteryStats$Timer> in (BatteryStatsImpl.java:0),BatteryStatsImpl.java,LOW
505,classes that have modifier STATIC should not be extended by classes that are public,Class <com.android.internal.os.BatteryStatsImpl$Uid$Pkg$Serv> extends class <android.os.BatteryStats$Uid$Pkg$Serv> in (BatteryStatsImpl.java:0),BatteryStatsImpl.java,LOW
506,classes that have modifier STATIC should not be extended by classes that are public,Class <com.android.internal.os.BatteryStatsImpl$Uid$Pkg> extends class <android.os.BatteryStats$Uid$Pkg> in (BatteryStatsImpl.java:0),BatteryStatsImpl.java,LOW
507,classes that have modifier STATIC should not be extended by classes that are public,Class <com.android.internal.os.BatteryStatsImpl$Uid$Proc> extends class <android.os.BatteryStats$Uid$Proc> in (BatteryStatsImpl.java:0),BatteryStatsImpl.java,LOW
508,classes that have modifier STATIC should not be extended by classes that are public,Class <com.android.internal.os.BatteryStatsImpl$Uid$Sensor> extends class <android.os.BatteryStats$Uid$Sensor> in (BatteryStatsImpl.java:0),BatteryStatsImpl.java,LOW
509,classes that have modifier STATIC should not be extended by classes that are public,Class <com.android.internal.os.BatteryStatsImpl$Uid$Wakelock> extends class <android.os.BatteryStats$Uid$Wakelock> in (BatteryStatsImpl.java:0),BatteryStatsImpl.java,LOW
510,classes that have modifier STATIC should not be extended by classes that are public,Class <com.android.internal.os.BatteryStatsImpl$Uid> extends class <android.os.BatteryStats$Uid> in (BatteryStatsImpl.java:0),BatteryStatsImpl.java,LOW
511,classes that have modifier STATIC should not be extended by classes that are public,Class <com.android.internal.telephony.gsm.SmsMessage$SubmitPdu> extends class <com.android.internal.telephony.SmsMessageBase$SubmitPduBase> in (SmsMessage.java:0),SmsMessage.java,LOW
512,classes that have modifier STATIC should not be extended by classes that are public,Class <com.android.internal.telephony.cdma.SmsMessage$SubmitPdu> extends class <com.android.internal.telephony.SmsMessageBase$SubmitPduBase> in (SmsMessage.java:0),SmsMessage.java,LOW
513,classes that have modifier STATIC should not be extended by classes that are public,Class <com.android.internal.view.IInputConnectionWrapper> extends class <com.android.internal.view.IInputContext$Stub> in (IInputConnectionWrapper.java:0),IInputConnectionWrapper.java,LOW
514,classes that have modifier STATIC should not be extended by classes that are public,Class <com.android.internal.widget.LinearLayoutManager> extends class <com.android.internal.widget.RecyclerView$LayoutManager> in (LinearLayoutManager.java:0),LinearLayoutManager.java,LOW
515,classes that have modifier STATIC should not be extended by classes that are public,Class <com.android.internal.widget.LinearSmoothScroller> extends class <com.android.internal.widget.RecyclerView$SmoothScroller> in (LinearSmoothScroller.java:0),LinearSmoothScroller.java,LOW
516,classes that have modifier STATIC should not be extended by classes that are public,Class <com.android.internal.widget.SimpleItemAnimator> extends class <com.android.internal.widget.RecyclerView$ItemAnimator> in (SimpleItemAnimator.java:0),SimpleItemAnimator.java,LOW
517,classes that have modifier STATIC should not be extended by classes that are public,Class <com.android.internal.widget.helper.ItemTouchHelper$SimpleCallback> extends class <com.android.internal.widget.helper.ItemTouchHelper$Callback> in (ItemTouchHelper.java:0),ItemTouchHelper.java,LOW
518,classes that have modifier STATIC should not be extended by classes that are public,Class <com.android.internal.widget.helper.ItemTouchHelper> extends class <com.android.internal.widget.RecyclerView$ItemDecoration> in (ItemTouchHelper.java:0),ItemTouchHelper.java,LOW
519,classes that have modifier STATIC should not be extended by classes that are public,Class <com.android.server.net.BaseNetdEventCallback> extends class <android.net.INetdEventCallback$Stub> in (BaseNetdEventCallback.java:0),BaseNetdEventCallback.java,LOW
520,classes that have modifier STATIC should not be extended by classes that are public,Class <com.android.server.net.BaseNetworkObserver> extends class <android.net.INetworkManagementEventObserver$Stub> in (BaseNetworkObserver.java:0),BaseNetworkObserver.java,LOW
521,classes that have modifier STATIC should not be extended by classes that are public,Class <com.google.android.util.AbstractMessageParser$Link> extends class <com.google.android.util.AbstractMessageParser$Token> in (AbstractMessageParser.java:0),AbstractMessageParser.java,LOW
522,classes that have modifier STATIC should not be extended by classes that are public,Class <com.google.android.util.AbstractMessageParser$Video> extends class <com.google.android.util.AbstractMessageParser$Token> in (AbstractMessageParser.java:0),AbstractMessageParser.java,LOW
523,classes that have modifier STATIC should not be extended by classes that are public,Class <com.google.android.util.AbstractMessageParser$Smiley> extends class <com.google.android.util.AbstractMessageParser$Token> in (AbstractMessageParser.java:0),AbstractMessageParser.java,LOW
524,classes that have modifier STATIC should not be extended by classes that are public,Class <com.google.android.util.AbstractMessageParser$Acronym> extends class <com.google.android.util.AbstractMessageParser$Token> in (AbstractMessageParser.java:0),AbstractMessageParser.java,LOW
525,classes that have modifier STATIC should not be extended by classes that are public,Class <com.google.android.util.AbstractMessageParser$FlickrPhoto> extends class <com.google.android.util.AbstractMessageParser$Token> in (AbstractMessageParser.java:0),AbstractMessageParser.java,LOW
526,classes that have modifier STATIC should not be extended by classes that are public,Class <com.google.android.util.AbstractMessageParser$YouTubeVideo> extends class <com.google.android.util.AbstractMessageParser$Token> in (AbstractMessageParser.java:0),AbstractMessageParser.java,LOW
527,classes that have modifier STATIC should not be extended by classes that are public,Class <com.google.android.util.AbstractMessageParser$Format> extends class <com.google.android.util.AbstractMessageParser$Token> in (AbstractMessageParser.java:0),AbstractMessageParser.java,LOW
528,classes that have modifier STATIC should not be extended by classes that are public,Class <com.google.android.util.AbstractMessageParser$Html> extends class <com.google.android.util.AbstractMessageParser$Token> in (AbstractMessageParser.java:0),AbstractMessageParser.java,LOW
529,classes that have modifier STATIC should not be extended by classes that are public,Class <com.google.android.util.AbstractMessageParser$Photo> extends class <com.google.android.util.AbstractMessageParser$Token> in (AbstractMessageParser.java:0),AbstractMessageParser.java,LOW
530,classes that have modifier STATIC should not be extended by classes that are public,Class <com.google.android.util.AbstractMessageParser$MusicTrack> extends class <com.google.android.util.AbstractMessageParser$Token> in (AbstractMessageParser.java:0),AbstractMessageParser.java,LOW
531,classes that have modifier STATIC should not be extended by classes that are public,Interface <android.media.AudioTrack$OnRoutingChangedListener> extends interface <android.media.AudioRouting$OnRoutingChangedListener> in (AudioTrack.java:0),AudioTrack.java,LOW
532,classes that have modifier STATIC should not be extended by classes that are public,Interface <android.media.AudioRecord$OnRoutingChangedListener> extends interface <android.media.AudioRouting$OnRoutingChangedListener> in (AudioRecord.java:0),AudioRecord.java,LOW
533,classes that have modifier STATIC should not be extended by classes that are public,Interface <android.media.MediaScannerConnection$MediaScannerConnectionClient> extends interface <android.media.MediaScannerConnection$OnScanCompletedListener> in (MediaScannerConnection.java:0),MediaScannerConnection.java,LOW
534,classes that have modifier STATIC should not be extended by classes that are public,Interface <android.net.wifi.WifiScanner$PnoScanListener> extends interface <android.net.wifi.WifiScanner$ScanListener> in (WifiScanner.java:0),WifiScanner.java,LOW
535,classes that have modifier STATIC should not be extended by classes that are public,Interface <android.net.wifi.WifiScanner$ScanListener> extends interface <android.net.wifi.WifiScanner$ActionListener> in (WifiScanner.java:0),WifiScanner.java,LOW
536,classes that have modifier STATIC should not be extended by classes that are public,Interface <android.net.wifi.WifiScanner$WifiChangeListener> extends interface <android.net.wifi.WifiScanner$ActionListener> in (WifiScanner.java:0),WifiScanner.java,LOW
537,classes that have modifier STATIC should not be extended by classes that are public,Interface <android.net.wifi.WifiScanner$BssidListener> extends interface <android.net.wifi.WifiScanner$ActionListener> in (WifiScanner.java:0),WifiScanner.java,LOW
538,classes that have modifier STATIC should not be extended by classes that are public,Interface <android.os.Parcelable$ClassLoaderCreator> extends interface <android.os.Parcelable$Creator> in (Parcelable.java:0),Parcelable.java,LOW
539,classes that have modifier STATIC should not be extended by classes that are public,Interface <android.provider.MediaStore$Files$FileColumns> extends interface <android.provider.MediaStore$MediaColumns> in (MediaStore.java:0),MediaStore.java,LOW
540,classes that have modifier STATIC should not be extended by classes that are public,Interface <android.provider.MediaStore$Video$VideoColumns> extends interface <android.provider.MediaStore$MediaColumns> in (MediaStore.java:0),MediaStore.java,LOW
541,classes that have modifier STATIC should not be extended by classes that are public,Interface <android.provider.MediaStore$Audio$AudioColumns> extends interface <android.provider.MediaStore$MediaColumns> in (MediaStore.java:0),MediaStore.java,LOW
542,classes that have modifier STATIC should not be extended by classes that are public,Interface <android.provider.MediaStore$Images$ImageColumns> extends interface <android.provider.MediaStore$MediaColumns> in (MediaStore.java:0),MediaStore.java,LOW
543,classes that have modifier STATIC should not be extended by classes that are public,Interface <android.view.LayoutInflater$Factory2> extends interface <android.view.LayoutInflater$Factory> in (LayoutInflater.java:0),LayoutInflater.java,LOW
544,classes that have modifier STATIC should not be extended by classes that are public,Interface <android.view.SurfaceHolder$Callback2> extends interface <android.view.SurfaceHolder$Callback> in (SurfaceHolder.java:0),SurfaceHolder.java,LOW
545,classes that have modifier STATIC should not be extended by classes that are public,Interface <android.widget.AbsListView$MultiChoiceModeListener> extends interface <android.view.ActionMode$Callback> in (AbsListView.java:0),AbsListView.java,LOW
546,classes that have modifier STATIC should not be extended by classes that are public,Interface <com.android.internal.os.KernelUidCpuTimeReader$Callback> extends interface <com.android.internal.os.KernelUidCpuTimeReaderBase$Callback> in (KernelUidCpuTimeReader.java:0),KernelUidCpuTimeReader.java,LOW
547,classes that have modifier STATIC should not be extended by classes that are public,Interface <com.android.internal.os.KernelUidCpuClusterTimeReader$Callback> extends interface <com.android.internal.os.KernelUidCpuTimeReaderBase$Callback> in (KernelUidCpuClusterTimeReader.java:0),KernelUidCpuClusterTimeReader.java,LOW
548,classes that have modifier STATIC should not be extended by classes that are public,Interface <com.android.internal.os.KernelUidCpuFreqTimeReader$Callback> extends interface <com.android.internal.os.KernelUidCpuTimeReaderBase$Callback> in (KernelUidCpuFreqTimeReader.java:0),KernelUidCpuFreqTimeReader.java,LOW
549,classes that have modifier STATIC should not be extended by classes that are public,Interface <com.android.internal.os.KernelUidCpuActiveTimeReader$Callback> extends interface <com.android.internal.os.KernelUidCpuTimeReaderBase$Callback> in (KernelUidCpuActiveTimeReader.java:0),KernelUidCpuActiveTimeReader.java,LOW
550,classes that have modifier STATIC should not be extended by classes that are public,Interface <com.android.internal.util.FileRotator$Rewriter> extends interface <com.android.internal.util.FileRotator$Reader> in (FileRotator.java:0),FileRotator.java,LOW
551,classes that have modifier STATIC should not be extended by classes that are public,Interface <com.android.internal.util.FileRotator$Rewriter> extends interface <com.android.internal.util.FileRotator$Writer> in (FileRotator.java:0),FileRotator.java,LOW
552,classes that have modifier STATIC should not be extended by classes that are public,Interface <com.android.internal.util.function.pooled.PooledRunnable> extends interface <com.android.internal.util.FunctionalUtils$ThrowingRunnable> in (PooledRunnable.java:0),PooledRunnable.java,LOW
553,classes that have modifier STATIC should not be extended by classes that are public,Interface <com.android.internal.util.function.pooled.PooledSupplier> extends interface <com.android.internal.util.FunctionalUtils$ThrowingSupplier> in (PooledSupplier.java:0),PooledSupplier.java,LOW
554,classes that have modifier STATIC should not be extended by classes that are public,Interface <com.android.internal.widget.MessagingMessage> extends interface <com.android.internal.widget.MessagingLinearLayout$MessagingChild> in (MessagingMessage.java:0),MessagingMessage.java,LOW
555,classes that have modifier STATIC should be enums,Class <android.Manifest$permission> is no enum in (Manifest.java:0),Manifest.java,MEDIUM
556,classes that have modifier STATIC should be enums,Class <android.Manifest$permission_group> is no enum in (Manifest.java:0),Manifest.java,MEDIUM
557,classes that have modifier STATIC should be enums,Class <android.R$anim> is no enum in (R.java:0),R.java,MEDIUM
558,classes that have modifier STATIC should be enums,Class <android.R$animator> is no enum in (R.java:0),R.java,MEDIUM
559,classes that have modifier STATIC should be enums,Class <android.R$array> is no enum in (R.java:0),R.java,MEDIUM
560,classes that have modifier STATIC should be enums,Class <android.R$attr> is no enum in (R.java:0),R.java,MEDIUM
561,classes that have modifier STATIC should be enums,Class <android.R$bool> is no enum in (R.java:0),R.java,MEDIUM
562,classes that have modifier STATIC should be enums,Class <android.R$color> is no enum in (R.java:0),R.java,MEDIUM
563,classes that have modifier STATIC should be enums,Class <android.R$dimen> is no enum in (R.java:0),R.java,MEDIUM
564,classes that have modifier STATIC should be enums,Class <android.R$drawable> is no enum in (R.java:0),R.java,MEDIUM
565,classes that have modifier STATIC should be enums,Class <android.R$fraction> is no enum in (R.java:0),R.java,MEDIUM
566,classes that have modifier STATIC should be enums,Class <android.R$id> is no enum in (R.java:0),R.java,MEDIUM
567,classes that have modifier STATIC should be enums,Class <android.R$integer> is no enum in (R.java:0),R.java,MEDIUM
568,classes that have modifier STATIC should be enums,Class <android.R$interpolator> is no enum in (R.java:0),R.java,MEDIUM
569,classes that have modifier STATIC should be enums,Class <android.R$layout> is no enum in (R.java:0),R.java,MEDIUM
570,classes that have modifier STATIC should be enums,Class <android.R$menu> is no enum in (R.java:0),R.java,MEDIUM
571,classes that have modifier STATIC should be enums,Class <android.R$mipmap> is no enum in (R.java:0),R.java,MEDIUM
572,classes that have modifier STATIC should be enums,Class <android.R$plurals> is no enum in (R.java:0),R.java,MEDIUM
573,classes that have modifier STATIC should be enums,Class <android.R$raw> is no enum in (R.java:0),R.java,MEDIUM
574,classes that have modifier STATIC should be enums,Class <android.R$string> is no enum in (R.java:0),R.java,MEDIUM
575,classes that have modifier STATIC should be enums,Class <android.R$style> is no enum in (R.java:0),R.java,MEDIUM
576,classes that have modifier STATIC should be enums,Class <android.R$styleable> is no enum in (R.java:0),R.java,MEDIUM
577,classes that have modifier STATIC should be enums,Class <android.R$transition> is no enum in (R.java:0),R.java,MEDIUM
578,classes that have modifier STATIC should be enums,Class <android.R$xml> is no enum in (R.java:0),R.java,MEDIUM
579,classes that have modifier STATIC should be enums,Class <android.accessibilityservice.AccessibilityButtonController$AccessibilityButtonCallback> is no enum in (AccessibilityButtonController.java:0),AccessibilityButtonController.java,MEDIUM
580,classes that have modifier STATIC should be enums,Class <android.accessibilityservice.AccessibilityService$Callbacks> is no enum in (AccessibilityService.java:0),AccessibilityService.java,MEDIUM
581,classes that have modifier STATIC should be enums,Class <android.accessibilityservice.AccessibilityService$GestureResultCallback> is no enum in (AccessibilityService.java:0),AccessibilityService.java,MEDIUM
582,classes that have modifier STATIC should be enums,Class <android.accessibilityservice.AccessibilityService$GestureResultCallbackInfo> is no enum in (AccessibilityService.java:0),AccessibilityService.java,MEDIUM
583,classes that have modifier STATIC should be enums,Class <android.accessibilityservice.AccessibilityService$IAccessibilityServiceClientWrapper> is no enum in (AccessibilityService.java:0),AccessibilityService.java,MEDIUM
584,classes that have modifier STATIC should be enums,Class <android.accessibilityservice.AccessibilityService$MagnificationController$OnMagnificationChangedListener> is no enum in (AccessibilityService.java:0),AccessibilityService.java,MEDIUM
585,classes that have modifier STATIC should be enums,Class <android.accessibilityservice.AccessibilityService$MagnificationController> is no enum in (AccessibilityService.java:0),AccessibilityService.java,MEDIUM
586,classes that have modifier STATIC should be enums,Class <android.accessibilityservice.AccessibilityService$SoftKeyboardController$OnShowModeChangedListener> is no enum in (AccessibilityService.java:0),AccessibilityService.java,MEDIUM
587,classes that have modifier STATIC should be enums,Class <android.accessibilityservice.AccessibilityService$SoftKeyboardController> is no enum in (AccessibilityService.java:0),AccessibilityService.java,MEDIUM
588,classes that have modifier STATIC should be enums,Class <android.accessibilityservice.AccessibilityService$SoftKeyboardShowMode> is no enum in (AccessibilityService.java:0),AccessibilityService.java,MEDIUM
589,classes that have modifier STATIC should be enums,Class <android.accessibilityservice.AccessibilityServiceInfo$CapabilityInfo> is no enum in (AccessibilityServiceInfo.java:0),AccessibilityServiceInfo.java,MEDIUM
590,classes that have modifier STATIC should be enums,Class <android.accessibilityservice.AccessibilityServiceInfo$FeedbackType> is no enum in (AccessibilityServiceInfo.java:0),AccessibilityServiceInfo.java,MEDIUM
591,classes that have modifier STATIC should be enums,Class <android.accessibilityservice.FingerprintGestureController$FingerprintGestureCallback> is no enum in (FingerprintGestureController.java:0),FingerprintGestureController.java,MEDIUM
592,classes that have modifier STATIC should be enums,Class <android.accessibilityservice.GestureDescription$Builder> is no enum in (GestureDescription.java:0),GestureDescription.java,MEDIUM
593,classes that have modifier STATIC should be enums,Class <android.accessibilityservice.GestureDescription$GestureStep> is no enum in (GestureDescription.java:0),GestureDescription.java,MEDIUM
594,classes that have modifier STATIC should be enums,Class <android.accessibilityservice.GestureDescription$MotionEventGenerator> is no enum in (GestureDescription.java:0),GestureDescription.java,MEDIUM
595,classes that have modifier STATIC should be enums,Class <android.accessibilityservice.GestureDescription$StrokeDescription> is no enum in (GestureDescription.java:0),GestureDescription.java,MEDIUM
596,classes that have modifier STATIC should be enums,Class <android.accessibilityservice.GestureDescription$TouchPoint> is no enum in (GestureDescription.java:0),GestureDescription.java,MEDIUM
597,classes that have modifier STATIC should be enums,Class <android.accessibilityservice.IAccessibilityServiceClient$Stub$Proxy> is no enum in (IAccessibilityServiceClient.java:0),IAccessibilityServiceClient.java,MEDIUM
598,classes that have modifier STATIC should be enums,Class <android.accessibilityservice.IAccessibilityServiceClient$Stub> is no enum in (IAccessibilityServiceClient.java:0),IAccessibilityServiceClient.java,MEDIUM
599,classes that have modifier STATIC should be enums,Class <android.accessibilityservice.IAccessibilityServiceConnection$Stub$Proxy> is no enum in (IAccessibilityServiceConnection.java:0),IAccessibilityServiceConnection.java,MEDIUM
600,classes that have modifier STATIC should be enums,Class <android.accessibilityservice.IAccessibilityServiceConnection$Stub> is no enum in (IAccessibilityServiceConnection.java:0),IAccessibilityServiceConnection.java,MEDIUM
601,classes that have modifier STATIC should be enums,Class <android.accounts.AccountManager$AccountVisibility> is no enum in (AccountManager.java:0),AccountManager.java,MEDIUM
602,classes that have modifier STATIC should be enums,Class <android.accounts.AccountManagerInternal$OnAppPermissionChangeListener> is no enum in (AccountManagerInternal.java:0),AccountManagerInternal.java,MEDIUM
603,classes that have modifier STATIC should be enums,Class <android.accounts.ChooseAccountActivity$AccountArrayAdapter> is no enum in (ChooseAccountActivity.java:0),ChooseAccountActivity.java,MEDIUM
604,classes that have modifier STATIC should be enums,Class <android.accounts.ChooseAccountActivity$AccountInfo> is no enum in (ChooseAccountActivity.java:0),ChooseAccountActivity.java,MEDIUM
605,classes that have modifier STATIC should be enums,Class <android.accounts.ChooseAccountActivity$ViewHolder> is no enum in (ChooseAccountActivity.java:0),ChooseAccountActivity.java,MEDIUM
606,classes that have modifier STATIC should be enums,Class <android.accounts.ChooseAccountTypeActivity$AccountArrayAdapter> is no enum in (ChooseAccountTypeActivity.java:0),ChooseAccountTypeActivity.java,MEDIUM
607,classes that have modifier STATIC should be enums,Class <android.accounts.ChooseAccountTypeActivity$AuthInfo> is no enum in (ChooseAccountTypeActivity.java:0),ChooseAccountTypeActivity.java,MEDIUM
608,classes that have modifier STATIC should be enums,Class <android.accounts.ChooseAccountTypeActivity$ViewHolder> is no enum in (ChooseAccountTypeActivity.java:0),ChooseAccountTypeActivity.java,MEDIUM
609,classes that have modifier STATIC should be enums,Class <android.accounts.IAccountAuthenticator$Stub$Proxy> is no enum in (IAccountAuthenticator.java:0),IAccountAuthenticator.java,MEDIUM
610,classes that have modifier STATIC should be enums,Class <android.accounts.IAccountAuthenticator$Stub> is no enum in (IAccountAuthenticator.java:0),IAccountAuthenticator.java,MEDIUM
611,classes that have modifier STATIC should be enums,Class <android.accounts.IAccountAuthenticatorResponse$Stub$Proxy> is no enum in (IAccountAuthenticatorResponse.java:0),IAccountAuthenticatorResponse.java,MEDIUM
612,classes that have modifier STATIC should be enums,Class <android.accounts.IAccountAuthenticatorResponse$Stub> is no enum in (IAccountAuthenticatorResponse.java:0),IAccountAuthenticatorResponse.java,MEDIUM
613,classes that have modifier STATIC should be enums,Class <android.accounts.IAccountManager$Stub$Proxy> is no enum in (IAccountManager.java:0),IAccountManager.java,MEDIUM
614,classes that have modifier STATIC should be enums,Class <android.accounts.IAccountManager$Stub> is no enum in (IAccountManager.java:0),IAccountManager.java,MEDIUM
615,classes that have modifier STATIC should be enums,Class <android.accounts.IAccountManagerResponse$Stub$Proxy> is no enum in (IAccountManagerResponse.java:0),IAccountManagerResponse.java,MEDIUM
616,classes that have modifier STATIC should be enums,Class <android.accounts.IAccountManagerResponse$Stub> is no enum in (IAccountManagerResponse.java:0),IAccountManagerResponse.java,MEDIUM
617,classes that have modifier STATIC should be enums,Class <android.animation.AnimationHandler$AnimationFrameCallback> is no enum in (AnimationHandler.java:0),AnimationHandler.java,MEDIUM
618,classes that have modifier STATIC should be enums,Class <android.animation.AnimationHandler$AnimationFrameCallbackProvider> is no enum in (AnimationHandler.java:0),AnimationHandler.java,MEDIUM
619,classes that have modifier STATIC should be enums,Class <android.animation.Animator$AnimatorConstantState> is no enum in (Animator.java:0),Animator.java,MEDIUM
