id,category,qualifiedName,file_path,startLine,endLine,not_aosp,old_aosp,isIntrusive,intrusiveModify,refactor
11270,Method,android.app.Activity.dumpInner,core/java/android/app/Activity.java,6343,6343,0,-1,1,{'body_modify': '-'},[]
11270,Method,android.app.Activity.dumpInner,core/java/android/app/Activity.java,6373,6373,0,-1,1,{'body_modify': '-'},[]
13615,Method,android.app.ActivityThread.H.handleMessage,core/java/android/app/ActivityThread.java,1683,1683,0,-1,1,{'body_modify': '-'},[]
13615,Method,android.app.ActivityThread.H.handleMessage,core/java/android/app/ActivityThread.java,1694,1694,0,-1,1,{'body_modify': '-'},[]
13615,Method,android.app.ActivityThread.H.handleMessage,core/java/android/app/ActivityThread.java,1829,1829,0,-1,1,{'body_modify': '-'},[]
13631,Method,android.app.ActivityThread.GcIdler.queueIdle,core/java/android/app/ActivityThread.java,1883,1883,0,-1,1,{'body_modify': '-'},[]
14243,Method,android.app.ActivityThread.performDestroyActivity,core/java/android/app/ActivityThread.java,4501,4501,0,-1,1,{'body_modify': '-'},[]
19258,Method,android.app.AppOpsManager.opToDefaultMode,core/java/android/app/AppOpsManager.java,1757,1757,0,-1,1,{'body_modify': '-'},[]
62309,Method,android.database.sqlite.SQLiteConnection.setWalModeFromConfiguration,core/java/android/database/sqlite/SQLiteConnection.java,307,307,0,-1,1,{'body_modify': '-'},[]
65607,Method,android.hardware.Camera.getNumberOfCameras,core/java/android/hardware/Camera.java,312,312,0,-1,1,{'body_modify': '-'},[]
65729,Method,android.hardware.Camera.EventHandler.handleMessage,core/java/android/hardware/Camera.java,1342,1342,0,-1,1,{'body_modify': '-'},[]
65729,Method,android.hardware.Camera.EventHandler.handleMessage,core/java/android/hardware/Camera.java,1345,1345,0,-1,1,{'body_modify': '-'},[]
65729,Method,android.hardware.Camera.EventHandler.handleMessage,core/java/android/hardware/Camera.java,1351,1351,0,-1,1,{'body_modify': '-'},[]
71390,Method,android.hardware.camera2.legacy.SurfaceTextureRenderer.makeCurrent,core/java/android/hardware/camera2/legacy/SurfaceTextureRenderer.java,527,527,0,-1,1,{'body_modify': '-'},[]
106344,Method,android.preference.SeekBarVolumizer.updateSeekBar,core/java/android/preference/SeekBarVolumizer.java,181,181,0,-1,1,{'body_modify': '-'},[]
106344,Method,android.preference.SeekBarVolumizer.updateSeekBar,core/java/android/preference/SeekBarVolumizer.java,185,185,0,-1,1,{'body_modify': '-'},[]
106359,Method,android.preference.SeekBarVolumizer.onProgressChanged,core/java/android/preference/SeekBarVolumizer.java,304,304,0,-1,1,{'body_modify': '-'},[]
106411,Method,android.preference.SeekBarVolumizer.Receiver.updateVolumeSlider,core/java/android/preference/SeekBarVolumizer.java,480,480,0,-1,1,{'body_modify': '-'},[]
119802,Method,android.service.notification.ZenModeConfig.toString,core/java/android/service/notification/ZenModeConfig.java,243,243,0,-1,1,{'body_modify': '-'},[]
145995,Method,android.view.DisplayCutout.pathAndDisplayCutoutFromSpec,core/java/android/view/DisplayCutout.java,427,427,0,-1,1,{'body_modify': '-'},[]
145995,Method,android.view.DisplayCutout.pathAndDisplayCutoutFromSpec,core/java/android/view/DisplayCutout.java,443,443,0,-1,1,{'body_modify': '-'},[]
153724,Method,android.view.SurfaceControl.Builder.setColorLayer,core/java/android/view/SurfaceControl.java,533,533,0,-1,1,{'body_modify': '-'},[]
153724,Method,android.view.SurfaceControl.Builder.setColorLayer,core/java/android/view/SurfaceControl.java,535,535,0,-1,1,{'body_modify': '-'},[]
155519,Method,android.view.textclassifier.TextClassifierImpl.getNative,core/java/android/view/textclassifier/TextClassifierImpl.java,312,312,0,-1,1,{'body_modify': '-'},[]
155519,Method,android.view.textclassifier.TextClassifierImpl.getNative,core/java/android/view/textclassifier/TextClassifierImpl.java,317,317,0,-1,1,{'body_modify': '-'},[]
155698,Method,android.view.textclassifier.TextClassifierImplNative.close,core/java/android/view/textclassifier/TextClassifierImplNative.java,107,107,0,-1,1,{'body_modify': '-'},[]
159591,Method,android.view.View.draw,core/java/android/view/View.java,20343,20343,0,-1,1,{'body_modify': '-'},[]
159591,Method,android.view.View.draw,core/java/android/view/View.java,20356,20356,0,-1,1,{'body_modify': '-'},[]
159591,Method,android.view.View.draw,core/java/android/view/View.java,20369,20369,0,-1,1,{'body_modify': '-'},[]
159591,Method,android.view.View.draw,core/java/android/view/View.java,20381,20381,0,-1,1,{'body_modify': '-'},[]
164065,Method,android.view.ViewRootImpl.setWindowStopped,core/java/android/view/ViewRootImpl.java,1358,1358,0,-1,1,{'body_modify': '-'},[]
164127,Method,android.view.ViewRootImpl.performTraversals,core/java/android/view/ViewRootImpl.java,2109,2109,0,-1,1,{'body_modify': '-'},[]
164127,Method,android.view.ViewRootImpl.performTraversals,core/java/android/view/ViewRootImpl.java,2233,2233,0,-1,1,{'body_modify': '-'},[]
167403,Method,android.view.WindowManagerPolicyControl.disableImmersiveConfirmation,core/java/android/view/WindowManagerPolicyControl.java,168,168,0,-1,0,{},[]
167433,Method,android.view.WindowManagerPolicyControl.dump,core/java/android/view/WindowManagerPolicyControl.java,280,280,0,-1,0,{},[]
167433,Method,android.view.WindowManagerPolicyControl.dump,core/java/android/view/WindowManagerPolicyControl.java,281,281,0,-1,0,{},[]
167433,Method,android.view.WindowManagerPolicyControl.dump,core/java/android/view/WindowManagerPolicyControl.java,282,282,0,-1,0,{},[]
167470,Method,android.view.WindowManagerPolicyControl.Filter.dump,core/java/android/view/WindowManagerPolicyControl.java,374,374,0,-1,0,{},[]
167470,Method,android.view.WindowManagerPolicyControl.Filter.dump,core/java/android/view/WindowManagerPolicyControl.java,375,375,0,-1,0,{},[]
171905,Method,android.widget.AbsSeekBar.trackTouchEvent,core/java/android/widget/AbsSeekBar.java,869,870,0,-1,1,{'body_modify': '-'},[]
173716,Method,android.widget.AnalogClock.onTimeChanged,core/java/android/widget/AnalogClock.java,241,241,0,-1,1,{'body_modify': '-'},[]
176116,Method,android.widget.DateTimeView.setTime,core/java/android/widget/DateTimeView.java,132,132,0,-1,1,"{'body_modify': '-', 'param_modify': 'time-timeMillis'}",[]
176124,Method,android.widget.DateTimeView.update,core/java/android/widget/DateTimeView.java,174,174,0,-1,1,{'body_modify': '-'},[]
176124,Method,android.widget.DateTimeView.update,core/java/android/widget/DateTimeView.java,175,175,0,-1,1,{'body_modify': '-'},[]
176124,Method,android.widget.DateTimeView.update,core/java/android/widget/DateTimeView.java,176,176,0,-1,1,{'body_modify': '-'},[]
176124,Method,android.widget.DateTimeView.update,core/java/android/widget/DateTimeView.java,177,177,0,-1,1,{'body_modify': '-'},[]
176124,Method,android.widget.DateTimeView.update,core/java/android/widget/DateTimeView.java,178,178,0,-1,1,{'body_modify': '-'},[]
176124,Method,android.widget.DateTimeView.update,core/java/android/widget/DateTimeView.java,179,179,0,-1,1,{'body_modify': '-'},[]
176139,Method,android.widget.DateTimeView.updateRelativeTime,core/java/android/widget/DateTimeView.java,265,265,0,-1,1,{'body_modify': '-'},[]
176149,Method,android.widget.DateTimeView.computeNextMidnight,core/java/android/widget/DateTimeView.java,306,306,0,-1,1,"{'modifier_modify': '-', 'body_modify': '-', 'param_add': 'timeZone-time zoneId'}",[]
176162,Method,android.widget.DateTimeView.onInitializeAccessibilityNodeInfoInternal,core/java/android/widget/DateTimeView.java,374,374,0,-1,1,{'body_modify': '-'},[]
198704,Method,com.android.internal.app.IntentForwarderActivity.onCreate,core/java/com/android/internal/app/IntentForwarderActivity.java,104,105,0,-1,1,{'body_modify': '-'},[]
198704,Method,com.android.internal.app.IntentForwarderActivity.onCreate,core/java/com/android/internal/app/IntentForwarderActivity.java,124,124,0,-1,1,{'body_modify': '-'},[]
198704,Method,com.android.internal.app.IntentForwarderActivity.onCreate,core/java/com/android/internal/app/IntentForwarderActivity.java,125,125,0,-1,1,{'body_modify': '-'},[]
199400,Method,com.android.internal.app.PlatLogoActivity.onCreate.Anonymous_Class.onTouch,core/java/com/android/internal/app/PlatLogoActivity.java,241,241,0,-1,1,{'body_modify': '-'},[]
202691,Method,com.android.internal.colorextraction.ColorExtractor.ColorExtractor,core/java/com/android/internal/colorextraction/ColorExtractor.java,80,80,0,-1,1,"{'body_modify': '-', 'param_add': 'context extractionType-context extractionType immediately'}",[]
211681,Method,com.android.internal.os.PowerProfile.readPowerValuesFromXml,core/java/com/android/internal/os/PowerProfile.java,249,249,0,-1,1,{'body_modify': '-'},[]
222577,Method,com.android.internal.view.RotationPolicy.isCurrentRotationAllowed,core/java/com/android/internal/view/RotationPolicy.java,175,176,0,-1,1,"{'rename': '-', 'body_modify': '-'}","[{'type': 'Rename Method', 'source_name': 'com.android.internal.view.RotationPolicy.areAllRotationsAllowed', 'source_param': 'context'}]"
227345,Method,com.android.internal.widget.LockPatternUtils.stringToPattern,core/java/com/android/internal/widget/LockPatternUtils.java,1073,1073,0,-1,1,"{'body_modify': '-', 'param_add': 'string-string gridSize'}",[]
227352,Method,com.android.internal.widget.LockPatternUtils.patternToString,core/java/com/android/internal/widget/LockPatternUtils.java,1089,1089,0,-1,1,"{'modifier_modify': '-', 'body_modify': '-', 'param_add': 'pattern-pattern userId'}",[]
227352,Method,com.android.internal.widget.LockPatternUtils.patternToString,core/java/com/android/internal/widget/LockPatternUtils.java,1089,1089,0,-1,1,"{'modifier_modify': '-', 'body_modify': '-', 'param_add': 'pattern-pattern userId'}",[]
228035,Method,com.android.internal.widget.LockPatternView.onRestoreInstanceState,core/java/com/android/internal/widget/LockPatternView.java,1354,1354,0,-1,1,{'body_modify': '-'},[]
228035,Method,com.android.internal.widget.LockPatternView.onRestoreInstanceState,core/java/com/android/internal/widget/LockPatternView.java,1356,1356,0,-1,1,{'body_modify': '-'},[]
228035,Method,com.android.internal.widget.LockPatternView.onRestoreInstanceState,core/java/com/android/internal/widget/LockPatternView.java,1360,1360,0,-1,1,{'body_modify': '-'},[]
228035,Method,com.android.internal.widget.LockPatternView.onRestoreInstanceState,core/java/com/android/internal/widget/LockPatternView.java,1361,1361,0,-1,1,{'body_modify': '-'},[]
228033,Method,com.android.internal.widget.LockPatternView.onSaveInstanceState,core/java/com/android/internal/widget/LockPatternView.java,1342,1342,0,-1,1,{'body_modify': '-'},[]
245111,Method,android.database.sqlite.SQLiteCompatibilityWalFlagsTest.testParseConfig,core/tests/coretests/src/android/database/sqlite/SQLiteCompatibilityWalFlagsTest.java,65,65,0,-1,1,{'body_modify': '-'},[]
245111,Method,android.database.sqlite.SQLiteCompatibilityWalFlagsTest.testParseConfig,core/tests/coretests/src/android/database/sqlite/SQLiteCompatibilityWalFlagsTest.java,72,72,0,-1,1,{'body_modify': '-'},[]
245111,Method,android.database.sqlite.SQLiteCompatibilityWalFlagsTest.testParseConfig,core/tests/coretests/src/android/database/sqlite/SQLiteCompatibilityWalFlagsTest.java,79,79,0,-1,1,{'body_modify': '-'},[]
245111,Method,android.database.sqlite.SQLiteCompatibilityWalFlagsTest.testParseConfig,core/tests/coretests/src/android/database/sqlite/SQLiteCompatibilityWalFlagsTest.java,82,82,0,-1,1,{'body_modify': '-'},[]
440088,Method,android.security.keystore.AttestationUtils.prepareAttestationArguments,keystore/java/android/security/keystore/AttestationUtils.java,120,120,0,-1,1,{'body_modify': '-'},[]
472029,Method,android.mtp.MtpStorageManager.MtpObjectObserver.onEvent,media/java/android/mtp/MtpStorageManager.java,94,94,0,-1,1,{'body_modify': '-'},[]
483779,Method,com.android.mediaframeworktest.stress.Camera2RecordingTest.startRecording,media/tests/MediaFrameworkTest/src/com/android/mediaframeworktest/stress/Camera2RecordingTest.java,889,890,0,-1,1,{'body_modify': '-'},[]
485797,Method,android.mtp.MtpStorageManagerTest.createNewFile,media/tests/MtpTests/src/android/mtp/MtpStorageManagerTest.java,98,98,0,-1,1,{'body_modify': '-'},[]
485916,Method,android.mtp.MtpStorageManagerTest.testObjectAdded,media/tests/MtpTests/src/android/mtp/MtpStorageManagerTest.java,510,510,0,-1,1,{'body_modify': '-'},[]
485916,Method,android.mtp.MtpStorageManagerTest.testObjectAdded,media/tests/MtpTests/src/android/mtp/MtpStorageManagerTest.java,516,516,0,-1,1,{'body_modify': '-'},[]
485932,Method,android.mtp.MtpStorageManagerTest.testSendObjectSuccess,media/tests/MtpTests/src/android/mtp/MtpStorageManagerTest.java,610,610,0,-1,1,{'body_modify': '-'},[]
485928,Method,android.mtp.MtpStorageManagerTest.testObjectMoved,media/tests/MtpTests/src/android/mtp/MtpStorageManagerTest.java,579,579,0,-1,1,{'body_modify': '-'},[]
485943,Method,android.mtp.MtpStorageManagerTest.testSendObjectSuccessDelayed,media/tests/MtpTests/src/android/mtp/MtpStorageManagerTest.java,659,659,0,-1,1,{'body_modify': '-'},[]
485937,Method,android.mtp.MtpStorageManagerTest.testSendObjectSuccessDir,media/tests/MtpTests/src/android/mtp/MtpStorageManagerTest.java,640,640,0,-1,1,{'body_modify': '-'},[]
485948,Method,android.mtp.MtpStorageManagerTest.testSendObjectSuccessDirDelayed,media/tests/MtpTests/src/android/mtp/MtpStorageManagerTest.java,687,687,0,-1,1,{'body_modify': '-'},[]
485963,Method,android.mtp.MtpStorageManagerTest.testSendObjectFailedDeleted,media/tests/MtpTests/src/android/mtp/MtpStorageManagerTest.java,740,740,0,-1,1,{'body_modify': '-'},[]
485968,Method,android.mtp.MtpStorageManagerTest.testSendObjectFailedAdded,media/tests/MtpTests/src/android/mtp/MtpStorageManagerTest.java,765,765,0,-1,1,{'body_modify': '-'},[]
485968,Method,android.mtp.MtpStorageManagerTest.testSendObjectFailedAdded,media/tests/MtpTests/src/android/mtp/MtpStorageManagerTest.java,774,774,0,-1,1,{'body_modify': '-'},[]
485968,Method,android.mtp.MtpStorageManagerTest.testSendObjectFailedAdded,media/tests/MtpTests/src/android/mtp/MtpStorageManagerTest.java,777,777,0,-1,1,{'body_modify': '-'},[]
485979,Method,android.mtp.MtpStorageManagerTest.testRemoveObjectDir,media/tests/MtpTests/src/android/mtp/MtpStorageManagerTest.java,822,822,0,-1,1,{'body_modify': '-'},[]
485979,Method,android.mtp.MtpStorageManagerTest.testRemoveObjectDir,media/tests/MtpTests/src/android/mtp/MtpStorageManagerTest.java,828,828,0,-1,1,{'body_modify': '-'},[]
485985,Method,android.mtp.MtpStorageManagerTest.testRemoveObjectSuccessAdded,media/tests/MtpTests/src/android/mtp/MtpStorageManagerTest.java,869,869,0,-1,1,{'body_modify': '-'},[]
485985,Method,android.mtp.MtpStorageManagerTest.testRemoveObjectSuccessAdded,media/tests/MtpTests/src/android/mtp/MtpStorageManagerTest.java,876,876,0,-1,1,{'body_modify': '-'},[]
485998,Method,android.mtp.MtpStorageManagerTest.testCopyObjectSuccess,media/tests/MtpTests/src/android/mtp/MtpStorageManagerTest.java,937,937,0,-1,1,{'body_modify': '-'},[]
485998,Method,android.mtp.MtpStorageManagerTest.testCopyObjectSuccess,media/tests/MtpTests/src/android/mtp/MtpStorageManagerTest.java,948,948,0,-1,1,{'body_modify': '-'},[]
486005,Method,android.mtp.MtpStorageManagerTest.testCopyObjectSuccessRecursive,media/tests/MtpTests/src/android/mtp/MtpStorageManagerTest.java,962,962,0,-1,1,{'body_modify': '-'},[]
486005,Method,android.mtp.MtpStorageManagerTest.testCopyObjectSuccessRecursive,media/tests/MtpTests/src/android/mtp/MtpStorageManagerTest.java,963,963,0,-1,1,{'body_modify': '-'},[]
486005,Method,android.mtp.MtpStorageManagerTest.testCopyObjectSuccessRecursive,media/tests/MtpTests/src/android/mtp/MtpStorageManagerTest.java,964,964,0,-1,1,{'body_modify': '-'},[]
486005,Method,android.mtp.MtpStorageManagerTest.testCopyObjectSuccessRecursive,media/tests/MtpTests/src/android/mtp/MtpStorageManagerTest.java,978,978,0,-1,1,{'body_modify': '-'},[]
486005,Method,android.mtp.MtpStorageManagerTest.testCopyObjectSuccessRecursive,media/tests/MtpTests/src/android/mtp/MtpStorageManagerTest.java,979,979,0,-1,1,{'body_modify': '-'},[]
486005,Method,android.mtp.MtpStorageManagerTest.testCopyObjectSuccessRecursive,media/tests/MtpTests/src/android/mtp/MtpStorageManagerTest.java,980,980,0,-1,1,{'body_modify': '-'},[]
486005,Method,android.mtp.MtpStorageManagerTest.testCopyObjectSuccessRecursive,media/tests/MtpTests/src/android/mtp/MtpStorageManagerTest.java,989,989,0,-1,1,{'body_modify': '-'},[]
486005,Method,android.mtp.MtpStorageManagerTest.testCopyObjectSuccessRecursive,media/tests/MtpTests/src/android/mtp/MtpStorageManagerTest.java,994,994,0,-1,1,{'body_modify': '-'},[]
486005,Method,android.mtp.MtpStorageManagerTest.testCopyObjectSuccessRecursive,media/tests/MtpTests/src/android/mtp/MtpStorageManagerTest.java,995,995,0,-1,1,{'body_modify': '-'},[]
486019,Method,android.mtp.MtpStorageManagerTest.testCopyObjectFailed,media/tests/MtpTests/src/android/mtp/MtpStorageManagerTest.java,1009,1009,0,-1,1,{'body_modify': '-'},[]
486026,Method,android.mtp.MtpStorageManagerTest.testCopyObjectFailedAdded,media/tests/MtpTests/src/android/mtp/MtpStorageManagerTest.java,1032,1032,0,-1,1,{'body_modify': '-'},[]
486026,Method,android.mtp.MtpStorageManagerTest.testCopyObjectFailedAdded,media/tests/MtpTests/src/android/mtp/MtpStorageManagerTest.java,1052,1052,0,-1,1,{'body_modify': '-'},[]
486034,Method,android.mtp.MtpStorageManagerTest.testCopyObjectFailedDeleted,media/tests/MtpTests/src/android/mtp/MtpStorageManagerTest.java,1062,1062,0,-1,1,{'body_modify': '-'},[]
486034,Method,android.mtp.MtpStorageManagerTest.testCopyObjectFailedDeleted,media/tests/MtpTests/src/android/mtp/MtpStorageManagerTest.java,1073,1073,0,-1,1,{'body_modify': '-'},[]
486041,Method,android.mtp.MtpStorageManagerTest.testRenameObjectSuccess,media/tests/MtpTests/src/android/mtp/MtpStorageManagerTest.java,1085,1085,0,-1,1,{'body_modify': '-'},[]
486053,Method,android.mtp.MtpStorageManagerTest.testRenameObjectDelayed,media/tests/MtpTests/src/android/mtp/MtpStorageManagerTest.java,1165,1165,0,-1,1,{'body_modify': '-'},[]
486049,Method,android.mtp.MtpStorageManagerTest.testRenameObjectDirVisitedSuccess,media/tests/MtpTests/src/android/mtp/MtpStorageManagerTest.java,1155,1155,0,-1,1,{'body_modify': '-'},[]
486061,Method,android.mtp.MtpStorageManagerTest.testRenameObjectFailed,media/tests/MtpTests/src/android/mtp/MtpStorageManagerTest.java,1216,1216,0,-1,1,{'body_modify': '-'},[]
486057,Method,android.mtp.MtpStorageManagerTest.testRenameObjectDirVisitedDelayed,media/tests/MtpTests/src/android/mtp/MtpStorageManagerTest.java,1206,1206,0,-1,1,{'body_modify': '-'},[]
486070,Method,android.mtp.MtpStorageManagerTest.testMoveObjectSuccess,media/tests/MtpTests/src/android/mtp/MtpStorageManagerTest.java,1276,1276,0,-1,1,{'body_modify': '-'},[]
486067,Method,android.mtp.MtpStorageManagerTest.testRenameObjectFailedNewAdded,media/tests/MtpTests/src/android/mtp/MtpStorageManagerTest.java,1254,1254,0,-1,1,{'body_modify': '-'},[]
486067,Method,android.mtp.MtpStorageManagerTest.testRenameObjectFailedNewAdded,media/tests/MtpTests/src/android/mtp/MtpStorageManagerTest.java,1259,1259,0,-1,1,{'body_modify': '-'},[]
486067,Method,android.mtp.MtpStorageManagerTest.testRenameObjectFailedNewAdded,media/tests/MtpTests/src/android/mtp/MtpStorageManagerTest.java,1264,1264,0,-1,1,{'body_modify': '-'},[]
486064,Method,android.mtp.MtpStorageManagerTest.testRenameObjectFailedOldRemoved,media/tests/MtpTests/src/android/mtp/MtpStorageManagerTest.java,1234,1234,0,-1,1,{'body_modify': '-'},[]
486082,Method,android.mtp.MtpStorageManagerTest.testMoveObjectDirVisitedSuccess,media/tests/MtpTests/src/android/mtp/MtpStorageManagerTest.java,1367,1367,0,-1,1,{'body_modify': '-'},[]
486094,Method,android.mtp.MtpStorageManagerTest.testMoveObjectDirVisitedDelayed,media/tests/MtpTests/src/android/mtp/MtpStorageManagerTest.java,1433,1433,0,-1,1,{'body_modify': '-'},[]
486088,Method,android.mtp.MtpStorageManagerTest.testMoveObjectDelayed,media/tests/MtpTests/src/android/mtp/MtpStorageManagerTest.java,1377,1377,0,-1,1,{'body_modify': '-'},[]
486100,Method,android.mtp.MtpStorageManagerTest.testMoveObjectFailed,media/tests/MtpTests/src/android/mtp/MtpStorageManagerTest.java,1443,1443,0,-1,1,{'body_modify': '-'},[]
486110,Method,android.mtp.MtpStorageManagerTest.testMoveObjectFailedNewAdded,media/tests/MtpTests/src/android/mtp/MtpStorageManagerTest.java,1495,1495,0,-1,1,{'body_modify': '-'},[]
486110,Method,android.mtp.MtpStorageManagerTest.testMoveObjectFailedNewAdded,media/tests/MtpTests/src/android/mtp/MtpStorageManagerTest.java,1505,1505,0,-1,1,{'body_modify': '-'},[]
486105,Method,android.mtp.MtpStorageManagerTest.testMoveObjectFailedOldRemoved,media/tests/MtpTests/src/android/mtp/MtpStorageManagerTest.java,1468,1468,0,-1,1,{'body_modify': '-'},[]
486115,Method,android.mtp.MtpStorageManagerTest.testMoveObjectXStorageSuccess,media/tests/MtpTests/src/android/mtp/MtpStorageManagerTest.java,1521,1521,0,-1,1,{'body_modify': '-'},[]
486115,Method,android.mtp.MtpStorageManagerTest.testMoveObjectXStorageSuccess,media/tests/MtpTests/src/android/mtp/MtpStorageManagerTest.java,1528,1528,0,-1,1,{'body_modify': '-'},[]
486127,Method,android.mtp.MtpStorageManagerTest.testMoveObjectXStorageDelayed,media/tests/MtpTests/src/android/mtp/MtpStorageManagerTest.java,1615,1615,0,-1,1,{'body_modify': '-'},[]
486127,Method,android.mtp.MtpStorageManagerTest.testMoveObjectXStorageDelayed,media/tests/MtpTests/src/android/mtp/MtpStorageManagerTest.java,1627,1627,0,-1,1,{'body_modify': '-'},[]
486123,Method,android.mtp.MtpStorageManagerTest.testMoveObjectXStorageDirVisitedSuccess,media/tests/MtpTests/src/android/mtp/MtpStorageManagerTest.java,1605,1605,0,-1,1,{'body_modify': '-'},[]
486135,Method,android.mtp.MtpStorageManagerTest.testMoveObjectXStorageFailed,media/tests/MtpTests/src/android/mtp/MtpStorageManagerTest.java,1677,1677,0,-1,1,{'body_modify': '-'},[]
486131,Method,android.mtp.MtpStorageManagerTest.testMoveObjectXStorageDirVisitedDelayed,media/tests/MtpTests/src/android/mtp/MtpStorageManagerTest.java,1667,1667,0,-1,1,{'body_modify': '-'},[]
486141,Method,android.mtp.MtpStorageManagerTest.testMoveObjectXStorageFailedNewAdded,media/tests/MtpTests/src/android/mtp/MtpStorageManagerTest.java,1723,1723,0,-1,1,{'body_modify': '-'},[]
486141,Method,android.mtp.MtpStorageManagerTest.testMoveObjectXStorageFailedNewAdded,media/tests/MtpTests/src/android/mtp/MtpStorageManagerTest.java,1729,1729,0,-1,1,{'body_modify': '-'},[]
486138,Method,android.mtp.MtpStorageManagerTest.testMoveObjectXStorageFailedOldRemoved,media/tests/MtpTests/src/android/mtp/MtpStorageManagerTest.java,1699,1699,0,-1,1,{'body_modify': '-'},[]
500064,Method,com.android.carrierdefaultapp.CarrierActionUtils.applyCarrierAction,packages/CarrierDefaultApp/src/com/android/carrierdefaultapp/CarrierActionUtils.java,97,97,0,-1,1,{'body_modify': '-'},[]
512532,Method,com.android.settingslib.graph.BatteryMeterDrawableBase.draw,packages/SettingsLib/src/com/android/settingslib/graph/BatteryMeterDrawableBase.java,323,323,0,-1,1,{'body_modify': '-'},[]
512532,Method,com.android.settingslib.graph.BatteryMeterDrawableBase.draw,packages/SettingsLib/src/com/android/settingslib/graph/BatteryMeterDrawableBase.java,325,325,0,-1,1,{'body_modify': '-'},[]
518757,Method,com.android.providers.settings.DatabaseHelper.upgradeLockPatternLocation,packages/SettingsProvider/src/com/android/providers/settings/DatabaseHelper.java,1999,1999,0,-1,1,{'body_modify': '-'},[]
519141,Method,com.android.providers.settings.SettingsBackupAgent.restoreSoftApConfiguration,packages/SettingsProvider/src/com/android/providers/settings/SettingsBackupAgent.java,854,854,0,-1,1,{'body_modify': '-'},[]
525414,Method,com.android.keyguard.KeyguardAbsKeyInputView.onPasswordChecked,packages/SystemUI/src/com/android/keyguard/KeyguardAbsKeyInputView.java,190,190,0,-1,1,{'body_modify': '-'},[]
525851,Method,com.android.keyguard.KeyguardPatternView.onFinishInflate,packages/SystemUI/src/com/android/keyguard/KeyguardPatternView.java,151,151,0,-1,1,{'body_modify': '-'},[]
525851,Method,com.android.keyguard.KeyguardPatternView.onFinishInflate,packages/SystemUI/src/com/android/keyguard/KeyguardPatternView.java,152,152,0,-1,1,{'body_modify': '-'},[]
525851,Method,com.android.keyguard.KeyguardPatternView.onFinishInflate,packages/SystemUI/src/com/android/keyguard/KeyguardPatternView.java,152,152,0,-1,1,{'body_modify': '-'},[]
525851,Method,com.android.keyguard.KeyguardPatternView.onFinishInflate,packages/SystemUI/src/com/android/keyguard/KeyguardPatternView.java,154,154,0,-1,1,{'body_modify': '-'},[]
525851,Method,com.android.keyguard.KeyguardPatternView.onFinishInflate,packages/SystemUI/src/com/android/keyguard/KeyguardPatternView.java,154,154,0,-1,1,{'body_modify': '-'},[]
525851,Method,com.android.keyguard.KeyguardPatternView.onFinishInflate,packages/SystemUI/src/com/android/keyguard/KeyguardPatternView.java,155,155,0,-1,1,{'body_modify': '-'},[]
525851,Method,com.android.keyguard.KeyguardPatternView.onFinishInflate,packages/SystemUI/src/com/android/keyguard/KeyguardPatternView.java,155,155,0,-1,1,{'body_modify': '-'},[]
525879,Method,com.android.keyguard.KeyguardPatternView.UnlockPatternListener.onPatternChecked,packages/SystemUI/src/com/android/keyguard/KeyguardPatternView.java,320,320,0,-1,1,{'body_modify': '-'},[]
526011,Method,com.android.keyguard.KeyguardPINView.onFinishInflate,packages/SystemUI/src/com/android/keyguard/KeyguardPINView.java,149,149,0,-1,1,{'body_modify': '-'},[]
526956,Method,com.android.keyguard.KeyguardUpdateMonitor.Anonymous_Class.handleMessage,packages/SystemUI/src/com/android/keyguard/KeyguardUpdateMonitor.java,351,351,0,-1,1,{'body_modify': '-'},[]
527219,Method,com.android.keyguard.KeyguardUpdateMonitor.KeyguardUpdateMonitor,packages/SystemUI/src/com/android/keyguard/KeyguardUpdateMonitor.java,1271,1271,0,-1,1,{'body_modify': '-'},[]
527293,Method,com.android.keyguard.KeyguardUpdateMonitor.handleSimStateChange,packages/SystemUI/src/com/android/keyguard/KeyguardUpdateMonitor.java,1604,1604,0,-1,1,{'body_modify': '-'},[]
527303,Method,com.android.keyguard.KeyguardUpdateMonitor.handleServiceStateChange,packages/SystemUI/src/com/android/keyguard/KeyguardUpdateMonitor.java,1656,1656,0,-1,1,"{'method_access_modify': 'private-null', 'method_annotation_add': 'VisibleForTesting-added', 'body_modify': '-'}",[]
527340,Method,com.android.keyguard.KeyguardUpdateMonitor.sendUpdates,packages/SystemUI/src/com/android/keyguard/KeyguardUpdateMonitor.java,1820,1820,0,-1,1,{'body_modify': '-'},[]
527538,Method,com.android.keyguard.NumPadKey.NumPadKey,packages/SystemUI/src/com/android/keyguard/NumPadKey.java,106,106,0,-1,1,{'body_modify': '-'},[]
528352,Method,com.android.systemui.BatteryMeterView.onTuningChanged,packages/SystemUI/src/com/android/systemui/BatteryMeterView.java,220,220,0,-1,1,{'body_modify': '-'},[]
529261,Method,com.android.systemui.Dependency.start,packages/SystemUI/src/com/android/systemui/Dependency.java,333,333,0,-1,1,{'body_modify': '-'},[]
531707,Method,com.android.systemui.globalactions.GlobalActionsDialog.GlobalActionsDialog,packages/SystemUI/src/com/android/systemui/globalactions/GlobalActionsDialog.java,208,208,0,-1,1,{'body_modify': '-'},[]
531707,Method,com.android.systemui.globalactions.GlobalActionsDialog.GlobalActionsDialog,packages/SystemUI/src/com/android/systemui/globalactions/GlobalActionsDialog.java,226,226,0,-1,1,{'body_modify': '-'},[]
531740,Method,com.android.systemui.globalactions.GlobalActionsDialog.createDialog,packages/SystemUI/src/com/android/systemui/globalactions/GlobalActionsDialog.java,482,482,0,-1,1,{'body_modify': '-'},[]
531740,Method,com.android.systemui.globalactions.GlobalActionsDialog.createDialog,packages/SystemUI/src/com/android/systemui/globalactions/GlobalActionsDialog.java,485,485,0,-1,1,{'body_modify': '-'},[]
531740,Method,com.android.systemui.globalactions.GlobalActionsDialog.createDialog,packages/SystemUI/src/com/android/systemui/globalactions/GlobalActionsDialog.java,488,488,0,-1,1,{'body_modify': '-'},[]
531740,Method,com.android.systemui.globalactions.GlobalActionsDialog.createDialog,packages/SystemUI/src/com/android/systemui/globalactions/GlobalActionsDialog.java,500,500,0,-1,1,{'body_modify': '-'},[]
531773,Method,com.android.systemui.globalactions.GlobalActionsDialog.RestartAction.RestartAction,packages/SystemUI/src/com/android/systemui/globalactions/GlobalActionsDialog.java,614,614,0,-1,1,{'body_modify': '-'},[]
531778,Method,com.android.systemui.globalactions.GlobalActionsDialog.RestartAction.onPress,packages/SystemUI/src/com/android/systemui/globalactions/GlobalActionsDialog.java,641,641,0,-1,1,{'body_modify': '-'},[]
531860,Method,com.android.systemui.globalactions.GlobalActionsDialog.addUsersToMenu,packages/SystemUI/src/com/android/systemui/globalactions/GlobalActionsDialog.java,1026,1026,0,-1,1,{'body_modify': '-'},[]
531860,Method,com.android.systemui.globalactions.GlobalActionsDialog.addUsersToMenu,packages/SystemUI/src/com/android/systemui/globalactions/GlobalActionsDialog.java,1048,1049,0,-1,1,{'body_modify': '-'},[]
532039,Method,com.android.systemui.globalactions.GlobalActionsDialog.Anonymous_Class.onReceive,packages/SystemUI/src/com/android/systemui/globalactions/GlobalActionsDialog.java,1543,1543,0,-1,1,{'body_modify': '-'},[]
532066,Method,com.android.systemui.globalactions.GlobalActionsDialog.onAirplaneModeChanged,packages/SystemUI/src/com/android/systemui/globalactions/GlobalActionsDialog.java,1617,1617,0,-1,1,{'body_modify': '-'},[]
532094,Method,com.android.systemui.globalactions.GlobalActionsDialog.ActionsDialog.ActionsDialog,packages/SystemUI/src/com/android/systemui/globalactions/GlobalActionsDialog.java,1719,1719,0,-1,1,"{'body_modify': '-', 'param_add': 'context clickListener adapter longClickListener-context clickListener adapter longClickListener shouldDisplaySeparatedButton'}",[]
532113,Method,com.android.systemui.globalactions.GlobalActionsDialog.ActionsDialog.updateColors,packages/SystemUI/src/com/android/systemui/globalactions/GlobalActionsDialog.java,1768,1768,0,-1,1,{'body_modify': '-'},[]
532271,Method,com.android.systemui.HardwareUiLayout.onMeasure,packages/SystemUI/src/com/android/systemui/HardwareUiLayout.java,157,157,0,-1,1,{'body_modify': '-'},[]
532281,Method,com.android.systemui.HardwareUiLayout.rotate,packages/SystemUI/src/com/android/systemui/HardwareUiLayout.java,195,195,0,-1,1,{'body_modify': '-'},[]
533043,Method,com.android.systemui.keyguard.KeyguardViewMediator.maybeSendUserPresentBroadcast,packages/SystemUI/src/com/android/systemui/keyguard/KeyguardViewMediator.java,1056,1057,0,-1,1,{'body_modify': '-'},[]
533080,Method,com.android.systemui.keyguard.KeyguardViewMediator.doKeyguardLocked,packages/SystemUI/src/com/android/systemui/keyguard/KeyguardViewMediator.java,1384,1384,0,-1,1,{'body_modify': '-'},[]
535747,Method,com.android.systemui.power.PowerNotificationWarnings.Receiver.onReceive,packages/SystemUI/src/com/android/systemui/power/PowerNotificationWarnings.java,782,782,0,-1,1,{'body_modify': '-'},[]
535794,Method,com.android.systemui.power.PowerUI.start,packages/SystemUI/src/com/android/systemui/power/PowerUI.java,139,139,0,-1,1,{'body_modify': '-'},[]
535813,Method,com.android.systemui.power.PowerUI.Receiver.onReceive,packages/SystemUI/src/com/android/systemui/power/PowerUI.java,273,273,0,-1,1,{'body_modify': '-'},[]
535933,Method,com.android.systemui.power.PowerUI.ThermalEventListener.notifyThrottling,packages/SystemUI/src/com/android/systemui/power/PowerUI.java,716,716,0,-1,1,{'body_modify': '-'},[]
537453,Method,com.android.systemui.qs.QSAnimator.onTuningChanged,packages/SystemUI/src/com/android/systemui/qs/QSAnimator.java,130,130,0,-1,1,{'body_modify': '-'},[]
537453,Method,com.android.systemui.qs.QSAnimator.onTuningChanged,packages/SystemUI/src/com/android/systemui/qs/QSAnimator.java,135,135,0,-1,1,{'body_modify': '-'},[]
538210,Method,com.android.systemui.qs.QSPanel.updateViewVisibilityForTuningValue,packages/SystemUI/src/com/android/systemui/qs/QSPanel.java,210,210,0,-1,1,{'body_modify': '-'},[]
538843,Method,com.android.systemui.qs.QuickStatusBarHeader.updateResources,packages/SystemUI/src/com/android/systemui/qs/QuickStatusBarHeader.java,292,292,0,-1,1,{'body_modify': '-'},[]
539085,Method,com.android.systemui.qs.tileimpl.QSFactoryImpl.createTileInternal,packages/SystemUI/src/com/android/systemui/qs/tileimpl/QSFactoryImpl.java,114,114,0,-1,1,{'body_modify': '-'},[]
539085,Method,com.android.systemui.qs.tileimpl.QSFactoryImpl.createTileInternal,packages/SystemUI/src/com/android/systemui/qs/tileimpl/QSFactoryImpl.java,116,116,0,-1,1,{'body_modify': '-'},[]
539085,Method,com.android.systemui.qs.tileimpl.QSFactoryImpl.createTileInternal,packages/SystemUI/src/com/android/systemui/qs/tileimpl/QSFactoryImpl.java,118,118,0,-1,1,{'body_modify': '-'},[]
539085,Method,com.android.systemui.qs.tileimpl.QSFactoryImpl.createTileInternal,packages/SystemUI/src/com/android/systemui/qs/tileimpl/QSFactoryImpl.java,120,120,0,-1,1,{'body_modify': '-'},[]
539085,Method,com.android.systemui.qs.tileimpl.QSFactoryImpl.createTileInternal,packages/SystemUI/src/com/android/systemui/qs/tileimpl/QSFactoryImpl.java,122,122,0,-1,1,{'body_modify': '-'},[]
539085,Method,com.android.systemui.qs.tileimpl.QSFactoryImpl.createTileInternal,packages/SystemUI/src/com/android/systemui/qs/tileimpl/QSFactoryImpl.java,124,124,0,-1,1,{'body_modify': '-'},[]
539085,Method,com.android.systemui.qs.tileimpl.QSFactoryImpl.createTileInternal,packages/SystemUI/src/com/android/systemui/qs/tileimpl/QSFactoryImpl.java,126,126,0,-1,1,{'body_modify': '-'},[]
539085,Method,com.android.systemui.qs.tileimpl.QSFactoryImpl.createTileInternal,packages/SystemUI/src/com/android/systemui/qs/tileimpl/QSFactoryImpl.java,128,128,0,-1,1,{'body_modify': '-'},[]
539085,Method,com.android.systemui.qs.tileimpl.QSFactoryImpl.createTileInternal,packages/SystemUI/src/com/android/systemui/qs/tileimpl/QSFactoryImpl.java,130,130,0,-1,1,{'body_modify': '-'},[]
539085,Method,com.android.systemui.qs.tileimpl.QSFactoryImpl.createTileInternal,packages/SystemUI/src/com/android/systemui/qs/tileimpl/QSFactoryImpl.java,132,132,0,-1,1,{'body_modify': '-'},[]
540394,Method,com.android.systemui.qs.tiles.LocationTile.LocationTile,packages/SystemUI/src/com/android/systemui/qs/tiles/LocationTile.java,68,68,0,-1,1,{'body_modify': '-'},[]
540408,Method,com.android.systemui.qs.tiles.LocationTile.handleUpdateState,packages/SystemUI/src/com/android/systemui/qs/tiles/LocationTile.java,138,138,0,-1,1,{'body_modify': '-'},[]
540408,Method,com.android.systemui.qs.tiles.LocationTile.handleUpdateState,packages/SystemUI/src/com/android/systemui/qs/tiles/LocationTile.java,151,151,0,-1,1,{'body_modify': '-'},[]
542867,Method,com.android.systemui.recents.ScreenPinningRequest.RequestWindowView.inflateView,packages/SystemUI/src/com/android/systemui/recents/ScreenPinningRequest.java,255,255,0,-1,1,{'body_modify': '-'},[]
542867,Method,com.android.systemui.recents.ScreenPinningRequest.RequestWindowView.inflateView,packages/SystemUI/src/com/android/systemui/recents/ScreenPinningRequest.java,264,264,0,-1,1,{'body_modify': '-'},[]
545836,Method,com.android.systemui.ScreenDecorations.start,packages/SystemUI/src/com/android/systemui/ScreenDecorations.java,107,107,0,-1,1,{'body_modify': '-'},[]
545836,Method,com.android.systemui.ScreenDecorations.start,packages/SystemUI/src/com/android/systemui/ScreenDecorations.java,109,109,0,-1,1,{'body_modify': '-'},[]
545848,Method,com.android.systemui.ScreenDecorations.setupDecorations,packages/SystemUI/src/com/android/systemui/ScreenDecorations.java,236,236,0,-1,1,{'body_modify': '-'},[]
545848,Method,com.android.systemui.ScreenDecorations.setupDecorations,packages/SystemUI/src/com/android/systemui/ScreenDecorations.java,238,238,0,-1,1,{'body_modify': '-'},[]
545845,Method,com.android.systemui.ScreenDecorations.startOnScreenDecorationsThread.Anonymous_Class.onDisplayChanged,packages/SystemUI/src/com/android/systemui/ScreenDecorations.java,156,156,0,-1,1,{'body_modify': '-'},[]
545845,Method,com.android.systemui.ScreenDecorations.startOnScreenDecorationsThread.Anonymous_Class.onDisplayChanged,packages/SystemUI/src/com/android/systemui/ScreenDecorations.java,158,158,0,-1,1,{'body_modify': '-'},[]
545868,Method,com.android.systemui.ScreenDecorations.onConfigurationChanged,packages/SystemUI/src/com/android/systemui/ScreenDecorations.java,247,247,0,-1,1,{'body_modify': '-'},[]
545878,Method,com.android.systemui.ScreenDecorations.updateViews,packages/SystemUI/src/com/android/systemui/ScreenDecorations.java,328,328,0,-1,1,{'body_modify': '-'},[]
545878,Method,com.android.systemui.ScreenDecorations.updateViews,packages/SystemUI/src/com/android/systemui/ScreenDecorations.java,329,329,0,-1,1,{'body_modify': '-'},[]
545964,Method,com.android.systemui.ScreenDecorations.DisplayCutoutView.update,packages/SystemUI/src/com/android/systemui/ScreenDecorations.java,599,599,0,-1,1,{'body_modify': '-'},[]
545983,Method,com.android.systemui.ScreenDecorations.DisplayCutoutView.boundsFromDirection,packages/SystemUI/src/com/android/systemui/ScreenDecorations.java,686,686,0,-1,1,{'body_modify': '-'},[]
546052,Method,com.android.systemui.screenshot.SaveImageInBackgroundTask.SaveImageInBackgroundTask,packages/SystemUI/src/com/android/systemui/screenshot/GlobalScreenshot.java,163,163,0,-1,1,{'body_modify': '-'},[]
548688,Method,com.android.systemui.statusbar.CommandQueue.H.handleMessage,packages/SystemUI/src/com/android/systemui/statusbar/CommandQueue.java,820,820,0,-1,1,{'body_modify': '-'},[]
548688,Method,com.android.systemui.statusbar.CommandQueue.H.handleMessage,packages/SystemUI/src/com/android/systemui/statusbar/CommandQueue.java,825,825,0,-1,1,{'body_modify': '-'},[]
549368,Method,com.android.systemui.statusbar.ExpandableNotificationRow.applyExpandAnimationParams,packages/SystemUI/src/com/android/systemui/statusbar/ExpandableNotificationRow.java,1870,1870,0,-1,1,{'body_modify': '-'},[]
553421,Method,com.android.systemui.statusbar.NotificationEntryManager.NotificationClicker.onClick,packages/SystemUI/src/com/android/systemui/statusbar/NotificationEntryManager.java,167,167,0,-1,1,{'body_modify': '-'},[]
553421,Method,com.android.systemui.statusbar.NotificationEntryManager.NotificationClicker.onClick,packages/SystemUI/src/com/android/systemui/statusbar/NotificationEntryManager.java,170,170,0,-1,1,{'body_modify': '-'},[]
554532,Method,com.android.systemui.statusbar.NotificationMediaManager.Anonymous_Class.onPlaybackStateChanged,packages/SystemUI/src/com/android/systemui/statusbar/NotificationMediaManager.java,69,70,0,-1,1,{'body_modify': '-'},[]
554532,Method,com.android.systemui.statusbar.NotificationMediaManager.Anonymous_Class.onPlaybackStateChanged,packages/SystemUI/src/com/android/systemui/statusbar/NotificationMediaManager.java,69,69,0,-1,1,{'body_modify': '-'},[]
555809,Method,com.android.systemui.statusbar.phone.CollapsedStatusBarFragment.onViewCreated,packages/SystemUI/src/com/android/systemui/statusbar/phone/CollapsedStatusBarFragment.java,109,109,0,-1,1,{'body_modify': '-'},[]
555825,Method,com.android.systemui.statusbar.phone.CollapsedStatusBarFragment.disable,packages/SystemUI/src/com/android/systemui/statusbar/phone/CollapsedStatusBarFragment.java,193,193,0,-1,1,{'body_modify': '-'},[]
555831,Method,com.android.systemui.statusbar.phone.CollapsedStatusBarFragment.adjustDisableFlags,packages/SystemUI/src/com/android/systemui/statusbar/phone/CollapsedStatusBarFragment.java,214,214,0,-1,1,{'body_modify': '-'},[]
555831,Method,com.android.systemui.statusbar.phone.CollapsedStatusBarFragment.adjustDisableFlags,packages/SystemUI/src/com/android/systemui/statusbar/phone/CollapsedStatusBarFragment.java,215,215,0,-1,1,{'body_modify': '-'},[]
555840,Method,com.android.systemui.statusbar.phone.CollapsedStatusBarFragment.hideClock,packages/SystemUI/src/com/android/systemui/statusbar/phone/CollapsedStatusBarFragment.java,254,254,0,-1,1,{'body_modify': '-'},[]
555842,Method,com.android.systemui.statusbar.phone.CollapsedStatusBarFragment.showClock,packages/SystemUI/src/com/android/systemui/statusbar/phone/CollapsedStatusBarFragment.java,258,258,0,-1,1,{'body_modify': '-'},[]
556298,Method,com.android.systemui.statusbar.phone.HeadsUpAppearanceController.HeadsUpAppearanceController,packages/SystemUI/src/com/android/systemui/statusbar/phone/HeadsUpAppearanceController.java,89,89,0,-1,1,{'body_modify': '-'},[]
556342,Method,com.android.systemui.statusbar.phone.HeadsUpAppearanceController.setShown,packages/SystemUI/src/com/android/systemui/statusbar/phone/HeadsUpAppearanceController.java,243,243,0,-1,1,{'body_modify': '-'},[]
556342,Method,com.android.systemui.statusbar.phone.HeadsUpAppearanceController.setShown,packages/SystemUI/src/com/android/systemui/statusbar/phone/HeadsUpAppearanceController.java,247,247,0,-1,1,{'body_modify': '-'},[]
556342,Method,com.android.systemui.statusbar.phone.HeadsUpAppearanceController.setShown,packages/SystemUI/src/com/android/systemui/statusbar/phone/HeadsUpAppearanceController.java,249,249,0,-1,1,{'body_modify': '-'},[]
556342,Method,com.android.systemui.statusbar.phone.HeadsUpAppearanceController.setShown,packages/SystemUI/src/com/android/systemui/statusbar/phone/HeadsUpAppearanceController.java,251,251,0,-1,1,{'body_modify': '-'},[]
556342,Method,com.android.systemui.statusbar.phone.HeadsUpAppearanceController.setShown,packages/SystemUI/src/com/android/systemui/statusbar/phone/HeadsUpAppearanceController.java,254,254,0,-1,1,{'body_modify': '-'},[]
556342,Method,com.android.systemui.statusbar.phone.HeadsUpAppearanceController.setShown,packages/SystemUI/src/com/android/systemui/statusbar/phone/HeadsUpAppearanceController.java,258,258,0,-1,1,{'body_modify': '-'},[]
556342,Method,com.android.systemui.statusbar.phone.HeadsUpAppearanceController.setShown,packages/SystemUI/src/com/android/systemui/statusbar/phone/HeadsUpAppearanceController.java,261,261,0,-1,1,{'body_modify': '-'},[]
556342,Method,com.android.systemui.statusbar.phone.HeadsUpAppearanceController.setShown,packages/SystemUI/src/com/android/systemui/statusbar/phone/HeadsUpAppearanceController.java,263,265,0,-1,1,{'body_modify': '-'},[]
556342,Method,com.android.systemui.statusbar.phone.HeadsUpAppearanceController.setShown,packages/SystemUI/src/com/android/systemui/statusbar/phone/HeadsUpAppearanceController.java,264,264,0,-1,1,{'body_modify': '-'},[]
556455,Method,com.android.systemui.statusbar.phone.HeadsUpManagerPhone.onComputeInternalInsets,packages/SystemUI/src/com/android/systemui/statusbar/phone/HeadsUpManagerPhone.java,321,321,0,-1,1,{'body_modify': '-'},[]
556855,Method,com.android.systemui.statusbar.phone.KeyguardBottomAreaView.onAttachedToWindow,packages/SystemUI/src/com/android/systemui/statusbar/phone/KeyguardBottomAreaView.java,287,287,0,-1,0,{},[]
556855,Method,com.android.systemui.statusbar.phone.KeyguardBottomAreaView.onAttachedToWindow,packages/SystemUI/src/com/android/systemui/statusbar/phone/KeyguardBottomAreaView.java,294,294,0,-1,0,{},[]
556877,Method,com.android.systemui.statusbar.phone.KeyguardBottomAreaView.resolveRightIntent,packages/SystemUI/src/com/android/systemui/statusbar/phone/KeyguardBottomAreaView.java,407,407,0,-1,1,"{'variable_access_modify': 'private-public', 'rename': '-', 'body_modify': '-', 'return_type_modify': 'void-android.content.pm.ResolveInfo'}",[]
556865,Method,com.android.systemui.statusbar.phone.KeyguardBottomAreaView.setStatusBar,packages/SystemUI/src/com/android/systemui/statusbar/phone/KeyguardBottomAreaView.java,373,373,0,-1,1,{'body_modify': '-'},[]
556869,Method,com.android.systemui.statusbar.phone.KeyguardBottomAreaView.setUserSetupComplete,packages/SystemUI/src/com/android/systemui/statusbar/phone/KeyguardBottomAreaView.java,382,382,0,-1,1,{'body_modify': '-'},[]
556895,Method,com.android.systemui.statusbar.phone.KeyguardBottomAreaView.bindCameraPrewarmService,packages/SystemUI/src/com/android/systemui/statusbar/phone/KeyguardBottomAreaView.java,510,510,0,-1,1,{'body_modify': '-'},[]
556904,Method,com.android.systemui.statusbar.phone.KeyguardBottomAreaView.launchCamera,packages/SystemUI/src/com/android/systemui/statusbar/phone/KeyguardBottomAreaView.java,556,556,0,-1,1,{'body_modify': '-'},[]
556904,Method,com.android.systemui.statusbar.phone.KeyguardBottomAreaView.launchCamera,packages/SystemUI/src/com/android/systemui/statusbar/phone/KeyguardBottomAreaView.java,557,557,0,-1,1,{'body_modify': '-'},[]
556935,Method,com.android.systemui.statusbar.phone.KeyguardBottomAreaView.onVisibilityChanged,packages/SystemUI/src/com/android/systemui/statusbar/phone/KeyguardBottomAreaView.java,684,684,0,-1,1,{'body_modify': '-'},[]
556945,Method,com.android.systemui.statusbar.phone.KeyguardBottomAreaView.onUnlockMethodStateChanged,packages/SystemUI/src/com/android/systemui/statusbar/phone/KeyguardBottomAreaView.java,720,720,0,-1,1,{'body_modify': '-'},[]
556946,Method,com.android.systemui.statusbar.phone.KeyguardBottomAreaView.inflateCameraPreview,packages/SystemUI/src/com/android/systemui/statusbar/phone/KeyguardBottomAreaView.java,731,731,0,-1,1,{'body_modify': '-'},[]
556962,Method,com.android.systemui.statusbar.phone.KeyguardBottomAreaView.Anonymous_Class.onReceive.Anonymous_Class.run,packages/SystemUI/src/com/android/systemui/statusbar/phone/KeyguardBottomAreaView.java,791,791,0,-1,1,{'body_modify': '-'},[]
556965,Method,com.android.systemui.statusbar.phone.KeyguardBottomAreaView.Anonymous_Class.onUserSwitchComplete,packages/SystemUI/src/com/android/systemui/statusbar/phone/KeyguardBottomAreaView.java,801,801,0,-1,1,{'body_modify': '-'},[]
556988,Method,com.android.systemui.statusbar.phone.KeyguardBottomAreaView.setRightButton,packages/SystemUI/src/com/android/systemui/statusbar/phone/KeyguardBottomAreaView.java,884,884,0,-1,1,{'body_modify': '-'},[]
556990,Method,com.android.systemui.statusbar.phone.KeyguardBottomAreaView.setLeftButton,packages/SystemUI/src/com/android/systemui/statusbar/phone/KeyguardBottomAreaView.java,890,890,0,-1,1,{'body_modify': '-'},[]
556978,Method,com.android.systemui.statusbar.phone.KeyguardBottomAreaView.Anonymous_Class.onUserUnlocked,packages/SystemUI/src/com/android/systemui/statusbar/phone/KeyguardBottomAreaView.java,842,842,0,-1,1,{'body_modify': '-'},[]
556992,Method,com.android.systemui.statusbar.phone.KeyguardBottomAreaView.setDozing,packages/SystemUI/src/com/android/systemui/statusbar/phone/KeyguardBottomAreaView.java,900,900,0,-1,1,{'body_modify': '-'},[]
557118,Method,com.android.systemui.statusbar.phone.KeyguardBouncer.needsFullscreenBouncer,packages/SystemUI/src/com/android/systemui/statusbar/phone/KeyguardBouncer.java,458,458,0,-1,1,{'body_modify': '-'},[]
557119,Method,com.android.systemui.statusbar.phone.KeyguardBouncer.isFullscreenBouncer,packages/SystemUI/src/com/android/systemui/statusbar/phone/KeyguardBouncer.java,466,466,0,-1,1,{'body_modify': '-'},[]
558140,Method,com.android.systemui.statusbar.phone.NavigationBarGestureHelper.onTuningChanged,packages/SystemUI/src/com/android/systemui/statusbar/phone/NavigationBarGestureHelper.java,296,296,0,-1,1,{'body_modify': '-'},[]
558196,Method,com.android.systemui.statusbar.phone.NavigationBarInflaterView.onTuningChanged,packages/SystemUI/src/com/android/systemui/statusbar/phone/NavigationBarInflaterView.java,182,182,0,-1,1,{'body_modify': '-'},[]
558196,Method,com.android.systemui.statusbar.phone.NavigationBarInflaterView.onTuningChanged,packages/SystemUI/src/com/android/systemui/statusbar/phone/NavigationBarInflaterView.java,183,183,0,-1,1,{'body_modify': '-'},[]
558561,Method,com.android.systemui.statusbar.phone.NavigationBarView.updateNavButtonIcons,packages/SystemUI/src/com/android/systemui/statusbar/phone/NavigationBarView.java,665,665,0,-1,1,{'body_modify': '-'},[]
559030,Method,com.android.systemui.statusbar.phone.NotificationIconAreaController.updateNotificationIcons,packages/SystemUI/src/com/android/systemui/statusbar/phone/NotificationIconAreaController.java,178,178,0,-1,1,{'body_modify': '-'},[]
559030,Method,com.android.systemui.statusbar.phone.NotificationIconAreaController.updateNotificationIcons,packages/SystemUI/src/com/android/systemui/statusbar/phone/NotificationIconAreaController.java,179,179,0,-1,1,{'body_modify': '-'},[]
559872,Method,com.android.systemui.statusbar.phone.NotificationPanelView.onIconClicked,packages/SystemUI/src/com/android/systemui/statusbar/phone/NotificationPanelView.java,2192,2192,0,-1,1,{'body_modify': '-'},[]
559959,Method,com.android.systemui.statusbar.phone.NotificationPanelView.setVerticalPanelTranslation,packages/SystemUI/src/com/android/systemui/statusbar/phone/NotificationPanelView.java,2576,2576,0,-1,1,{'body_modify': '-'},[]
559976,Method,com.android.systemui.statusbar.phone.NotificationPanelView.launchCamera,packages/SystemUI/src/com/android/systemui/statusbar/phone/NotificationPanelView.java,2650,2650,0,-1,1,{'body_modify': '-'},[]
559976,Method,com.android.systemui.statusbar.phone.NotificationPanelView.launchCamera,packages/SystemUI/src/com/android/systemui/statusbar/phone/NotificationPanelView.java,2658,2658,0,-1,1,{'body_modify': '-'},[]
559976,Method,com.android.systemui.statusbar.phone.NotificationPanelView.launchCamera,packages/SystemUI/src/com/android/systemui/statusbar/phone/NotificationPanelView.java,2664,2664,0,-1,1,{'body_modify': '-'},[]
559990,Method,com.android.systemui.statusbar.phone.NotificationPanelView.canCameraGestureBeLaunched,packages/SystemUI/src/com/android/systemui/statusbar/phone/NotificationPanelView.java,2727,2727,0,-1,1,"{'body_modify': '-', 'param_add': 'keyguardIsShowing-source keyguardIsShowing'}",[]
559990,Method,com.android.systemui.statusbar.phone.NotificationPanelView.canCameraGestureBeLaunched,packages/SystemUI/src/com/android/systemui/statusbar/phone/NotificationPanelView.java,2735,2735,0,-1,1,"{'body_modify': '-', 'param_add': 'keyguardIsShowing-source keyguardIsShowing'}",[]
560015,Method,com.android.systemui.statusbar.phone.NotificationPanelView.setDozing,packages/SystemUI/src/com/android/systemui/statusbar/phone/NotificationPanelView.java,2840,2840,0,-1,1,{'body_modify': '-'},[]
560015,Method,com.android.systemui.statusbar.phone.NotificationPanelView.setDozing,packages/SystemUI/src/com/android/systemui/statusbar/phone/NotificationPanelView.java,2843,2843,0,-1,1,{'body_modify': '-'},[]
560019,Method,com.android.systemui.statusbar.phone.NotificationPanelView.setDarkAmount,packages/SystemUI/src/com/android/systemui/statusbar/phone/NotificationPanelView.java,2856,2856,0,-1,1,"{'body_modify': '-', 'param_add': 'amount-linearAmount amount'}",[]
560588,Method,com.android.systemui.statusbar.phone.PhoneStatusBarPolicy.PhoneStatusBarPolicy,packages/SystemUI/src/com/android/systemui/statusbar/phone/PhoneStatusBarPolicy.java,242,242,0,-1,1,{'body_modify': '-'},[]
560588,Method,com.android.systemui.statusbar.phone.PhoneStatusBarPolicy.PhoneStatusBarPolicy,packages/SystemUI/src/com/android/systemui/statusbar/phone/PhoneStatusBarPolicy.java,260,260,0,-1,1,{'body_modify': '-'},[]
560595,Method,com.android.systemui.statusbar.phone.PhoneStatusBarPolicy.destroy,packages/SystemUI/src/com/android/systemui/statusbar/phone/PhoneStatusBarPolicy.java,289,289,0,-1,1,{'body_modify': '-'},[]
560980,Method,com.android.systemui.statusbar.phone.QuickStepController.onLayout,packages/SystemUI/src/com/android/systemui/statusbar/phone/QuickStepController.java,354,354,0,-1,1,{'body_modify': '-'},[]
560996,Method,com.android.systemui.statusbar.phone.QuickStepController.onDarkIntensityChange,packages/SystemUI/src/com/android/systemui/statusbar/phone/QuickStepController.java,366,366,0,-1,1,{'body_modify': '-'},[]
561020,Method,com.android.systemui.statusbar.phone.QuickStepController.resetQuickScrub,packages/SystemUI/src/com/android/systemui/statusbar/phone/QuickStepController.java,500,500,0,-1,1,{'body_modify': '-'},[]
561010,Method,com.android.systemui.statusbar.phone.QuickStepController.startQuickScrub,packages/SystemUI/src/com/android/systemui/statusbar/phone/QuickStepController.java,424,424,0,-1,1,{'body_modify': '-'},[]
561089,Method,com.android.systemui.statusbar.phone.ScreenPinningNotify.showEscapeToast,packages/SystemUI/src/com/android/systemui/statusbar/phone/ScreenPinningNotify.java,69,69,0,-1,1,{'body_modify': '-'},[]
561159,Method,com.android.systemui.statusbar.phone.ScrimController.ScrimController,packages/SystemUI/src/com/android/systemui/statusbar/phone/ScrimController.java,188,189,0,-1,1,{'body_modify': '-'},[]
561159,Method,com.android.systemui.statusbar.phone.ScrimController.ScrimController,packages/SystemUI/src/com/android/systemui/statusbar/phone/ScrimController.java,190,191,0,-1,1,{'body_modify': '-'},[]
561207,Method,com.android.systemui.statusbar.phone.ScrimController.updateScrims,packages/SystemUI/src/com/android/systemui/statusbar/phone/ScrimController.java,485,485,0,-1,1,{'body_modify': '-'},[]
561283,Method,com.android.systemui.statusbar.phone.ScrimController.onColorsChanged,packages/SystemUI/src/com/android/systemui/statusbar/phone/ScrimController.java,824,825,0,-1,1,{'body_modify': '-'},[]
561283,Method,com.android.systemui.statusbar.phone.ScrimController.onColorsChanged,packages/SystemUI/src/com/android/systemui/statusbar/phone/ScrimController.java,830,831,0,-1,1,{'body_modify': '-'},[]
561749,Method,com.android.systemui.statusbar.phone.StatusBar.makeStatusBarView,packages/SystemUI/src/com/android/systemui/statusbar/phone/StatusBar.java,922,922,0,-1,1,{'body_modify': '-'},[]
561749,Method,com.android.systemui.statusbar.phone.StatusBar.makeStatusBarView,packages/SystemUI/src/com/android/systemui/statusbar/phone/StatusBar.java,947,947,0,-1,1,{'body_modify': '-'},[]
561749,Method,com.android.systemui.statusbar.phone.StatusBar.makeStatusBarView,packages/SystemUI/src/com/android/systemui/statusbar/phone/StatusBar.java,948,948,0,-1,1,{'body_modify': '-'},[]
561749,Method,com.android.systemui.statusbar.phone.StatusBar.makeStatusBarView,packages/SystemUI/src/com/android/systemui/statusbar/phone/StatusBar.java,959,959,0,-1,1,{'body_modify': '-'},[]
561749,Method,com.android.systemui.statusbar.phone.StatusBar.makeStatusBarView,packages/SystemUI/src/com/android/systemui/statusbar/phone/StatusBar.java,960,960,0,-1,1,{'body_modify': '-'},[]
561881,Method,com.android.systemui.statusbar.phone.StatusBar.updateMediaMetaData,packages/SystemUI/src/com/android/systemui/statusbar/phone/StatusBar.java,1781,1781,0,-1,1,{'body_modify': '-'},[]
561881,Method,com.android.systemui.statusbar.phone.StatusBar.updateMediaMetaData,packages/SystemUI/src/com/android/systemui/statusbar/phone/StatusBar.java,1786,1789,0,-1,1,{'body_modify': '-'},[]
561881,Method,com.android.systemui.statusbar.phone.StatusBar.updateMediaMetaData,packages/SystemUI/src/com/android/systemui/statusbar/phone/StatusBar.java,1786,1786,0,-1,1,{'body_modify': '-'},[]
561881,Method,com.android.systemui.statusbar.phone.StatusBar.updateMediaMetaData,packages/SystemUI/src/com/android/systemui/statusbar/phone/StatusBar.java,1787,1787,0,-1,1,{'body_modify': '-'},[]
561881,Method,com.android.systemui.statusbar.phone.StatusBar.updateMediaMetaData,packages/SystemUI/src/com/android/systemui/statusbar/phone/StatusBar.java,1788,1788,0,-1,1,{'body_modify': '-'},[]
561881,Method,com.android.systemui.statusbar.phone.StatusBar.updateMediaMetaData,packages/SystemUI/src/com/android/systemui/statusbar/phone/StatusBar.java,1795,1795,0,-1,1,{'body_modify': '-'},[]
561962,Method,com.android.systemui.statusbar.phone.StatusBar.isUsingDarkTheme,packages/SystemUI/src/com/android/systemui/statusbar/phone/StatusBar.java,2214,2214,0,-1,1,{'body_modify': '-'},[]
562050,Method,com.android.systemui.statusbar.phone.StatusBar.interceptTouchEvent,packages/SystemUI/src/com/android/systemui/statusbar/phone/StatusBar.java,2715,2715,0,-1,1,{'body_modify': '-'},[]
562341,Method,com.android.systemui.statusbar.phone.StatusBar.updateTheme,packages/SystemUI/src/com/android/systemui/statusbar/phone/StatusBar.java,4178,4178,0,-1,1,{'body_modify': '-'},[]
562341,Method,com.android.systemui.statusbar.phone.StatusBar.updateTheme,packages/SystemUI/src/com/android/systemui/statusbar/phone/StatusBar.java,4178,4178,0,-1,1,{'body_modify': '-'},[]
562341,Method,com.android.systemui.statusbar.phone.StatusBar.updateTheme,packages/SystemUI/src/com/android/systemui/statusbar/phone/StatusBar.java,4194,4194,0,-1,1,{'body_modify': '-'},[]
562354,Method,com.android.systemui.statusbar.phone.StatusBar.updateDozingState,packages/SystemUI/src/com/android/systemui/statusbar/phone/StatusBar.java,4248,4248,0,-1,1,{'body_modify': '-'},[]
562382,Method,com.android.systemui.statusbar.phone.StatusBar.setBarState,packages/SystemUI/src/com/android/systemui/statusbar/phone/StatusBar.java,4392,4392,0,-1,1,{'body_modify': '-'},[]
562481,Method,com.android.systemui.statusbar.phone.StatusBar.Anonymous_Class.onScreenTurnedOn,packages/SystemUI/src/com/android/systemui/statusbar/phone/StatusBar.java,4872,4872,0,-1,1,{'body_modify': '-'},[]
562482,Method,com.android.systemui.statusbar.phone.StatusBar.Anonymous_Class.onScreenTurnedOff,packages/SystemUI/src/com/android/systemui/statusbar/phone/StatusBar.java,4879,4879,0,-1,1,{'body_modify': '-'},[]
562509,Method,com.android.systemui.statusbar.phone.StatusBar.updateScrimController,packages/SystemUI/src/com/android/systemui/statusbar/phone/StatusBar.java,5072,5072,0,-1,1,{'body_modify': '-'},[]
562509,Method,com.android.systemui.statusbar.phone.StatusBar.updateScrimController,packages/SystemUI/src/com/android/systemui/statusbar/phone/StatusBar.java,5073,5073,0,-1,1,{'body_modify': '-'},[]
562537,Method,com.android.systemui.statusbar.phone.StatusBar.DozeServiceHost.pulseWhileDozing.Anonymous_Class.setPulsing,packages/SystemUI/src/com/android/systemui/statusbar/phone/StatusBar.java,5182,5182,0,-1,1,{'body_modify': '-'},[]
562927,Method,com.android.systemui.statusbar.phone.StatusBarIconControllerImpl.onTuningChanged,packages/SystemUI/src/com/android/systemui/statusbar/phone/StatusBarIconControllerImpl.java,125,125,0,-1,1,{'body_modify': '-'},[]
563195,Method,com.android.systemui.statusbar.phone.StatusBarKeyguardViewManager.showBouncerOrKeyguard,packages/SystemUI/src/com/android/systemui/statusbar/phone/StatusBarKeyguardViewManager.java,204,204,0,-1,1,"{'body_modify': '-', 'param_add': 'hideBouncerWhenShowing-hideBouncerWhenShowing isBackPressed'}",[]
563219,Method,com.android.systemui.statusbar.phone.StatusBarKeyguardViewManager.reset,packages/SystemUI/src/com/android/systemui/statusbar/phone/StatusBarKeyguardViewManager.java,315,315,0,-1,1,{'body_modify': '-'},[]
563236,Method,com.android.systemui.statusbar.phone.StatusBarKeyguardViewManager.setOccluded,packages/SystemUI/src/com/android/systemui/statusbar/phone/StatusBarKeyguardViewManager.java,406,406,0,-1,1,{'body_modify': '-'},[]
563236,Method,com.android.systemui.statusbar.phone.StatusBarKeyguardViewManager.setOccluded,packages/SystemUI/src/com/android/systemui/statusbar/phone/StatusBarKeyguardViewManager.java,406,406,0,-1,1,{'body_modify': '-'},[]
563265,Method,com.android.systemui.statusbar.phone.StatusBarKeyguardViewManager.onBackPressed,packages/SystemUI/src/com/android/systemui/statusbar/phone/StatusBarKeyguardViewManager.java,573,573,0,-1,1,{'body_modify': '-'},[]
563509,Method,com.android.systemui.statusbar.phone.StatusBarWindowManager.add,packages/SystemUI/src/com/android/systemui/statusbar/phone/StatusBarWindowManager.java,131,131,0,-1,1,{'body_modify': '-'},[]
563509,Method,com.android.systemui.statusbar.phone.StatusBarWindowManager.add,packages/SystemUI/src/com/android/systemui/statusbar/phone/StatusBarWindowManager.java,132,132,0,-1,1,{'body_modify': '-'},[]
563541,Method,com.android.systemui.statusbar.phone.StatusBarWindowManager.apply,packages/SystemUI/src/com/android/systemui/statusbar/phone/StatusBarWindowManager.java,261,261,0,-1,1,{'body_modify': '-'},[]
563541,Method,com.android.systemui.statusbar.phone.StatusBarWindowManager.apply,packages/SystemUI/src/com/android/systemui/statusbar/phone/StatusBarWindowManager.java,271,271,0,-1,1,{'body_modify': '-'},[]
564885,Method,com.android.systemui.statusbar.policy.Clock.onTuningChanged,packages/SystemUI/src/com/android/systemui/statusbar/policy/Clock.java,277,277,0,-1,1,{'body_modify': '-'},[]
565688,Method,com.android.systemui.statusbar.policy.HotspotControllerImpl.onStateChanged,packages/SystemUI/src/com/android/systemui/statusbar/policy/HotspotControllerImpl.java,180,180,0,-1,1,{'body_modify': '-'},[]
565885,Method,com.android.systemui.statusbar.policy.KeyButtonView.Anonymous_Class.run,packages/SystemUI/src/com/android/systemui/statusbar/policy/KeyButtonView.java,81,82,0,-1,1,{'body_modify': '-'},[]
565885,Method,com.android.systemui.statusbar.policy.KeyButtonView.Anonymous_Class.run,packages/SystemUI/src/com/android/systemui/statusbar/policy/KeyButtonView.java,83,84,0,-1,1,{'body_modify': '-'},[]
565916,Method,com.android.systemui.statusbar.policy.KeyButtonView.onTouchEvent,packages/SystemUI/src/com/android/systemui/statusbar/policy/KeyButtonView.java,227,228,0,-1,1,{'body_modify': '-'},[]
565931,Method,com.android.systemui.statusbar.policy.KeyButtonView.sendEvent,packages/SystemUI/src/com/android/systemui/statusbar/policy/KeyButtonView.java,311,311,0,-1,1,{'body_modify': '-'},[]
569095,Method,com.android.systemui.statusbar.stack.NotificationChildrenContainer.setChildrenExpanded,packages/SystemUI/src/com/android/systemui/statusbar/stack/NotificationChildrenContainer.java,872,872,0,-1,1,{'body_modify': '-'},[]
569186,Method,com.android.systemui.statusbar.stack.NotificationChildrenContainer.setUserLocked,packages/SystemUI/src/com/android/systemui/statusbar/stack/NotificationChildrenContainer.java,1213,1213,0,-1,1,{'body_modify': '-'},[]
569500,Method,com.android.systemui.statusbar.stack.NotificationStackScrollLayout.drawBackground,packages/SystemUI/src/com/android/systemui/statusbar/stack/NotificationStackScrollLayout.java,540,540,0,-1,1,{'body_modify': '-'},[]
570321,Method,com.android.systemui.statusbar.stack.NotificationStackScrollLayout.setDarkAmount,packages/SystemUI/src/com/android/systemui/statusbar/stack/NotificationStackScrollLayout.java,4028,4028,0,-1,1,{'body_modify': '-'},[]
572522,Method,com.android.systemui.tuner.ClockPreference.onTuningChanged,packages/SystemUI/src/com/android/systemui/tuner/ClockPreference.java,67,67,0,-1,1,{'body_modify': '-'},[]
572746,Method,com.android.systemui.tuner.LockscreenFragment.LockButtonFactory.create,packages/SystemUI/src/com/android/systemui/tuner/LockscreenFragment.java,351,351,0,-1,1,{'body_modify': '-'},[]
572746,Method,com.android.systemui.tuner.LockscreenFragment.LockButtonFactory.create,packages/SystemUI/src/com/android/systemui/tuner/LockscreenFragment.java,353,353,0,-1,1,{'body_modify': '-'},[]
573068,Method,com.android.systemui.tuner.ShortcutPicker.onCreatePreferences,packages/SystemUI/src/com/android/systemui/tuner/ShortcutPicker.java,61,61,0,-1,1,{'body_modify': '-'},[]
573068,Method,com.android.systemui.tuner.ShortcutPicker.onCreatePreferences,packages/SystemUI/src/com/android/systemui/tuner/ShortcutPicker.java,70,70,0,-1,1,{'body_modify': '-'},[]
573068,Method,com.android.systemui.tuner.ShortcutPicker.onCreatePreferences,packages/SystemUI/src/com/android/systemui/tuner/ShortcutPicker.java,72,72,0,-1,1,{'body_modify': '-'},[]
573068,Method,com.android.systemui.tuner.ShortcutPicker.onCreatePreferences,packages/SystemUI/src/com/android/systemui/tuner/ShortcutPicker.java,81,81,0,-1,1,{'body_modify': '-'},[]
573354,Method,com.android.systemui.tuner.TunerServiceImpl.getValue,packages/SystemUI/src/com/android/systemui/tuner/TunerServiceImpl.java,206,206,0,-1,1,{'body_modify': '-'},[]
573354,Method,com.android.systemui.tuner.TunerServiceImpl.getValue,packages/SystemUI/src/com/android/systemui/tuner/TunerServiceImpl.java,207,207,0,-1,1,{'body_modify': '-'},[]
573354,Method,com.android.systemui.tuner.TunerServiceImpl.getValue,packages/SystemUI/src/com/android/systemui/tuner/TunerServiceImpl.java,208,208,0,-1,1,{'body_modify': '-'},[]
573354,Method,com.android.systemui.tuner.TunerServiceImpl.getValue,packages/SystemUI/src/com/android/systemui/tuner/TunerServiceImpl.java,210,210,0,-1,1,{'body_modify': '-'},[]
573354,Method,com.android.systemui.tuner.TunerServiceImpl.getValue,packages/SystemUI/src/com/android/systemui/tuner/TunerServiceImpl.java,211,211,0,-1,1,{'body_modify': '-'},[]
573354,Method,com.android.systemui.tuner.TunerServiceImpl.getValue,packages/SystemUI/src/com/android/systemui/tuner/TunerServiceImpl.java,213,213,0,-1,1,{'body_modify': '-'},[]
573354,Method,com.android.systemui.tuner.TunerServiceImpl.getValue,packages/SystemUI/src/com/android/systemui/tuner/TunerServiceImpl.java,214,214,0,-1,1,{'body_modify': '-'},[]
573354,Method,com.android.systemui.tuner.TunerServiceImpl.getValue,packages/SystemUI/src/com/android/systemui/tuner/TunerServiceImpl.java,216,216,0,-1,1,{'body_modify': '-'},[]
573357,Method,com.android.systemui.tuner.TunerServiceImpl.getValue,packages/SystemUI/src/com/android/systemui/tuner/TunerServiceImpl.java,225,225,0,-1,1,{'body_modify': '-'},[]
573357,Method,com.android.systemui.tuner.TunerServiceImpl.getValue,packages/SystemUI/src/com/android/systemui/tuner/TunerServiceImpl.java,226,226,0,-1,1,{'body_modify': '-'},[]
573357,Method,com.android.systemui.tuner.TunerServiceImpl.getValue,packages/SystemUI/src/com/android/systemui/tuner/TunerServiceImpl.java,227,227,0,-1,1,{'body_modify': '-'},[]
573357,Method,com.android.systemui.tuner.TunerServiceImpl.getValue,packages/SystemUI/src/com/android/systemui/tuner/TunerServiceImpl.java,229,229,0,-1,1,{'body_modify': '-'},[]
573357,Method,com.android.systemui.tuner.TunerServiceImpl.getValue,packages/SystemUI/src/com/android/systemui/tuner/TunerServiceImpl.java,230,230,0,-1,1,{'body_modify': '-'},[]
573357,Method,com.android.systemui.tuner.TunerServiceImpl.getValue,packages/SystemUI/src/com/android/systemui/tuner/TunerServiceImpl.java,232,232,0,-1,1,{'body_modify': '-'},[]
573357,Method,com.android.systemui.tuner.TunerServiceImpl.getValue,packages/SystemUI/src/com/android/systemui/tuner/TunerServiceImpl.java,233,233,0,-1,1,{'body_modify': '-'},[]
573357,Method,com.android.systemui.tuner.TunerServiceImpl.getValue,packages/SystemUI/src/com/android/systemui/tuner/TunerServiceImpl.java,235,235,0,-1,1,{'body_modify': '-'},[]
573349,Method,com.android.systemui.tuner.TunerServiceImpl.getValue,packages/SystemUI/src/com/android/systemui/tuner/TunerServiceImpl.java,170,170,0,-1,1,{'body_modify': '-'},[]
573349,Method,com.android.systemui.tuner.TunerServiceImpl.getValue,packages/SystemUI/src/com/android/systemui/tuner/TunerServiceImpl.java,171,171,0,-1,1,{'body_modify': '-'},[]
573349,Method,com.android.systemui.tuner.TunerServiceImpl.getValue,packages/SystemUI/src/com/android/systemui/tuner/TunerServiceImpl.java,172,172,0,-1,1,{'body_modify': '-'},[]
573349,Method,com.android.systemui.tuner.TunerServiceImpl.getValue,packages/SystemUI/src/com/android/systemui/tuner/TunerServiceImpl.java,174,174,0,-1,1,{'body_modify': '-'},[]
573349,Method,com.android.systemui.tuner.TunerServiceImpl.getValue,packages/SystemUI/src/com/android/systemui/tuner/TunerServiceImpl.java,175,175,0,-1,1,{'body_modify': '-'},[]
573349,Method,com.android.systemui.tuner.TunerServiceImpl.getValue,packages/SystemUI/src/com/android/systemui/tuner/TunerServiceImpl.java,177,177,0,-1,1,{'body_modify': '-'},[]
573349,Method,com.android.systemui.tuner.TunerServiceImpl.getValue,packages/SystemUI/src/com/android/systemui/tuner/TunerServiceImpl.java,178,178,0,-1,1,{'body_modify': '-'},[]
573349,Method,com.android.systemui.tuner.TunerServiceImpl.getValue,packages/SystemUI/src/com/android/systemui/tuner/TunerServiceImpl.java,180,180,0,-1,1,{'body_modify': '-'},[]
573351,Method,com.android.systemui.tuner.TunerServiceImpl.setValue,packages/SystemUI/src/com/android/systemui/tuner/TunerServiceImpl.java,188,188,0,-1,1,{'body_modify': '-'},[]
573351,Method,com.android.systemui.tuner.TunerServiceImpl.setValue,packages/SystemUI/src/com/android/systemui/tuner/TunerServiceImpl.java,189,189,0,-1,1,{'body_modify': '-'},[]
573351,Method,com.android.systemui.tuner.TunerServiceImpl.setValue,packages/SystemUI/src/com/android/systemui/tuner/TunerServiceImpl.java,190,190,0,-1,1,{'body_modify': '-'},[]
573351,Method,com.android.systemui.tuner.TunerServiceImpl.setValue,packages/SystemUI/src/com/android/systemui/tuner/TunerServiceImpl.java,192,192,0,-1,1,{'body_modify': '-'},[]
573351,Method,com.android.systemui.tuner.TunerServiceImpl.setValue,packages/SystemUI/src/com/android/systemui/tuner/TunerServiceImpl.java,193,193,0,-1,1,{'body_modify': '-'},[]
573351,Method,com.android.systemui.tuner.TunerServiceImpl.setValue,packages/SystemUI/src/com/android/systemui/tuner/TunerServiceImpl.java,195,195,0,-1,1,{'body_modify': '-'},[]
573351,Method,com.android.systemui.tuner.TunerServiceImpl.setValue,packages/SystemUI/src/com/android/systemui/tuner/TunerServiceImpl.java,196,196,0,-1,1,{'body_modify': '-'},[]
573351,Method,com.android.systemui.tuner.TunerServiceImpl.setValue,packages/SystemUI/src/com/android/systemui/tuner/TunerServiceImpl.java,198,198,0,-1,1,{'body_modify': '-'},[]
573368,Method,com.android.systemui.tuner.TunerServiceImpl.addTunable,packages/SystemUI/src/com/android/systemui/tuner/TunerServiceImpl.java,277,277,0,-1,1,{'body_modify': '-'},[]
573368,Method,com.android.systemui.tuner.TunerServiceImpl.addTunable,packages/SystemUI/src/com/android/systemui/tuner/TunerServiceImpl.java,278,278,0,-1,1,{'body_modify': '-'},[]
573368,Method,com.android.systemui.tuner.TunerServiceImpl.addTunable,packages/SystemUI/src/com/android/systemui/tuner/TunerServiceImpl.java,279,279,0,-1,1,{'body_modify': '-'},[]
573368,Method,com.android.systemui.tuner.TunerServiceImpl.addTunable,packages/SystemUI/src/com/android/systemui/tuner/TunerServiceImpl.java,280,280,0,-1,1,{'body_modify': '-'},[]
573368,Method,com.android.systemui.tuner.TunerServiceImpl.addTunable,packages/SystemUI/src/com/android/systemui/tuner/TunerServiceImpl.java,281,281,0,-1,1,{'body_modify': '-'},[]
573368,Method,com.android.systemui.tuner.TunerServiceImpl.addTunable,packages/SystemUI/src/com/android/systemui/tuner/TunerServiceImpl.java,282,282,0,-1,1,{'body_modify': '-'},[]
573368,Method,com.android.systemui.tuner.TunerServiceImpl.addTunable,packages/SystemUI/src/com/android/systemui/tuner/TunerServiceImpl.java,283,283,0,-1,1,{'body_modify': '-'},[]
573368,Method,com.android.systemui.tuner.TunerServiceImpl.addTunable,packages/SystemUI/src/com/android/systemui/tuner/TunerServiceImpl.java,284,284,0,-1,1,{'body_modify': '-'},[]
573368,Method,com.android.systemui.tuner.TunerServiceImpl.addTunable,packages/SystemUI/src/com/android/systemui/tuner/TunerServiceImpl.java,291,291,0,-1,1,{'body_modify': '-'},[]
573361,Method,com.android.systemui.tuner.TunerServiceImpl.setValue,packages/SystemUI/src/com/android/systemui/tuner/TunerServiceImpl.java,245,245,0,-1,1,{'body_modify': '-'},[]
573361,Method,com.android.systemui.tuner.TunerServiceImpl.setValue,packages/SystemUI/src/com/android/systemui/tuner/TunerServiceImpl.java,246,246,0,-1,1,{'body_modify': '-'},[]
573361,Method,com.android.systemui.tuner.TunerServiceImpl.setValue,packages/SystemUI/src/com/android/systemui/tuner/TunerServiceImpl.java,247,247,0,-1,1,{'body_modify': '-'},[]
573361,Method,com.android.systemui.tuner.TunerServiceImpl.setValue,packages/SystemUI/src/com/android/systemui/tuner/TunerServiceImpl.java,249,249,0,-1,1,{'body_modify': '-'},[]
573361,Method,com.android.systemui.tuner.TunerServiceImpl.setValue,packages/SystemUI/src/com/android/systemui/tuner/TunerServiceImpl.java,250,250,0,-1,1,{'body_modify': '-'},[]
573361,Method,com.android.systemui.tuner.TunerServiceImpl.setValue,packages/SystemUI/src/com/android/systemui/tuner/TunerServiceImpl.java,252,252,0,-1,1,{'body_modify': '-'},[]
573361,Method,com.android.systemui.tuner.TunerServiceImpl.setValue,packages/SystemUI/src/com/android/systemui/tuner/TunerServiceImpl.java,253,253,0,-1,1,{'body_modify': '-'},[]
573361,Method,com.android.systemui.tuner.TunerServiceImpl.setValue,packages/SystemUI/src/com/android/systemui/tuner/TunerServiceImpl.java,254,254,0,-1,1,{'body_modify': '-'},[]
573376,Method,com.android.systemui.tuner.TunerServiceImpl.reregisterAll,packages/SystemUI/src/com/android/systemui/tuner/TunerServiceImpl.java,316,316,0,-1,1,{'body_modify': '-'},[]
573394,Method,com.android.systemui.tuner.TunerServiceImpl.Observer.onChange,packages/SystemUI/src/com/android/systemui/tuner/TunerServiceImpl.java,365,365,0,-1,1,{'body_modify': '-'},[]
573409,Method,com.android.systemui.tuner.TunerSwitch.onTuningChanged,packages/SystemUI/src/com/android/systemui/tuner/TunerSwitch.java,41,41,0,-1,1,{'body_modify': '-'},[]
573535,Method,com.android.systemui.usb.StorageNotification.onPublicVolumeStateChangedInternal,packages/SystemUI/src/com/android/systemui/usb/StorageNotification.java,291,291,0,-1,1,{'body_modify': '-'},[]
575088,Method,com.android.systemui.volume.VolumeDialogComponent.onTuningChanged,packages/SystemUI/src/com/android/systemui/volume/VolumeDialogComponent.java,117,117,0,-1,1,{'body_modify': '-'},[]
575088,Method,com.android.systemui.volume.VolumeDialogComponent.onTuningChanged,packages/SystemUI/src/com/android/systemui/volume/VolumeDialogComponent.java,120,120,0,-1,1,{'body_modify': '-'},[]
575088,Method,com.android.systemui.volume.VolumeDialogComponent.onTuningChanged,packages/SystemUI/src/com/android/systemui/volume/VolumeDialogComponent.java,123,123,0,-1,1,{'body_modify': '-'},[]
575411,Method,com.android.systemui.volume.VolumeDialogControllerImpl.SettingObserver.onChange,packages/SystemUI/src/com/android/systemui/volume/VolumeDialogControllerImpl.java,923,923,0,-1,1,{'body_modify': '-'},[]
575513,Method,com.android.systemui.volume.VolumeDialogImpl.initDialog,packages/SystemUI/src/com/android/systemui/volume/VolumeDialogImpl.java,226,226,0,-1,1,{'body_modify': '-'},[]
575586,Method,com.android.systemui.volume.VolumeDialogImpl.initSettingsH,packages/SystemUI/src/com/android/systemui/volume/VolumeDialogImpl.java,516,516,0,-1,1,{'body_modify': '-'},[]
575586,Method,com.android.systemui.volume.VolumeDialogImpl.initSettingsH,packages/SystemUI/src/com/android/systemui/volume/VolumeDialogImpl.java,519,519,0,-1,1,{'body_modify': '-'},[]
575612,Method,com.android.systemui.volume.VolumeDialogImpl.dismissH,packages/SystemUI/src/com/android/systemui/volume/VolumeDialogImpl.java,680,680,0,-1,1,{'body_modify': '-'},[]
575612,Method,com.android.systemui.volume.VolumeDialogImpl.dismissH,packages/SystemUI/src/com/android/systemui/volume/VolumeDialogImpl.java,684,684,0,-1,1,{'body_modify': '-'},[]
575643,Method,com.android.systemui.volume.VolumeDialogImpl.trimObsoleteH,packages/SystemUI/src/com/android/systemui/volume/VolumeDialogImpl.java,843,843,0,-1,1,{'body_modify': '-'},[]
575646,Method,com.android.systemui.volume.VolumeDialogImpl.onStateChangedH,packages/SystemUI/src/com/android/systemui/volume/VolumeDialogImpl.java,870,870,0,-1,1,{'body_modify': '-'},[]
575993,Method,com.android.systemui.volume.ZenModePanel.updateWidgets,packages/SystemUI/src/com/android/systemui/volume/ZenModePanel.java,480,480,0,-1,1,{'body_modify': '-'},[]
577074,Method,com.android.systemui.power.PowerUITest.testShutdownBasedThreshold,packages/SystemUI/tests/src/com/android/systemui/power/PowerUITest.java,166,166,0,-1,1,{'body_modify': '-'},[]
578369,Method,com.android.systemui.statusbar.NotificationInfoTest.testBlockDoesNothingIfCheckSaveListenerIsNoOp,packages/SystemUI/tests/src/com/android/systemui/statusbar/NotificationInfoTest.java,801,801,0,-1,1,"{'rename': '-', 'body_modify': '-'}",[]
578924,Method,com.android.systemui.statusbar.phone.ScrimControllerTest.setup,packages/SystemUI/tests/src/com/android/systemui/statusbar/phone/ScrimControllerTest.java,96,96,0,-1,1,{'body_modify': '-'},[]
578929,Method,com.android.systemui.statusbar.phone.ScrimControllerTest.transitionToAod_withAodWallpaperAndLockScreenWallpaper,packages/SystemUI/tests/src/com/android/systemui/statusbar/phone/ScrimControllerTest.java,143,143,0,-1,1,{'body_modify': '-'},[]
609114,Method,com.android.server.am.ActivityManagerConstants.computeEmptyProcessLimit,services/core/java/com/android/server/am/ActivityManagerConstants.java,291,291,0,-1,1,{'body_modify': '-'},[]
609116,Method,com.android.server.am.ActivityManagerConstants.onChange,services/core/java/com/android/server/am/ActivityManagerConstants.java,304,304,0,-1,1,{'body_modify': '-'},[]
609109,Method,com.android.server.am.ActivityManagerConstants.start,services/core/java/com/android/server/am/ActivityManagerConstants.java,278,278,0,-1,1,{'body_modify': '-'},[]
609123,Method,com.android.server.am.ActivityManagerConstants.updateMaxCachedProcesses,services/core/java/com/android/server/am/ActivityManagerConstants.java,395,395,0,-1,1,{'body_modify': '-'},[]
609123,Method,com.android.server.am.ActivityManagerConstants.updateMaxCachedProcesses,services/core/java/com/android/server/am/ActivityManagerConstants.java,396,397,0,-1,1,{'body_modify': '-'},[]
611332,Method,com.android.server.am.ActivityManagerService.isAppForeground,services/core/java/com/android/server/am/ActivityManagerService.java,8900,8900,0,-1,1,{'body_modify': '-'},[]
614659,Method,com.android.server.am.ActivityManagerService.applyOomAdjLocked,services/core/java/com/android/server/am/ActivityManagerService.java,24806,24806,0,-1,1,{'body_modify': '-'},[]
616017,Method,com.android.server.am.ActivityMetricsLogger.notifyActivityLaunched,services/core/java/com/android/server/am/ActivityMetricsLogger.java,409,409,0,-1,1,{'body_modify': '-'},[]
616063,Method,com.android.server.am.ActivityMetricsLogger.reset,services/core/java/com/android/server/am/ActivityMetricsLogger.java,566,566,0,-1,1,"{'body_modify': '-', 'param_add': 'abort-abort info'}",[]
616052,Method,com.android.server.am.ActivityMetricsLogger.checkVisibility,services/core/java/com/android/server/am/ActivityMetricsLogger.java,518,518,0,-1,1,{'body_modify': '-'},[]
616052,Method,com.android.server.am.ActivityMetricsLogger.checkVisibility,services/core/java/com/android/server/am/ActivityMetricsLogger.java,526,526,0,-1,1,{'body_modify': '-'},[]
616073,Method,com.android.server.am.ActivityMetricsLogger.logAppTransitionMultiEvents,services/core/java/com/android/server/am/ActivityMetricsLogger.java,618,618,0,-1,1,{'body_modify': '-'},[]
616094,Method,com.android.server.am.ActivityMetricsLogger.logAppTransitionReportedDrawn,services/core/java/com/android/server/am/ActivityMetricsLogger.java,745,745,0,-1,1,"{'body_modify': '-', 'return_type_modify': 'void-com.android.server.am.ActivityMetricsLogger.WindowingModeTransitionInfoSnapshot'}",[]
616094,Method,com.android.server.am.ActivityMetricsLogger.logAppTransitionReportedDrawn,services/core/java/com/android/server/am/ActivityMetricsLogger.java,747,747,0,-1,1,"{'body_modify': '-', 'return_type_modify': 'void-com.android.server.am.ActivityMetricsLogger.WindowingModeTransitionInfoSnapshot'}",[]
616094,Method,com.android.server.am.ActivityMetricsLogger.logAppTransitionReportedDrawn,services/core/java/com/android/server/am/ActivityMetricsLogger.java,748,748,0,-1,1,"{'body_modify': '-', 'return_type_modify': 'void-com.android.server.am.ActivityMetricsLogger.WindowingModeTransitionInfoSnapshot'}",[]
616533,Method,com.android.server.am.ActivityRecord.completeResumeLocked,services/core/java/com/android/server/am/ActivityRecord.java,1887,1887,0,-1,1,{'body_modify': '-'},[]
616533,Method,com.android.server.am.ActivityRecord.completeResumeLocked,services/core/java/com/android/server/am/ActivityRecord.java,1888,1888,0,-1,1,{'body_modify': '-'},[]
616655,Method,com.android.server.am.ActivityRecord.computeBounds,services/core/java/com/android/server/am/ActivityRecord.java,2410,2410,0,-1,1,{'body_modify': '-'},[]
617086,Method,com.android.server.am.ActivityStack.startPausingLocked,services/core/java/com/android/server/am/ActivityStack.java,1449,1449,0,-1,1,{'body_modify': '-'},[]
618125,Method,com.android.server.am.ActivityStackSupervisor.sendWaitingVisibleReportLocked,services/core/java/com/android/server/am/ActivityStackSupervisor.java,1155,1155,0,-1,1,{'body_modify': '-'},[]
619099,Method,com.android.server.am.ActivityStartController.startActivityInPackage,services/core/java/com/android/server/am/ActivityStartController.java,258,271,0,-1,1,"{'body_modify': '-', 'param_add': 'uid realCallingPid realCallingUid callingPackage intent resolvedType resultTo resultWho requestCode startFlags options userId inTask reason validateIncomingUser-uid realCallingPid realCallingUid callingPackage intent resolvedType resultTo resultWho requestCode startFlags options userId inTask reason validateIncomingUser originatingPendingIntent'}",[]
619352,Method,com.android.server.am.ActivityStarter.startActivity,services/core/java/com/android/server/am/ActivityStarter.java,879,880,0,-1,1,"{'body_modify': '-', 'param_add': 'caller intent ephemeralIntent resolvedType aInfo rInfo voiceSession voiceInteractor resultTo resultWho requestCode callingPid callingUid callingPackage realCallingPid realCallingUid startFlags options ignoreTargetSecurity componentSpecified outActivity inTask allowPendingRemoteAnimationRegistryLookup-caller intent ephemeralIntent resolvedType aInfo rInfo voiceSession voiceInteractor resultTo resultWho requestCode callingPid callingUid callingPackage realCallingPid realCallingUid startFlags options ignoreTargetSecurity componentSpecified outActivity inTask allowPendingRemoteAnimationRegistryLookup originatingPendingIntent'}",[]
622965,Method,com.android.server.am.ProcessList.writeLmkd,services/core/java/com/android/server/am/ProcessList.java,851,851,0,-1,1,{'body_modify': '-'},[]
622965,Method,com.android.server.am.ProcessList.writeLmkd,services/core/java/com/android/server/am/ProcessList.java,856,856,0,-1,1,{'body_modify': '-'},[]
625652,Method,com.android.server.am.UserController.finishUserUnlockedCompleted,services/core/java/com/android/server/am/UserController.java,537,537,0,-1,1,{'body_modify': '-'},[]
626760,Method,com.android.server.AppOpsService.setUidMode,services/core/java/com/android/server/AppOpsService.java,1196,1197,0,-1,1,{'body_modify': '-'},[]
626760,Method,com.android.server.AppOpsService.setUidMode,services/core/java/com/android/server/AppOpsService.java,1197,1197,0,-1,1,{'body_modify': '-'},[]
626946,Method,com.android.server.AppOpsService.noteOperationUnchecked,services/core/java/com/android/server/AppOpsService.java,1879,1879,0,-1,1,"{'body_modify': '-', 'param_add': 'code uid packageName proxyUid proxyPackageName-code uid packageName proxyUid proxyPackageName avoidAskMode'}",[]
626946,Method,com.android.server.AppOpsService.noteOperationUnchecked,services/core/java/com/android/server/AppOpsService.java,1904,1904,0,-1,1,"{'body_modify': '-', 'param_add': 'code uid packageName proxyUid proxyPackageName-code uid packageName proxyUid proxyPackageName avoidAskMode'}",[]
626976,Method,com.android.server.AppOpsService.startOperation,services/core/java/com/android/server/AppOpsService.java,2032,2032,0,-1,1,{'body_modify': '-'},[]
626976,Method,com.android.server.AppOpsService.startOperation,services/core/java/com/android/server/AppOpsService.java,2035,2035,0,-1,1,{'body_modify': '-'},[]
627126,Method,com.android.server.AppOpsService.readUid,services/core/java/com/android/server/AppOpsService.java,2596,2596,0,-1,1,{'body_modify': '-'},[]
627126,Method,com.android.server.AppOpsService.readUid,services/core/java/com/android/server/AppOpsService.java,2603,2603,0,-1,1,{'body_modify': '-'},[]
627149,Method,com.android.server.AppOpsService.writeState,services/core/java/com/android/server/AppOpsService.java,2815,2815,0,-1,1,{'body_modify': '-'},[]
627149,Method,com.android.server.AppOpsService.writeState,services/core/java/com/android/server/AppOpsService.java,2819,2819,0,-1,1,{'body_modify': '-'},[]
629173,Method,com.android.server.audio.AudioService.setCurrentAudioRouteNameIfPossible,services/core/java/com/android/server/audio/AudioService.java,6094,6094,0,-1,1,"{'rename': '-', 'body_modify': '-'}",[]
630400,Method,com.android.server.BatteryService.onBootPhase,services/core/java/com/android/server/BatteryService.java,278,278,0,-1,1,{'body_modify': '-'},[]
630538,Method,com.android.server.BatteryService.Led.updateLightsLocked,services/core/java/com/android/server/BatteryService.java,1113,1113,0,-1,1,{'body_modify': '-'},[]
630538,Method,com.android.server.BatteryService.Led.updateLightsLocked,services/core/java/com/android/server/BatteryService.java,1117,1117,0,-1,1,{'body_modify': '-'},[]
634309,Method,com.android.server.connectivity.tethering.TetheringConfiguration.TetheringConfiguration,services/core/java/com/android/server/connectivity/tethering/TetheringConfiguration.java,112,112,0,-1,1,{'body_modify': '-'},[]
634643,Method,com.android.server.connectivity.tethering.UpstreamNetworkMonitor.handleNetCap,services/core/java/com/android/server/connectivity/tethering/UpstreamNetworkMonitor.java,286,286,0,-1,1,"{'body_modify': '-', 'param_add': 'network newNc-callbackType network newNc'}",[]
635040,Method,com.android.server.connectivity.Tethering.TetherMasterSM.chooseUpstreamType,services/core/java/com/android/server/connectivity/Tethering.java,1371,1371,0,-1,1,{'body_modify': '-'},[]
635072,Method,com.android.server.connectivity.Tethering.TetherMasterSM.TetherModeAliveState.enter,services/core/java/com/android/server/connectivity/Tethering.java,1550,1550,0,-1,1,{'body_modify': '-'},[]
636149,Method,com.android.server.ConnectivityService.NetworkStateTrackerHandler.maybeHandleNetworkMonitorMessage,services/core/java/com/android/server/ConnectivityService.java,2262,2262,0,-1,1,{'body_modify': '-'},[]
636463,Method,com.android.server.ConnectivityService.getAllVpnInfo,services/core/java/com/android/server/ConnectivityService.java,3750,3750,0,-1,1,"{'method_access_modify': 'public-private', 'body_modify': '-'}",[]
636476,Method,com.android.server.ConnectivityService.updateAllVpnsCapabilities,services/core/java/com/android/server/ConnectivityService.java,3824,3824,0,-1,1,{'body_modify': '-'},[]
636476,Method,com.android.server.ConnectivityService.updateAllVpnsCapabilities,services/core/java/com/android/server/ConnectivityService.java,3829,3829,0,-1,1,{'body_modify': '-'},[]
636557,Method,com.android.server.ConnectivityService.onUserRemoved,services/core/java/com/android/server/ConnectivityService.java,4162,4162,0,-1,1,{'body_modify': '-'},[]
636557,Method,com.android.server.ConnectivityService.onUserRemoved,services/core/java/com/android/server/ConnectivityService.java,4169,4169,0,-1,1,{'body_modify': '-'},[]
636550,Method,com.android.server.ConnectivityService.onUserAdded,services/core/java/com/android/server/ConnectivityService.java,4149,4149,0,-1,1,{'body_modify': '-'},[]
636550,Method,com.android.server.ConnectivityService.onUserAdded,services/core/java/com/android/server/ConnectivityService.java,4156,4156,0,-1,1,{'body_modify': '-'},[]
636568,Method,com.android.server.ConnectivityService.Anonymous_Class.onReceive,services/core/java/com/android/server/ConnectivityService.java,4188,4188,0,-1,1,{'body_modify': '-'},[]
636926,Method,com.android.server.ConnectivityService.getDefaultNetworks,services/core/java/com/android/server/ConnectivityService.java,5818,5818,0,-1,1,{'body_modify': '-'},[]
636930,Method,com.android.server.ConnectivityService.notifyIfacesChangedForNetworkStats,services/core/java/com/android/server/ConnectivityService.java,5834,5834,0,-1,1,{'body_modify': '-'},[]
637029,Method,com.android.server.ConsumerIrService.transmit,services/core/java/com/android/server/ConsumerIrService.java,97,97,0,-1,1,{'body_modify': '-'},[]
637029,Method,com.android.server.ConsumerIrService.transmit,services/core/java/com/android/server/ConsumerIrService.java,103,103,0,-1,1,{'body_modify': '-'},[]
637926,Method,com.android.server.content.SyncManager.computeSyncable,services/core/java/com/android/server/content/SyncManager.java,1180,1180,0,-1,1,{'body_modify': '-'},[]
638053,Method,com.android.server.content.SyncManager.scheduleSyncOperationH,services/core/java/com/android/server/content/SyncManager.java,1514,1514,0,-1,1,{'body_modify': '-'},[]
638085,Method,com.android.server.content.SyncManager.maybeRescheduleSync,services/core/java/com/android/server/content/SyncManager.java,1786,1786,0,-1,1,{'body_modify': '-'},[]
638126,Method,com.android.server.content.SyncManager.ActiveSyncContext.toString,services/core/java/com/android/server/content/SyncManager.java,1925,1925,0,-1,1,"{'body_modify': '-', 'param_add': 'sb-sb logSafe'}",[]
638407,Method,com.android.server.content.SyncManager.SyncHandler.handleSyncMessage,services/core/java/com/android/server/content/SyncManager.java,3152,3152,0,-1,1,{'body_modify': '-'},[]
638522,Method,com.android.server.content.SyncManager.SyncHandler.runBoundToAdapterH,services/core/java/com/android/server/content/SyncManager.java,3652,3652,0,-1,1,{'body_modify': '-'},[]
638540,Method,com.android.server.content.SyncManager.SyncHandler.runSyncFinishedOrCanceledH,services/core/java/com/android/server/content/SyncManager.java,3753,3753,0,-1,1,{'body_modify': '-'},[]
641566,Method,com.android.server.display.DisplayManagerService.systemReady,services/core/java/com/android/server/display/DisplayManagerService.java,420,420,0,-1,1,{'body_modify': '-'},[]
641581,Method,com.android.server.display.DisplayManagerService.setDisplayInfoOverrideFromWindowManagerInternal,services/core/java/com/android/server/display/DisplayManagerService.java,478,478,0,-1,1,{'body_modify': '-'},[]
641711,Method,com.android.server.display.DisplayManagerService.addLogicalDisplayLocked,services/core/java/com/android/server/display/DisplayManagerService.java,1019,1019,0,-1,1,{'body_modify': '-'},[]
641752,Method,com.android.server.display.DisplayManagerService.updateLogicalDisplaysLocked,services/core/java/com/android/server/display/DisplayManagerService.java,1162,1162,0,-1,1,{'body_modify': '-'},[]
642773,Method,com.android.server.display.LogicalDisplay.updateLocked,services/core/java/com/android/server/display/LogicalDisplay.java,259,259,0,-1,1,{'body_modify': '-'},[]
642784,Method,com.android.server.display.LogicalDisplay.configureDisplayLocked,services/core/java/com/android/server/display/LogicalDisplay.java,386,386,0,-1,1,{'body_modify': '-'},[]
642784,Method,com.android.server.display.LogicalDisplay.configureDisplayLocked,services/core/java/com/android/server/display/LogicalDisplay.java,387,387,0,-1,1,{'body_modify': '-'},[]
643748,Method,com.android.server.display.WifiDisplayController.updateWfdEnableState,services/core/java/com/android/server/display/WifiDisplayController.java,303,303,0,-1,1,{'body_modify': '-'},[]
643748,Method,com.android.server.display.WifiDisplayController.updateWfdEnableState,services/core/java/com/android/server/display/WifiDisplayController.java,331,331,0,-1,1,{'body_modify': '-'},[]
643770,Method,com.android.server.display.WifiDisplayController.stopPeerDiscovery,services/core/java/com/android/server/display/WifiDisplayController.java,429,429,0,-1,1,{'body_modify': '-'},[]
643775,Method,com.android.server.display.WifiDisplayController.requestPeers,services/core/java/com/android/server/display/WifiDisplayController.java,447,447,0,-1,1,{'body_modify': '-'},[]
643765,Method,com.android.server.display.WifiDisplayController.tryDiscoverPeers,services/core/java/com/android/server/display/WifiDisplayController.java,401,401,0,-1,1,{'body_modify': '-'},[]
643800,Method,com.android.server.display.WifiDisplayController.updateConnection,services/core/java/com/android/server/display/WifiDisplayController.java,594,594,0,-1,1,{'body_modify': '-'},[]
643800,Method,com.android.server.display.WifiDisplayController.updateConnection,services/core/java/com/android/server/display/WifiDisplayController.java,621,621,0,-1,1,{'body_modify': '-'},[]
643800,Method,com.android.server.display.WifiDisplayController.updateConnection,services/core/java/com/android/server/display/WifiDisplayController.java,659,659,0,-1,1,{'body_modify': '-'},[]
643800,Method,com.android.server.display.WifiDisplayController.updateConnection,services/core/java/com/android/server/display/WifiDisplayController.java,763,763,0,-1,1,{'body_modify': '-'},[]
643800,Method,com.android.server.display.WifiDisplayController.updateConnection,services/core/java/com/android/server/display/WifiDisplayController.java,771,772,0,-1,1,{'body_modify': '-'},[]
643800,Method,com.android.server.display.WifiDisplayController.updateConnection,services/core/java/com/android/server/display/WifiDisplayController.java,776,776,0,-1,1,{'body_modify': '-'},[]
643800,Method,com.android.server.display.WifiDisplayController.updateConnection,services/core/java/com/android/server/display/WifiDisplayController.java,816,816,0,-1,1,{'body_modify': '-'},[]
643796,Method,com.android.server.display.WifiDisplayController.connect,services/core/java/com/android/server/display/WifiDisplayController.java,551,551,0,-1,1,{'body_modify': '-'},[]
643848,Method,com.android.server.display.WifiDisplayController.handleConnectionChanged,services/core/java/com/android/server/display/WifiDisplayController.java,863,863,0,-1,1,{'body_modify': '-'},[]
644654,Method,com.android.server.fingerprint.AuthenticationClient.start,services/core/java/com/android/server/fingerprint/AuthenticationClient.java,271,271,0,-1,1,{'body_modify': '-'},[]
644654,Method,com.android.server.fingerprint.AuthenticationClient.start,services/core/java/com/android/server/fingerprint/AuthenticationClient.java,274,274,0,-1,1,{'body_modify': '-'},[]
644779,Method,com.android.server.fingerprint.EnrollClient.sendEnrollResult,services/core/java/com/android/server/fingerprint/EnrollClient.java,85,85,0,-1,1,{'body_modify': '-'},[]
644788,Method,com.android.server.fingerprint.EnrollClient.start,services/core/java/com/android/server/fingerprint/EnrollClient.java,114,114,0,-1,1,{'body_modify': '-'},[]
644957,Method,com.android.server.fingerprint.FingerprintService.handleError,services/core/java/com/android/server/fingerprint/FingerprintService.java,429,429,0,-1,1,{'body_modify': '-'},[]
644978,Method,com.android.server.fingerprint.FingerprintService.handleAcquired,services/core/java/com/android/server/fingerprint/FingerprintService.java,514,514,0,-1,1,{'body_modify': '-'},[]
650005,Method,com.android.server.input.InputManagerService.start,services/core/java/com/android/server/input/InputManagerService.java,353,353,0,-1,1,{'body_modify': '-'},[]
650005,Method,com.android.server.input.InputManagerService.start,services/core/java/com/android/server/input/InputManagerService.java,368,368,0,-1,1,{'body_modify': '-'},[]
650007,Method,com.android.server.input.InputManagerService.start.Anonymous_Class.onReceive,services/core/java/com/android/server/input/InputManagerService.java,361,361,0,-1,1,{'body_modify': '-'},[]
650986,Method,com.android.server.InputMethodManagerService.SettingsObserver.onChange,services/core/java/com/android/server/InputMethodManagerService.java,909,909,0,-1,1,{'body_modify': '-'},[]
650986,Method,com.android.server.InputMethodManagerService.SettingsObserver.onChange,services/core/java/com/android/server/InputMethodManagerService.java,911,911,0,-1,1,{'body_modify': '-'},[]
651112,Method,com.android.server.InputMethodManagerService.switchUserLocked,services/core/java/com/android/server/InputMethodManagerService.java,1507,1507,0,-1,1,{'body_modify': '-'},[]
651112,Method,com.android.server.InputMethodManagerService.switchUserLocked,services/core/java/com/android/server/InputMethodManagerService.java,1508,1508,0,-1,1,{'body_modify': '-'},[]
651125,Method,com.android.server.InputMethodManagerService.systemRunning,services/core/java/com/android/server/InputMethodManagerService.java,1549,1549,0,-1,1,{'body_modify': '-'},[]
651125,Method,com.android.server.InputMethodManagerService.systemRunning,services/core/java/com/android/server/InputMethodManagerService.java,1550,1550,0,-1,1,{'body_modify': '-'},[]
658337,Method,com.android.server.LocationManagerService.handleLocationChanged,services/core/java/com/android/server/LocationManagerService.java,3126,3126,0,-1,1,{'body_modify': '-'},[]
658951,Method,com.android.server.locksettings.LockSettingsService.checkCredential,services/core/java/com/android/server/locksettings/LockSettingsService.java,1677,1677,0,-1,1,{'body_modify': '-'},[]
658981,Method,com.android.server.locksettings.LockSettingsService.verifyCredential,services/core/java/com/android/server/locksettings/LockSettingsService.java,1814,1814,0,-1,1,{'body_modify': '-'},[]
659135,Method,com.android.server.locksettings.LockSettingsService.setLockCredentialWithAuthTokenLocked,services/core/java/com/android/server/locksettings/LockSettingsService.java,2535,2535,0,-1,1,{'body_modify': '-'},[]
659289,Method,com.android.server.locksettings.LockSettingsShellCommand.checkCredential,services/core/java/com/android/server/locksettings/LockSettingsShellCommand.java,184,184,0,-1,1,{'body_modify': '-'},[]
659280,Method,com.android.server.locksettings.LockSettingsShellCommand.runSetPattern,services/core/java/com/android/server/locksettings/LockSettingsShellCommand.java,138,138,0,-1,1,{'body_modify': '-'},[]
661467,Method,com.android.server.locksettings.SyntheticPasswordManager.AuthenticationToken.deriveKeyStorePassword,services/core/java/com/android/server/locksettings/SyntheticPasswordManager.java,168,168,0,-1,1,{'body_modify': '-'},[]
661470,Method,com.android.server.locksettings.SyntheticPasswordManager.AuthenticationToken.deriveVendorAuthSecret,services/core/java/com/android/server/locksettings/SyntheticPasswordManager.java,180,180,0,-1,1,{'body_modify': '-'},[]
661471,Method,com.android.server.locksettings.SyntheticPasswordManager.AuthenticationToken.derivePasswordHashFactor,services/core/java/com/android/server/locksettings/SyntheticPasswordManager.java,184,184,0,-1,1,{'body_modify': '-'},[]
661468,Method,com.android.server.locksettings.SyntheticPasswordManager.AuthenticationToken.deriveGkPassword,services/core/java/com/android/server/locksettings/SyntheticPasswordManager.java,172,172,0,-1,1,{'body_modify': '-'},[]
661469,Method,com.android.server.locksettings.SyntheticPasswordManager.AuthenticationToken.deriveDiskEncryptionKey,services/core/java/com/android/server/locksettings/SyntheticPasswordManager.java,176,176,0,-1,1,{'body_modify': '-'},[]
661477,Method,com.android.server.locksettings.SyntheticPasswordManager.AuthenticationToken.create,services/core/java/com/android/server/locksettings/SyntheticPasswordManager.java,201,201,0,-1,1,{'body_modify': '-'},[]
661690,Method,com.android.server.locksettings.SyntheticPasswordManager.unwrapSyntheticPasswordBlob,services/core/java/com/android/server/locksettings/SyntheticPasswordManager.java,985,985,0,-1,1,{'body_modify': '-'},[]
669675,Method,com.android.server.notification.ManagedServices.registerServiceLocked,services/core/java/com/android/server/notification/ManagedServices.java,1030,1030,0,-1,1,{'body_modify': '-'},[]
671117,Method,com.android.server.notification.NotificationManagerService.Anonymous_Class.removeForegroundServiceFlagFromNotification,services/core/java/com/android/server/notification/NotificationManagerService.java,4051,4052,0,-1,1,{'body_modify': '-'},[]
671290,Method,com.android.server.notification.NotificationManagerService.buzzBeepBlinkLocked,services/core/java/com/android/server/notification/NotificationManagerService.java,4872,4872,0,-1,1,{'body_modify': '-'},[]
671290,Method,com.android.server.notification.NotificationManagerService.buzzBeepBlinkLocked,services/core/java/com/android/server/notification/NotificationManagerService.java,4927,4927,0,-1,1,{'body_modify': '-'},[]
671290,Method,com.android.server.notification.NotificationManagerService.buzzBeepBlinkLocked,services/core/java/com/android/server/notification/NotificationManagerService.java,4939,4939,0,-1,1,{'body_modify': '-'},[]
671648,Method,com.android.server.notification.NotificationManagerService.updateLightsLocked,services/core/java/com/android/server/notification/NotificationManagerService.java,6126,6126,0,-1,1,{'body_modify': '-'},[]
672262,Method,com.android.server.notification.NotificationRecord.setInterruptive,services/core/java/com/android/server/notification/NotificationRecord.java,967,967,0,-1,1,{'body_modify': '-'},[]
672262,Method,com.android.server.notification.NotificationRecord.setInterruptive,services/core/java/com/android/server/notification/NotificationRecord.java,968,968,0,-1,1,{'body_modify': '-'},[]
672304,Method,com.android.server.notification.NotificationRecord.getLogMaker,services/core/java/com/android/server/notification/NotificationRecord.java,1148,1148,0,-1,1,{'body_modify': '-'},[]
675723,Method,com.android.server.PinnerService.onStart,services/core/java/com/android/server/PinnerService.java,191,191,0,-1,1,{'body_modify': '-'},[]
675724,Method,com.android.server.PinnerService.onSwitchUser,services/core/java/com/android/server/PinnerService.java,203,203,0,-1,1,{'body_modify': '-'},[]
675718,Method,com.android.server.PinnerService.PinnerService,services/core/java/com/android/server/PinnerService.java,177,177,0,-1,1,{'body_modify': '-'},[]
675718,Method,com.android.server.PinnerService.PinnerService,services/core/java/com/android/server/PinnerService.java,178,178,0,-1,1,{'body_modify': '-'},[]
675728,Method,com.android.server.PinnerService.update,services/core/java/com/android/server/PinnerService.java,223,223,0,-1,1,"{'body_modify': '-', 'param_add': 'updatedPackages-updatedPackages force'}",[]
675728,Method,com.android.server.PinnerService.update,services/core/java/com/android/server/PinnerService.java,226,226,0,-1,1,"{'body_modify': '-', 'param_add': 'updatedPackages-updatedPackages force'}",[]
675784,Method,com.android.server.PinnerService.getHomeInfo,services/core/java/com/android/server/PinnerService.java,383,383,0,-1,1,"{'rename': '-', 'body_modify': '-', 'return_type_modify': 'boolean-android.content.pm.ApplicationInfo'}",[]
675784,Method,com.android.server.PinnerService.getHomeInfo,services/core/java/com/android/server/PinnerService.java,384,384,0,-1,1,"{'rename': '-', 'body_modify': '-', 'return_type_modify': 'boolean-android.content.pm.ApplicationInfo'}",[]
675780,Method,com.android.server.PinnerService.getCameraInfo,services/core/java/com/android/server/PinnerService.java,358,359,0,-1,1,{'body_modify': '-'},[]
675780,Method,com.android.server.PinnerService.getCameraInfo,services/core/java/com/android/server/PinnerService.java,368,369,0,-1,1,{'body_modify': '-'},[]
675780,Method,com.android.server.PinnerService.getCameraInfo,services/core/java/com/android/server/PinnerService.java,376,377,0,-1,1,{'body_modify': '-'},[]
675805,Method,com.android.server.PinnerService.pinApp,services/core/java/com/android/server/PinnerService.java,456,456,0,-1,1,"{'rename': '-', 'param_modify': '-', 'extracted': '-'}","[{'type': 'Rename Method', 'source_name': 'com.android.server.PinnerService.pinCamera', 'source_param': 'userHandle'}]"
675805,Method,com.android.server.PinnerService.pinApp,services/core/java/com/android/server/PinnerService.java,467,467,0,-1,1,"{'rename': '-', 'param_modify': '-', 'extracted': '-'}","[{'type': 'Rename Method', 'source_name': 'com.android.server.PinnerService.pinCamera', 'source_param': 'userHandle'}]"
675821,Method,com.android.server.PinnerService.pinApp,services/core/java/com/android/server/PinnerService.java,543,543,0,-1,1,"{'rename': '-', 'param_modify': '-', 'body_modify': '-', 'param_add': 'userHandle-key appInfo'}","[{'type': 'Rename Method', 'source_name': 'com.android.server.PinnerService.handlePinCamera', 'source_param': 'userHandle'}]"
675821,Method,com.android.server.PinnerService.pinApp,services/core/java/com/android/server/PinnerService.java,549,549,0,-1,1,"{'rename': '-', 'param_modify': '-', 'body_modify': '-', 'param_add': 'userHandle-key appInfo'}","[{'type': 'Rename Method', 'source_name': 'com.android.server.PinnerService.handlePinCamera', 'source_param': 'userHandle'}]"
675900,Method,com.android.server.PinnerService.BinderService.dump,services/core/java/com/android/server/PinnerService.java,894,894,0,-1,1,{'body_modify': '-'},[]
675900,Method,com.android.server.PinnerService.BinderService.dump,services/core/java/com/android/server/PinnerService.java,908,908,0,-1,1,{'body_modify': '-'},[]
678698,Method,com.android.server.pm.PackageDexOptimizer.dexOptPath,services/core/java/com/android/server/pm/PackageDexOptimizer.java,294,294,0,-1,1,{'body_modify': '-'},[]
680096,Method,com.android.server.pm.PackageManagerService.handlePackagePostInstall,services/core/java/com/android/server/pm/PackageManagerService.java,2207,2208,0,-1,1,{'body_modify': '-'},[]
680190,Method,com.android.server.pm.PackageManagerService.PackageManagerService,services/core/java/com/android/server/pm/PackageManagerService.java,2478,2479,0,-1,1,{'body_modify': '-'},[]
680190,Method,com.android.server.pm.PackageManagerService.PackageManagerService,services/core/java/com/android/server/pm/PackageManagerService.java,3222,3223,0,-1,1,{'body_modify': '-'},[]
680190,Method,com.android.server.pm.PackageManagerService.PackageManagerService,services/core/java/com/android/server/pm/PackageManagerService.java,3224,3225,0,-1,1,{'body_modify': '-'},[]
680190,Method,com.android.server.pm.PackageManagerService.PackageManagerService,services/core/java/com/android/server/pm/PackageManagerService.java,3228,3229,0,-1,1,{'body_modify': '-'},[]
684459,Method,com.android.server.pm.PackageManagerService.systemReady,services/core/java/com/android/server/pm/PackageManagerService.java,21394,21394,0,-1,1,{'body_modify': '-'},[]
694640,Method,com.android.server.policy.PhoneWindowManager.PolicyHandler.handleMessage,services/core/java/com/android/server/policy/PhoneWindowManager.java,1055,1055,0,-1,1,{'body_modify': '-'},[]
694727,Method,com.android.server.policy.PhoneWindowManager.cancelPendingPowerKeyAction,services/core/java/com/android/server/policy/PhoneWindowManager.java,1662,1662,0,-1,1,{'body_modify': '-'},[]
694761,Method,com.android.server.policy.PhoneWindowManager.getResolvedLongPressOnPowerBehavior,services/core/java/com/android/server/policy/PhoneWindowManager.java,1907,1907,0,-1,1,{'body_modify': '-'},[]
694835,Method,com.android.server.policy.PhoneWindowManager.init,services/core/java/com/android/server/policy/PhoneWindowManager.java,2415,2415,0,-1,1,{'body_modify': '-'},[]
694914,Method,com.android.server.policy.PhoneWindowManager.updateSettings,services/core/java/com/android/server/policy/PhoneWindowManager.java,2898,2898,0,-1,1,{'body_modify': '-'},[]
695105,Method,com.android.server.policy.PhoneWindowManager.interceptKeyBeforeDispatching,services/core/java/com/android/server/policy/PhoneWindowManager.java,4154,4154,0,-1,1,{'body_modify': '-'},[]
695105,Method,com.android.server.policy.PhoneWindowManager.interceptKeyBeforeDispatching,services/core/java/com/android/server/policy/PhoneWindowManager.java,4170,4170,0,-1,1,{'body_modify': '-'},[]
695105,Method,com.android.server.policy.PhoneWindowManager.interceptKeyBeforeDispatching,services/core/java/com/android/server/policy/PhoneWindowManager.java,4204,4204,0,-1,1,{'body_modify': '-'},[]
695105,Method,com.android.server.policy.PhoneWindowManager.interceptKeyBeforeDispatching,services/core/java/com/android/server/policy/PhoneWindowManager.java,4217,4217,0,-1,1,{'body_modify': '-'},[]
695105,Method,com.android.server.policy.PhoneWindowManager.interceptKeyBeforeDispatching,services/core/java/com/android/server/policy/PhoneWindowManager.java,4250,4250,0,-1,1,{'body_modify': '-'},[]
695105,Method,com.android.server.policy.PhoneWindowManager.interceptKeyBeforeDispatching,services/core/java/com/android/server/policy/PhoneWindowManager.java,4262,4262,0,-1,1,{'body_modify': '-'},[]
695105,Method,com.android.server.policy.PhoneWindowManager.interceptKeyBeforeDispatching,services/core/java/com/android/server/policy/PhoneWindowManager.java,4417,4417,0,-1,1,{'body_modify': '-'},[]
695105,Method,com.android.server.policy.PhoneWindowManager.interceptKeyBeforeDispatching,services/core/java/com/android/server/policy/PhoneWindowManager.java,4543,4543,0,-1,1,{'body_modify': '-'},[]
695267,Method,com.android.server.policy.PhoneWindowManager.getLayoutHintLw,services/core/java/com/android/server/policy/PhoneWindowManager.java,5093,5093,0,-1,1,{'body_modify': '-'},[]
695267,Method,com.android.server.policy.PhoneWindowManager.getLayoutHintLw,services/core/java/com/android/server/policy/PhoneWindowManager.java,5094,5094,0,-1,1,{'body_modify': '-'},[]
695267,Method,com.android.server.policy.PhoneWindowManager.getLayoutHintLw,services/core/java/com/android/server/policy/PhoneWindowManager.java,5095,5095,0,-1,1,{'body_modify': '-'},[]
695391,Method,com.android.server.policy.PhoneWindowManager.layoutWindowLw,services/core/java/com/android/server/policy/PhoneWindowManager.java,5654,5654,0,-1,1,{'body_modify': '-'},[]
695391,Method,com.android.server.policy.PhoneWindowManager.layoutWindowLw,services/core/java/com/android/server/policy/PhoneWindowManager.java,5655,5655,0,-1,1,{'body_modify': '-'},[]
695391,Method,com.android.server.policy.PhoneWindowManager.layoutWindowLw,services/core/java/com/android/server/policy/PhoneWindowManager.java,5657,5657,0,-1,1,{'body_modify': '-'},[]
695391,Method,com.android.server.policy.PhoneWindowManager.layoutWindowLw,services/core/java/com/android/server/policy/PhoneWindowManager.java,5834,5834,0,-1,1,{'body_modify': '-'},[]
695391,Method,com.android.server.policy.PhoneWindowManager.layoutWindowLw,services/core/java/com/android/server/policy/PhoneWindowManager.java,5849,5849,0,-1,1,{'body_modify': '-'},[]
695391,Method,com.android.server.policy.PhoneWindowManager.layoutWindowLw,services/core/java/com/android/server/policy/PhoneWindowManager.java,5944,5944,0,-1,1,{'body_modify': '-'},[]
695391,Method,com.android.server.policy.PhoneWindowManager.layoutWindowLw,services/core/java/com/android/server/policy/PhoneWindowManager.java,5992,5992,0,-1,1,{'body_modify': '-'},[]
695446,Method,com.android.server.policy.PhoneWindowManager.applyPostLayoutPolicyLw,services/core/java/com/android/server/policy/PhoneWindowManager.java,6174,6174,0,-1,1,{'body_modify': '-'},[]
695467,Method,com.android.server.policy.PhoneWindowManager.topAppHidesStatusBar,services/core/java/com/android/server/policy/PhoneWindowManager.java,6416,6416,0,-1,1,{'body_modify': '-'},[]
695509,Method,com.android.server.policy.PhoneWindowManager.interceptKeyBeforeQueueing,services/core/java/com/android/server/policy/PhoneWindowManager.java,6668,6668,0,-1,1,{'body_modify': '-'},[]
695509,Method,com.android.server.policy.PhoneWindowManager.interceptKeyBeforeQueueing,services/core/java/com/android/server/policy/PhoneWindowManager.java,6689,6690,0,-1,1,{'body_modify': '-'},[]
695509,Method,com.android.server.policy.PhoneWindowManager.interceptKeyBeforeQueueing,services/core/java/com/android/server/policy/PhoneWindowManager.java,6704,6704,0,-1,1,{'body_modify': '-'},[]
695509,Method,com.android.server.policy.PhoneWindowManager.interceptKeyBeforeQueueing,services/core/java/com/android/server/policy/PhoneWindowManager.java,6730,6730,0,-1,1,{'body_modify': '-'},[]
695509,Method,com.android.server.policy.PhoneWindowManager.interceptKeyBeforeQueueing,services/core/java/com/android/server/policy/PhoneWindowManager.java,6732,6732,0,-1,1,{'body_modify': '-'},[]
695509,Method,com.android.server.policy.PhoneWindowManager.interceptKeyBeforeQueueing,services/core/java/com/android/server/policy/PhoneWindowManager.java,6734,6734,0,-1,1,{'body_modify': '-'},[]
695509,Method,com.android.server.policy.PhoneWindowManager.interceptKeyBeforeQueueing,services/core/java/com/android/server/policy/PhoneWindowManager.java,7053,7053,0,-1,1,{'body_modify': '-'},[]
695509,Method,com.android.server.policy.PhoneWindowManager.interceptKeyBeforeQueueing,services/core/java/com/android/server/policy/PhoneWindowManager.java,7061,7061,0,-1,1,{'body_modify': '-'},[]
695509,Method,com.android.server.policy.PhoneWindowManager.interceptKeyBeforeQueueing,services/core/java/com/android/server/policy/PhoneWindowManager.java,7098,7099,0,-1,1,{'body_modify': '-'},[]
695558,Method,com.android.server.policy.PhoneWindowManager.shouldDispatchInputWhenNonInteractive,services/core/java/com/android/server/policy/PhoneWindowManager.java,7273,7273,0,-1,1,{'body_modify': '-'},[]
695558,Method,com.android.server.policy.PhoneWindowManager.shouldDispatchInputWhenNonInteractive,services/core/java/com/android/server/policy/PhoneWindowManager.java,7275,7275,0,-1,1,{'body_modify': '-'},[]
695616,Method,com.android.server.policy.PhoneWindowManager.wakeUp,services/core/java/com/android/server/policy/PhoneWindowManager.java,7590,7590,0,-1,1,{'body_modify': '-'},[]
695696,Method,com.android.server.policy.PhoneWindowManager.rotationForOrientationLw,services/core/java/com/android/server/policy/PhoneWindowManager.java,8082,8083,0,-1,1,{'body_modify': '-'},[]
695773,Method,com.android.server.policy.PhoneWindowManager.applyLidSwitchState,services/core/java/com/android/server/policy/PhoneWindowManager.java,8604,8604,0,-1,1,{'body_modify': '-'},[]
695817,Method,com.android.server.policy.PhoneWindowManager.updateSystemUiVisibilityLw,services/core/java/com/android/server/policy/PhoneWindowManager.java,8920,8920,0,-1,1,{'body_modify': '-'},[]
695817,Method,com.android.server.policy.PhoneWindowManager.updateSystemUiVisibilityLw,services/core/java/com/android/server/policy/PhoneWindowManager.java,8925,8925,0,-1,1,{'body_modify': '-'},[]
695817,Method,com.android.server.policy.PhoneWindowManager.updateSystemUiVisibilityLw,services/core/java/com/android/server/policy/PhoneWindowManager.java,8939,8939,0,-1,1,{'body_modify': '-'},[]
695817,Method,com.android.server.policy.PhoneWindowManager.updateSystemUiVisibilityLw,services/core/java/com/android/server/policy/PhoneWindowManager.java,8948,8948,0,-1,1,{'body_modify': '-'},[]
695835,Method,com.android.server.policy.PhoneWindowManager.updateLightStatusBarLw,services/core/java/com/android/server/policy/PhoneWindowManager.java,8999,8999,0,-1,1,{'body_modify': '-'},[]
695853,Method,com.android.server.policy.PhoneWindowManager.updateSystemBarsLw,services/core/java/com/android/server/policy/PhoneWindowManager.java,9125,9125,0,-1,1,{'body_modify': '-'},[]
695841,Method,com.android.server.policy.PhoneWindowManager.chooseNavigationColorWindowLw,services/core/java/com/android/server/policy/PhoneWindowManager.java,9018,9018,0,-1,1,{'body_modify': '-'},[]
695841,Method,com.android.server.policy.PhoneWindowManager.chooseNavigationColorWindowLw,services/core/java/com/android/server/policy/PhoneWindowManager.java,9041,9041,0,-1,1,{'body_modify': '-'},[]
695847,Method,com.android.server.policy.PhoneWindowManager.updateLightNavigationBarLw,services/core/java/com/android/server/policy/PhoneWindowManager.java,9058,9058,0,-1,1,{'body_modify': '-'},[]
697858,Method,com.android.server.power.PowerManagerService.systemReady,services/core/java/com/android/server/power/PowerManagerService.java,798,798,0,-1,1,{'body_modify': '-'},[]
698022,Method,com.android.server.power.PowerManagerService.updateIsPoweredLocked,services/core/java/com/android/server/power/PowerManagerService.java,1819,1819,0,-1,1,{'body_modify': '-'},[]
698165,Method,com.android.server.power.PowerManagerService.shutdownOrRebootInternal.Anonymous_Class.run,services/core/java/com/android/server/power/PowerManagerService.java,2887,2887,0,-1,1,{'body_modify': '-'},[]
698323,Method,com.android.server.power.PowerManagerService.PowerManagerHandler.handleMessage,services/core/java/com/android/server/power/PowerManagerService.java,4005,4005,0,-1,1,{'body_modify': '-'},[]
698451,Method,com.android.server.power.PowerManagerService.BinderService.wakeUp,services/core/java/com/android/server/power/PowerManagerService.java,4427,4427,0,-1,1,{'body_modify': '-'},[]
700939,Method,com.android.server.statusbar.StatusBarManagerService.reboot,services/core/java/com/android/server/statusbar/StatusBarManagerService.java,991,991,0,-1,1,"{'body_modify': '-', 'param_add': 'safeMode-safeMode reason'}",[]
710422,Method,com.android.server.wm.AppWindowContainerController.H.handleMessage,services/core/java/com/android/server/wm/AppWindowContainerController.java,99,99,0,-1,1,{'body_modify': '-'},[]
710590,Method,com.android.server.wm.AppWindowThumbnail.AppWindowThumbnail,services/core/java/com/android/server/wm/AppWindowThumbnail.java,66,72,0,-1,1,{'body_modify': '-'},[]
710711,Method,com.android.server.wm.AppWindowToken.updateReportedVisibilityLocked,services/core/java/com/android/server/wm/AppWindowToken.java,359,359,0,-1,1,{'body_modify': '-'},[]
710882,Method,com.android.server.wm.AppWindowToken.checkAppWindowsReadyToShow,services/core/java/com/android/server/wm/AppWindowToken.java,1385,1385,0,-1,1,{'body_modify': '-'},[]
711602,Method,com.android.server.wm.DisplayContent.DisplayContent,services/core/java/com/android/server/wm/DisplayContent.java,777,780,0,-1,1,{'body_modify': '-'},[]
711643,Method,com.android.server.wm.DisplayContent.updateRotationUnchecked,services/core/java/com/android/server/wm/DisplayContent.java,1114,1114,0,-1,1,{'body_modify': '-'},[]
711643,Method,com.android.server.wm.DisplayContent.updateRotationUnchecked,services/core/java/com/android/server/wm/DisplayContent.java,1118,1118,0,-1,1,{'body_modify': '-'},[]
712281,Method,com.android.server.wm.DisplayContent.makeChildSurface,services/core/java/com/android/server/wm/DisplayContent.java,3904,3904,0,-1,1,{'body_modify': '-'},[]
714025,Method,com.android.server.wm.RootWindowContainer.MyHandler.handleMessage,services/core/java/com/android/server/wm/RootWindowContainer.java,1018,1019,0,-1,1,{'body_modify': '-'},[]
717641,Method,com.android.server.wm.WindowManagerService.relayoutWindow,services/core/java/com/android/server/wm/WindowManagerService.java,1895,1895,0,-1,1,{'body_modify': '-'},[]
719467,Method,com.android.server.wm.WindowState.dump,services/core/java/com/android/server/wm/WindowState.java,3500,3500,0,-1,1,{'body_modify': '-'},[]
719835,Method,com.android.server.wm.WindowStateAnimator.commitFinishDrawingLocked,services/core/java/com/android/server/wm/WindowStateAnimator.java,369,369,0,-1,1,{'body_modify': '-'},[]
719916,Method,com.android.server.wm.WindowStateAnimator.prepareSurfaceLocked,services/core/java/com/android/server/wm/WindowStateAnimator.java,1188,1188,0,-1,1,{'body_modify': '-'},[]
719961,Method,com.android.server.wm.WindowStateAnimator.seamlesslyRotate,services/core/java/com/android/server/wm/WindowStateAnimator.java,1519,1520,0,-1,1,"{'rename': '-', 'body_modify': '-'}",[]
720002,Method,com.android.server.wm.WindowSurfaceController.WindowSurfaceController,services/core/java/com/android/server/wm/WindowSurfaceController.java,106,107,0,-1,1,{'body_modify': '-'},[]
724479,Method,com.android.server.SystemServer.startBootstrapServices,services/java/com/android/server/SystemServer.java,704,704,0,-1,1,{'body_modify': '-'},[]
724488,Method,com.android.server.SystemServer.startOtherServices,services/java/com/android/server/SystemServer.java,1643,1643,0,-1,1,{'body_modify': '-'},[]
749427,Method,com.android.server.wm.utils.CoordinateTransformsTest.transformPhysicalToLogicalCoordinates_rot270,services/tests/servicestests/src/com/android/server/wm/utils/CoordinateTransformsTest.java,86,86,0,-1,1,{'body_modify': '-'},[]
749427,Method,com.android.server.wm.utils.CoordinateTransformsTest.transformPhysicalToLogicalCoordinates_rot270,services/tests/servicestests/src/com/android/server/wm/utils/CoordinateTransformsTest.java,87,87,0,-1,1,{'body_modify': '-'},[]
749426,Method,com.android.server.wm.utils.CoordinateTransformsTest.transformPhysicalToLogicalCoordinates_rot180,services/tests/servicestests/src/com/android/server/wm/utils/CoordinateTransformsTest.java,78,78,0,-1,1,{'body_modify': '-'},[]
749426,Method,com.android.server.wm.utils.CoordinateTransformsTest.transformPhysicalToLogicalCoordinates_rot180,services/tests/servicestests/src/com/android/server/wm/utils/CoordinateTransformsTest.java,79,79,0,-1,1,{'body_modify': '-'},[]
749425,Method,com.android.server.wm.utils.CoordinateTransformsTest.transformPhysicalToLogicalCoordinates_rot90,services/tests/servicestests/src/com/android/server/wm/utils/CoordinateTransformsTest.java,70,70,0,-1,1,{'body_modify': '-'},[]
749425,Method,com.android.server.wm.utils.CoordinateTransformsTest.transformPhysicalToLogicalCoordinates_rot90,services/tests/servicestests/src/com/android/server/wm/utils/CoordinateTransformsTest.java,71,71,0,-1,1,{'body_modify': '-'},[]
753664,Method,com.android.server.slice.PinnedSliceStateTest.setup,services/tests/uiservicestests/src/com/android/server/slice/PinnedSliceStateTest.java,79,79,0,-1,1,{'body_modify': '-'},[]
780885,Method,com.android.internal.telephony.cdma.SmsMessage.parseSms,telephony/java/com/android/internal/telephony/cdma/SmsMessage.java,712,712,0,-1,1,{'body_modify': '-'},[]
806247,Method,com.android.server.connectivity.tethering.UpstreamNetworkMonitorTest.TestNetworkAgent.sendLinkProperties,tests/net/java/com/android/server/connectivity/tethering/UpstreamNetworkMonitorTest.java,667,667,0,-1,1,"{'body_modify': '-', 'param_remove': 'lp-'}",[]
806243,Method,com.android.server.connectivity.tethering.UpstreamNetworkMonitorTest.TestNetworkAgent.fakeConnect,tests/net/java/com/android/server/connectivity/tethering/UpstreamNetworkMonitorTest.java,655,655,0,-1,1,{'body_modify': '-'},[]
806386,Method,com.android.server.connectivity.TetheringTest.prepareUsbTethering,tests/net/java/com/android/server/connectivity/TetheringTest.java,473,473,0,-1,1,{'body_modify': '-'},[]
811473,Method,android.testing.TestableContentResolver.addProvider,tests/testables/src/android/testing/TestableContentResolver.java,70,70,0,-1,1,{'body_modify': '-'},[]
