id,category,qualifiedName,file_path,startLine,endLine,not_aosp,old_aosp,isIntrusive,intrusiveModify,refactor
11270,Method,android.app.Activity.dumpInner,core/java/android/app/Activity.java,6371,6371,-2,-1,0,{},[]
11270,Method,android.app.Activity.dumpInner,core/java/android/app/Activity.java,6368,6368,-2,-1,0,{},[]
11357,Method,android.app.Activity.attach,core/java/android/app/Activity.java,7103,7103,-2,-1,0,{},[]
37950,Method,android.bluetooth.BluetoothA2dp.doBind,core/java/android/bluetooth/BluetoothA2dp.java,264,264,-2,-1,0,{},[]
65489,Method,android.hardware.Camera.Camera,core/java/android/hardware/Camera.java,575,575,-2,-1,0,{},[]
70895,Method,android.hardware.camera2.legacy.SurfaceTextureRenderer.makeCurrent,core/java/android/hardware/camera2/legacy/SurfaceTextureRenderer.java,526,526,-2,-1,0,{},[]
144466,Method,android.view.autofill.AutofillManager.dump,core/java/android/view/autofill/AutofillManager.java,2161,2161,-2,-1,0,{},[]
145412,Method,android.view.DisplayCutout.fromBoundingRect,core/java/android/view/DisplayCutout.java,329,329,-2,-1,0,{},[]
145412,Method,android.view.DisplayCutout.fromBoundingRect,core/java/android/view/DisplayCutout.java,334,334,-2,-1,0,{},[]
145412,Method,android.view.DisplayCutout.fromBoundingRect,core/java/android/view/DisplayCutout.java,330,330,-2,-1,0,{},[]
145412,Method,android.view.DisplayCutout.fromBoundingRect,core/java/android/view/DisplayCutout.java,328,328,-2,-1,0,{},[]
145412,Method,android.view.DisplayCutout.fromBoundingRect,core/java/android/view/DisplayCutout.java,331,331,-2,-1,0,{},[]
145418,Method,android.view.DisplayCutout.fromBounds,core/java/android/view/DisplayCutout.java,346,346,-2,-1,0,{},[]
145418,Method,android.view.DisplayCutout.fromBounds,core/java/android/view/DisplayCutout.java,352,352,-2,-1,0,{},[]
145418,Method,android.view.DisplayCutout.fromBounds,core/java/android/view/DisplayCutout.java,351,351,-2,-1,0,{},[]
145418,Method,android.view.DisplayCutout.fromBounds,core/java/android/view/DisplayCutout.java,345,345,-2,-1,0,{},[]
145418,Method,android.view.DisplayCutout.fromBounds,core/java/android/view/DisplayCutout.java,350,350,-2,-1,0,{},[]
145418,Method,android.view.DisplayCutout.fromBounds,core/java/android/view/DisplayCutout.java,347,348,-2,-1,0,{},[]
145418,Method,android.view.DisplayCutout.fromBounds,core/java/android/view/DisplayCutout.java,344,344,-2,-1,0,{},[]
145436,Method,android.view.DisplayCutout.pathAndDisplayCutoutFromSpec,core/java/android/view/DisplayCutout.java,448,448,-2,-1,0,{},[]
154942,Method,android.view.textclassifier.TextClassifierImpl.getNative,core/java/android/view/textclassifier/TextClassifierImpl.java,309,309,-2,-1,0,{},[]
163523,Method,android.view.ViewRootImpl.ensureInsetsNonNegative,core/java/android/view/ViewRootImpl.java,1644,1644,-2,-1,0,{},[]
163535,Method,android.view.ViewRootImpl.performTraversals,core/java/android/view/ViewRootImpl.java,2235,2235,-2,-1,0,{},[]
692647,Method,com.android.server.policy.PolicyControl.getSystemUiVisibility,services/core/java/com/android/server/policy/PolicyControl.java,68,68,-2,-1,0,{},[]
692647,Method,com.android.server.policy.PolicyControl.getSystemUiVisibility,services/core/java/com/android/server/policy/PolicyControl.java,67,67,-2,-1,0,{},[]
692651,Method,com.android.server.policy.PolicyControl.getWindowFlags,services/core/java/com/android/server/policy/PolicyControl.java,88,88,-2,-1,0,{},[]
692655,Method,com.android.server.policy.PolicyControl.adjustClearableFlags,services/core/java/com/android/server/policy/PolicyControl.java,102,102,-2,-1,0,{},[]
172951,Method,android.widget.AnalogClock.AnalogClock,core/java/android/widget/AnalogClock.java,96,96,-2,-1,0,{},[]
172958,Method,android.widget.AnalogClock.onAttachedToWindow,core/java/android/widget/AnalogClock.java,129,129,-2,-1,0,{},[]
172990,Method,android.widget.AnalogClock.onTimeChanged,core/java/android/widget/AnalogClock.java,238,238,-2,-1,0,{},[]
172996,Method,android.widget.AnalogClock.Anonymous_Class.onReceive,core/java/android/widget/AnalogClock.java,256,256,-2,-1,0,{},[]
173000,Method,android.widget.AnalogClock.updateContentDescription,core/java/android/widget/AnalogClock.java,268,268,-2,-1,0,{},[]
175384,Method,android.widget.DateTimeView.setTime,core/java/android/widget/DateTimeView.java,129,129,-2,-1,0,{},[]
175384,Method,android.widget.DateTimeView.setTime,core/java/android/widget/DateTimeView.java,128,128,-2,-1,0,{},[]
175384,Method,android.widget.DateTimeView.setTime,core/java/android/widget/DateTimeView.java,130,130,-2,-1,0,{},[]
175392,Method,android.widget.DateTimeView.update,core/java/android/widget/DateTimeView.java,165,165,-2,-1,0,{},[]
175392,Method,android.widget.DateTimeView.update,core/java/android/widget/DateTimeView.java,164,164,-2,-1,0,{},[]
175392,Method,android.widget.DateTimeView.update,core/java/android/widget/DateTimeView.java,181,181,-2,-1,0,{},[]
175392,Method,android.widget.DateTimeView.update,core/java/android/widget/DateTimeView.java,169,169,-2,-1,0,{},[]
175417,Method,android.widget.DateTimeView.dayDistance,core/java/android/widget/DateTimeView.java,331,331,-2,-1,0,{},[]
197951,Method,com.android.internal.app.IntentForwarderActivity.onCreate,core/java/com/android/internal/app/IntentForwarderActivity.java,128,128,-2,-1,0,{},[]
197951,Method,com.android.internal.app.IntentForwarderActivity.onCreate,core/java/com/android/internal/app/IntentForwarderActivity.java,97,97,-2,-1,0,{},[]
197951,Method,com.android.internal.app.IntentForwarderActivity.onCreate,core/java/com/android/internal/app/IntentForwarderActivity.java,128,128,-2,-1,0,{},[]
197951,Method,com.android.internal.app.IntentForwarderActivity.onCreate,core/java/com/android/internal/app/IntentForwarderActivity.java,128,128,-2,-1,0,{},[]
201901,Method,com.android.internal.colorextraction.ColorExtractor.ColorExtractor,core/java/com/android/internal/colorextraction/ColorExtractor.java,86,86,-2,-1,0,{},[]
201901,Method,com.android.internal.colorextraction.ColorExtractor.ColorExtractor,core/java/com/android/internal/colorextraction/ColorExtractor.java,93,96,-2,-1,0,{},[]
201901,Method,com.android.internal.colorextraction.ColorExtractor.ColorExtractor,core/java/com/android/internal/colorextraction/ColorExtractor.java,89,89,-2,-1,0,{},[]
201901,Method,com.android.internal.colorextraction.ColorExtractor.ColorExtractor,core/java/com/android/internal/colorextraction/ColorExtractor.java,87,87,-2,-1,0,{},[]
201901,Method,com.android.internal.colorextraction.ColorExtractor.ColorExtractor,core/java/com/android/internal/colorextraction/ColorExtractor.java,76,76,-2,-1,0,{},[]
203865,Method,com.android.internal.hardware.AmbientDisplayConfiguration.alwaysOnEnabled,core/java/com/android/internal/hardware/AmbientDisplayConfiguration.java,104,104,-2,-1,0,{},[]
210185,Method,com.android.internal.os.KernelCpuProcReader.readBytes,core/java/com/android/internal/os/KernelCpuProcReader.java,122,122,-2,-1,0,{},[]
221777,Method,com.android.internal.view.RotationPolicy.getRotationLockOrientation,core/java/com/android/internal/view/RotationPolicy.java,76,76,-2,-1,0,{},[]
221786,Method,com.android.internal.view.RotationPolicy.setRotationLock,core/java/com/android/internal/view/RotationPolicy.java,112,112,-2,-1,0,{},[]
226561,Method,com.android.internal.widget.LockPatternUtils.patternToString,core/java/com/android/internal/widget/LockPatternUtils.java,1079,1079,-2,-1,0,{},[]
226561,Method,com.android.internal.widget.LockPatternUtils.patternToString,core/java/com/android/internal/widget/LockPatternUtils.java,1079,1079,-2,-1,0,{},[]
227119,Method,com.android.internal.widget.LockPatternView.handleActionUp,core/java/com/android/internal/widget/LockPatternView.java,1005,1005,-2,-1,0,{},[]
439159,Method,android.security.keystore.AttestationUtils.prepareAttestationArguments,keystore/java/android/security/keystore/AttestationUtils.java,125,125,-2,-1,0,{},[]
439159,Method,android.security.keystore.AttestationUtils.prepareAttestationArguments,keystore/java/android/security/keystore/AttestationUtils.java,124,124,-2,-1,0,{},[]
439159,Method,android.security.keystore.AttestationUtils.prepareAttestationArguments,keystore/java/android/security/keystore/AttestationUtils.java,159,159,-2,-1,0,{},[]
439159,Method,android.security.keystore.AttestationUtils.prepareAttestationArguments,keystore/java/android/security/keystore/AttestationUtils.java,137,138,-2,-1,0,{},[]
439159,Method,android.security.keystore.AttestationUtils.prepareAttestationArguments,keystore/java/android/security/keystore/AttestationUtils.java,140,140,-2,-1,0,{},[]
439159,Method,android.security.keystore.AttestationUtils.prepareAttestationArguments,keystore/java/android/security/keystore/AttestationUtils.java,150,150,-2,-1,0,{},[]
439159,Method,android.security.keystore.AttestationUtils.prepareAttestationArguments,keystore/java/android/security/keystore/AttestationUtils.java,147,147,-2,-1,0,{},[]
439900,Method,android.security.keystore.ParcelableKeyGenParameterSpec.ParcelableKeyGenParameterSpec,keystore/java/android/security/keystore/ParcelableKeyGenParameterSpec.java,158,158,-2,-1,0,{},[]
439900,Method,android.security.keystore.ParcelableKeyGenParameterSpec.ParcelableKeyGenParameterSpec,keystore/java/android/security/keystore/ParcelableKeyGenParameterSpec.java,162,162,-2,-1,0,{},[]
439900,Method,android.security.keystore.ParcelableKeyGenParameterSpec.ParcelableKeyGenParameterSpec,keystore/java/android/security/keystore/ParcelableKeyGenParameterSpec.java,149,149,-2,-1,0,{},[]
439900,Method,android.security.keystore.ParcelableKeyGenParameterSpec.ParcelableKeyGenParameterSpec,keystore/java/android/security/keystore/ParcelableKeyGenParameterSpec.java,169,169,-2,-1,0,{},[]
439900,Method,android.security.keystore.ParcelableKeyGenParameterSpec.ParcelableKeyGenParameterSpec,keystore/java/android/security/keystore/ParcelableKeyGenParameterSpec.java,164,164,-2,-1,0,{},[]
439900,Method,android.security.keystore.ParcelableKeyGenParameterSpec.ParcelableKeyGenParameterSpec,keystore/java/android/security/keystore/ParcelableKeyGenParameterSpec.java,159,159,-2,-1,0,{},[]
439900,Method,android.security.keystore.ParcelableKeyGenParameterSpec.ParcelableKeyGenParameterSpec,keystore/java/android/security/keystore/ParcelableKeyGenParameterSpec.java,168,168,-2,-1,0,{},[]
439900,Method,android.security.keystore.ParcelableKeyGenParameterSpec.ParcelableKeyGenParameterSpec,keystore/java/android/security/keystore/ParcelableKeyGenParameterSpec.java,161,161,-2,-1,0,{},[]
439900,Method,android.security.keystore.ParcelableKeyGenParameterSpec.ParcelableKeyGenParameterSpec,keystore/java/android/security/keystore/ParcelableKeyGenParameterSpec.java,145,145,-2,-1,0,{},[]
439900,Method,android.security.keystore.ParcelableKeyGenParameterSpec.ParcelableKeyGenParameterSpec,keystore/java/android/security/keystore/ParcelableKeyGenParameterSpec.java,167,167,-2,-1,0,{},[]
439900,Method,android.security.keystore.ParcelableKeyGenParameterSpec.ParcelableKeyGenParameterSpec,keystore/java/android/security/keystore/ParcelableKeyGenParameterSpec.java,148,148,-2,-1,0,{},[]
439900,Method,android.security.keystore.ParcelableKeyGenParameterSpec.ParcelableKeyGenParameterSpec,keystore/java/android/security/keystore/ParcelableKeyGenParameterSpec.java,119,120,-2,-1,0,{},[]
439900,Method,android.security.keystore.ParcelableKeyGenParameterSpec.ParcelableKeyGenParameterSpec,keystore/java/android/security/keystore/ParcelableKeyGenParameterSpec.java,153,153,-2,-1,0,{},[]
439900,Method,android.security.keystore.ParcelableKeyGenParameterSpec.ParcelableKeyGenParameterSpec,keystore/java/android/security/keystore/ParcelableKeyGenParameterSpec.java,126,126,-2,-1,0,{},[]
439900,Method,android.security.keystore.ParcelableKeyGenParameterSpec.ParcelableKeyGenParameterSpec,keystore/java/android/security/keystore/ParcelableKeyGenParameterSpec.java,160,160,-2,-1,0,{},[]
439900,Method,android.security.keystore.ParcelableKeyGenParameterSpec.ParcelableKeyGenParameterSpec,keystore/java/android/security/keystore/ParcelableKeyGenParameterSpec.java,147,147,-2,-1,0,{},[]
439900,Method,android.security.keystore.ParcelableKeyGenParameterSpec.ParcelableKeyGenParameterSpec,keystore/java/android/security/keystore/ParcelableKeyGenParameterSpec.java,150,150,-2,-1,0,{},[]
439900,Method,android.security.keystore.ParcelableKeyGenParameterSpec.ParcelableKeyGenParameterSpec,keystore/java/android/security/keystore/ParcelableKeyGenParameterSpec.java,121,121,-2,-1,0,{},[]
439900,Method,android.security.keystore.ParcelableKeyGenParameterSpec.ParcelableKeyGenParameterSpec,keystore/java/android/security/keystore/ParcelableKeyGenParameterSpec.java,156,156,-2,-1,0,{},[]
439900,Method,android.security.keystore.ParcelableKeyGenParameterSpec.ParcelableKeyGenParameterSpec,keystore/java/android/security/keystore/ParcelableKeyGenParameterSpec.java,166,166,-2,-1,0,{},[]
439900,Method,android.security.keystore.ParcelableKeyGenParameterSpec.ParcelableKeyGenParameterSpec,keystore/java/android/security/keystore/ParcelableKeyGenParameterSpec.java,151,151,-2,-1,0,{},[]
439900,Method,android.security.keystore.ParcelableKeyGenParameterSpec.ParcelableKeyGenParameterSpec,keystore/java/android/security/keystore/ParcelableKeyGenParameterSpec.java,163,163,-2,-1,0,{},[]
439900,Method,android.security.keystore.ParcelableKeyGenParameterSpec.ParcelableKeyGenParameterSpec,keystore/java/android/security/keystore/ParcelableKeyGenParameterSpec.java,165,165,-2,-1,0,{},[]
439900,Method,android.security.keystore.ParcelableKeyGenParameterSpec.ParcelableKeyGenParameterSpec,keystore/java/android/security/keystore/ParcelableKeyGenParameterSpec.java,152,152,-2,-1,0,{},[]
482777,Method,com.android.mediaframeworktest.stress.Camera2RecordingTest.startRecording,media/tests/MediaFrameworkTest/src/com/android/mediaframeworktest/stress/Camera2RecordingTest.java,875,875,-2,-1,0,{},[]
484895,Method,android.mtp.MtpStorageManagerTest.testObjectAdded,media/tests/MtpTests/src/android/mtp/MtpStorageManagerTest.java,472,472,-2,-1,0,{},[]
484907,Method,android.mtp.MtpStorageManagerTest.testObjectMoved,media/tests/MtpTests/src/android/mtp/MtpStorageManagerTest.java,534,534,-2,-1,0,{},[]
484911,Method,android.mtp.MtpStorageManagerTest.testSendObjectSuccess,media/tests/MtpTests/src/android/mtp/MtpStorageManagerTest.java,564,564,-2,-1,0,{},[]
484916,Method,android.mtp.MtpStorageManagerTest.testSendObjectSuccessDir,media/tests/MtpTests/src/android/mtp/MtpStorageManagerTest.java,593,593,-2,-1,0,{},[]
484922,Method,android.mtp.MtpStorageManagerTest.testSendObjectSuccessDelayed,media/tests/MtpTests/src/android/mtp/MtpStorageManagerTest.java,612,612,-2,-1,0,{},[]
484927,Method,android.mtp.MtpStorageManagerTest.testSendObjectSuccessDirDelayed,media/tests/MtpTests/src/android/mtp/MtpStorageManagerTest.java,639,639,-2,-1,0,{},[]
484942,Method,android.mtp.MtpStorageManagerTest.testSendObjectFailedDeleted,media/tests/MtpTests/src/android/mtp/MtpStorageManagerTest.java,692,692,-2,-1,0,{},[]
484947,Method,android.mtp.MtpStorageManagerTest.testSendObjectFailedAdded,media/tests/MtpTests/src/android/mtp/MtpStorageManagerTest.java,722,722,-2,-1,0,{},[]
484958,Method,android.mtp.MtpStorageManagerTest.testRemoveObjectDir,media/tests/MtpTests/src/android/mtp/MtpStorageManagerTest.java,767,767,-2,-1,0,{},[]
484977,Method,android.mtp.MtpStorageManagerTest.testCopyObjectSuccess,media/tests/MtpTests/src/android/mtp/MtpStorageManagerTest.java,878,878,-2,-1,0,{},[]
484984,Method,android.mtp.MtpStorageManagerTest.testCopyObjectSuccessRecursive,media/tests/MtpTests/src/android/mtp/MtpStorageManagerTest.java,903,903,-2,-1,0,{},[]
484998,Method,android.mtp.MtpStorageManagerTest.testCopyObjectFailed,media/tests/MtpTests/src/android/mtp/MtpStorageManagerTest.java,950,950,-2,-1,0,{},[]
485005,Method,android.mtp.MtpStorageManagerTest.testCopyObjectFailedAdded,media/tests/MtpTests/src/android/mtp/MtpStorageManagerTest.java,972,972,-2,-1,0,{},[]
485013,Method,android.mtp.MtpStorageManagerTest.testCopyObjectFailedDeleted,media/tests/MtpTests/src/android/mtp/MtpStorageManagerTest.java,1002,1002,-2,-1,0,{},[]
485020,Method,android.mtp.MtpStorageManagerTest.testRenameObjectSuccess,media/tests/MtpTests/src/android/mtp/MtpStorageManagerTest.java,1025,1025,-2,-1,0,{},[]
485028,Method,android.mtp.MtpStorageManagerTest.testRenameObjectDirVisitedSuccess,media/tests/MtpTests/src/android/mtp/MtpStorageManagerTest.java,1091,1091,-2,-1,0,{},[]
485032,Method,android.mtp.MtpStorageManagerTest.testRenameObjectDelayed,media/tests/MtpTests/src/android/mtp/MtpStorageManagerTest.java,1101,1101,-2,-1,0,{},[]
485036,Method,android.mtp.MtpStorageManagerTest.testRenameObjectDirVisitedDelayed,media/tests/MtpTests/src/android/mtp/MtpStorageManagerTest.java,1140,1140,-2,-1,0,{},[]
485040,Method,android.mtp.MtpStorageManagerTest.testRenameObjectFailed,media/tests/MtpTests/src/android/mtp/MtpStorageManagerTest.java,1150,1150,-2,-1,0,{},[]
485043,Method,android.mtp.MtpStorageManagerTest.testRenameObjectFailedOldRemoved,media/tests/MtpTests/src/android/mtp/MtpStorageManagerTest.java,1167,1167,-2,-1,0,{},[]
485046,Method,android.mtp.MtpStorageManagerTest.testRenameObjectFailedNewAdded,media/tests/MtpTests/src/android/mtp/MtpStorageManagerTest.java,1186,1186,-2,-1,0,{},[]
485049,Method,android.mtp.MtpStorageManagerTest.testMoveObjectSuccess,media/tests/MtpTests/src/android/mtp/MtpStorageManagerTest.java,1205,1205,-2,-1,0,{},[]
485061,Method,android.mtp.MtpStorageManagerTest.testMoveObjectDirVisitedSuccess,media/tests/MtpTests/src/android/mtp/MtpStorageManagerTest.java,1292,1292,-2,-1,0,{},[]
485067,Method,android.mtp.MtpStorageManagerTest.testMoveObjectDelayed,media/tests/MtpTests/src/android/mtp/MtpStorageManagerTest.java,1302,1302,-2,-1,0,{},[]
485073,Method,android.mtp.MtpStorageManagerTest.testMoveObjectDirVisitedDelayed,media/tests/MtpTests/src/android/mtp/MtpStorageManagerTest.java,1357,1357,-2,-1,0,{},[]
485079,Method,android.mtp.MtpStorageManagerTest.testMoveObjectFailed,media/tests/MtpTests/src/android/mtp/MtpStorageManagerTest.java,1367,1367,-2,-1,0,{},[]
485084,Method,android.mtp.MtpStorageManagerTest.testMoveObjectFailedOldRemoved,media/tests/MtpTests/src/android/mtp/MtpStorageManagerTest.java,1391,1391,-2,-1,0,{},[]
485089,Method,android.mtp.MtpStorageManagerTest.testMoveObjectFailedNewAdded,media/tests/MtpTests/src/android/mtp/MtpStorageManagerTest.java,1417,1417,-2,-1,0,{},[]
485094,Method,android.mtp.MtpStorageManagerTest.testMoveObjectXStorageSuccess,media/tests/MtpTests/src/android/mtp/MtpStorageManagerTest.java,1443,1443,-2,-1,0,{},[]
485102,Method,android.mtp.MtpStorageManagerTest.testMoveObjectXStorageDirVisitedSuccess,media/tests/MtpTests/src/android/mtp/MtpStorageManagerTest.java,1524,1524,-2,-1,0,{},[]
485106,Method,android.mtp.MtpStorageManagerTest.testMoveObjectXStorageDelayed,media/tests/MtpTests/src/android/mtp/MtpStorageManagerTest.java,1534,1534,-2,-1,0,{},[]
485110,Method,android.mtp.MtpStorageManagerTest.testMoveObjectXStorageDirVisitedDelayed,media/tests/MtpTests/src/android/mtp/MtpStorageManagerTest.java,1585,1585,-2,-1,0,{},[]
485114,Method,android.mtp.MtpStorageManagerTest.testMoveObjectXStorageFailed,media/tests/MtpTests/src/android/mtp/MtpStorageManagerTest.java,1595,1595,-2,-1,0,{},[]
485117,Method,android.mtp.MtpStorageManagerTest.testMoveObjectXStorageFailedOldRemoved,media/tests/MtpTests/src/android/mtp/MtpStorageManagerTest.java,1616,1616,-2,-1,0,{},[]
485120,Method,android.mtp.MtpStorageManagerTest.testMoveObjectXStorageFailedNewAdded,media/tests/MtpTests/src/android/mtp/MtpStorageManagerTest.java,1639,1639,-2,-1,0,{},[]
508119,Method,com.android.settingslib.bluetooth.A2dpProfile.getHighQualityAudioOptionLabel,packages/SettingsLib/src/com/android/settingslib/bluetooth/A2dpProfile.java,272,272,-2,-1,0,{},[]
511924,Method,com.android.settingslib.graph.BatteryMeterDrawableBase.BatteryMeterDrawableBase,packages/SettingsLib/src/com/android/settingslib/graph/BatteryMeterDrawableBase.java,108,108,-2,-1,0,{},[]
511924,Method,com.android.settingslib.graph.BatteryMeterDrawableBase.BatteryMeterDrawableBase,packages/SettingsLib/src/com/android/settingslib/graph/BatteryMeterDrawableBase.java,165,166,-2,-1,0,{},[]
511924,Method,com.android.settingslib.graph.BatteryMeterDrawableBase.BatteryMeterDrawableBase,packages/SettingsLib/src/com/android/settingslib/graph/BatteryMeterDrawableBase.java,110,110,-2,-1,0,{},[]
511924,Method,com.android.settingslib.graph.BatteryMeterDrawableBase.BatteryMeterDrawableBase,packages/SettingsLib/src/com/android/settingslib/graph/BatteryMeterDrawableBase.java,129,129,-2,-1,0,{},[]
511924,Method,com.android.settingslib.graph.BatteryMeterDrawableBase.BatteryMeterDrawableBase,packages/SettingsLib/src/com/android/settingslib/graph/BatteryMeterDrawableBase.java,142,142,-2,-1,0,{},[]
511924,Method,com.android.settingslib.graph.BatteryMeterDrawableBase.BatteryMeterDrawableBase,packages/SettingsLib/src/com/android/settingslib/graph/BatteryMeterDrawableBase.java,112,112,-2,-1,0,{},[]
511924,Method,com.android.settingslib.graph.BatteryMeterDrawableBase.BatteryMeterDrawableBase,packages/SettingsLib/src/com/android/settingslib/graph/BatteryMeterDrawableBase.java,110,110,-2,-1,0,{},[]
511924,Method,com.android.settingslib.graph.BatteryMeterDrawableBase.BatteryMeterDrawableBase,packages/SettingsLib/src/com/android/settingslib/graph/BatteryMeterDrawableBase.java,132,132,-2,-1,0,{},[]
511924,Method,com.android.settingslib.graph.BatteryMeterDrawableBase.BatteryMeterDrawableBase,packages/SettingsLib/src/com/android/settingslib/graph/BatteryMeterDrawableBase.java,140,140,-2,-1,0,{},[]
511924,Method,com.android.settingslib.graph.BatteryMeterDrawableBase.BatteryMeterDrawableBase,packages/SettingsLib/src/com/android/settingslib/graph/BatteryMeterDrawableBase.java,118,118,-2,-1,0,{},[]
511924,Method,com.android.settingslib.graph.BatteryMeterDrawableBase.BatteryMeterDrawableBase,packages/SettingsLib/src/com/android/settingslib/graph/BatteryMeterDrawableBase.java,130,130,-2,-1,0,{},[]
511924,Method,com.android.settingslib.graph.BatteryMeterDrawableBase.BatteryMeterDrawableBase,packages/SettingsLib/src/com/android/settingslib/graph/BatteryMeterDrawableBase.java,141,141,-2,-1,0,{},[]
511924,Method,com.android.settingslib.graph.BatteryMeterDrawableBase.BatteryMeterDrawableBase,packages/SettingsLib/src/com/android/settingslib/graph/BatteryMeterDrawableBase.java,115,115,-2,-1,0,{},[]
511924,Method,com.android.settingslib.graph.BatteryMeterDrawableBase.BatteryMeterDrawableBase,packages/SettingsLib/src/com/android/settingslib/graph/BatteryMeterDrawableBase.java,119,120,-2,-1,0,{},[]
511924,Method,com.android.settingslib.graph.BatteryMeterDrawableBase.BatteryMeterDrawableBase,packages/SettingsLib/src/com/android/settingslib/graph/BatteryMeterDrawableBase.java,121,122,-2,-1,0,{},[]
511924,Method,com.android.settingslib.graph.BatteryMeterDrawableBase.BatteryMeterDrawableBase,packages/SettingsLib/src/com/android/settingslib/graph/BatteryMeterDrawableBase.java,105,105,-2,-1,0,{},[]
511924,Method,com.android.settingslib.graph.BatteryMeterDrawableBase.BatteryMeterDrawableBase,packages/SettingsLib/src/com/android/settingslib/graph/BatteryMeterDrawableBase.java,109,109,-2,-1,0,{},[]
511924,Method,com.android.settingslib.graph.BatteryMeterDrawableBase.BatteryMeterDrawableBase,packages/SettingsLib/src/com/android/settingslib/graph/BatteryMeterDrawableBase.java,102,102,-2,-1,0,{},[]
511924,Method,com.android.settingslib.graph.BatteryMeterDrawableBase.BatteryMeterDrawableBase,packages/SettingsLib/src/com/android/settingslib/graph/BatteryMeterDrawableBase.java,152,152,-2,-1,0,{},[]
511924,Method,com.android.settingslib.graph.BatteryMeterDrawableBase.BatteryMeterDrawableBase,packages/SettingsLib/src/com/android/settingslib/graph/BatteryMeterDrawableBase.java,131,131,-2,-1,0,{},[]
511924,Method,com.android.settingslib.graph.BatteryMeterDrawableBase.BatteryMeterDrawableBase,packages/SettingsLib/src/com/android/settingslib/graph/BatteryMeterDrawableBase.java,156,156,-2,-1,0,{},[]
511924,Method,com.android.settingslib.graph.BatteryMeterDrawableBase.BatteryMeterDrawableBase,packages/SettingsLib/src/com/android/settingslib/graph/BatteryMeterDrawableBase.java,128,128,-2,-1,0,{},[]
511924,Method,com.android.settingslib.graph.BatteryMeterDrawableBase.BatteryMeterDrawableBase,packages/SettingsLib/src/com/android/settingslib/graph/BatteryMeterDrawableBase.java,101,101,-2,-1,0,{},[]
511981,Method,com.android.settingslib.graph.BatteryMeterDrawableBase.draw,packages/SettingsLib/src/com/android/settingslib/graph/BatteryMeterDrawableBase.java,347,347,-2,-1,0,{},[]
511981,Method,com.android.settingslib.graph.BatteryMeterDrawableBase.draw,packages/SettingsLib/src/com/android/settingslib/graph/BatteryMeterDrawableBase.java,429,429,-2,-1,0,{},[]
511981,Method,com.android.settingslib.graph.BatteryMeterDrawableBase.draw,packages/SettingsLib/src/com/android/settingslib/graph/BatteryMeterDrawableBase.java,313,313,-2,-1,0,{},[]
511981,Method,com.android.settingslib.graph.BatteryMeterDrawableBase.draw,packages/SettingsLib/src/com/android/settingslib/graph/BatteryMeterDrawableBase.java,307,307,-2,-1,0,{},[]
511981,Method,com.android.settingslib.graph.BatteryMeterDrawableBase.draw,packages/SettingsLib/src/com/android/settingslib/graph/BatteryMeterDrawableBase.java,333,333,-2,-1,0,{},[]
511981,Method,com.android.settingslib.graph.BatteryMeterDrawableBase.draw,packages/SettingsLib/src/com/android/settingslib/graph/BatteryMeterDrawableBase.java,367,369,-2,-1,0,{},[]
511981,Method,com.android.settingslib.graph.BatteryMeterDrawableBase.draw,packages/SettingsLib/src/com/android/settingslib/graph/BatteryMeterDrawableBase.java,457,457,-2,-1,0,{},[]
511981,Method,com.android.settingslib.graph.BatteryMeterDrawableBase.draw,packages/SettingsLib/src/com/android/settingslib/graph/BatteryMeterDrawableBase.java,447,447,-2,-1,0,{},[]
511981,Method,com.android.settingslib.graph.BatteryMeterDrawableBase.draw,packages/SettingsLib/src/com/android/settingslib/graph/BatteryMeterDrawableBase.java,354,354,-2,-1,0,{},[]
511981,Method,com.android.settingslib.graph.BatteryMeterDrawableBase.draw,packages/SettingsLib/src/com/android/settingslib/graph/BatteryMeterDrawableBase.java,352,352,-2,-1,0,{},[]
511981,Method,com.android.settingslib.graph.BatteryMeterDrawableBase.draw,packages/SettingsLib/src/com/android/settingslib/graph/BatteryMeterDrawableBase.java,349,349,-2,-1,0,{},[]
511981,Method,com.android.settingslib.graph.BatteryMeterDrawableBase.draw,packages/SettingsLib/src/com/android/settingslib/graph/BatteryMeterDrawableBase.java,312,312,-2,-1,0,{},[]
511981,Method,com.android.settingslib.graph.BatteryMeterDrawableBase.draw,packages/SettingsLib/src/com/android/settingslib/graph/BatteryMeterDrawableBase.java,426,428,-2,-1,0,{},[]
511981,Method,com.android.settingslib.graph.BatteryMeterDrawableBase.draw,packages/SettingsLib/src/com/android/settingslib/graph/BatteryMeterDrawableBase.java,371,373,-2,-1,0,{},[]
511981,Method,com.android.settingslib.graph.BatteryMeterDrawableBase.draw,packages/SettingsLib/src/com/android/settingslib/graph/BatteryMeterDrawableBase.java,313,313,-2,-1,0,{},[]
511981,Method,com.android.settingslib.graph.BatteryMeterDrawableBase.draw,packages/SettingsLib/src/com/android/settingslib/graph/BatteryMeterDrawableBase.java,345,345,-2,-1,0,{},[]
511981,Method,com.android.settingslib.graph.BatteryMeterDrawableBase.draw,packages/SettingsLib/src/com/android/settingslib/graph/BatteryMeterDrawableBase.java,348,348,-2,-1,0,{},[]
511981,Method,com.android.settingslib.graph.BatteryMeterDrawableBase.draw,packages/SettingsLib/src/com/android/settingslib/graph/BatteryMeterDrawableBase.java,350,350,-2,-1,0,{},[]
511981,Method,com.android.settingslib.graph.BatteryMeterDrawableBase.draw,packages/SettingsLib/src/com/android/settingslib/graph/BatteryMeterDrawableBase.java,450,450,-2,-1,0,{},[]
511981,Method,com.android.settingslib.graph.BatteryMeterDrawableBase.draw,packages/SettingsLib/src/com/android/settingslib/graph/BatteryMeterDrawableBase.java,384,384,-2,-1,0,{},[]
511981,Method,com.android.settingslib.graph.BatteryMeterDrawableBase.draw,packages/SettingsLib/src/com/android/settingslib/graph/BatteryMeterDrawableBase.java,425,425,-2,-1,0,{},[]
511981,Method,com.android.settingslib.graph.BatteryMeterDrawableBase.draw,packages/SettingsLib/src/com/android/settingslib/graph/BatteryMeterDrawableBase.java,448,448,-2,-1,0,{},[]
511981,Method,com.android.settingslib.graph.BatteryMeterDrawableBase.draw,packages/SettingsLib/src/com/android/settingslib/graph/BatteryMeterDrawableBase.java,436,436,-2,-1,0,{},[]
511981,Method,com.android.settingslib.graph.BatteryMeterDrawableBase.draw,packages/SettingsLib/src/com/android/settingslib/graph/BatteryMeterDrawableBase.java,320,320,-2,-1,0,{},[]
511981,Method,com.android.settingslib.graph.BatteryMeterDrawableBase.draw,packages/SettingsLib/src/com/android/settingslib/graph/BatteryMeterDrawableBase.java,333,333,-2,-1,0,{},[]
511981,Method,com.android.settingslib.graph.BatteryMeterDrawableBase.draw,packages/SettingsLib/src/com/android/settingslib/graph/BatteryMeterDrawableBase.java,319,319,-2,-1,0,{},[]
519829,Method,com.android.providers.settings.SettingsService.MyShellCommand.onCommand,packages/SettingsProvider/src/com/android/providers/settings/SettingsService.java,278,278,-2,-1,0,{},[]
525481,Method,com.android.keyguard.KeyguardSecurityContainer.showTimeoutDialog,packages/SystemUI/src/com/android/keyguard/KeyguardSecurityContainer.java,212,212,-2,-1,0,{},[]
525481,Method,com.android.keyguard.KeyguardSecurityContainer.showTimeoutDialog,packages/SystemUI/src/com/android/keyguard/KeyguardSecurityContainer.java,212,212,-2,-1,0,{},[]
525496,Method,com.android.keyguard.KeyguardSecurityContainer.reportFailedUnlockAttempt,packages/SystemUI/src/com/android/keyguard/KeyguardSecurityContainer.java,257,257,-2,-1,0,{},[]
525496,Method,com.android.keyguard.KeyguardSecurityContainer.reportFailedUnlockAttempt,packages/SystemUI/src/com/android/keyguard/KeyguardSecurityContainer.java,292,292,-2,-1,0,{},[]
525496,Method,com.android.keyguard.KeyguardSecurityContainer.reportFailedUnlockAttempt,packages/SystemUI/src/com/android/keyguard/KeyguardSecurityContainer.java,258,258,-2,-1,0,{},[]
525533,Method,com.android.keyguard.KeyguardSecurityContainer.Anonymous_Class.reportUnlockAttempt,packages/SystemUI/src/com/android/keyguard/KeyguardSecurityContainer.java,436,436,-2,-1,0,{},[]
525734,Method,com.android.keyguard.KeyguardSimPinView.Anonymous_Class.onSimStateChanged,packages/SystemUI/src/com/android/keyguard/KeyguardSimPinView.java,77,77,-2,-1,0,{},[]
525734,Method,com.android.keyguard.KeyguardSimPinView.Anonymous_Class.onSimStateChanged,packages/SystemUI/src/com/android/keyguard/KeyguardSimPinView.java,73,73,-2,-1,0,{},[]
525734,Method,com.android.keyguard.KeyguardSimPinView.Anonymous_Class.onSimStateChanged,packages/SystemUI/src/com/android/keyguard/KeyguardSimPinView.java,73,73,-2,-1,0,{},[]
525734,Method,com.android.keyguard.KeyguardSimPinView.Anonymous_Class.onSimStateChanged,packages/SystemUI/src/com/android/keyguard/KeyguardSimPinView.java,77,77,-2,-1,0,{},[]
525734,Method,com.android.keyguard.KeyguardSimPinView.Anonymous_Class.onSimStateChanged,packages/SystemUI/src/com/android/keyguard/KeyguardSimPinView.java,73,73,-2,-1,0,{},[]
525828,Method,com.android.keyguard.KeyguardSimPukView.Anonymous_Class.onSimStateChanged,packages/SystemUI/src/com/android/keyguard/KeyguardSimPukView.java,80,80,-2,-1,0,{},[]
525828,Method,com.android.keyguard.KeyguardSimPukView.Anonymous_Class.onSimStateChanged,packages/SystemUI/src/com/android/keyguard/KeyguardSimPukView.java,80,80,-2,-1,0,{},[]
525828,Method,com.android.keyguard.KeyguardSimPukView.Anonymous_Class.onSimStateChanged,packages/SystemUI/src/com/android/keyguard/KeyguardSimPukView.java,80,80,-2,-1,0,{},[]
526896,Method,com.android.keyguard.NumPadKey.NumPadKey,packages/SystemUI/src/com/android/keyguard/NumPadKey.java,106,106,-2,-1,0,{},[]
526896,Method,com.android.keyguard.NumPadKey.NumPadKey,packages/SystemUI/src/com/android/keyguard/NumPadKey.java,120,120,-2,-1,0,{},[]
526896,Method,com.android.keyguard.NumPadKey.NumPadKey,packages/SystemUI/src/com/android/keyguard/NumPadKey.java,114,114,-2,-1,0,{},[]
526896,Method,com.android.keyguard.NumPadKey.NumPadKey,packages/SystemUI/src/com/android/keyguard/NumPadKey.java,106,106,-2,-1,0,{},[]
527691,Method,com.android.systemui.BatteryMeterView.BatteryMeterView.Anonymous_Class.onUserSwitched,packages/SystemUI/src/com/android/systemui/BatteryMeterView.java,140,140,-2,-1,0,{},[]
527707,Method,com.android.systemui.BatteryMeterView.onAttachedToWindow,packages/SystemUI/src/com/android/systemui/BatteryMeterView.java,214,214,-2,-1,0,{},[]
527717,Method,com.android.systemui.BatteryMeterView.updateShowPercent,packages/SystemUI/src/com/android/systemui/BatteryMeterView.java,262,263,-2,-1,0,{},[]
529482,Method,com.android.systemui.doze.DozeService.onDestroy,packages/SystemUI/src/com/android/systemui/doze/DozeService.java,63,63,-2,-1,0,{},[]
530944,Method,com.android.systemui.globalactions.GlobalActionsDialog.GlobalActionsDialog,packages/SystemUI/src/com/android/systemui/globalactions/GlobalActionsDialog.java,183,183,-2,-1,0,{},[]
530944,Method,com.android.systemui.globalactions.GlobalActionsDialog.GlobalActionsDialog,packages/SystemUI/src/com/android/systemui/globalactions/GlobalActionsDialog.java,188,188,-2,-1,0,{},[]
530959,Method,com.android.systemui.globalactions.GlobalActionsDialog.createDialog,packages/SystemUI/src/com/android/systemui/globalactions/GlobalActionsDialog.java,342,342,-2,-1,0,{},[]
530959,Method,com.android.systemui.globalactions.GlobalActionsDialog.createDialog,packages/SystemUI/src/com/android/systemui/globalactions/GlobalActionsDialog.java,316,317,-2,-1,0,{},[]
530959,Method,com.android.systemui.globalactions.GlobalActionsDialog.createDialog,packages/SystemUI/src/com/android/systemui/globalactions/GlobalActionsDialog.java,316,316,-2,-1,0,{},[]
531057,Method,com.android.systemui.globalactions.GlobalActionsDialog.addUsersToMenu,packages/SystemUI/src/com/android/systemui/globalactions/GlobalActionsDialog.java,757,757,-2,-1,0,{},[]
531097,Method,com.android.systemui.globalactions.GlobalActionsDialog.MyAdapter.getView,packages/SystemUI/src/com/android/systemui/globalactions/GlobalActionsDialog.java,895,895,-2,-1,0,{},[]
531256,Method,com.android.systemui.globalactions.GlobalActionsDialog.onAirplaneModeChanged,packages/SystemUI/src/com/android/systemui/globalactions/GlobalActionsDialog.java,1327,1327,-2,-1,0,{},[]
531256,Method,com.android.systemui.globalactions.GlobalActionsDialog.onAirplaneModeChanged,packages/SystemUI/src/com/android/systemui/globalactions/GlobalActionsDialog.java,1326,1329,-2,-1,0,{},[]
531438,Method,com.android.systemui.HardwareUiLayout.onMeasure,packages/SystemUI/src/com/android/systemui/HardwareUiLayout.java,128,130,-2,-1,0,{},[]
532188,Method,com.android.systemui.keyguard.KeyguardViewMediator.maybeSendUserPresentBroadcast,packages/SystemUI/src/com/android/systemui/keyguard/KeyguardViewMediator.java,1020,1021,-2,-1,0,{},[]
532222,Method,com.android.systemui.keyguard.KeyguardViewMediator.doKeyguardLocked,packages/SystemUI/src/com/android/systemui/keyguard/KeyguardViewMediator.java,1324,1324,-2,-1,0,{},[]
532285,Method,com.android.systemui.keyguard.KeyguardViewMediator.handleKeyguardDone,packages/SystemUI/src/com/android/systemui/keyguard/KeyguardViewMediator.java,1645,1645,-2,-1,0,{},[]
534050,Method,com.android.systemui.pip.tv.PipManager.initialize,packages/SystemUI/src/com/android/systemui/pip/tv/PipManager.java,245,245,-2,-1,0,{},[]
534845,Method,com.android.systemui.power.PowerUI.start,packages/SystemUI/src/com/android/systemui/power/PowerUI.java,128,128,-2,-1,0,{},[]
534910,Method,com.android.systemui.power.PowerUI.initTemperatureWarning,packages/SystemUI/src/com/android/systemui/power/PowerUI.java,409,409,-2,-1,0,{},[]
534910,Method,com.android.systemui.power.PowerUI.initTemperatureWarning,packages/SystemUI/src/com/android/systemui/power/PowerUI.java,412,412,-2,-1,0,{},[]
534910,Method,com.android.systemui.power.PowerUI.initTemperatureWarning,packages/SystemUI/src/com/android/systemui/power/PowerUI.java,404,404,-2,-1,0,{},[]
534910,Method,com.android.systemui.power.PowerUI.initTemperatureWarning,packages/SystemUI/src/com/android/systemui/power/PowerUI.java,389,389,-2,-1,0,{},[]
534910,Method,com.android.systemui.power.PowerUI.initTemperatureWarning,packages/SystemUI/src/com/android/systemui/power/PowerUI.java,400,400,-2,-1,0,{},[]
534917,Method,com.android.systemui.power.PowerUI.updateTemperatureWarning,packages/SystemUI/src/com/android/systemui/power/PowerUI.java,443,443,-2,-1,0,{},[]
534917,Method,com.android.systemui.power.PowerUI.updateTemperatureWarning,packages/SystemUI/src/com/android/systemui/power/PowerUI.java,424,426,-2,-1,0,{},[]
534917,Method,com.android.systemui.power.PowerUI.updateTemperatureWarning,packages/SystemUI/src/com/android/systemui/power/PowerUI.java,441,441,-2,-1,0,{},[]
534961,Method,com.android.systemui.power.PowerUI.ThermalEventListener.notifyThrottling,packages/SystemUI/src/com/android/systemui/power/PowerUI.java,552,552,-2,-1,0,{},[]
535573,Method,com.android.systemui.qs.customize.TileQueryHelper.addStockTiles,packages/SystemUI/src/com/android/systemui/qs/customize/TileQueryHelper.java,98,98,-2,-1,0,{},[]
536946,Method,com.android.systemui.qs.QSFooterImpl.onFinishInflate,packages/SystemUI/src/com/android/systemui/qs/QSFooterImpl.java,126,127,-2,-1,0,{},[]
537223,Method,com.android.systemui.qs.QSPanel.updateResources,packages/SystemUI/src/com/android/systemui/qs/QSPanel.java,289,289,-2,-1,0,{},[]
537295,Method,com.android.systemui.qs.QSPanel.handleShowDetailTile,packages/SystemUI/src/com/android/systemui/qs/QSPanel.java,534,534,-2,-1,0,{},[]
538366,Method,com.android.systemui.qs.tileimpl.QSTileImpl.H.handleMessage,packages/SystemUI/src/com/android/systemui/qs/tileimpl/QSTileImpl.java,472,472,-2,-1,0,{},[]
538902,Method,com.android.systemui.qs.tiles.DataUsageDetailView.bind,packages/SystemUI/src/com/android/systemui/qs/tiles/DataUsageDetailView.java,77,77,-2,-1,0,{},[]
538902,Method,com.android.systemui.qs.tiles.DataUsageDetailView.bind,packages/SystemUI/src/com/android/systemui/qs/tiles/DataUsageDetailView.java,94,94,-2,-1,0,{},[]
538950,Method,com.android.systemui.qs.tiles.DndTile.handleClick,packages/SystemUI/src/com/android/systemui/qs/tiles/DndTile.java,139,139,-2,-1,0,{},[]
538951,Method,com.android.systemui.qs.tiles.DndTile.showDetail,packages/SystemUI/src/com/android/systemui/qs/tiles/DndTile.java,170,170,-2,-1,0,{},[]
538951,Method,com.android.systemui.qs.tiles.DndTile.showDetail,packages/SystemUI/src/com/android/systemui/qs/tiles/DndTile.java,164,165,-2,-1,0,{},[]
538951,Method,com.android.systemui.qs.tiles.DndTile.showDetail,packages/SystemUI/src/com/android/systemui/qs/tiles/DndTile.java,164,164,-2,-1,0,{},[]
538951,Method,com.android.systemui.qs.tiles.DndTile.showDetail,packages/SystemUI/src/com/android/systemui/qs/tiles/DndTile.java,163,163,-2,-1,0,{},[]
538951,Method,com.android.systemui.qs.tiles.DndTile.showDetail,packages/SystemUI/src/com/android/systemui/qs/tiles/DndTile.java,144,144,-2,-1,0,{},[]
538951,Method,com.android.systemui.qs.tiles.DndTile.showDetail,packages/SystemUI/src/com/android/systemui/qs/tiles/DndTile.java,162,171,-2,-1,0,{},[]
538951,Method,com.android.systemui.qs.tiles.DndTile.showDetail,packages/SystemUI/src/com/android/systemui/qs/tiles/DndTile.java,168,168,-2,-1,0,{},[]
538951,Method,com.android.systemui.qs.tiles.DndTile.showDetail,packages/SystemUI/src/com/android/systemui/qs/tiles/DndTile.java,167,167,-2,-1,0,{},[]
538951,Method,com.android.systemui.qs.tiles.DndTile.showDetail,packages/SystemUI/src/com/android/systemui/qs/tiles/DndTile.java,163,163,-2,-1,0,{},[]
538951,Method,com.android.systemui.qs.tiles.DndTile.showDetail,packages/SystemUI/src/com/android/systemui/qs/tiles/DndTile.java,166,166,-2,-1,0,{},[]
538958,Method,com.android.systemui.qs.tiles.DndTile.handleSecondaryClick,packages/SystemUI/src/com/android/systemui/qs/tiles/DndTile.java,205,205,-2,-1,0,{},[]
539188,Method,com.android.systemui.qs.tiles.LocationTile.handleClick,packages/SystemUI/src/com/android/systemui/qs/tiles/LocationTile.java,75,75,-2,-1,0,{},[]
539188,Method,com.android.systemui.qs.tiles.LocationTile.handleClick,packages/SystemUI/src/com/android/systemui/qs/tiles/LocationTile.java,76,80,-2,-1,0,{},[]
539188,Method,com.android.systemui.qs.tiles.LocationTile.handleClick,packages/SystemUI/src/com/android/systemui/qs/tiles/LocationTile.java,76,76,-2,-1,0,{},[]
539188,Method,com.android.systemui.qs.tiles.LocationTile.handleClick,packages/SystemUI/src/com/android/systemui/qs/tiles/LocationTile.java,75,75,-2,-1,0,{},[]
539188,Method,com.android.systemui.qs.tiles.LocationTile.handleClick,packages/SystemUI/src/com/android/systemui/qs/tiles/LocationTile.java,78,78,-2,-1,0,{},[]
539192,Method,com.android.systemui.qs.tiles.LocationTile.handleUpdateState,packages/SystemUI/src/com/android/systemui/qs/tiles/LocationTile.java,97,97,-2,-1,0,{},[]
539218,Method,com.android.systemui.qs.tiles.NfcTile.handleUpdateState,packages/SystemUI/src/com/android/systemui/qs/tiles/NfcTile.java,99,99,-2,-1,0,{},[]
539218,Method,com.android.systemui.qs.tiles.NfcTile.handleUpdateState,packages/SystemUI/src/com/android/systemui/qs/tiles/NfcTile.java,105,105,-2,-1,0,{},[]
544414,Method,com.android.systemui.ScreenDecorations.start,packages/SystemUI/src/com/android/systemui/ScreenDecorations.java,102,102,-2,-1,0,{},[]
544414,Method,com.android.systemui.ScreenDecorations.start,packages/SystemUI/src/com/android/systemui/ScreenDecorations.java,96,97,-2,-1,0,{},[]
544414,Method,com.android.systemui.ScreenDecorations.start,packages/SystemUI/src/com/android/systemui/ScreenDecorations.java,103,103,-2,-1,0,{},[]
544414,Method,com.android.systemui.ScreenDecorations.start,packages/SystemUI/src/com/android/systemui/ScreenDecorations.java,132,132,-2,-1,0,{},[]
544414,Method,com.android.systemui.ScreenDecorations.start,packages/SystemUI/src/com/android/systemui/ScreenDecorations.java,102,102,-2,-1,0,{},[]
544414,Method,com.android.systemui.ScreenDecorations.start,packages/SystemUI/src/com/android/systemui/ScreenDecorations.java,95,95,-2,-1,0,{},[]
544414,Method,com.android.systemui.ScreenDecorations.start,packages/SystemUI/src/com/android/systemui/ScreenDecorations.java,96,96,-2,-1,0,{},[]
544414,Method,com.android.systemui.ScreenDecorations.start,packages/SystemUI/src/com/android/systemui/ScreenDecorations.java,109,109,-2,-1,0,{},[]
544544,Method,com.android.systemui.ScreenDecorations.DisplayCutoutView.boundsFromDirection,packages/SystemUI/src/com/android/systemui/ScreenDecorations.java,567,568,-2,-1,0,{},[]
544544,Method,com.android.systemui.ScreenDecorations.DisplayCutoutView.boundsFromDirection,packages/SystemUI/src/com/android/systemui/ScreenDecorations.java,567,567,-2,-1,0,{},[]
544544,Method,com.android.systemui.ScreenDecorations.DisplayCutoutView.boundsFromDirection,packages/SystemUI/src/com/android/systemui/ScreenDecorations.java,572,572,-2,-1,0,{},[]
548809,Method,com.android.systemui.statusbar.HeadsUpStatusBarView.setPanelTranslation,packages/SystemUI/src/com/android/systemui/statusbar/HeadsUpStatusBarView.java,181,181,-2,-1,0,{},[]
551871,Method,com.android.systemui.statusbar.NotificationEntryManager.NotificationClicker.onClick,packages/SystemUI/src/com/android/systemui/statusbar/NotificationEntryManager.java,167,167,-2,-1,0,{},[]
552618,Method,com.android.systemui.statusbar.NotificationInfo.saveImportance,packages/SystemUI/src/com/android/systemui/statusbar/NotificationInfo.java,308,308,-2,-1,0,{},[]
552803,Method,com.android.systemui.statusbar.NotificationLockscreenUserManager.Anonymous_Class.onReceive,packages/SystemUI/src/com/android/systemui/statusbar/NotificationLockscreenUserManager.java,116,116,-2,-1,0,{},[]
552803,Method,com.android.systemui.statusbar.NotificationLockscreenUserManager.Anonymous_Class.onReceive,packages/SystemUI/src/com/android/systemui/statusbar/NotificationLockscreenUserManager.java,114,114,-2,-1,0,{},[]
552803,Method,com.android.systemui.statusbar.NotificationLockscreenUserManager.Anonymous_Class.onReceive,packages/SystemUI/src/com/android/systemui/statusbar/NotificationLockscreenUserManager.java,115,115,-2,-1,0,{},[]
553425,Method,com.android.systemui.statusbar.NotificationShelf.fadeInTranslating,packages/SystemUI/src/com/android/systemui/statusbar/NotificationShelf.java,154,154,-2,-1,0,{},[]
554231,Method,com.android.systemui.statusbar.phone.CollapsedStatusBarFragment.onViewCreated,packages/SystemUI/src/com/android/systemui/statusbar/phone/CollapsedStatusBarFragment.java,92,92,-2,-1,0,{},[]
554231,Method,com.android.systemui.statusbar.phone.CollapsedStatusBarFragment.onViewCreated,packages/SystemUI/src/com/android/systemui/statusbar/phone/CollapsedStatusBarFragment.java,92,92,-2,-1,0,{},[]
554234,Method,com.android.systemui.statusbar.phone.CollapsedStatusBarFragment.onSaveInstanceState,packages/SystemUI/src/com/android/systemui/statusbar/phone/CollapsedStatusBarFragment.java,108,108,-2,-1,0,{},[]
554234,Method,com.android.systemui.statusbar.phone.CollapsedStatusBarFragment.onSaveInstanceState,packages/SystemUI/src/com/android/systemui/statusbar/phone/CollapsedStatusBarFragment.java,108,108,-2,-1,0,{},[]
554720,Method,com.android.systemui.statusbar.phone.HeadsUpAppearanceController.getRtlTranslation,packages/SystemUI/src/com/android/systemui/statusbar/phone/HeadsUpAppearanceController.java,163,163,-2,-1,0,{},[]
554720,Method,com.android.systemui.statusbar.phone.HeadsUpAppearanceController.getRtlTranslation,packages/SystemUI/src/com/android/systemui/statusbar/phone/HeadsUpAppearanceController.java,162,162,-2,-1,0,{},[]
554729,Method,com.android.systemui.statusbar.phone.HeadsUpAppearanceController.setShown,packages/SystemUI/src/com/android/systemui/statusbar/phone/HeadsUpAppearanceController.java,210,211,-2,-1,0,{},[]
554729,Method,com.android.systemui.statusbar.phone.HeadsUpAppearanceController.setShown,packages/SystemUI/src/com/android/systemui/statusbar/phone/HeadsUpAppearanceController.java,208,209,-2,-1,0,{},[]
555212,Method,com.android.systemui.statusbar.phone.KeyguardBottomAreaView.onFinishInflate,packages/SystemUI/src/com/android/systemui/statusbar/phone/KeyguardBottomAreaView.java,248,248,-2,-1,0,{},[]
555224,Method,com.android.systemui.statusbar.phone.KeyguardBottomAreaView.setStatusBar,packages/SystemUI/src/com/android/systemui/statusbar/phone/KeyguardBottomAreaView.java,363,363,-2,-1,0,{},[]
555228,Method,com.android.systemui.statusbar.phone.KeyguardBottomAreaView.setUserSetupComplete,packages/SystemUI/src/com/android/systemui/statusbar/phone/KeyguardBottomAreaView.java,373,373,-2,-1,0,{},[]
555228,Method,com.android.systemui.statusbar.phone.KeyguardBottomAreaView.setUserSetupComplete,packages/SystemUI/src/com/android/systemui/statusbar/phone/KeyguardBottomAreaView.java,372,372,-2,-1,0,{},[]
555230,Method,com.android.systemui.statusbar.phone.KeyguardBottomAreaView.getCameraIntent,packages/SystemUI/src/com/android/systemui/statusbar/phone/KeyguardBottomAreaView.java,377,377,-2,-1,0,{},[]
555232,Method,com.android.systemui.statusbar.phone.KeyguardBottomAreaView.updateCameraVisibility,packages/SystemUI/src/com/android/systemui/statusbar/phone/KeyguardBottomAreaView.java,394,394,-2,-1,0,{},[]
555232,Method,com.android.systemui.statusbar.phone.KeyguardBottomAreaView.updateCameraVisibility,packages/SystemUI/src/com/android/systemui/statusbar/phone/KeyguardBottomAreaView.java,394,395,-2,-1,0,{},[]
555272,Method,com.android.systemui.statusbar.phone.KeyguardBottomAreaView.setDarkAmount,packages/SystemUI/src/com/android/systemui/statusbar/phone/KeyguardBottomAreaView.java,565,566,-2,-1,0,{},[]
555272,Method,com.android.systemui.statusbar.phone.KeyguardBottomAreaView.setDarkAmount,packages/SystemUI/src/com/android/systemui/statusbar/phone/KeyguardBottomAreaView.java,567,567,-2,-1,0,{},[]
555272,Method,com.android.systemui.statusbar.phone.KeyguardBottomAreaView.setDarkAmount,packages/SystemUI/src/com/android/systemui/statusbar/phone/KeyguardBottomAreaView.java,565,565,-2,-1,0,{},[]
555288,Method,com.android.systemui.statusbar.phone.KeyguardBottomAreaView.onVisibilityChanged,packages/SystemUI/src/com/android/systemui/statusbar/phone/KeyguardBottomAreaView.java,631,631,-2,-1,0,{},[]
555298,Method,com.android.systemui.statusbar.phone.KeyguardBottomAreaView.onUnlockMethodStateChanged,packages/SystemUI/src/com/android/systemui/statusbar/phone/KeyguardBottomAreaView.java,667,667,-2,-1,0,{},[]
555299,Method,com.android.systemui.statusbar.phone.KeyguardBottomAreaView.inflateCameraPreview,packages/SystemUI/src/com/android/systemui/statusbar/phone/KeyguardBottomAreaView.java,677,677,-2,-1,0,{},[]
555315,Method,com.android.systemui.statusbar.phone.KeyguardBottomAreaView.Anonymous_Class.onReceive.Anonymous_Class.run,packages/SystemUI/src/com/android/systemui/statusbar/phone/KeyguardBottomAreaView.java,737,737,-2,-1,0,{},[]
555318,Method,com.android.systemui.statusbar.phone.KeyguardBottomAreaView.Anonymous_Class.onUserSwitchComplete,packages/SystemUI/src/com/android/systemui/statusbar/phone/KeyguardBottomAreaView.java,747,747,-2,-1,0,{},[]
555331,Method,com.android.systemui.statusbar.phone.KeyguardBottomAreaView.Anonymous_Class.onUserUnlocked,packages/SystemUI/src/com/android/systemui/statusbar/phone/KeyguardBottomAreaView.java,788,788,-2,-1,0,{},[]
555331,Method,com.android.systemui.statusbar.phone.KeyguardBottomAreaView.Anonymous_Class.onUserUnlocked,packages/SystemUI/src/com/android/systemui/statusbar/phone/KeyguardBottomAreaView.java,789,789,-2,-1,0,{},[]
555336,Method,com.android.systemui.statusbar.phone.KeyguardBottomAreaView.setRightButton,packages/SystemUI/src/com/android/systemui/statusbar/phone/KeyguardBottomAreaView.java,811,811,-2,-1,0,{},[]
555340,Method,com.android.systemui.statusbar.phone.KeyguardBottomAreaView.setDozing,packages/SystemUI/src/com/android/systemui/statusbar/phone/KeyguardBottomAreaView.java,827,827,-2,-1,0,{},[]
555340,Method,com.android.systemui.statusbar.phone.KeyguardBottomAreaView.setDozing,packages/SystemUI/src/com/android/systemui/statusbar/phone/KeyguardBottomAreaView.java,826,826,-2,-1,0,{},[]
555357,Method,com.android.systemui.statusbar.phone.KeyguardBottomAreaView.DefaultRightButton.getIntent,packages/SystemUI/src/com/android/systemui/statusbar/phone/KeyguardBottomAreaView.java,909,909,-2,-1,0,{},[]
555357,Method,com.android.systemui.statusbar.phone.KeyguardBottomAreaView.DefaultRightButton.getIntent,packages/SystemUI/src/com/android/systemui/statusbar/phone/KeyguardBottomAreaView.java,911,911,-2,-1,0,{},[]
555357,Method,com.android.systemui.statusbar.phone.KeyguardBottomAreaView.DefaultRightButton.getIntent,packages/SystemUI/src/com/android/systemui/statusbar/phone/KeyguardBottomAreaView.java,912,912,-2,-1,0,{},[]
555357,Method,com.android.systemui.statusbar.phone.KeyguardBottomAreaView.DefaultRightButton.getIntent,packages/SystemUI/src/com/android/systemui/statusbar/phone/KeyguardBottomAreaView.java,910,911,-2,-1,0,{},[]
555451,Method,com.android.systemui.statusbar.phone.KeyguardBouncer.needsFullscreenBouncer,packages/SystemUI/src/com/android/systemui/statusbar/phone/KeyguardBouncer.java,431,431,-2,-1,0,{},[]
555453,Method,com.android.systemui.statusbar.phone.KeyguardBouncer.isFullscreenBouncer,packages/SystemUI/src/com/android/systemui/statusbar/phone/KeyguardBouncer.java,443,443,-2,-1,0,{},[]
556278,Method,com.android.systemui.statusbar.phone.NavigationBarFragment.onHomeLongClick,packages/SystemUI/src/com/android/systemui/statusbar/phone/NavigationBarFragment.java,822,822,-2,-1,0,{},[]
556278,Method,com.android.systemui.statusbar.phone.NavigationBarFragment.onHomeLongClick,packages/SystemUI/src/com/android/systemui/statusbar/phone/NavigationBarFragment.java,816,816,-2,-1,0,{},[]
556278,Method,com.android.systemui.statusbar.phone.NavigationBarFragment.onHomeLongClick,packages/SystemUI/src/com/android/systemui/statusbar/phone/NavigationBarFragment.java,819,819,-2,-1,0,{},[]
556278,Method,com.android.systemui.statusbar.phone.NavigationBarFragment.onHomeLongClick,packages/SystemUI/src/com/android/systemui/statusbar/phone/NavigationBarFragment.java,821,821,-2,-1,0,{},[]
556278,Method,com.android.systemui.statusbar.phone.NavigationBarFragment.onHomeLongClick,packages/SystemUI/src/com/android/systemui/statusbar/phone/NavigationBarFragment.java,825,825,-2,-1,0,{},[]
556278,Method,com.android.systemui.statusbar.phone.NavigationBarFragment.onHomeLongClick,packages/SystemUI/src/com/android/systemui/statusbar/phone/NavigationBarFragment.java,820,820,-2,-1,0,{},[]
556278,Method,com.android.systemui.statusbar.phone.NavigationBarFragment.onHomeLongClick,packages/SystemUI/src/com/android/systemui/statusbar/phone/NavigationBarFragment.java,821,821,-2,-1,0,{},[]
556290,Method,com.android.systemui.statusbar.phone.NavigationBarFragment.onLongPressNavigationButtons,packages/SystemUI/src/com/android/systemui/statusbar/phone/NavigationBarFragment.java,919,919,-2,-1,0,{},[]
557343,Method,com.android.systemui.statusbar.phone.NotificationIconAreaController.updateNotificationIcons,packages/SystemUI/src/com/android/systemui/statusbar/phone/NotificationIconAreaController.java,176,178,-2,-1,0,{},[]
559122,Method,com.android.systemui.statusbar.phone.PhoneStatusBarView.updateSafeInsets,packages/SystemUI/src/com/android/systemui/statusbar/phone/PhoneStatusBarView.java,341,341,-2,-1,0,{},[]
559122,Method,com.android.systemui.statusbar.phone.PhoneStatusBarView.updateSafeInsets,packages/SystemUI/src/com/android/systemui/statusbar/phone/PhoneStatusBarView.java,340,340,-2,-1,0,{},[]
559206,Method,com.android.systemui.statusbar.phone.QuickStepController.QuickStepController,packages/SystemUI/src/com/android/systemui/statusbar/phone/QuickStepController.java,158,158,-2,-1,0,{},[]
559234,Method,com.android.systemui.statusbar.phone.QuickStepController.onDraw,packages/SystemUI/src/com/android/systemui/statusbar/phone/QuickStepController.java,317,317,-2,-1,0,{},[]
559234,Method,com.android.systemui.statusbar.phone.QuickStepController.onDraw,packages/SystemUI/src/com/android/systemui/statusbar/phone/QuickStepController.java,313,314,-2,-1,0,{},[]
559234,Method,com.android.systemui.statusbar.phone.QuickStepController.onDraw,packages/SystemUI/src/com/android/systemui/statusbar/phone/QuickStepController.java,315,316,-2,-1,0,{},[]
559234,Method,com.android.systemui.statusbar.phone.QuickStepController.onDraw,packages/SystemUI/src/com/android/systemui/statusbar/phone/QuickStepController.java,316,316,-2,-1,0,{},[]
559234,Method,com.android.systemui.statusbar.phone.QuickStepController.onDraw,packages/SystemUI/src/com/android/systemui/statusbar/phone/QuickStepController.java,324,324,-2,-1,0,{},[]
559238,Method,com.android.systemui.statusbar.phone.QuickStepController.onLayout,packages/SystemUI/src/com/android/systemui/statusbar/phone/QuickStepController.java,349,349,-2,-1,0,{},[]
559267,Method,com.android.systemui.statusbar.phone.QuickStepController.startQuickScrub,packages/SystemUI/src/com/android/systemui/statusbar/phone/QuickStepController.java,412,412,-2,-1,0,{},[]
559409,Method,com.android.systemui.statusbar.phone.ScrimController.ScrimController,packages/SystemUI/src/com/android/systemui/statusbar/phone/ScrimController.java,188,189,-2,-1,0,{},[]
559532,Method,com.android.systemui.statusbar.phone.ScrimController.onColorsChanged,packages/SystemUI/src/com/android/systemui/statusbar/phone/ScrimController.java,832,833,-2,-1,0,{},[]
559579,Method,com.android.systemui.statusbar.phone.ScrimState.Anonymous_Class.prepare,packages/SystemUI/src/com/android/systemui/statusbar/phone/ScrimState.java,110,110,-2,-1,0,{},[]
559585,Method,com.android.systemui.statusbar.phone.ScrimState.Anonymous_Class.prepare,packages/SystemUI/src/com/android/systemui/statusbar/phone/ScrimState.java,135,135,-2,-1,0,{},[]
559609,Method,com.android.systemui.statusbar.phone.ScrimState.init,packages/SystemUI/src/com/android/systemui/statusbar/phone/ScrimState.java,193,193,-2,-1,0,{},[]
559609,Method,com.android.systemui.statusbar.phone.ScrimState.init,packages/SystemUI/src/com/android/systemui/statusbar/phone/ScrimState.java,193,193,-2,-1,0,{},[]
560073,Method,com.android.systemui.statusbar.phone.StatusBar.updateMediaMetaData,packages/SystemUI/src/com/android/systemui/statusbar/phone/StatusBar.java,1671,1671,-2,-1,0,{},[]
560659,Method,com.android.systemui.statusbar.phone.StatusBar.updateDozing,packages/SystemUI/src/com/android/systemui/statusbar/phone/StatusBar.java,4695,4695,-2,-1,0,{},[]
560659,Method,com.android.systemui.statusbar.phone.StatusBar.updateDozing,packages/SystemUI/src/com/android/systemui/statusbar/phone/StatusBar.java,4695,4695,-2,-1,0,{},[]
561072,Method,com.android.systemui.statusbar.phone.StatusBarIconControllerImpl.onTuningChanged,packages/SystemUI/src/com/android/systemui/statusbar/phone/StatusBarIconControllerImpl.java,124,124,-2,-1,0,{},[]
561338,Method,com.android.systemui.statusbar.phone.StatusBarKeyguardViewManager.showBouncerOrKeyguard,packages/SystemUI/src/com/android/systemui/statusbar/phone/StatusBarKeyguardViewManager.java,211,211,-2,-1,0,{},[]
561338,Method,com.android.systemui.statusbar.phone.StatusBarKeyguardViewManager.showBouncerOrKeyguard,packages/SystemUI/src/com/android/systemui/statusbar/phone/StatusBarKeyguardViewManager.java,204,204,-2,-1,0,{},[]
561338,Method,com.android.systemui.statusbar.phone.StatusBarKeyguardViewManager.showBouncerOrKeyguard,packages/SystemUI/src/com/android/systemui/statusbar/phone/StatusBarKeyguardViewManager.java,211,211,-2,-1,0,{},[]
561358,Method,com.android.systemui.statusbar.phone.StatusBarKeyguardViewManager.reset,packages/SystemUI/src/com/android/systemui/statusbar/phone/StatusBarKeyguardViewManager.java,279,279,-2,-1,0,{},[]
561358,Method,com.android.systemui.statusbar.phone.StatusBarKeyguardViewManager.reset,packages/SystemUI/src/com/android/systemui/statusbar/phone/StatusBarKeyguardViewManager.java,284,284,-2,-1,0,{},[]
561358,Method,com.android.systemui.statusbar.phone.StatusBarKeyguardViewManager.reset,packages/SystemUI/src/com/android/systemui/statusbar/phone/StatusBarKeyguardViewManager.java,281,281,-2,-1,0,{},[]
561358,Method,com.android.systemui.statusbar.phone.StatusBarKeyguardViewManager.reset,packages/SystemUI/src/com/android/systemui/statusbar/phone/StatusBarKeyguardViewManager.java,280,280,-2,-1,0,{},[]
561358,Method,com.android.systemui.statusbar.phone.StatusBarKeyguardViewManager.reset,packages/SystemUI/src/com/android/systemui/statusbar/phone/StatusBarKeyguardViewManager.java,286,286,-2,-1,0,{},[]
561358,Method,com.android.systemui.statusbar.phone.StatusBarKeyguardViewManager.reset,packages/SystemUI/src/com/android/systemui/statusbar/phone/StatusBarKeyguardViewManager.java,287,287,-2,-1,0,{},[]
561358,Method,com.android.systemui.statusbar.phone.StatusBarKeyguardViewManager.reset,packages/SystemUI/src/com/android/systemui/statusbar/phone/StatusBarKeyguardViewManager.java,286,286,-2,-1,0,{},[]
562960,Method,com.android.systemui.statusbar.policy.Clock.onTuningChanged,packages/SystemUI/src/com/android/systemui/statusbar/policy/Clock.java,239,239,-2,-1,0,{},[]
562960,Method,com.android.systemui.statusbar.policy.Clock.onTuningChanged,packages/SystemUI/src/com/android/systemui/statusbar/policy/Clock.java,241,241,-2,-1,0,{},[]
562960,Method,com.android.systemui.statusbar.policy.Clock.onTuningChanged,packages/SystemUI/src/com/android/systemui/statusbar/policy/Clock.java,239,240,-2,-1,0,{},[]
562960,Method,com.android.systemui.statusbar.policy.Clock.onTuningChanged,packages/SystemUI/src/com/android/systemui/statusbar/policy/Clock.java,239,240,-2,-1,0,{},[]
563752,Method,com.android.systemui.statusbar.policy.HotspotControllerImpl.updateWifiStateListeners,packages/SystemUI/src/com/android/systemui/statusbar/policy/HotspotControllerImpl.java,115,115,-2,-1,0,{},[]
563769,Method,com.android.systemui.statusbar.policy.HotspotControllerImpl.onNumClientsChanged,packages/SystemUI/src/com/android/systemui/statusbar/policy/HotspotControllerImpl.java,188,188,-2,-1,0,{},[]
564019,Method,com.android.systemui.statusbar.policy.KeyButtonView.sendEvent,packages/SystemUI/src/com/android/systemui/statusbar/policy/KeyButtonView.java,310,311,-2,-1,0,{},[]
564019,Method,com.android.systemui.statusbar.policy.KeyButtonView.sendEvent,packages/SystemUI/src/com/android/systemui/statusbar/policy/KeyButtonView.java,300,301,-2,-1,0,{},[]
564019,Method,com.android.systemui.statusbar.policy.KeyButtonView.sendEvent,packages/SystemUI/src/com/android/systemui/statusbar/policy/KeyButtonView.java,310,310,-2,-1,0,{},[]
564019,Method,com.android.systemui.statusbar.policy.KeyButtonView.sendEvent,packages/SystemUI/src/com/android/systemui/statusbar/policy/KeyButtonView.java,300,300,-2,-1,0,{},[]
564019,Method,com.android.systemui.statusbar.policy.KeyButtonView.sendEvent,packages/SystemUI/src/com/android/systemui/statusbar/policy/KeyButtonView.java,300,304,-2,-1,0,{},[]
564019,Method,com.android.systemui.statusbar.policy.KeyButtonView.sendEvent,packages/SystemUI/src/com/android/systemui/statusbar/policy/KeyButtonView.java,306,309,-2,-1,0,{},[]
564368,Method,com.android.systemui.statusbar.policy.MobileSignalController.isDataDisabled,packages/SystemUI/src/com/android/systemui/statusbar/policy/MobileSignalController.java,488,488,-2,-1,0,{},[]
564368,Method,com.android.systemui.statusbar.policy.MobileSignalController.isDataDisabled,packages/SystemUI/src/com/android/systemui/statusbar/policy/MobileSignalController.java,488,488,-2,-1,0,{},[]
566054,Method,com.android.systemui.statusbar.policy.ZenModeControllerImpl.addCallback,packages/SystemUI/src/com/android/systemui/statusbar/policy/ZenModeControllerImpl.java,117,117,-2,-1,0,{},[]
567919,Method,com.android.systemui.statusbar.stack.NotificationStackScrollLayout.getScrollRange,packages/SystemUI/src/com/android/systemui/statusbar/stack/NotificationStackScrollLayout.java,2044,2044,-2,-1,0,{},[]
568221,Method,com.android.systemui.statusbar.stack.NotificationStackScrollLayout.generateDarkEvent,packages/SystemUI/src/com/android/systemui/statusbar/stack/NotificationStackScrollLayout.java,3406,3406,-2,-1,0,{},[]
568346,Method,com.android.systemui.statusbar.stack.NotificationStackScrollLayout.setDark,packages/SystemUI/src/com/android/systemui/statusbar/stack/NotificationStackScrollLayout.java,3985,3985,-2,-1,0,{},[]
568353,Method,com.android.systemui.statusbar.stack.NotificationStackScrollLayout.setDarkAmount,packages/SystemUI/src/com/android/systemui/statusbar/stack/NotificationStackScrollLayout.java,4023,4023,-2,-1,0,{},[]
568353,Method,com.android.systemui.statusbar.stack.NotificationStackScrollLayout.setDarkAmount,packages/SystemUI/src/com/android/systemui/statusbar/stack/NotificationStackScrollLayout.java,4021,4021,-2,-1,0,{},[]
568353,Method,com.android.systemui.statusbar.stack.NotificationStackScrollLayout.setDarkAmount,packages/SystemUI/src/com/android/systemui/statusbar/stack/NotificationStackScrollLayout.java,4012,4012,-2,-1,0,{},[]
568353,Method,com.android.systemui.statusbar.stack.NotificationStackScrollLayout.setDarkAmount,packages/SystemUI/src/com/android/systemui/statusbar/stack/NotificationStackScrollLayout.java,4015,4015,-2,-1,0,{},[]
568353,Method,com.android.systemui.statusbar.stack.NotificationStackScrollLayout.setDarkAmount,packages/SystemUI/src/com/android/systemui/statusbar/stack/NotificationStackScrollLayout.java,4017,4017,-2,-1,0,{},[]
568353,Method,com.android.systemui.statusbar.stack.NotificationStackScrollLayout.setDarkAmount,packages/SystemUI/src/com/android/systemui/statusbar/stack/NotificationStackScrollLayout.java,4016,4016,-2,-1,0,{},[]
568353,Method,com.android.systemui.statusbar.stack.NotificationStackScrollLayout.setDarkAmount,packages/SystemUI/src/com/android/systemui/statusbar/stack/NotificationStackScrollLayout.java,4022,4022,-2,-1,0,{},[]
568353,Method,com.android.systemui.statusbar.stack.NotificationStackScrollLayout.setDarkAmount,packages/SystemUI/src/com/android/systemui/statusbar/stack/NotificationStackScrollLayout.java,4018,4018,-2,-1,0,{},[]
568353,Method,com.android.systemui.statusbar.stack.NotificationStackScrollLayout.setDarkAmount,packages/SystemUI/src/com/android/systemui/statusbar/stack/NotificationStackScrollLayout.java,4024,4024,-2,-1,0,{},[]
568510,Method,com.android.systemui.statusbar.stack.NotificationStackScrollLayout.setAntiBurnInOffsetX,packages/SystemUI/src/com/android/systemui/statusbar/stack/NotificationStackScrollLayout.java,4575,4575,-2,-1,0,{},[]
570670,Method,com.android.systemui.tuner.LockscreenFragment.LockButtonFactory.create,packages/SystemUI/src/com/android/systemui/tuner/LockscreenFragment.java,343,343,-2,-1,0,{},[]
570670,Method,com.android.systemui.tuner.LockscreenFragment.LockButtonFactory.create,packages/SystemUI/src/com/android/systemui/tuner/LockscreenFragment.java,338,338,-2,-1,0,{},[]
570678,Method,com.android.systemui.tuner.LockscreenFragment.ShortcutButton.ShortcutButton,packages/SystemUI/src/com/android/systemui/tuner/LockscreenFragment.java,365,366,-2,-1,0,{},[]
570678,Method,com.android.systemui.tuner.LockscreenFragment.ShortcutButton.ShortcutButton,packages/SystemUI/src/com/android/systemui/tuner/LockscreenFragment.java,366,366,-2,-1,0,{},[]
570678,Method,com.android.systemui.tuner.LockscreenFragment.ShortcutButton.ShortcutButton,packages/SystemUI/src/com/android/systemui/tuner/LockscreenFragment.java,361,361,-2,-1,0,{},[]
570678,Method,com.android.systemui.tuner.LockscreenFragment.ShortcutButton.ShortcutButton,packages/SystemUI/src/com/android/systemui/tuner/LockscreenFragment.java,364,364,-2,-1,0,{},[]
570678,Method,com.android.systemui.tuner.LockscreenFragment.ShortcutButton.ShortcutButton,packages/SystemUI/src/com/android/systemui/tuner/LockscreenFragment.java,363,364,-2,-1,0,{},[]
570678,Method,com.android.systemui.tuner.LockscreenFragment.ShortcutButton.ShortcutButton,packages/SystemUI/src/com/android/systemui/tuner/LockscreenFragment.java,361,361,-2,-1,0,{},[]
570678,Method,com.android.systemui.tuner.LockscreenFragment.ShortcutButton.ShortcutButton,packages/SystemUI/src/com/android/systemui/tuner/LockscreenFragment.java,364,364,-2,-1,0,{},[]
570687,Method,com.android.systemui.tuner.LockscreenFragment.ActivityButton.ActivityButton,packages/SystemUI/src/com/android/systemui/tuner/LockscreenFragment.java,390,390,-2,-1,0,{},[]
570687,Method,com.android.systemui.tuner.LockscreenFragment.ActivityButton.ActivityButton,packages/SystemUI/src/com/android/systemui/tuner/LockscreenFragment.java,392,392,-2,-1,0,{},[]
570687,Method,com.android.systemui.tuner.LockscreenFragment.ActivityButton.ActivityButton,packages/SystemUI/src/com/android/systemui/tuner/LockscreenFragment.java,389,389,-2,-1,0,{},[]
570687,Method,com.android.systemui.tuner.LockscreenFragment.ActivityButton.ActivityButton,packages/SystemUI/src/com/android/systemui/tuner/LockscreenFragment.java,386,386,-2,-1,0,{},[]
570687,Method,com.android.systemui.tuner.LockscreenFragment.ActivityButton.ActivityButton,packages/SystemUI/src/com/android/systemui/tuner/LockscreenFragment.java,386,386,-2,-1,0,{},[]
570687,Method,com.android.systemui.tuner.LockscreenFragment.ActivityButton.ActivityButton,packages/SystemUI/src/com/android/systemui/tuner/LockscreenFragment.java,389,389,-2,-1,0,{},[]
570687,Method,com.android.systemui.tuner.LockscreenFragment.ActivityButton.ActivityButton,packages/SystemUI/src/com/android/systemui/tuner/LockscreenFragment.java,391,392,-2,-1,0,{},[]
570687,Method,com.android.systemui.tuner.LockscreenFragment.ActivityButton.ActivityButton,packages/SystemUI/src/com/android/systemui/tuner/LockscreenFragment.java,393,394,-2,-1,0,{},[]
570687,Method,com.android.systemui.tuner.LockscreenFragment.ActivityButton.ActivityButton,packages/SystemUI/src/com/android/systemui/tuner/LockscreenFragment.java,394,394,-2,-1,0,{},[]
570687,Method,com.android.systemui.tuner.LockscreenFragment.ActivityButton.ActivityButton,packages/SystemUI/src/com/android/systemui/tuner/LockscreenFragment.java,386,386,-2,-1,0,{},[]
570687,Method,com.android.systemui.tuner.LockscreenFragment.ActivityButton.ActivityButton,packages/SystemUI/src/com/android/systemui/tuner/LockscreenFragment.java,389,389,-2,-1,0,{},[]
570687,Method,com.android.systemui.tuner.LockscreenFragment.ActivityButton.ActivityButton,packages/SystemUI/src/com/android/systemui/tuner/LockscreenFragment.java,392,392,-2,-1,0,{},[]
570981,Method,com.android.systemui.tuner.ShortcutPicker.onCreatePreferences,packages/SystemUI/src/com/android/systemui/tuner/ShortcutPicker.java,55,55,-2,-1,0,{},[]
571129,Method,com.android.systemui.tuner.TunerFragment.onCreatePreferences,packages/SystemUI/src/com/android/systemui/tuner/TunerFragment.java,88,88,-2,-1,0,{},[]
571129,Method,com.android.systemui.tuner.TunerFragment.onCreatePreferences,packages/SystemUI/src/com/android/systemui/tuner/TunerFragment.java,85,86,-2,-1,0,{},[]
571248,Method,com.android.systemui.tuner.TunerServiceImpl.addTunable,packages/SystemUI/src/com/android/systemui/tuner/TunerServiceImpl.java,176,176,-2,-1,0,{},[]
571258,Method,com.android.systemui.tuner.TunerServiceImpl.reloadSetting,packages/SystemUI/src/com/android/systemui/tuner/TunerServiceImpl.java,206,206,-2,-1,0,{},[]
571264,Method,com.android.systemui.tuner.TunerServiceImpl.reloadAll,packages/SystemUI/src/com/android/systemui/tuner/TunerServiceImpl.java,214,215,-2,-1,0,{},[]
573371,Method,com.android.systemui.volume.VolumeDialogImpl.initDialog,packages/SystemUI/src/com/android/systemui/volume/VolumeDialogImpl.java,207,207,-2,-1,0,{},[]
573455,Method,com.android.systemui.volume.VolumeDialogImpl.dismissH,packages/SystemUI/src/com/android/systemui/volume/VolumeDialogImpl.java,578,578,-2,-1,0,{},[]
573486,Method,com.android.systemui.volume.VolumeDialogImpl.trimObsoleteH,packages/SystemUI/src/com/android/systemui/volume/VolumeDialogImpl.java,736,736,-2,-1,0,{},[]
574185,Method,com.android.systemui.colorextraction.SysuiColorExtractorTests.getColors_fallbackWhenMediaIsVisible,packages/SystemUI/tests/src/com/android/systemui/colorextraction/SysuiColorExtractorTests.java,96,96,-2,-1,0,{},[]
574799,Method,com.android.systemui.power.PowerUITest.testShutdownBasedThreshold,packages/SystemUI/tests/src/com/android/systemui/power/PowerUITest.java,153,153,-2,-1,0,{},[]
576037,Method,com.android.systemui.statusbar.NotificationInfoTest.testCloseControls_checkSaveListenerDelaysStopNotifications,packages/SystemUI/tests/src/com/android/systemui/statusbar/NotificationInfoTest.java,571,571,-2,-1,0,{},[]
576037,Method,com.android.systemui.statusbar.NotificationInfoTest.testCloseControls_checkSaveListenerDelaysStopNotifications,packages/SystemUI/tests/src/com/android/systemui/statusbar/NotificationInfoTest.java,570,570,-2,-1,0,{},[]
576057,Method,com.android.systemui.statusbar.NotificationInfoTest.testCloseControlsDoesNotUpdateIfCheckSaveListenerIsNoOp,packages/SystemUI/tests/src/com/android/systemui/statusbar/NotificationInfoTest.java,798,798,-2,-1,0,{},[]
576613,Method,com.android.systemui.statusbar.phone.ScrimControllerTest.transitionToAod_withAodWallpaperAndLockScreenWallpaper,packages/SystemUI/tests/src/com/android/systemui/statusbar/phone/ScrimControllerTest.java,143,143,-2,-1,0,{},[]
577182,Method,com.android.systemui.statusbar.policy.NetworkControllerBaseTest.setupNetworkController,packages/SystemUI/tests/src/com/android/systemui/statusbar/policy/NetworkControllerBaseTest.java,158,158,-2,-1,0,{},[]
577310,Method,com.android.systemui.statusbar.policy.NetworkControllerDataTest.testNoInternetIcon,packages/SystemUI/tests/src/com/android/systemui/statusbar/policy/NetworkControllerDataTest.java,118,118,-2,-1,0,{},[]
577311,Method,com.android.systemui.statusbar.policy.NetworkControllerDataTest.testDataDisabledIcon,packages/SystemUI/tests/src/com/android/systemui/statusbar/policy/NetworkControllerDataTest.java,132,132,-2,-1,0,{},[]
577312,Method,com.android.systemui.statusbar.policy.NetworkControllerDataTest.testDataDisabledIcon_UserNotSetup,packages/SystemUI/tests/src/com/android/systemui/statusbar/policy/NetworkControllerDataTest.java,146,146,-2,-1,0,{},[]
577313,Method,com.android.systemui.statusbar.policy.NetworkControllerDataTest.testAlwaysShowDataRatIcon,packages/SystemUI/tests/src/com/android/systemui/statusbar/policy/NetworkControllerDataTest.java,161,161,-2,-1,0,{},[]
594739,Method,com.android.server.appwidget.AppWidgetServiceImpl.deleteAppWidgetLocked,services/appwidget/java/com/android/server/appwidget/AppWidgetServiceImpl.java,1838,1838,-2,-1,0,{},[]
594743,Method,com.android.server.appwidget.AppWidgetServiceImpl.cancelBroadcasts,services/appwidget/java/com/android/server/appwidget/AppWidgetServiceImpl.java,1853,1853,-2,-1,0,{},[]
594743,Method,com.android.server.appwidget.AppWidgetServiceImpl.cancelBroadcasts,services/appwidget/java/com/android/server/appwidget/AppWidgetServiceImpl.java,1857,1857,-2,-1,0,{},[]
594888,Method,com.android.server.appwidget.AppWidgetServiceImpl.deleteProviderLocked,services/appwidget/java/com/android/server/appwidget/AppWidgetServiceImpl.java,2319,2319,-2,-1,0,{},[]
595171,Method,com.android.server.appwidget.AppWidgetServiceImpl.updateProvidersForPackageLocked,services/appwidget/java/com/android/server/appwidget/AppWidgetServiceImpl.java,3381,3381,-2,-1,0,{},[]
606775,Method,com.android.server.am.ActivityManagerConstants.start,services/core/java/com/android/server/am/ActivityManagerConstants.java,246,247,-2,-1,0,{},[]
608968,Method,com.android.server.am.ActivityManagerService.isAppForeground,services/core/java/com/android/server/am/ActivityManagerService.java,8808,8808,-2,-1,0,{},[]
613590,Method,com.android.server.am.ActivityMetricsLogger.WindowingModeTransitionInfoSnapshot.WindowingModeTransitionInfoSnapshot,services/core/java/com/android/server/am/ActivityMetricsLogger.java,163,163,-2,-1,0,{},[]
613590,Method,com.android.server.am.ActivityMetricsLogger.WindowingModeTransitionInfoSnapshot.WindowingModeTransitionInfoSnapshot,services/core/java/com/android/server/am/ActivityMetricsLogger.java,162,162,-2,-1,0,{},[]
613643,Method,com.android.server.am.ActivityMetricsLogger.checkVisibility,services/core/java/com/android/server/am/ActivityMetricsLogger.java,417,417,-2,-1,0,{},[]
613867,Method,com.android.server.am.ActivityRecord.updatePictureInPictureMode,services/core/java/com/android/server/am/ActivityRecord.java,699,699,-2,-1,0,{},[]
614113,Method,com.android.server.am.ActivityRecord.reportFullyDrawnLocked,services/core/java/com/android/server/am/ActivityRecord.java,1998,1998,-2,-1,0,{},[]
614113,Method,com.android.server.am.ActivityRecord.reportFullyDrawnLocked,services/core/java/com/android/server/am/ActivityRecord.java,2020,2020,-2,-1,0,{},[]
614113,Method,com.android.server.am.ActivityRecord.reportFullyDrawnLocked,services/core/java/com/android/server/am/ActivityRecord.java,2006,2008,-2,-1,0,{},[]
614113,Method,com.android.server.am.ActivityRecord.reportFullyDrawnLocked,services/core/java/com/android/server/am/ActivityRecord.java,1999,1999,-2,-1,0,{},[]
614113,Method,com.android.server.am.ActivityRecord.reportFullyDrawnLocked,services/core/java/com/android/server/am/ActivityRecord.java,1994,1994,-2,-1,0,{},[]
614113,Method,com.android.server.am.ActivityRecord.reportFullyDrawnLocked,services/core/java/com/android/server/am/ActivityRecord.java,2005,2005,-2,-1,0,{},[]
614113,Method,com.android.server.am.ActivityRecord.reportFullyDrawnLocked,services/core/java/com/android/server/am/ActivityRecord.java,1996,1996,-2,-1,0,{},[]
614113,Method,com.android.server.am.ActivityRecord.reportFullyDrawnLocked,services/core/java/com/android/server/am/ActivityRecord.java,1998,1999,-2,-1,0,{},[]
614113,Method,com.android.server.am.ActivityRecord.reportFullyDrawnLocked,services/core/java/com/android/server/am/ActivityRecord.java,2014,2014,-2,-1,0,{},[]
614128,Method,com.android.server.am.ActivityRecord.onWindowsDrawn,services/core/java/com/android/server/am/ActivityRecord.java,2081,2081,-2,-1,0,{},[]
614613,Method,com.android.server.am.ActivityStack.minimalResumeActivityLocked,services/core/java/com/android/server/am/ActivityStack.java,1257,1257,-2,-1,0,{},[]
614613,Method,com.android.server.am.ActivityStack.minimalResumeActivityLocked,services/core/java/com/android/server/am/ActivityStack.java,1257,1257,-2,-1,0,{},[]
614644,Method,com.android.server.am.ActivityStack.startPausingLocked,services/core/java/com/android/server/am/ActivityStack.java,1452,1452,-2,-1,0,{},[]
614644,Method,com.android.server.am.ActivityStack.startPausingLocked,services/core/java/com/android/server/am/ActivityStack.java,1452,1452,-2,-1,0,{},[]
615779,Method,com.android.server.am.ActivityStackSupervisor.startSpecificActivityLocked,services/core/java/com/android/server/am/ActivityStackSupervisor.java,1684,1684,-2,-1,0,{},[]
615779,Method,com.android.server.am.ActivityStackSupervisor.startSpecificActivityLocked,services/core/java/com/android/server/am/ActivityStackSupervisor.java,1684,1684,-2,-1,0,{},[]
620504,Method,com.android.server.am.ProcessList.writeLmkd,services/core/java/com/android/server/am/ProcessList.java,831,831,-2,-1,0,{},[]
620504,Method,com.android.server.am.ProcessList.writeLmkd,services/core/java/com/android/server/am/ProcessList.java,828,828,-2,-1,0,{},[]
624137,Method,com.android.server.AppOpsService.systemReady.Anonymous_Class.getMountMode,services/core/java/com/android/server/AppOpsService.java,705,706,-2,-1,0,{},[]
624447,Method,com.android.server.AppOpsService.startOperation,services/core/java/com/android/server/AppOpsService.java,1746,1746,-2,-1,0,{},[]
624447,Method,com.android.server.AppOpsService.startOperation,services/core/java/com/android/server/AppOpsService.java,1747,1747,-2,-1,0,{},[]
626530,Method,com.android.server.audio.AudioService.makeA2dpDeviceUnavailableNow,services/core/java/com/android/server/audio/AudioService.java,5848,5848,-2,-1,0,{},[]
626548,Method,com.android.server.audio.AudioService.makeHearingAidDeviceUnavailable,services/core/java/com/android/server/audio/AudioService.java,5924,5924,-2,-1,0,{},[]
626552,Method,com.android.server.audio.AudioService.onSetA2dpSinkConnectionState,services/core/java/com/android/server/audio/AudioService.java,5969,5969,-2,-1,0,{},[]
626552,Method,com.android.server.audio.AudioService.onSetA2dpSinkConnectionState,services/core/java/com/android/server/audio/AudioService.java,5993,5993,-2,-1,0,{},[]
626568,Method,com.android.server.audio.AudioService.onSetHearingAidConnectionState,services/core/java/com/android/server/audio/AudioService.java,6045,6045,-2,-1,0,{},[]
626568,Method,com.android.server.audio.AudioService.onSetHearingAidConnectionState,services/core/java/com/android/server/audio/AudioService.java,6049,6049,-2,-1,0,{},[]
631994,Method,com.android.server.connectivity.tethering.UpstreamNetworkMonitor.start,services/core/java/com/android/server/connectivity/tethering/UpstreamNetworkMonitor.java,129,129,-2,-1,0,{},[]
632011,Method,com.android.server.connectivity.tethering.UpstreamNetworkMonitor.handleAvailable,services/core/java/com/android/server/connectivity/tethering/UpstreamNetworkMonitor.java,298,298,-2,-1,0,{},[]
632591,Method,com.android.server.connectivity.Vpn.updateCapabilities,services/core/java/com/android/server/connectivity/Vpn.java,309,309,-2,-1,0,{},[]
632591,Method,com.android.server.connectivity.Vpn.updateCapabilities,services/core/java/com/android/server/connectivity/Vpn.java,305,306,-2,-1,0,{},[]
632763,Method,com.android.server.connectivity.Vpn.onUserAdded,services/core/java/com/android/server/connectivity/Vpn.java,1256,1256,-2,-1,0,{},[]
632768,Method,com.android.server.connectivity.Vpn.onUserRemoved,services/core/java/com/android/server/connectivity/Vpn.java,1278,1278,-2,-1,0,{},[]
632818,Method,com.android.server.connectivity.Vpn.setUnderlyingNetworks,services/core/java/com/android/server/connectivity/Vpn.java,1502,1502,-2,-1,0,{},[]
633809,Method,com.android.server.ConnectivityService.getAllVpnInfo,services/core/java/com/android/server/ConnectivityService.java,3728,3728,-2,-1,0,{},[]
638888,Method,com.android.server.display.DisplayManagerService.setDisplayInfoOverrideFromWindowManagerInternal,services/core/java/com/android/server/display/DisplayManagerService.java,460,460,-2,-1,0,{},[]
639950,Method,com.android.server.display.LocalDisplayAdapter.LocalDisplayDevice.getDisplayDeviceInfoLocked,services/core/java/com/android/server/display/LocalDisplayAdapter.java,407,408,-2,-1,0,{},[]
640980,Method,com.android.server.display.WifiDisplayController.WifiDisplayController,services/core/java/com/android/server/display/WifiDisplayController.java,168,168,-2,-1,0,{},[]
640980,Method,com.android.server.display.WifiDisplayController.WifiDisplayController,services/core/java/com/android/server/display/WifiDisplayController.java,168,168,-2,-1,0,{},[]
648315,Method,com.android.server.InputMethodManagerService.systemRunning,services/core/java/com/android/server/InputMethodManagerService.java,1547,1547,-2,-1,0,{},[]
655413,Method,com.android.server.LocationManagerService.isLocationEnabledForUser,services/core/java/com/android/server/LocationManagerService.java,2585,2588,-2,-1,0,{},[]
655419,Method,com.android.server.LocationManagerService.setLocationEnabledForUser,services/core/java/com/android/server/LocationManagerService.java,2657,2661,-2,-1,0,{},[]
656284,Method,com.android.server.locksettings.LockSettingsService.setLockCredentialWithAuthTokenLocked,services/core/java/com/android/server/locksettings/LockSettingsService.java,2457,2457,-2,-1,0,{},[]
658586,Method,com.android.server.locksettings.SyntheticPasswordManager.AuthenticationToken.deriveKeyStorePassword,services/core/java/com/android/server/locksettings/SyntheticPasswordManager.java,150,151,-2,-1,0,{},[]
658587,Method,com.android.server.locksettings.SyntheticPasswordManager.AuthenticationToken.deriveGkPassword,services/core/java/com/android/server/locksettings/SyntheticPasswordManager.java,155,156,-2,-1,0,{},[]
658588,Method,com.android.server.locksettings.SyntheticPasswordManager.AuthenticationToken.deriveDiskEncryptionKey,services/core/java/com/android/server/locksettings/SyntheticPasswordManager.java,160,161,-2,-1,0,{},[]
658589,Method,com.android.server.locksettings.SyntheticPasswordManager.AuthenticationToken.deriveVendorAuthSecret,services/core/java/com/android/server/locksettings/SyntheticPasswordManager.java,165,166,-2,-1,0,{},[]
658590,Method,com.android.server.locksettings.SyntheticPasswordManager.AuthenticationToken.derivePasswordHashFactor,services/core/java/com/android/server/locksettings/SyntheticPasswordManager.java,170,171,-2,-1,0,{},[]
664164,Method,com.android.server.net.NetworkStatsService.Anonymous_Class.limitReached,services/core/java/com/android/server/net/NetworkStatsService.java,1057,1057,-2,-1,0,{},[]
664164,Method,com.android.server.net.NetworkStatsService.Anonymous_Class.limitReached,services/core/java/com/android/server/net/NetworkStatsService.java,1057,1057,-2,-1,0,{},[]
664294,Method,com.android.server.net.NetworkStatsService.HandlerCallback.handleMessage,services/core/java/com/android/server/net/NetworkStatsService.java,1677,1677,-2,-1,0,{},[]
668239,Method,com.android.server.notification.NotificationManagerService.isBlocked,services/core/java/com/android/server/notification/NotificationManagerService.java,4267,4267,-2,-1,0,{},[]
668239,Method,com.android.server.notification.NotificationManagerService.isBlocked,services/core/java/com/android/server/notification/NotificationManagerService.java,4263,4263,-2,-1,0,{},[]
668340,Method,com.android.server.notification.NotificationManagerService.buzzBeepBlinkLocked,services/core/java/com/android/server/notification/NotificationManagerService.java,4844,4844,-2,-1,0,{},[]
668340,Method,com.android.server.notification.NotificationManagerService.buzzBeepBlinkLocked,services/core/java/com/android/server/notification/NotificationManagerService.java,4845,4845,-2,-1,0,{},[]
669136,Method,com.android.server.notification.NotificationRecord.calculateLights,services/core/java/com/android/server/notification/NotificationRecord.java,230,231,-2,-1,0,{},[]
672641,Method,com.android.server.PinnerService.onSwitchUser,services/core/java/com/android/server/PinnerService.java,137,137,-2,-1,0,{},[]
672641,Method,com.android.server.PinnerService.onSwitchUser,services/core/java/com/android/server/PinnerService.java,137,137,-2,-1,0,{},[]
672643,Method,com.android.server.PinnerService.update,services/core/java/com/android/server/PinnerService.java,149,150,-2,-1,0,{},[]
672643,Method,com.android.server.PinnerService.update,services/core/java/com/android/server/PinnerService.java,146,146,-2,-1,0,{},[]
672643,Method,com.android.server.PinnerService.update,services/core/java/com/android/server/PinnerService.java,149,149,-2,-1,0,{},[]
672657,Method,com.android.server.PinnerService.getCameraInfo,services/core/java/com/android/server/PinnerService.java,217,217,-2,-1,0,{},[]
672657,Method,com.android.server.PinnerService.getCameraInfo,services/core/java/com/android/server/PinnerService.java,209,209,-2,-1,0,{},[]
672657,Method,com.android.server.PinnerService.getCameraInfo,services/core/java/com/android/server/PinnerService.java,210,213,-2,-1,0,{},[]
672657,Method,com.android.server.PinnerService.getCameraInfo,services/core/java/com/android/server/PinnerService.java,222,222,-2,-1,0,{},[]
672662,Method,com.android.server.PinnerService.pinCamera,services/core/java/com/android/server/PinnerService.java,237,237,-2,-1,0,{},[]
672662,Method,com.android.server.PinnerService.pinCamera,services/core/java/com/android/server/PinnerService.java,245,245,-2,-1,0,{},[]
672662,Method,com.android.server.PinnerService.pinCamera,services/core/java/com/android/server/PinnerService.java,257,257,-2,-1,0,{},[]
672662,Method,com.android.server.PinnerService.pinCamera,services/core/java/com/android/server/PinnerService.java,253,253,-2,-1,0,{},[]
672662,Method,com.android.server.PinnerService.pinCamera,services/core/java/com/android/server/PinnerService.java,276,276,-2,-1,0,{},[]
672662,Method,com.android.server.PinnerService.pinCamera,services/core/java/com/android/server/PinnerService.java,249,251,-2,-1,0,{},[]
672650,Method,com.android.server.PinnerService.handlePinCamera,services/core/java/com/android/server/PinnerService.java,184,184,-2,-1,0,{},[]
672650,Method,com.android.server.PinnerService.handlePinCamera,services/core/java/com/android/server/PinnerService.java,182,182,-2,-1,0,{},[]
672742,Method,com.android.server.PinnerService.BinderService.dump,services/core/java/com/android/server/PinnerService.java,597,597,-2,-1,0,{},[]
672768,Method,com.android.server.PinnerService.PinnerHandler.handleMessage,services/core/java/com/android/server/PinnerService.java,651,651,-2,-1,0,{},[]
675529,Method,com.android.server.pm.PackageDexOptimizer.dexOptPath,services/core/java/com/android/server/pm/PackageDexOptimizer.java,292,292,-2,-1,0,{},[]
679581,Method,com.android.server.pm.PackageManagerService.installExistingPackageAsUser,services/core/java/com/android/server/pm/PackageManagerService.java,14070,14071,-2,-1,0,{},[]
691481,Method,com.android.server.policy.PhoneWindowManager.powerLongPress,services/core/java/com/android/server/policy/PhoneWindowManager.java,1606,1606,-2,-1,0,{},[]
691548,Method,com.android.server.policy.PhoneWindowManager.handleDoubleTapOnHome,services/core/java/com/android/server/policy/PhoneWindowManager.java,1961,1961,-2,-1,0,{},[]
691558,Method,com.android.server.policy.PhoneWindowManager.init,services/core/java/com/android/server/policy/PhoneWindowManager.java,2155,2155,-2,-1,0,{},[]
691558,Method,com.android.server.policy.PhoneWindowManager.init,services/core/java/com/android/server/policy/PhoneWindowManager.java,2054,2054,-2,-1,0,{},[]
691663,Method,com.android.server.policy.PhoneWindowManager.adjustConfigurationLw,services/core/java/com/android/server/policy/PhoneWindowManager.java,2858,2858,-2,-1,0,{},[]
691807,Method,com.android.server.policy.PhoneWindowManager.interceptKeyBeforeDispatching,services/core/java/com/android/server/policy/PhoneWindowManager.java,3728,3728,-2,-1,0,{},[]
691807,Method,com.android.server.policy.PhoneWindowManager.interceptKeyBeforeDispatching,services/core/java/com/android/server/policy/PhoneWindowManager.java,3763,3763,-2,-1,0,{},[]
691807,Method,com.android.server.policy.PhoneWindowManager.interceptKeyBeforeDispatching,services/core/java/com/android/server/policy/PhoneWindowManager.java,3722,3722,-2,-1,0,{},[]
691928,Method,com.android.server.policy.PhoneWindowManager.launchHomeFromHotKey,services/core/java/com/android/server/policy/PhoneWindowManager.java,4403,4410,-2,-1,0,{},[]
691928,Method,com.android.server.policy.PhoneWindowManager.launchHomeFromHotKey,services/core/java/com/android/server/policy/PhoneWindowManager.java,4402,4402,-2,-1,0,{},[]
692193,Method,com.android.server.policy.PhoneWindowManager.interceptKeyBeforeQueueing,services/core/java/com/android/server/policy/PhoneWindowManager.java,6371,6371,-2,-1,0,{},[]
692239,Method,com.android.server.policy.PhoneWindowManager.shouldDispatchInputWhenNonInteractive,services/core/java/com/android/server/policy/PhoneWindowManager.java,6569,6569,-2,-1,0,{},[]
692239,Method,com.android.server.policy.PhoneWindowManager.shouldDispatchInputWhenNonInteractive,services/core/java/com/android/server/policy/PhoneWindowManager.java,6562,6562,-2,-1,0,{},[]
692296,Method,com.android.server.policy.PhoneWindowManager.wakeUp,services/core/java/com/android/server/policy/PhoneWindowManager.java,6859,6859,-2,-1,0,{},[]
692296,Method,com.android.server.policy.PhoneWindowManager.wakeUp,services/core/java/com/android/server/policy/PhoneWindowManager.java,6865,6865,-2,-1,0,{},[]
692296,Method,com.android.server.policy.PhoneWindowManager.wakeUp,services/core/java/com/android/server/policy/PhoneWindowManager.java,6865,6866,-2,-1,0,{},[]
692599,Method,com.android.server.policy.PhoneWindowManager.dump,services/core/java/com/android/server/policy/PhoneWindowManager.java,8685,8685,-2,-1,0,{},[]
692599,Method,com.android.server.policy.PhoneWindowManager.dump,services/core/java/com/android/server/policy/PhoneWindowManager.java,8688,8688,-2,-1,0,{},[]
694294,Method,com.android.server.power.Notifier.playChargingStartedSound,services/core/java/com/android/server/power/Notifier.java,741,742,-2,-1,0,{},[]
694298,Method,com.android.server.power.Notifier.showWirelessChargingStarted,services/core/java/com/android/server/power/Notifier.java,756,756,-2,-1,0,{},[]
694303,Method,com.android.server.power.Notifier.playWirelessChargingVibration,services/core/java/com/android/server/power/Notifier.java,774,775,-2,-1,0,{},[]
694311,Method,com.android.server.power.Notifier.NotifierHandler.handleMessage,services/core/java/com/android/server/power/Notifier.java,814,814,-2,-1,0,{},[]
695131,Method,com.android.server.power.PowerManagerService.BinderService.wakeUp,services/core/java/com/android/server/power/PowerManagerService.java,4285,4285,-2,-1,0,{},[]
695131,Method,com.android.server.power.PowerManagerService.BinderService.wakeUp,services/core/java/com/android/server/power/PowerManagerService.java,4281,4281,-2,-1,0,{},[]
695131,Method,com.android.server.power.PowerManagerService.BinderService.wakeUp,services/core/java/com/android/server/power/PowerManagerService.java,4273,4273,-2,-1,0,{},[]
695131,Method,com.android.server.power.PowerManagerService.BinderService.wakeUp,services/core/java/com/android/server/power/PowerManagerService.java,4280,4280,-2,-1,0,{},[]
695131,Method,com.android.server.power.PowerManagerService.BinderService.wakeUp,services/core/java/com/android/server/power/PowerManagerService.java,4277,4278,-2,-1,0,{},[]
695131,Method,com.android.server.power.PowerManagerService.BinderService.wakeUp,services/core/java/com/android/server/power/PowerManagerService.java,4283,4283,-2,-1,0,{},[]
696252,Method,com.android.server.slice.PinnedSliceState.getClient,services/core/java/com/android/server/slice/PinnedSliceState.java,158,158,-2,-1,0,{},[]
696570,Method,com.android.server.slice.SliceManagerService.getProviderPkg,services/core/java/com/android/server/slice/SliceManagerService.java,398,398,-2,-1,0,{},[]
696570,Method,com.android.server.slice.SliceManagerService.getProviderPkg,services/core/java/com/android/server/slice/SliceManagerService.java,399,399,-2,-1,0,{},[]
696570,Method,com.android.server.slice.SliceManagerService.getProviderPkg,services/core/java/com/android/server/slice/SliceManagerService.java,418,418,-2,-1,0,{},[]
697556,Method,com.android.server.statusbar.StatusBarManagerService.reboot,services/core/java/com/android/server/statusbar/StatusBarManagerService.java,969,970,-2,-1,0,{},[]
698478,Method,com.android.server.StorageManagerService.onVolumeCreatedLocked,services/core/java/com/android/server/StorageManagerService.java,1181,1181,-2,-1,0,{},[]
699739,Method,com.android.server.TelephonyRegistry.broadcastCallStateChanged,services/core/java/com/android/server/TelephonyRegistry.java,1592,1592,-2,-1,0,{},[]
708233,Method,com.android.server.wm.DisplayContent.updateRotationUnchecked,services/core/java/com/android/server/wm/DisplayContent.java,1111,1112,-2,-1,0,{},[]
708266,Method,com.android.server.wm.DisplayContent.calculateDisplayCutoutForRotationUncached,services/core/java/com/android/server/wm/DisplayContent.java,1255,1255,-2,-1,0,{},[]
708266,Method,com.android.server.wm.DisplayContent.calculateDisplayCutoutForRotationUncached,services/core/java/com/android/server/wm/DisplayContent.java,1258,1258,-2,-1,0,{},[]
708266,Method,com.android.server.wm.DisplayContent.calculateDisplayCutoutForRotationUncached,services/core/java/com/android/server/wm/DisplayContent.java,1255,1255,-2,-1,0,{},[]
713994,Method,com.android.server.wm.WindowManagerService.WindowManagerService,services/core/java/com/android/server/wm/WindowManagerService.java,1009,1009,-2,-1,0,{},[]
713994,Method,com.android.server.wm.WindowManagerService.WindowManagerService,services/core/java/com/android/server/wm/WindowManagerService.java,1009,1009,-2,-1,0,{},[]
716455,Method,com.android.server.wm.WindowStateAnimator.seamlesslyRotateWindow,services/core/java/com/android/server/wm/WindowStateAnimator.java,1519,1520,-2,-1,0,{},[]
716455,Method,com.android.server.wm.WindowStateAnimator.seamlesslyRotateWindow,services/core/java/com/android/server/wm/WindowStateAnimator.java,1512,1512,-2,-1,0,{},[]
716455,Method,com.android.server.wm.WindowStateAnimator.seamlesslyRotateWindow,services/core/java/com/android/server/wm/WindowStateAnimator.java,1512,1512,-2,-1,0,{},[]
716455,Method,com.android.server.wm.WindowStateAnimator.seamlesslyRotateWindow,services/core/java/com/android/server/wm/WindowStateAnimator.java,1518,1518,-2,-1,0,{},[]
716455,Method,com.android.server.wm.WindowStateAnimator.seamlesslyRotateWindow,services/core/java/com/android/server/wm/WindowStateAnimator.java,1498,1498,-2,-1,0,{},[]
716455,Method,com.android.server.wm.WindowStateAnimator.seamlesslyRotateWindow,services/core/java/com/android/server/wm/WindowStateAnimator.java,1528,1528,-2,-1,0,{},[]
716860,Method,com.android.server.wm.WindowToken.onDisplayChanged,services/core/java/com/android/server/wm/WindowToken.java,276,276,-2,-1,0,{},[]
738568,Method,com.android.server.NetworkPolicyManagerServiceTest.buildFakeMobilePolicy,services/tests/servicestests/src/com/android/server/NetworkPolicyManagerServiceTest.java,1693,1693,-2,-1,0,{},[]
742478,Method,com.android.server.policy.PhoneWindowManagerTestBase.displayCutoutForRotation,services/tests/servicestests/src/com/android/server/policy/PhoneWindowManagerTestBase.java,181,181,-2,-1,0,{},[]
742478,Method,com.android.server.policy.PhoneWindowManagerTestBase.displayCutoutForRotation,services/tests/servicestests/src/com/android/server/policy/PhoneWindowManagerTestBase.java,176,177,-2,-1,0,{},[]
742478,Method,com.android.server.policy.PhoneWindowManagerTestBase.displayCutoutForRotation,services/tests/servicestests/src/com/android/server/policy/PhoneWindowManagerTestBase.java,183,183,-2,-1,0,{},[]
742478,Method,com.android.server.policy.PhoneWindowManagerTestBase.displayCutoutForRotation,services/tests/servicestests/src/com/android/server/policy/PhoneWindowManagerTestBase.java,175,175,-2,-1,0,{},[]
745885,Method,com.android.server.wm.utils.CoordinateTransformsTest.transformPhysicalToLogicalCoordinates_rot90,services/tests/servicestests/src/com/android/server/wm/utils/CoordinateTransformsTest.java,63,63,-2,-1,0,{},[]
745885,Method,com.android.server.wm.utils.CoordinateTransformsTest.transformPhysicalToLogicalCoordinates_rot90,services/tests/servicestests/src/com/android/server/wm/utils/CoordinateTransformsTest.java,63,63,-2,-1,0,{},[]
745886,Method,com.android.server.wm.utils.CoordinateTransformsTest.transformPhysicalToLogicalCoordinates_rot180,services/tests/servicestests/src/com/android/server/wm/utils/CoordinateTransformsTest.java,71,71,-2,-1,0,{},[]
745886,Method,com.android.server.wm.utils.CoordinateTransformsTest.transformPhysicalToLogicalCoordinates_rot180,services/tests/servicestests/src/com/android/server/wm/utils/CoordinateTransformsTest.java,71,71,-2,-1,0,{},[]
745887,Method,com.android.server.wm.utils.CoordinateTransformsTest.transformPhysicalToLogicalCoordinates_rot270,services/tests/servicestests/src/com/android/server/wm/utils/CoordinateTransformsTest.java,79,79,-2,-1,0,{},[]
745887,Method,com.android.server.wm.utils.CoordinateTransformsTest.transformPhysicalToLogicalCoordinates_rot270,services/tests/servicestests/src/com/android/server/wm/utils/CoordinateTransformsTest.java,79,79,-2,-1,0,{},[]
747663,Method,com.android.server.notification.BuzzBeepBlinkTest.testGroupAlertSummaryNoSilenceSummary,services/tests/uiservicestests/src/com/android/server/notification/BuzzBeepBlinkTest.java,715,715,-2,-1,0,{},[]
748351,Method,com.android.server.notification.NotificationManagerServiceTest.testBlockedNotifications_suspended,services/tests/uiservicestests/src/com/android/server/notification/NotificationManagerServiceTest.java,505,505,-2,-1,0,{},[]
750146,Method,com.android.server.slice.SlicePermissionManagerTest.testGrant,services/tests/uiservicestests/src/com/android/server/slice/SlicePermissionManagerTest.java,52,52,-2,-1,0,{},[]
750150,Method,com.android.server.slice.SlicePermissionManagerTest.testBackup,services/tests/uiservicestests/src/com/android/server/slice/SlicePermissionManagerTest.java,66,66,-2,-1,0,{},[]
750515,Method,com.android.server.usage.AppStandbyController.onBootPhase,services/usage/java/com/android/server/usage/AppStandbyController.java,350,350,-2,-1,0,{},[]
750515,Method,com.android.server.usage.AppStandbyController.onBootPhase,services/usage/java/com/android/server/usage/AppStandbyController.java,350,350,-2,-1,0,{},[]
754378,Method,com.android.server.usb.UsbDeviceManager.UsbHandler.updateAdbNotification,services/usb/java/com/android/server/usb/UsbDeviceManager.java,1187,1187,-2,-1,0,{},[]
754517,Method,com.android.server.usb.UsbDeviceManager.UsbHandlerHal.ServiceNotification.onRegistration,services/usb/java/com/android/server/usb/UsbDeviceManager.java,1798,1798,-2,-1,0,{},[]
777797,Method,com.android.internal.telephony.gsm.SmsMessage.PduParser.getSCTimestampMillis,telephony/java/com/android/internal/telephony/gsm/SmsMessage.java,718,718,-2,-1,0,{},[]
777797,Method,com.android.internal.telephony.gsm.SmsMessage.PduParser.getSCTimestampMillis,telephony/java/com/android/internal/telephony/gsm/SmsMessage.java,729,729,-2,-1,0,{},[]
779099,Method,android.telephony.SmsCbEtwsInfo.getPrimaryNotificationTimestamp,telephony/java/com/android/internal/telephony/SmsCbEtwsInfo.java,169,169,-2,-1,0,{},[]
779099,Method,android.telephony.SmsCbEtwsInfo.getPrimaryNotificationTimestamp,telephony/java/com/android/internal/telephony/SmsCbEtwsInfo.java,180,180,-2,-1,0,{},[]
785957,Method,com.android.tests.applaunch.AppLaunch.AppLaunchRunnable.parseLaunchTimeAndWrite,tests/AppLaunch/src/com/android/tests/applaunch/AppLaunch.java,862,862,-2,-1,0,{},[]
800899,Method,android.net.NetworkStatsTest.testApply464xlatAdjustments,tests/net/java/android/net/NetworkStatsTest.java,814,820,-2,-1,0,{},[]
802423,Method,com.android.server.connectivity.tethering.UpstreamNetworkMonitorTest.testLocalPrefixes,tests/net/java/com/android/server/connectivity/tethering/UpstreamNetworkMonitorTest.java,348,348,-2,-1,0,{},[]
802767,Method,com.android.server.connectivity.VpnTest.testCapabilities,tests/net/java/com/android/server/connectivity/VpnTest.java,460,460,-2,-1,0,{},[]
803698,Method,com.android.server.ConnectivityServiceTest.testVpnWithAndWithoutInternet,tests/net/java/com/android/server/ConnectivityServiceTest.java,4386,4386,-2,-1,0,{},[]
803698,Method,com.android.server.ConnectivityServiceTest.testVpnWithAndWithoutInternet,tests/net/java/com/android/server/ConnectivityServiceTest.java,4383,4383,-2,-1,0,{},[]
803698,Method,com.android.server.ConnectivityServiceTest.testVpnWithAndWithoutInternet,tests/net/java/com/android/server/ConnectivityServiceTest.java,4382,4382,-2,-1,0,{},[]
804299,Method,com.android.server.net.NetworkStatsServiceTest.setUp,tests/net/java/com/android/server/net/NetworkStatsServiceTest.java,208,208,-2,-1,0,{},[]
804306,Method,com.android.server.net.NetworkStatsServiceTest.testNetworkStatsWifi,tests/net/java/com/android/server/net/NetworkStatsServiceTest.java,251,251,-2,-1,0,{},[]
804307,Method,com.android.server.net.NetworkStatsServiceTest.testStatsRebootPersist,tests/net/java/com/android/server/net/NetworkStatsServiceTest.java,295,295,-2,-1,0,{},[]
804308,Method,com.android.server.net.NetworkStatsServiceTest.testStatsBucketResize,tests/net/java/com/android/server/net/NetworkStatsServiceTest.java,369,369,-2,-1,0,{},[]
804310,Method,com.android.server.net.NetworkStatsServiceTest.testUidStatsAcrossNetworks,tests/net/java/com/android/server/net/NetworkStatsServiceTest.java,411,411,-2,-1,0,{},[]
804311,Method,com.android.server.net.NetworkStatsServiceTest.testUidRemovedIsMoved,tests/net/java/com/android/server/net/NetworkStatsServiceTest.java,487,487,-2,-1,0,{},[]
804313,Method,com.android.server.net.NetworkStatsServiceTest.testUid3g4gCombinedByTemplate,tests/net/java/com/android/server/net/NetworkStatsServiceTest.java,546,546,-2,-1,0,{},[]
804314,Method,com.android.server.net.NetworkStatsServiceTest.testSummaryForAllUid,tests/net/java/com/android/server/net/NetworkStatsServiceTest.java,604,604,-2,-1,0,{},[]
804317,Method,com.android.server.net.NetworkStatsServiceTest.testDetailedUidStats,tests/net/java/com/android/server/net/NetworkStatsServiceTest.java,663,663,-2,-1,0,{},[]
804322,Method,com.android.server.net.NetworkStatsServiceTest.testDetailedUidStats_Filtered,tests/net/java/com/android/server/net/NetworkStatsServiceTest.java,706,706,-2,-1,0,{},[]
804331,Method,com.android.server.net.NetworkStatsServiceTest.testForegroundBackground,tests/net/java/com/android/server/net/NetworkStatsServiceTest.java,751,751,-2,-1,0,{},[]
804333,Method,com.android.server.net.NetworkStatsServiceTest.testMetered,tests/net/java/com/android/server/net/NetworkStatsServiceTest.java,809,809,-2,-1,0,{},[]
804335,Method,com.android.server.net.NetworkStatsServiceTest.testRoaming,tests/net/java/com/android/server/net/NetworkStatsServiceTest.java,849,849,-2,-1,0,{},[]
804337,Method,com.android.server.net.NetworkStatsServiceTest.testTethering,tests/net/java/com/android/server/net/NetworkStatsServiceTest.java,888,888,-2,-1,0,{},[]
804342,Method,com.android.server.net.NetworkStatsServiceTest.testRegisterUsageCallback,tests/net/java/com/android/server/net/NetworkStatsServiceTest.java,931,931,-2,-1,0,{},[]
