id,category,qualifiedName,file_path,not_aosp,old_aosp,isIntrusive,intrusiveModify,refactor
6356,Method,android.accounts.AccountAuthenticatorActivity.onCreate,core/java/android/accounts/AccountAuthenticatorActivity.java,0,-1,1,{'body_modify': '-'},[]
8412,Method,android.animation.IntEvaluator.evaluate,core/java/android/animation/IntEvaluator.java,0,-1,1,{'body_modify': '-'},[]
8462,Method,android.animation.Keyframe.ofInt,core/java/android/animation/Keyframe.java,0,-1,1,{'body_modify': '-'},[]
8467,Method,android.animation.Keyframe.ofFloat,core/java/android/animation/Keyframe.java,0,-1,1,{'body_modify': '-'},[]
8472,Method,android.animation.Keyframe.ofObject,core/java/android/animation/Keyframe.java,0,-1,1,{'body_modify': '-'},[]
10564,Method,android.app.Activity.onResume,core/java/android/app/Activity.java,0,-1,1,{'body_modify': '-'},[]
10638,Method,android.app.Activity.onDestroy,core/java/android/app/Activity.java,0,-1,1,{'body_modify': '-'},[]
10664,Method,android.app.Activity.enterPictureInPictureMode,core/java/android/app/Activity.java,0,-1,1,{'body_modify': '-'},[]
10790,Method,android.app.Activity.onUserInteraction,core/java/android/app/Activity.java,0,-1,1,{'body_modify': '-'},[]
11270,Method,android.app.Activity.dumpInner,core/java/android/app/Activity.java,0,-1,1,{'body_modify': '-'},[]
11360,Method,android.app.Activity.attach,core/java/android/app/Activity.java,0,-1,1,{'body_modify': '-'},[]
11516,Method,android.app.Activity.setShowWhenLocked,core/java/android/app/Activity.java,0,-1,1,{'body_modify': '-'},[]
12883,Method,android.app.ActivityOptions.setLaunchBounds,core/java/android/app/ActivityOptions.java,0,-1,1,{'body_modify': '-'},[]
12953,Method,android.app.ActivityOptions.requestUsageTimeReport,core/java/android/app/ActivityOptions.java,0,-1,1,{'body_modify': '-'},[]
13613,Method,android.app.ActivityThread.H.codeToString,core/java/android/app/ActivityThread.java,0,-1,1,{'body_modify': '-'},[]
13615,Method,android.app.ActivityThread.H.handleMessage,core/java/android/app/ActivityThread.java,0,-1,1,{'body_modify': '-'},[]
13631,Method,android.app.ActivityThread.GcIdler.queueIdle,core/java/android/app/ActivityThread.java,0,-1,1,{'body_modify': '-'},[]
14243,Method,android.app.ActivityThread.performDestroyActivity,core/java/android/app/ActivityThread.java,0,-1,1,{'body_modify': '-'},[]
15838,Method,android.app.admin.DevicePolicyManager.getRequiredStrongAuthTimeout,core/java/android/app/admin/DevicePolicyManager.java,0,-1,1,{'body_modify': '-'},[]
15924,Method,android.app.admin.DevicePolicyManager.installCaCert,core/java/android/app/admin/DevicePolicyManager.java,0,-1,1,{'body_modify': '-'},[]
17606,Method,android.app.AlertDialog.setButton3,core/java/android/app/AlertDialog.java,0,-1,1,{'body_modify': '-'},[]
19258,Method,android.app.AppOpsManager.opToDefaultMode,core/java/android/app/AppOpsManager.java,0,-1,1,{'body_modify': '-'},[]
19301,Method,android.app.AppOpsManager.OpEntry.OpEntry,core/java/android/app/AppOpsManager.java,0,-1,1,"{'body_modify': '-', 'param_add': 'op mode time rejectTime duration proxyUid proxyPackage-op mode time rejectTime duration proxyUid proxyPackage allowedCount ignoredCount'}",[]
19311,Method,android.app.AppOpsManager.OpEntry.OpEntry,core/java/android/app/AppOpsManager.java,0,-1,1,"{'body_modify': '-', 'param_add': 'op mode times rejectTimes duration running proxyUid proxyPackage-op mode times rejectTimes duration running proxyUid proxyPackage allowedCount ignoredCount'}",[]
19322,Method,android.app.AppOpsManager.OpEntry.OpEntry,core/java/android/app/AppOpsManager.java,0,-1,1,"{'body_modify': '-', 'param_add': 'op mode times rejectTimes duration proxyUid proxyPackage-op mode times rejectTimes duration proxyUid proxyPackage allowedCount ignoredCount'}",[]
19353,Method,android.app.AppOpsManager.OpEntry.writeToParcel,core/java/android/app/AppOpsManager.java,0,-1,1,{'body_modify': '-'},[]
19356,Method,android.app.AppOpsManager.OpEntry.OpEntry,core/java/android/app/AppOpsManager.java,0,-1,1,{'body_modify': '-'},[]
19948,Method,android.app.assist.AssistStructure.ViewNode.getAutofillType,core/java/android/app/assist/AssistStructure.java,0,-1,1,{'body_modify': '-'},[]
19950,Method,android.app.assist.AssistStructure.ViewNode.getAutofillValue,core/java/android/app/assist/AssistStructure.java,0,-1,1,{'body_modify': '-'},[]
19989,Method,android.app.assist.AssistStructure.ViewNode.getLocaleList,core/java/android/app/assist/AssistStructure.java,0,-1,1,{'body_modify': '-'},[]
22940,Method,android.app.DatePickerDialog.OnDateSetListener.onDateSet,core/java/android/app/DatePickerDialog.java,0,-1,1,{'body_modify': '-'},[]
23462,Method,android.app.DownloadManager.Query.runQuery,core/java/android/app/DownloadManager.java,0,-1,1,{'body_modify': '-'},[]
23633,Method,android.app.DownloadManager.CursorTranslator.getPausedReason,core/java/android/app/DownloadManager.java,0,-1,1,{'body_modify': '-'},[]
23637,Method,android.app.DownloadManager.CursorTranslator.translateStatus,core/java/android/app/DownloadManager.java,0,-1,1,{'body_modify': '-'},[]
24275,Method,android.app.Fragment.setAllowEnterTransitionOverlap,core/java/android/app/Fragment.java,0,-1,1,{'body_modify': '-'},[]
24277,Method,android.app.Fragment.getAllowEnterTransitionOverlap,core/java/android/app/Fragment.java,0,-1,1,{'body_modify': '-'},[]
24278,Method,android.app.Fragment.setAllowReturnTransitionOverlap,core/java/android/app/Fragment.java,0,-1,1,{'body_modify': '-'},[]
24280,Method,android.app.Fragment.getAllowReturnTransitionOverlap,core/java/android/app/Fragment.java,0,-1,1,{'body_modify': '-'},[]
26405,Method,android.app.Instrumentation.execStartActivity,core/java/android/app/Instrumentation.java,0,-1,1,{'body_modify': '-'},[]
27099,Method,android.app.KeyguardManager.exitKeyguardSecurely,core/java/android/app/KeyguardManager.java,0,-1,1,{'body_modify': '-'},[]
27542,Method,android.app.LoadedApk.makeApplication,core/java/android/app/LoadedApk.java,0,-1,1,{'body_modify': '-'},[]
28712,Method,android.app.Notification.fixDuplicateExtras,core/java/android/app/Notification.java,0,-1,1,{'body_modify': '-'},[]
28832,Method,android.app.Notification.Builder.setSmallIcon,core/java/android/app/Notification.java,0,-1,1,{'body_modify': '-'},[]
29321,Method,android.app.Notification.Style.getHeadsUpStatusBarText,core/java/android/app/Notification.java,0,-1,1,{'body_modify': '-'},[]
29411,Method,android.app.Notification.MessagingStyle.getHeadsUpStatusBarText,core/java/android/app/Notification.java,0,-1,1,{'body_modify': '-'},[]
29541,Method,android.app.Notification.MessagingStyle.Message.getDataUri,core/java/android/app/Notification.java,0,-1,1,{'body_modify': '-'},[]
31552,Method,android.app.RemoteInput.isDataOnly,core/java/android/app/RemoteInput.java,0,-1,1,{'body_modify': '-'},[]
31705,Method,android.app.ResourcesManager.loadApkAssets,core/java/android/app/ResourcesManager.java,0,-1,1,{'body_modify': '-'},[]
31728,Method,android.app.ResourcesManager.dump,core/java/android/app/ResourcesManager.java,0,-1,1,{'body_modify': '-'},[]
32283,Method,android.app.SearchManager.startSearch,core/java/android/app/SearchManager.java,0,-1,1,{'body_modify': '-'},[]
33540,Method,android.app.slice.Slice.Builder.addSubSlice,core/java/android/app/slice/Slice.java,0,-1,1,{'body_modify': '-'},[]
33543,Method,android.app.slice.Slice.Builder.addAction,core/java/android/app/slice/Slice.java,0,-1,1,{'body_modify': '-'},[]
33548,Method,android.app.slice.Slice.Builder.addText,core/java/android/app/slice/Slice.java,0,-1,1,{'body_modify': '-'},[]
33552,Method,android.app.slice.Slice.Builder.addIcon,core/java/android/app/slice/Slice.java,0,-1,1,{'body_modify': '-'},[]
33556,Method,android.app.slice.Slice.Builder.addRemoteInput,core/java/android/app/slice/Slice.java,0,-1,1,{'body_modify': '-'},[]
33560,Method,android.app.slice.Slice.Builder.addInt,core/java/android/app/slice/Slice.java,0,-1,1,{'body_modify': '-'},[]
33568,Method,android.app.slice.Slice.Builder.addLong,core/java/android/app/slice/Slice.java,0,-1,1,{'body_modify': '-'},[]
33572,Method,android.app.slice.Slice.Builder.addBundle,core/java/android/app/slice/Slice.java,0,-1,1,{'body_modify': '-'},[]
33814,Method,android.app.slice.SliceProvider.onBindSlice,core/java/android/app/slice/SliceProvider.java,0,-1,1,{'body_modify': '-'},[]
35384,Method,android.app.UiModeManager.setNightMode,core/java/android/app/UiModeManager.java,0,-1,1,{'body_modify': '-'},[]
36788,Method,android.app.WaitResult.writeToParcel,core/java/android/app/WaitResult.java,0,-1,1,{'body_modify': '-'},[]
36797,Method,android.app.WaitResult.WaitResult,core/java/android/app/WaitResult.java,0,-1,1,{'body_modify': '-'},[]
36799,Method,android.app.WaitResult.dump,core/java/android/app/WaitResult.java,0,-1,1,{'body_modify': '-'},[]
37333,Method,android.app.WallpaperManager.getDefaultWallpaperComponent,core/java/android/app/WallpaperManager.java,0,-1,1,{'body_modify': '-'},[]
38082,Method,android.bluetooth.BluetoothA2dp.doBind,core/java/android/bluetooth/BluetoothA2dp.java,0,-1,1,{'body_modify': '-'},[]
38629,Method,android.bluetooth.BluetoothAdapter.listenUsingL2capCoc,core/java/android/bluetooth/BluetoothAdapter.java,0,-1,1,{'body_modify': '-'},[]
38634,Method,android.bluetooth.BluetoothAdapter.listenUsingInsecureL2capCoc,core/java/android/bluetooth/BluetoothAdapter.java,0,-1,1,{'body_modify': '-'},[]
39537,Method,android.bluetooth.BluetoothDevice.createRfcommSocket,core/java/android/bluetooth/BluetoothDevice.java,0,-1,1,{'body_modify': '-'},[]
39539,Method,android.bluetooth.BluetoothDevice.createL2capSocket,core/java/android/bluetooth/BluetoothDevice.java,0,-1,1,{'body_modify': '-'},[]
39543,Method,android.bluetooth.BluetoothDevice.createRfcommSocketToServiceRecord,core/java/android/bluetooth/BluetoothDevice.java,0,-1,1,{'body_modify': '-'},[]
39589,Method,android.bluetooth.BluetoothDevice.createL2capCocSocket,core/java/android/bluetooth/BluetoothDevice.java,0,-1,1,{'body_modify': '-'},[]
39863,Method,android.bluetooth.BluetoothGatt.beginReliableWrite,core/java/android/bluetooth/BluetoothGatt.java,0,-1,1,{'body_modify': '-'},[]
40333,Method,android.bluetooth.BluetoothGattServer.connect,core/java/android/bluetooth/BluetoothGattServer.java,0,-1,1,{'body_modify': '-'},[]
40362,Method,android.bluetooth.BluetoothGattServer.addService,core/java/android/bluetooth/BluetoothGattServer.java,0,-1,1,{'body_modify': '-'},[]
42294,Method,android.bluetooth.BluetoothServerSocket.getPsm,core/java/android/bluetooth/BluetoothServerSocket.java,0,-1,1,{'body_modify': '-'},[]
42730,Method,android.bluetooth.le.AdvertisingSetCallback.onAdvertisingSetStarted,core/java/android/bluetooth/le/AdvertisingSetCallback.java,0,-1,1,{'body_modify': '-'},[]
43087,Method,android.bluetooth.le.BluetoothLeScanner.stopScan,core/java/android/bluetooth/le/BluetoothLeScanner.java,0,-1,1,{'body_modify': '-'},[]
44763,Method,android.content.ClipData.Item.Item,core/java/android/content/ClipData.java,0,-1,1,{'body_modify': '-'},[]
44774,Method,android.content.ClipData.Item.Item,core/java/android/content/ClipData.java,0,-1,1,{'body_modify': '-'},[]
45389,Method,android.content.ContentProvider.query,core/java/android/content/ContentProvider.java,0,-1,1,{'body_modify': '-'},[]
46009,Method,android.content.ContentProviderOperation.Builder.withSelection,core/java/android/content/ContentProviderOperation.java,0,-1,1,{'body_modify': '-'},[]
46355,Method,android.content.ContentResolver.acquireContentProviderClient,core/java/android/content/ContentResolver.java,0,-1,1,{'body_modify': '-'},[]
46358,Method,android.content.ContentResolver.acquireContentProviderClient,core/java/android/content/ContentResolver.java,0,-1,1,{'body_modify': '-'},[]
47117,Method,android.content.Context.stopService,core/java/android/content/Context.java,0,-1,1,{'body_modify': '-'},[]
49329,Method,android.content.IntentFilter.setPriority,core/java/android/content/IntentFilter.java,0,-1,1,{'body_modify': '-'},[]
50277,Method,android.content.pm.ApplicationInfo.ApplicationInfo,core/java/android/content/pm/ApplicationInfo.java,0,-1,1,{'body_modify': '-'},[]
50281,Method,android.content.pm.ApplicationInfo.writeToParcel,core/java/android/content/pm/ApplicationInfo.java,0,-1,1,{'body_modify': '-'},[]
50290,Method,android.content.pm.ApplicationInfo.ApplicationInfo,core/java/android/content/pm/ApplicationInfo.java,0,-1,1,{'body_modify': '-'},[]
52898,Method,android.content.pm.PackageManager.installExistingPackageAsUser,core/java/android/content/pm/PackageManager.java,0,-1,1,{'body_modify': '-'},[]
53657,Method,android.content.pm.PackageParser.checkUseInstalledOrHidden,core/java/android/content/pm/PackageParser.java,0,-1,1,{'body_modify': '-'},[]
55544,Method,android.content.pm.RegisteredServicesCache.handlePackageEvent,core/java/android/content/pm/RegisteredServicesCache.java,0,-1,1,"{'method_access_modify': 'private-protected', 'final_modify': 'final-', 'method_annotation_add': 'VisibleForTesting-added', 'body_modify': '-'}",[]
55569,Method,android.content.pm.RegisteredServicesCache.invalidateCache,core/java/android/content/pm/RegisteredServicesCache.java,0,-1,1,{'body_modify': '-'},[]
55639,Method,android.content.pm.RegisteredServicesCache.generateServicesMap,core/java/android/content/pm/RegisteredServicesCache.java,0,-1,1,{'body_modify': '-'},[]
56307,Method,android.content.pm.ShortcutManager.disableShortcuts,core/java/android/content/pm/ShortcutManager.java,0,-1,1,{'body_modify': '-'},[]
56317,Method,android.content.pm.ShortcutManager.disableShortcuts,core/java/android/content/pm/ShortcutManager.java,0,-1,1,{'body_modify': '-'},[]
56331,Method,android.content.pm.ShortcutManager.isRateLimitingActive,core/java/android/content/pm/ShortcutManager.java,0,-1,1,{'body_modify': '-'},[]
56337,Method,android.content.pm.ShortcutManager.reportShortcutUsed,core/java/android/content/pm/ShortcutManager.java,0,-1,1,{'body_modify': '-'},[]
56342,Method,android.content.pm.ShortcutManager.requestPinShortcut,core/java/android/content/pm/ShortcutManager.java,0,-1,1,{'body_modify': '-'},[]
57071,Method,android.content.res.AssetManager.createSystemAssetsInZygoteLocked,core/java/android/content/res/AssetManager.java,0,-1,1,{'body_modify': '-'},[]
62159,Method,android.database.sqlite.SQLiteCompatibilityWalFlags.init,core/java/android/database/sqlite/SQLiteCompatibilityWalFlags.java,0,-1,1,{'body_modify': '-'},[]
62309,Method,android.database.sqlite.SQLiteConnection.setWalModeFromConfiguration,core/java/android/database/sqlite/SQLiteConnection.java,0,-1,1,{'body_modify': '-'},[]
62956,Method,android.database.sqlite.SQLiteDatabase.yieldIfContended,core/java/android/database/sqlite/SQLiteDatabase.java,0,-1,1,{'body_modify': '-'},[]
63458,Method,android.database.sqlite.SQLiteGlobal.getDefaultSyncMode,core/java/android/database/sqlite/SQLiteGlobal.java,0,-1,1,{'body_modify': '-'},[]
63460,Method,android.database.sqlite.SQLiteGlobal.getWALSyncMode,core/java/android/database/sqlite/SQLiteGlobal.java,0,-1,1,{'body_modify': '-'},[]
63980,Method,android.database.sqlite.SQLiteStatement.executeUpdateDelete,core/java/android/database/sqlite/SQLiteStatement.java,0,-1,1,{'body_modify': '-'},[]
65607,Method,android.hardware.Camera.getNumberOfCameras,core/java/android/hardware/Camera.java,0,-1,1,{'body_modify': '-'},[]
65614,Method,android.hardware.Camera.getCameraInfo,core/java/android/hardware/Camera.java,0,-1,1,{'body_modify': '-'},[]
65644,Method,android.hardware.Camera.cameraInitVersion,core/java/android/hardware/Camera.java,0,-1,1,{'body_modify': '-'},[]
65654,Method,android.hardware.Camera.Camera,core/java/android/hardware/Camera.java,0,-1,1,{'body_modify': '-'},[]
65660,Method,android.hardware.Camera.Camera,core/java/android/hardware/Camera.java,0,-1,1,{'body_modify': '-'},[]
65687,Method,android.hardware.Camera.startPreview,core/java/android/hardware/Camera.java,0,-1,1,{'body_modify': '-'},[]
65729,Method,android.hardware.Camera.EventHandler.handleMessage,core/java/android/hardware/Camera.java,0,-1,1,{'body_modify': '-'},[]
66099,Method,android.hardware.Camera.Parameters.setPreviewSize,core/java/android/hardware/Camera.java,0,-1,1,{'body_modify': '-'},[]
66107,Method,android.hardware.Camera.Parameters.getSupportedVideoSizes,core/java/android/hardware/Camera.java,0,-1,1,{'body_modify': '-'},[]
66144,Method,android.hardware.Camera.Parameters.setPictureSize,core/java/android/hardware/Camera.java,0,-1,1,{'body_modify': '-'},[]
66177,Method,android.hardware.Camera.Parameters.removeGpsData,core/java/android/hardware/Camera.java,0,-1,1,{'body_modify': '-'},[]
66764,Method,android.hardware.camera2.CameraCharacteristics.getAvailablePhysicalCameraRequestKeys,core/java/android/hardware/camera2/CameraCharacteristics.java,0,-1,1,{'body_modify': '-'},[]
66917,Method,android.hardware.camera2.CameraDevice.createCaptureSession,core/java/android/hardware/camera2/CameraDevice.java,0,-1,1,{'body_modify': '-'},[]
67100,Method,android.hardware.camera2.CameraManager.CameraManagerGlobal.getCameraIdList,core/java/android/hardware/camera2/CameraManager.java,0,-1,1,{'body_modify': '-'},[]
67157,Method,android.hardware.camera2.CameraManager.CameraManagerGlobal.onStatusChangedLocked,core/java/android/hardware/camera2/CameraManager.java,0,-1,1,{'body_modify': '-'},[]
69082,Method,android.hardware.camera2.impl.CameraMetadataNative.getFaces,core/java/android/hardware/camera2/impl/CameraMetadataNative.java,0,-1,1,{'body_modify': '-'},[]
71390,Method,android.hardware.camera2.legacy.SurfaceTextureRenderer.makeCurrent,core/java/android/hardware/camera2/legacy/SurfaceTextureRenderer.java,0,-1,1,{'body_modify': '-'},[]
71422,Method,android.hardware.camera2.legacy.SurfaceTextureRenderer.configureSurfaces,core/java/android/hardware/camera2/legacy/SurfaceTextureRenderer.java,0,-1,1,{'body_modify': '-'},[]
71430,Method,android.hardware.camera2.legacy.SurfaceTextureRenderer.drawIntoSurfaces,core/java/android/hardware/camera2/legacy/SurfaceTextureRenderer.java,0,-1,1,{'body_modify': '-'},[]
73030,Method,android.hardware.camera2.utils.CloseableLock.releaseLock,core/java/android/hardware/camera2/utils/CloseableLock.java,0,-1,1,{'body_modify': '-'},[]
74480,Method,android.hardware.GeomagneticField.getHorizontalStrength,core/java/android/hardware/GeomagneticField.java,0,-1,1,{'body_modify': '-'},[]
81168,Method,android.inputmethodservice.InputMethodService.SettingsObserver.createAndRegister,core/java/android/inputmethodservice/InputMethodService.java,0,-1,1,{'body_modify': '-'},[]
81173,Method,android.inputmethodservice.InputMethodService.SettingsObserver.onChange,core/java/android/inputmethodservice/InputMethodService.java,0,-1,1,{'body_modify': '-'},[]
81182,Method,android.inputmethodservice.InputMethodService.onCreate,core/java/android/inputmethodservice/InputMethodService.java,0,-1,1,{'body_modify': '-'},[]
81331,Method,android.inputmethodservice.InputMethodService.onUpdateCursor,core/java/android/inputmethodservice/InputMethodService.java,0,-1,1,{'body_modify': '-'},[]
81341,Method,android.inputmethodservice.InputMethodService.getExtractEditTextIfVisible,core/java/android/inputmethodservice/InputMethodService.java,0,-1,1,{'body_modify': '-'},[]
81342,Method,android.inputmethodservice.InputMethodService.onKeyDown,core/java/android/inputmethodservice/InputMethodService.java,0,-1,1,{'body_modify': '-'},[]
81353,Method,android.inputmethodservice.InputMethodService.onKeyUp,core/java/android/inputmethodservice/InputMethodService.java,0,-1,1,{'body_modify': '-'},[]
82102,Method,android.inputmethodservice.SoftInputWindow.setGravity,core/java/android/inputmethodservice/SoftInputWindow.java,0,-1,1,{'body_modify': '-'},[]
85954,Method,android.net.NetworkFactory.acceptRequest,core/java/android/net/NetworkFactory.java,0,-1,1,{'body_modify': '-'},[]
86647,Method,android.net.NetworkSpecifier.assertValidFromUid,core/java/android/net/NetworkSpecifier.java,0,-1,1,{'body_modify': '-'},[]
86935,Method,android.net.NetworkStats.apply464xlatAdjustments,core/java/android/net/NetworkStats.java,0,-1,1,"{'body_modify': '-', 'param_add': 'baseTraffic stackedTraffic stackedIfaces-baseTraffic stackedTraffic stackedIfaces useBpfStats'}",[]
86945,Method,android.net.NetworkStats.apply464xlatAdjustments,core/java/android/net/NetworkStats.java,0,-1,1,"{'body_modify': '-', 'param_add': 'stackedIfaces-stackedIfaces useBpfStats'}",[]
88544,Method,android.net.TrafficStats.untagSocket,core/java/android/net/TrafficStats.java,0,-1,1,{'body_modify': '-'},[]
89226,Method,android.net.UrlQuerySanitizer.IllegalCharacterValueSanitizer.sanitize,core/java/android/net/UrlQuerySanitizer.java,0,-1,1,{'body_modify': '-'},[]
89264,Method,android.net.UrlQuerySanitizer.UrlQuerySanitizer,core/java/android/net/UrlQuerySanitizer.java,0,-1,1,{'body_modify': '-'},[]
89276,Method,android.net.UrlQuerySanitizer.getParameterList,core/java/android/net/UrlQuerySanitizer.java,0,-1,1,{'body_modify': '-'},[]
89277,Method,android.net.UrlQuerySanitizer.hasParameter,core/java/android/net/UrlQuerySanitizer.java,0,-1,1,{'body_modify': '-'},[]
89295,Method,android.net.UrlQuerySanitizer.parseEntry,core/java/android/net/UrlQuerySanitizer.java,0,-1,1,{'body_modify': '-'},[]
89307,Method,android.net.UrlQuerySanitizer.getEffectiveValueSanitizer,core/java/android/net/UrlQuerySanitizer.java,0,-1,1,{'body_modify': '-'},[]
90971,Method,android.nfc.tech.MifareClassic.MifareClassic,core/java/android/nfc/tech/MifareClassic.java,0,-1,1,{'body_modify': '-'},[]
96317,Method,android.os.FileUtils.roundStorageSize,core/java/android/os/FileUtils.java,0,-1,1,{'body_modify': '-'},[]
97850,Method,android.os.Message.getTarget,core/java/android/os/Message.java,0,-1,1,{'body_modify': '-'},[]
101728,Method,android.os.storage.StorageVolume.getVolumeId,core/java/android/os/storage/StorageVolume.java,0,-1,1,"{'rename': '-', 'body_modify': '-'}",[]
101854,Method,android.os.storage.VolumeInfo.getInternalPathForUser,core/java/android/os/storage/VolumeInfo.java,0,-1,1,{'body_modify': '-'},[]
103365,Method,android.os.UserManager.isUserRunning,core/java/android/os/UserManager.java,0,-1,1,{'body_modify': '-'},[]
103370,Method,android.os.UserManager.isUserRunningOrStopping,core/java/android/os/UserManager.java,0,-1,1,{'body_modify': '-'},[]
106329,Method,android.preference.SeekBarVolumizer.SeekBarVolumizer,core/java/android/preference/SeekBarVolumizer.java,0,-1,1,{'body_modify': '-'},[]
106344,Method,android.preference.SeekBarVolumizer.updateSeekBar,core/java/android/preference/SeekBarVolumizer.java,0,-1,1,{'body_modify': '-'},[]
106359,Method,android.preference.SeekBarVolumizer.onProgressChanged,core/java/android/preference/SeekBarVolumizer.java,0,-1,1,{'body_modify': '-'},[]
106411,Method,android.preference.SeekBarVolumizer.Receiver.updateVolumeSlider,core/java/android/preference/SeekBarVolumizer.java,0,-1,1,{'body_modify': '-'},[]
109860,Method,android.provider.ContactsContract.Contacts.markAsContacted,core/java/android/provider/ContactsContract.java,0,-1,1,{'body_modify': '-'},[]
110242,Method,android.provider.ContactsContract.CommonDataKinds.Email.Email,core/java/android/provider/ContactsContract.java,0,-1,1,{'body_modify': '-'},[]
110992,Method,android.provider.DocumentsContract.createWebLinkIntent,core/java/android/provider/DocumentsContract.java,0,-1,1,{'body_modify': '-'},[]
111149,Method,android.provider.DocumentsProvider.query,core/java/android/provider/DocumentsProvider.java,0,-1,1,{'body_modify': '-'},[]
111158,Method,android.provider.DocumentsProvider.getType,core/java/android/provider/DocumentsProvider.java,0,-1,1,{'body_modify': '-'},[]
111170,Method,android.provider.DocumentsProvider.insert,core/java/android/provider/DocumentsProvider.java,0,-1,1,{'body_modify': '-'},[]
111173,Method,android.provider.DocumentsProvider.delete,core/java/android/provider/DocumentsProvider.java,0,-1,1,{'body_modify': '-'},[]
111177,Method,android.provider.DocumentsProvider.update,core/java/android/provider/DocumentsProvider.java,0,-1,1,{'body_modify': '-'},[]
111232,Method,android.provider.DocumentsProvider.openFile,core/java/android/provider/DocumentsProvider.java,0,-1,1,{'body_modify': '-'},[]
111235,Method,android.provider.DocumentsProvider.openFile,core/java/android/provider/DocumentsProvider.java,0,-1,1,{'body_modify': '-'},[]
111239,Method,android.provider.DocumentsProvider.openAssetFile,core/java/android/provider/DocumentsProvider.java,0,-1,1,{'body_modify': '-'},[]
111243,Method,android.provider.DocumentsProvider.openAssetFile,core/java/android/provider/DocumentsProvider.java,0,-1,1,{'body_modify': '-'},[]
111248,Method,android.provider.DocumentsProvider.openTypedAssetFile,core/java/android/provider/DocumentsProvider.java,0,-1,1,{'body_modify': '-'},[]
111252,Method,android.provider.DocumentsProvider.openTypedAssetFile,core/java/android/provider/DocumentsProvider.java,0,-1,1,{'body_modify': '-'},[]
112262,Method,android.provider.SearchIndexablesProvider.insert,core/java/android/provider/SearchIndexablesProvider.java,0,-1,1,{'body_modify': '-'},[]
112265,Method,android.provider.SearchIndexablesProvider.delete,core/java/android/provider/SearchIndexablesProvider.java,0,-1,1,{'body_modify': '-'},[]
112269,Method,android.provider.SearchIndexablesProvider.update,core/java/android/provider/SearchIndexablesProvider.java,0,-1,1,{'body_modify': '-'},[]
117045,Method,android.service.autofill.FillCallback.onSuccess,core/java/android/service/autofill/FillCallback.java,0,-1,1,{'body_modify': '-'},[]
117048,Method,android.service.autofill.FillCallback.onFailure,core/java/android/service/autofill/FillCallback.java,0,-1,1,{'body_modify': '-'},[]
117542,Method,android.service.autofill.SaveCallback.onSuccess,core/java/android/service/autofill/SaveCallback.java,0,-1,1,{'body_modify': '-'},[]
117543,Method,android.service.autofill.SaveCallback.onSuccess,core/java/android/service/autofill/SaveCallback.java,0,-1,1,{'body_modify': '-'},[]
117548,Method,android.service.autofill.SaveCallback.onFailure,core/java/android/service/autofill/SaveCallback.java,0,-1,1,{'body_modify': '-'},[]
118832,Method,android.service.notification.Condition.toString,core/java/android/service/notification/Condition.java,0,-1,1,{'body_modify': '-'},[]
119549,Method,android.service.notification.ScheduleCalendar.maybeSetNextAlarm,core/java/android/service/notification/ScheduleCalendar.java,0,-1,1,{'body_modify': '-'},[]
119802,Method,android.service.notification.ZenModeConfig.toString,core/java/android/service/notification/ZenModeConfig.java,0,-1,1,{'body_modify': '-'},[]
120033,Method,android.service.notification.ZenModeConfig.tryParseScheduleConditionId,core/java/android/service/notification/ZenModeConfig.java,0,-1,1,{'body_modify': '-'},[]
120062,Method,android.service.notification.ZenModeConfig.tryParseEventConditionId,core/java/android/service/notification/ZenModeConfig.java,0,-1,1,{'body_modify': '-'},[]
120137,Method,android.service.notification.ZenModeConfig.ZenRule.toString,core/java/android/service/notification/ZenModeConfig.java,0,-1,1,{'body_modify': '-'},[]
120165,Method,android.service.notification.ZenModeConfig.Diff.toString,core/java/android/service/notification/ZenModeConfig.java,0,-1,1,{'body_modify': '-'},[]
130770,Method,android.text.style.ImageSpan.getSource,core/java/android/text/style/ImageSpan.java,0,-1,1,{'body_modify': '-'},[]
131801,Method,android.text.TextLine.draw,core/java/android/text/TextLine.java,0,-1,1,{'body_modify': '-'},[]
131819,Method,android.text.TextLine.measure,core/java/android/text/TextLine.java,0,-1,1,{'body_modify': '-'},[]
131837,Method,android.text.TextLine.measureAllOffsets,core/java/android/text/TextLine.java,0,-1,1,{'body_modify': '-'},[]
137733,Method,android.util.JsonReader.endObject,core/java/android/util/JsonReader.java,0,-1,1,{'body_modify': '-'},[]
139027,Method,android.util.NtpTrustedTime.NtpTrustedTime,core/java/android/util/NtpTrustedTime.java,0,-1,1,"{'body_modify': '-', 'param_add': 'server timeout-server timeout hasSecureServer'}",[]
139031,Method,android.util.NtpTrustedTime.getInstance,core/java/android/util/NtpTrustedTime.java,0,-1,1,{'body_modify': '-'},[]
139042,Method,android.util.NtpTrustedTime.forceRefresh,core/java/android/util/NtpTrustedTime.java,0,-1,1,{'body_modify': '-'},[]
140340,Method,android.util.SparseArray.indexOfValue,core/java/android/util/SparseArray.java,0,-1,1,{'body_modify': '-'},[]
140343,Method,android.util.SparseArray.indexOfValueByValue,core/java/android/util/SparseArray.java,0,-1,1,{'body_modify': '-'},[]
142615,Method,android.view.accessibility.AccessibilityRecord.getBeforeText,core/java/android/view/accessibility/AccessibilityRecord.java,0,-1,1,{'body_modify': '-'},[]
143398,Method,android.view.AccessibilityIterators.CharacterTextSegmentIterator.onConfigurationChanged,core/java/android/view/AccessibilityIterators.java,0,-1,1,{'body_modify': '-'},[]
144126,Method,android.view.animation.DecelerateInterpolator.DecelerateInterpolator,core/java/android/view/animation/DecelerateInterpolator.java,0,-1,1,{'body_modify': '-'},[]
144742,Method,android.view.autofill.AutofillManager.enableCompatibilityMode,core/java/android/view/autofill/AutofillManager.java,0,-1,1,{'body_modify': '-'},[]
145025,Method,android.view.autofill.AutofillManager.dump,core/java/android/view/autofill/AutofillManager.java,0,-1,1,{'body_modify': '-'},[]
145062,Method,android.view.autofill.AutofillManager.CompatibilityBridge.onAccessibilityEvent,core/java/android/view/autofill/AutofillManager.java,0,-1,1,{'body_modify': '-'},[]
145974,Method,android.view.DisplayCutout.fromBoundingRect,core/java/android/view/DisplayCutout.java,0,-1,1,"{'method_annotation_add': 'VisibleForTesting-added', 'body_modify': '-'}",[]
145980,Method,android.view.DisplayCutout.fromBounds,core/java/android/view/DisplayCutout.java,0,-1,1,"{'body_modify': '-', 'param_modify': 'path-region'}",[]
145982,Method,android.view.DisplayCutout.fromResourcesRectApproximation,core/java/android/view/DisplayCutout.java,0,-1,1,"{'rename': '-', 'body_modify': '-'}",[]
145986,Method,android.view.DisplayCutout.pathFromResources,core/java/android/view/DisplayCutout.java,0,-1,1,{'body_modify': '-'},[]
145995,Method,android.view.DisplayCutout.pathAndDisplayCutoutFromSpec,core/java/android/view/DisplayCutout.java,0,-1,1,{'body_modify': '-'},[]
150178,Method,android.view.KeyEvent.isWakeKey,core/java/android/view/KeyEvent.java,0,-1,1,{'body_modify': '-'},[]
153724,Method,android.view.SurfaceControl.Builder.setColorLayer,core/java/android/view/SurfaceControl.java,0,-1,1,{'body_modify': '-'},[]
155519,Method,android.view.textclassifier.TextClassifierImpl.getNative,core/java/android/view/textclassifier/TextClassifierImpl.java,0,-1,1,{'body_modify': '-'},[]
155698,Method,android.view.textclassifier.TextClassifierImplNative.close,core/java/android/view/textclassifier/TextClassifierImplNative.java,0,-1,1,{'body_modify': '-'},[]
159023,Method,android.view.View.setZ,core/java/android/view/View.java,0,-1,1,{'body_modify': '-'},[]
159591,Method,android.view.View.draw,core/java/android/view/View.java,0,-1,1,{'body_modify': '-'},[]
163081,Method,android.view.ViewGroup.MarginLayoutParams.setMargins,core/java/android/view/ViewGroup.java,0,-1,1,{'body_modify': '-'},[]
163086,Method,android.view.ViewGroup.MarginLayoutParams.setMarginsRelative,core/java/android/view/ViewGroup.java,0,-1,1,{'body_modify': '-'},[]
164065,Method,android.view.ViewRootImpl.setWindowStopped,core/java/android/view/ViewRootImpl.java,0,-1,1,{'body_modify': '-'},[]
164115,Method,android.view.ViewRootImpl.ensureInsetsNonNegative,core/java/android/view/ViewRootImpl.java,0,-1,1,{'body_modify': '-'},[]
164127,Method,android.view.ViewRootImpl.performTraversals,core/java/android/view/ViewRootImpl.java,0,-1,1,{'body_modify': '-'},[]
166164,Method,android.view.Window.setPrivateFlags,core/java/android/view/Window.java,0,-1,1,{'body_modify': '-'},[]
167387,Method,android.view.WindowManagerPolicyControl.getSystemUiVisibility,core/java/android/view/WindowManagerPolicyControl.java,0,-1,1,{'body_modify': '-'},[]
167390,Method,android.view.WindowManagerPolicyControl.getWindowFlags,core/java/android/view/WindowManagerPolicyControl.java,0,-1,1,{'body_modify': '-'},[]
167396,Method,android.view.WindowManagerPolicyControl.adjustClearableFlags,core/java/android/view/WindowManagerPolicyControl.java,0,-1,1,{'body_modify': '-'},[]
167405,Method,android.view.WindowManagerPolicyControl.reloadFromSetting,core/java/android/view/WindowManagerPolicyControl.java,0,-1,1,{'body_modify': '-'},[]
167436,Method,android.view.WindowManagerPolicyControl.dump,core/java/android/view/WindowManagerPolicyControl.java,1,-1,1,{'body_modify': '-'},[]
167463,Method,android.view.WindowManagerPolicyControl.Filter.matches,core/java/android/view/WindowManagerPolicyControl.java,1,-1,1,{'body_modify': '-'},[]
167472,Method,android.view.WindowManagerPolicyControl.Filter.dump,core/java/android/view/WindowManagerPolicyControl.java,1,-1,1,{'body_modify': '-'},[]
168056,Method,android.webkit.SafeBrowsingResponse.proceed,core/java/android/webkit/SafeBrowsingResponse.java,0,-1,1,{'body_modify': '-'},[]
168058,Method,android.webkit.SafeBrowsingResponse.backToSafety,core/java/android/webkit/SafeBrowsingResponse.java,0,-1,1,{'body_modify': '-'},[]
168309,Method,android.webkit.WebBackForwardList.clone,core/java/android/webkit/WebBackForwardList.java,0,-1,1,{'body_modify': '-'},[]
168423,Method,android.webkit.WebHistoryItem.getUrl,core/java/android/webkit/WebHistoryItem.java,0,-1,1,{'body_modify': '-'},[]
168425,Method,android.webkit.WebHistoryItem.getTitle,core/java/android/webkit/WebHistoryItem.java,0,-1,1,{'body_modify': '-'},[]
168426,Method,android.webkit.WebHistoryItem.getFavicon,core/java/android/webkit/WebHistoryItem.java,0,-1,1,{'body_modify': '-'},[]
168427,Method,android.webkit.WebHistoryItem.clone,core/java/android/webkit/WebHistoryItem.java,0,-1,1,{'body_modify': '-'},[]
168498,Method,android.webkit.WebResourceResponse.WebResourceResponse,core/java/android/webkit/WebResourceResponse.java,0,-1,1,{'body_modify': '-'},[]
168502,Method,android.webkit.WebResourceResponse.WebResourceResponse,core/java/android/webkit/WebResourceResponse.java,0,-1,1,{'body_modify': '-'},[]
168525,Method,android.webkit.WebResourceResponse.setData,core/java/android/webkit/WebResourceResponse.java,0,-1,1,{'body_modify': '-'},[]
168696,Method,android.webkit.WebSettings.setPluginState,core/java/android/webkit/WebSettings.java,0,-1,1,{'body_modify': '-'},[]
168723,Method,android.webkit.WebSettings.getPluginState,core/java/android/webkit/WebSettings.java,0,-1,1,{'body_modify': '-'},[]
168881,Method,android.webkit.WebView.WebView,core/java/android/webkit/WebView.java,0,-1,1,{'body_modify': '-'},[]
168945,Method,android.webkit.WebView.evaluateJavascript,core/java/android/webkit/WebView.java,0,-1,1,{'body_modify': '-'},[]
169008,Method,android.webkit.WebView.clearClientCertPreferences,core/java/android/webkit/WebView.java,0,-1,1,{'body_modify': '-'},[]
169329,Method,android.webkit.WebViewClient.shouldOverrideUrlLoading,core/java/android/webkit/WebViewClient.java,0,-1,1,{'body_modify': '-'},[]
169332,Method,android.webkit.WebViewClient.shouldOverrideUrlLoading,core/java/android/webkit/WebViewClient.java,0,-1,1,{'body_modify': '-'},[]
169339,Method,android.webkit.WebViewClient.onPageFinished,core/java/android/webkit/WebViewClient.java,0,-1,1,{'body_modify': '-'},[]
169400,Method,android.webkit.WebViewClient.onReceivedSslError,core/java/android/webkit/WebViewClient.java,0,-1,1,{'body_modify': '-'},[]
170284,Method,android.widget.AbsListView.OnScrollListener.onScroll,core/java/android/widget/AbsListView.java,0,-1,1,{'body_modify': '-'},[]
171905,Method,android.widget.AbsSeekBar.trackTouchEvent,core/java/android/widget/AbsSeekBar.java,0,-1,1,{'body_modify': '-'},[]
173115,Method,android.widget.AdapterView.getOnItemClickListener,core/java/android/widget/AdapterView.java,0,-1,1,{'body_modify': '-'},[]
173129,Method,android.widget.AdapterView.getOnItemLongClickListener,core/java/android/widget/AdapterView.java,0,-1,1,{'body_modify': '-'},[]
173191,Method,android.widget.AdapterView.setSelection,core/java/android/widget/AdapterView.java,0,-1,1,{'body_modify': '-'},[]
173677,Method,android.widget.AnalogClock.AnalogClock,core/java/android/widget/AnalogClock.java,0,-1,1,{'body_modify': '-'},[]
173684,Method,android.widget.AnalogClock.onAttachedToWindow,core/java/android/widget/AnalogClock.java,0,-1,1,{'body_modify': '-'},[]
173716,Method,android.widget.AnalogClock.onTimeChanged,core/java/android/widget/AnalogClock.java,0,-1,1,{'body_modify': '-'},[]
173724,Method,android.widget.AnalogClock.Anonymous_Class.onReceive,core/java/android/widget/AnalogClock.java,0,-1,1,{'body_modify': '-'},[]
173728,Method,android.widget.AnalogClock.updateContentDescription,core/java/android/widget/AnalogClock.java,0,-1,1,"{'body_modify': '-', 'param_modify': 'time-timeMillis'}",[]
175387,Method,android.widget.CursorAdapter.swapCursor,core/java/android/widget/CursorAdapter.java,0,-1,1,{'body_modify': '-'},[]
176116,Method,android.widget.DateTimeView.setTime,core/java/android/widget/DateTimeView.java,0,-1,1,"{'body_modify': '-', 'param_modify': 'time-timeMillis'}",[]
176124,Method,android.widget.DateTimeView.update,core/java/android/widget/DateTimeView.java,0,-1,1,{'body_modify': '-'},[]
176139,Method,android.widget.DateTimeView.updateRelativeTime,core/java/android/widget/DateTimeView.java,0,-1,1,{'body_modify': '-'},[]
176149,Method,android.widget.DateTimeView.computeNextMidnight,core/java/android/widget/DateTimeView.java,0,-1,1,"{'modifier_modify': '-', 'body_modify': '-', 'param_add': 'timeZone-time zoneId'}",[]
176157,Method,android.widget.DateTimeView.dayDistance,core/java/android/widget/DateTimeView.java,0,-1,1,"{'body_modify': '-', 'param_remove': 'timeZone startTime endTime-start end'}",[]
176162,Method,android.widget.DateTimeView.onInitializeAccessibilityNodeInfoInternal,core/java/android/widget/DateTimeView.java,0,-1,1,{'body_modify': '-'},[]
182344,Method,android.widget.LinearLayout.getVirtualChildAt,core/java/android/widget/LinearLayout.java,0,-1,1,{'body_modify': '-'},[]
182504,Method,android.widget.LinearLayout.measureChildBeforeLayout,core/java/android/widget/LinearLayout.java,0,-1,1,{'body_modify': '-'},[]
190064,Method,android.widget.ShareActionProvider.setShareIntent,core/java/android/widget/ShareActionProvider.java,0,-1,1,{'body_modify': '-'},[]
193854,Method,android.widget.TextView.readTextAppearance,core/java/android/widget/TextView.java,0,-1,1,{'body_modify': '-'},[]
195638,Method,android.widget.TimePickerClockDelegate.setAmPmStart,core/java/android/widget/TimePickerClockDelegate.java,0,-1,1,{'body_modify': '-'},[]
198009,Method,com.android.internal.app.AssistUtils.getAssistComponentForUser,core/java/com/android/internal/app/AssistUtils.java,0,-1,1,{'body_modify': '-'},[]
198704,Method,com.android.internal.app.IntentForwarderActivity.onCreate,core/java/com/android/internal/app/IntentForwarderActivity.java,0,-1,1,{'body_modify': '-'},[]
199369,Method,com.android.internal.app.PlatLogoActivity.PBackground.randomizePalette,core/java/com/android/internal/app/PlatLogoActivity.java,0,-1,1,{'body_modify': '-'},[]
199389,Method,com.android.internal.app.PlatLogoActivity.onCreate,core/java/com/android/internal/app/PlatLogoActivity.java,0,-1,1,{'body_modify': '-'},[]
199400,Method,com.android.internal.app.PlatLogoActivity.onCreate.Anonymous_Class.onTouch,core/java/com/android/internal/app/PlatLogoActivity.java,0,-1,1,{'body_modify': '-'},[]
202689,Method,com.android.internal.colorextraction.ColorExtractor.ColorExtractor,core/java/com/android/internal/colorextraction/ColorExtractor.java,0,-1,1,{'body_modify': '-'},[]
202691,Method,com.android.internal.colorextraction.ColorExtractor.ColorExtractor,core/java/com/android/internal/colorextraction/ColorExtractor.java,0,-1,1,"{'body_modify': '-', 'param_add': 'context extractionType-context extractionType immediately'}",[]
203069,Method,com.android.internal.content.FileSystemProvider.renameDocument,core/java/com/android/internal/content/FileSystemProvider.java,0,-1,1,{'body_modify': '-'},[]
204644,Method,com.android.internal.hardware.AmbientDisplayConfiguration.AmbientDisplayConfiguration,core/java/com/android/internal/hardware/AmbientDisplayConfiguration.java,0,-1,1,{'body_modify': '-'},[]
204668,Method,com.android.internal.hardware.AmbientDisplayConfiguration.alwaysOnEnabled,core/java/com/android/internal/hardware/AmbientDisplayConfiguration.java,0,-1,1,{'body_modify': '-'},[]
205783,Method,com.android.internal.net.NetworkStatsFactory.apply464xlatAdjustments,core/java/com/android/internal/net/NetworkStatsFactory.java,0,-1,1,"{'body_modify': '-', 'param_add': 'baseTraffic stackedTraffic-baseTraffic stackedTraffic useBpfStats'}",[]
205808,Method,com.android.internal.net.NetworkStatsFactory.readNetworkStatsDetail,core/java/com/android/internal/net/NetworkStatsFactory.java,0,-1,1,{'body_modify': '-'},[]
207667,Method,com.android.internal.os.BatteryStatsImpl.updateBatteryPropertiesLocked,core/java/com/android/internal/os/BatteryStatsImpl.java,0,-1,1,{'body_modify': '-'},[]
207985,Method,com.android.internal.os.BatteryStatsImpl.noteScreenStateLocked,core/java/com/android/internal/os/BatteryStatsImpl.java,0,-1,1,{'body_modify': '-'},[]
210952,Method,com.android.internal.os.KernelCpuProcReader.KernelCpuProcReader,core/java/com/android/internal/os/KernelCpuProcReader.java,0,-1,1,{'body_modify': '-'},[]
210954,Method,com.android.internal.os.KernelCpuProcReader.readBytes,core/java/com/android/internal/os/KernelCpuProcReader.java,0,-1,1,{'body_modify': '-'},[]
211681,Method,com.android.internal.os.PowerProfile.readPowerValuesFromXml,core/java/com/android/internal/os/PowerProfile.java,0,-1,1,{'body_modify': '-'},[]
212093,Method,com.android.internal.os.RuntimeInit.applicationInit,core/java/com/android/internal/os/RuntimeInit.java,0,-1,1,{'body_modify': '-'},[]
213684,Method,com.android.internal.policy.DividerSnapAlgorithm.DividerSnapAlgorithm,core/java/com/android/internal/policy/DividerSnapAlgorithm.java,0,-1,1,{'body_modify': '-'},[]
222553,Method,com.android.internal.view.RotationPolicy.getRotationLockOrientation,core/java/com/android/internal/view/RotationPolicy.java,0,-1,1,{'body_modify': '-'},[]
222562,Method,com.android.internal.view.RotationPolicy.setRotationLock,core/java/com/android/internal/view/RotationPolicy.java,0,-1,1,{'body_modify': '-'},[]
222577,Method,com.android.internal.view.RotationPolicy.isCurrentRotationAllowed,core/java/com/android/internal/view/RotationPolicy.java,0,-1,1,"{'rename': '-', 'body_modify': '-'}","[{'type': 'Rename Method', 'source_name': 'com.android.internal.view.RotationPolicy.areAllRotationsAllowed', 'source_param': 'context'}]"
227171,Method,com.android.internal.widget.LockPatternUtils.verifyPattern,core/java/com/android/internal/widget/LockPatternUtils.java,0,-1,1,{'body_modify': '-'},[]
227178,Method,com.android.internal.widget.LockPatternUtils.checkPattern,core/java/com/android/internal/widget/LockPatternUtils.java,0,-1,1,{'body_modify': '-'},[]
227250,Method,com.android.internal.widget.LockPatternUtils.saveLockPattern,core/java/com/android/internal/widget/LockPatternUtils.java,0,-1,1,{'body_modify': '-'},[]
227345,Method,com.android.internal.widget.LockPatternUtils.stringToPattern,core/java/com/android/internal/widget/LockPatternUtils.java,0,-1,1,"{'body_modify': '-', 'param_add': 'string-string gridSize'}",[]
227352,Method,com.android.internal.widget.LockPatternUtils.patternToString,core/java/com/android/internal/widget/LockPatternUtils.java,0,-1,1,"{'modifier_modify': '-', 'body_modify': '-', 'param_add': 'pattern-pattern userId'}",[]
227368,Method,com.android.internal.widget.LockPatternUtils.patternToHash,core/java/com/android/internal/widget/LockPatternUtils.java,0,-1,1,"{'body_modify': '-', 'param_add': 'pattern-pattern gridSize'}",[]
227456,Method,com.android.internal.widget.LockPatternUtils.getBoolean,core/java/com/android/internal/widget/LockPatternUtils.java,0,-1,1,"{'method_access_modify': 'private-protected', 'body_modify': '-'}",[]
227461,Method,com.android.internal.widget.LockPatternUtils.setBoolean,core/java/com/android/internal/widget/LockPatternUtils.java,0,-1,1,"{'method_access_modify': 'private-protected', 'body_modify': '-'}",[]
227466,Method,com.android.internal.widget.LockPatternUtils.getLong,core/java/com/android/internal/widget/LockPatternUtils.java,0,-1,1,"{'method_access_modify': 'private-protected', 'body_modify': '-'}",[]
227471,Method,com.android.internal.widget.LockPatternUtils.setLong,core/java/com/android/internal/widget/LockPatternUtils.java,0,-1,1,"{'method_access_modify': 'private-protected', 'body_modify': '-'}",[]
227476,Method,com.android.internal.widget.LockPatternUtils.getString,core/java/com/android/internal/widget/LockPatternUtils.java,0,-1,1,"{'method_access_modify': 'private-protected', 'body_modify': '-'}",[]
227480,Method,com.android.internal.widget.LockPatternUtils.setString,core/java/com/android/internal/widget/LockPatternUtils.java,0,-1,1,"{'method_access_modify': 'private-protected', 'body_modify': '-'}",[]
227673,Method,com.android.internal.widget.LockPatternView.Cell.Cell,core/java/com/android/internal/widget/LockPatternView.java,0,-1,1,"{'body_modify': '-', 'param_add': 'row column-row column size'}",[]
227679,Method,com.android.internal.widget.LockPatternView.Cell.of,core/java/com/android/internal/widget/LockPatternView.java,0,-1,1,"{'body_modify': '-', 'param_add': 'row column-row column size'}",[]
227687,Method,com.android.internal.widget.LockPatternView.Cell.checkRange,core/java/com/android/internal/widget/LockPatternView.java,0,-1,1,"{'body_modify': '-', 'param_add': 'row column-row column size'}",[]
227719,Method,com.android.internal.widget.LockPatternView.LockPatternView,core/java/com/android/internal/widget/LockPatternView.java,0,-1,1,{'body_modify': '-'},[]
227829,Method,com.android.internal.widget.LockPatternView.clearPatternDrawLookup,core/java/com/android/internal/widget/LockPatternView.java,0,-1,1,{'body_modify': '-'},[]
227834,Method,com.android.internal.widget.LockPatternView.onSizeChanged,core/java/com/android/internal/widget/LockPatternView.java,0,-1,1,{'body_modify': '-'},[]
227853,Method,com.android.internal.widget.LockPatternView.detectAndAddHit,core/java/com/android/internal/widget/LockPatternView.java,0,-1,1,{'body_modify': '-'},[]
227899,Method,com.android.internal.widget.LockPatternView.checkForNewHit,core/java/com/android/internal/widget/LockPatternView.java,0,-1,1,{'body_modify': '-'},[]
227904,Method,com.android.internal.widget.LockPatternView.getRowHit,core/java/com/android/internal/widget/LockPatternView.java,0,-1,1,{'body_modify': '-'},[]
227911,Method,com.android.internal.widget.LockPatternView.getColumnHit,core/java/com/android/internal/widget/LockPatternView.java,0,-1,1,{'body_modify': '-'},[]
227951,Method,com.android.internal.widget.LockPatternView.handleActionUp,core/java/com/android/internal/widget/LockPatternView.java,0,-1,1,{'body_modify': '-'},[]
227952,Method,com.android.internal.widget.LockPatternView.cancelLineAnimations,core/java/com/android/internal/widget/LockPatternView.java,0,-1,1,{'body_modify': '-'},[]
227969,Method,com.android.internal.widget.LockPatternView.onDraw,core/java/com/android/internal/widget/LockPatternView.java,0,-1,1,{'body_modify': '-'},[]
228016,Method,com.android.internal.widget.LockPatternView.getCurrentColor,core/java/com/android/internal/widget/LockPatternView.java,0,-1,1,{'body_modify': '-'},[]
228033,Method,com.android.internal.widget.LockPatternView.onSaveInstanceState,core/java/com/android/internal/widget/LockPatternView.java,0,-1,1,{'body_modify': '-'},[]
228035,Method,com.android.internal.widget.LockPatternView.onRestoreInstanceState,core/java/com/android/internal/widget/LockPatternView.java,0,-1,1,{'body_modify': '-'},[]
228047,Method,com.android.internal.widget.LockPatternView.SavedState.SavedState,core/java/com/android/internal/widget/LockPatternView.java,0,-1,1,"{'body_modify': '-', 'param_add': 'superState serializedPattern displayMode inputEnabled inStealthMode tactileFeedbackEnabled-superState serializedPattern displayMode patternSize inputEnabled inStealthMode tactileFeedbackEnabled visibleDots showErrorPath'}",[]
228057,Method,com.android.internal.widget.LockPatternView.SavedState.SavedState,core/java/com/android/internal/widget/LockPatternView.java,0,-1,1,{'body_modify': '-'},[]
228067,Method,com.android.internal.widget.LockPatternView.SavedState.writeToParcel,core/java/com/android/internal/widget/LockPatternView.java,0,-1,1,{'body_modify': '-'},[]
228545,Method,com.android.internal.widget.MessagingLayout.updateTitleAndNamesDisplay,core/java/com/android/internal/widget/MessagingLayout.java,0,-1,1,{'body_modify': '-'},[]
228675,Method,com.android.internal.widget.MessagingLinearLayout.onMeasure,core/java/com/android/internal/widget/MessagingLinearLayout.java,0,-1,1,{'body_modify': '-'},[]
234692,Method,com.android.server.BootReceiver.logBootEvents,core/java/com/android/server/BootReceiver.java,0,-1,1,{'body_modify': '-'},[]
234704,Method,com.android.server.BootReceiver.logBootEvents.Anonymous_Class.onEvent,core/java/com/android/server/BootReceiver.java,0,-1,1,{'body_modify': '-'},[]
235171,Method,com.android.server.SystemConfig.SystemConfig,core/java/com/android/server/SystemConfig.java,0,-1,1,{'body_modify': '-'},[]
235177,Method,com.android.server.SystemConfig.readPermissions,core/java/com/android/server/SystemConfig.java,0,-1,1,{'body_modify': '-'},[]
243843,Method,android.content.pm.RegisteredServicesCacheTest.TestServicesCache.addServiceForQuerying,core/tests/coretests/src/android/content/pm/RegisteredServicesCacheTest.java,0,-1,1,{'body_modify': '-'},[]
245111,Method,android.database.sqlite.SQLiteCompatibilityWalFlagsTest.testParseConfig,core/tests/coretests/src/android/database/sqlite/SQLiteCompatibilityWalFlagsTest.java,0,-1,1,{'body_modify': '-'},[]
247895,Method,android.os.SetPersistentVrThreadTest.setPersistentVrModeEnabled,core/tests/coretests/src/android/os/SetPersistentVrThreadTest.java,0,-1,1,{'body_modify': '-'},[]
258907,Method,com.android.internal.app.IntentForwarderActivityTest.setup,core/tests/coretests/src/com/android/internal/app/IntentForwarderActivityTest.java,0,-1,1,{'body_modify': '-'},[]
427101,Method,android.graphics.Canvas.drawCircle,graphics/java/android/graphics/Canvas.java,0,-1,1,{'body_modify': '-'},[]
439203,Method,android.security.keystore.AndroidKeyStoreKeyGeneratorSpi.engineGenerateKey,keystore/java/android/security/keystore/AndroidKeyStoreKeyGeneratorSpi.java,0,-1,1,{'body_modify': '-'},[]
439907,Method,android.security.keystore.AndroidKeyStoreSpi.setWrappedKeyEntry,keystore/java/android/security/keystore/AndroidKeyStoreSpi.java,0,-1,1,{'body_modify': '-'},[]
440088,Method,android.security.keystore.AttestationUtils.prepareAttestationArguments,keystore/java/android/security/keystore/AttestationUtils.java,0,-1,1,{'body_modify': '-'},[]
440309,Method,android.security.keystore.KeyGenParameterSpec.Builder.Builder,keystore/java/android/security/keystore/KeyGenParameterSpec.java,0,-1,1,{'body_modify': '-'},[]
440836,Method,android.security.keystore.ParcelableKeyGenParameterSpec.writeToParcel,keystore/java/android/security/keystore/ParcelableKeyGenParameterSpec.java,0,-1,1,{'body_modify': '-'},[]
440845,Method,android.security.keystore.ParcelableKeyGenParameterSpec.ParcelableKeyGenParameterSpec,keystore/java/android/security/keystore/ParcelableKeyGenParameterSpec.java,0,-1,1,{'body_modify': '-'},[]
441373,Method,android.security.ParcelableKeyGenParameterSpecTest.configureDefaultSpec,keystore/tests/src/android/security/ParcelableKeyGenParameterSpecTest.java,0,-1,1,{'body_modify': '-'},[]
441374,Method,android.security.ParcelableKeyGenParameterSpecTest.validateSpecValues,keystore/tests/src/android/security/ParcelableKeyGenParameterSpecTest.java,0,-1,1,{'body_modify': '-'},[]
441583,Method,android.location.Address.getPhone,location/java/android/location/Address.java,0,-1,1,{'body_modify': '-'},[]
443829,Method,com.android.internal.location.gnssmetrics.GnssMetrics.dumpGnssMetricsAsProtoString,location/java/com/android/internal/location/gnssmetrics/GnssMetrics.java,0,-1,1,{'body_modify': '-'},[]
443832,Method,com.android.internal.location.gnssmetrics.GnssMetrics.dumpGnssMetricsAsText,location/java/com/android/internal/location/gnssmetrics/GnssMetrics.java,0,-1,1,{'body_modify': '-'},[]
448335,Method,android.media.AudioManager.setBluetoothHearingAidDeviceConnectionState,media/java/android/media/AudioManager.java,0,-1,1,"{'rename': '-', 'body_modify': '-', 'param_add': 'device state-device state suppressNoisyIntent musicDevice', 'return_type_modify': 'void-int'}",[]
450321,Method,android.media.AudioTrack.getTimestamp,media/java/android/media/AudioTrack.java,0,-1,1,{'body_modify': '-'},[]
452924,Method,android.media.ExifInterface.getHeifAttributes,media/java/android/media/ExifInterface.java,0,-1,1,{'body_modify': '-'},[]
452930,Method,android.media.ExifInterface.getHeifAttributes.Anonymous_Class.readAt,media/java/android/media/ExifInterface.java,0,-1,1,{'body_modify': '-'},[]
455101,Method,android.media.MediaCodecInfo.VideoCapabilities.applyLevelLimits,media/java/android/media/MediaCodecInfo.java,0,-1,1,{'body_modify': '-'},[]
459776,Method,android.media.MediaPlayer2Impl.Task.sendCompleteNotification,media/java/android/media/MediaPlayer2Impl.java,0,-1,1,{'body_modify': '-'},[]
463074,Method,android.media.projection.MediaProjectionManager.createScreenCaptureIntent,media/java/android/media/projection/MediaProjectionManager.java,0,-1,1,{'body_modify': '-'},[]
471343,Method,android.mtp.MtpDatabase.MtpDatabase,media/java/android/mtp/MtpDatabase.java,0,-1,1,{'body_modify': '-'},[]
472027,Method,android.mtp.MtpStorageManager.MtpObjectObserver.MtpObjectObserver,media/java/android/mtp/MtpStorageManager.java,0,-1,1,{'body_modify': '-'},[]
472029,Method,android.mtp.MtpStorageManager.MtpObjectObserver.onEvent,media/java/android/mtp/MtpStorageManager.java,0,-1,1,{'body_modify': '-'},[]
483779,Method,com.android.mediaframeworktest.stress.Camera2RecordingTest.startRecording,media/tests/MediaFrameworkTest/src/com/android/mediaframeworktest/stress/Camera2RecordingTest.java,0,-1,1,{'body_modify': '-'},[]
485793,Method,android.mtp.MtpStorageManagerTest.createNewFile,media/tests/MtpTests/src/android/mtp/MtpStorageManagerTest.java,0,-1,1,{'body_modify': '-'},[]
485797,Method,android.mtp.MtpStorageManagerTest.createNewFile,media/tests/MtpTests/src/android/mtp/MtpStorageManagerTest.java,0,-1,1,{'body_modify': '-'},[]
485813,Method,android.mtp.MtpStorageManagerTest.createNewDir,media/tests/MtpTests/src/android/mtp/MtpStorageManagerTest.java,0,-1,1,{'body_modify': '-'},[]
485815,Method,android.mtp.MtpStorageManagerTest.before,media/tests/MtpTests/src/android/mtp/MtpStorageManagerTest.java,0,-1,1,{'body_modify': '-'},[]
485819,Method,android.mtp.MtpStorageManagerTest.before.Anonymous_Class.sendObjectAdded,media/tests/MtpTests/src/android/mtp/MtpStorageManagerTest.java,0,-1,1,{'body_modify': '-'},[]
485821,Method,android.mtp.MtpStorageManagerTest.before.Anonymous_Class.sendObjectRemoved,media/tests/MtpTests/src/android/mtp/MtpStorageManagerTest.java,0,-1,1,{'body_modify': '-'},[]
485916,Method,android.mtp.MtpStorageManagerTest.testObjectAdded,media/tests/MtpTests/src/android/mtp/MtpStorageManagerTest.java,0,-1,1,{'body_modify': '-'},[]
485919,Method,android.mtp.MtpStorageManagerTest.testObjectAddedDir,media/tests/MtpTests/src/android/mtp/MtpStorageManagerTest.java,0,-1,1,{'body_modify': '-'},[]
485922,Method,android.mtp.MtpStorageManagerTest.testObjectAddedRecursiveDir,media/tests/MtpTests/src/android/mtp/MtpStorageManagerTest.java,0,-1,1,{'body_modify': '-'},[]
485928,Method,android.mtp.MtpStorageManagerTest.testObjectMoved,media/tests/MtpTests/src/android/mtp/MtpStorageManagerTest.java,0,-1,1,{'body_modify': '-'},[]
485932,Method,android.mtp.MtpStorageManagerTest.testSendObjectSuccess,media/tests/MtpTests/src/android/mtp/MtpStorageManagerTest.java,0,-1,1,{'body_modify': '-'},[]
485937,Method,android.mtp.MtpStorageManagerTest.testSendObjectSuccessDir,media/tests/MtpTests/src/android/mtp/MtpStorageManagerTest.java,0,-1,1,{'body_modify': '-'},[]
485943,Method,android.mtp.MtpStorageManagerTest.testSendObjectSuccessDelayed,media/tests/MtpTests/src/android/mtp/MtpStorageManagerTest.java,0,-1,1,{'body_modify': '-'},[]
485948,Method,android.mtp.MtpStorageManagerTest.testSendObjectSuccessDirDelayed,media/tests/MtpTests/src/android/mtp/MtpStorageManagerTest.java,0,-1,1,{'body_modify': '-'},[]
485963,Method,android.mtp.MtpStorageManagerTest.testSendObjectFailedDeleted,media/tests/MtpTests/src/android/mtp/MtpStorageManagerTest.java,0,-1,1,{'body_modify': '-'},[]
485968,Method,android.mtp.MtpStorageManagerTest.testSendObjectFailedAdded,media/tests/MtpTests/src/android/mtp/MtpStorageManagerTest.java,0,-1,1,{'body_modify': '-'},[]
485979,Method,android.mtp.MtpStorageManagerTest.testRemoveObjectDir,media/tests/MtpTests/src/android/mtp/MtpStorageManagerTest.java,0,-1,1,{'body_modify': '-'},[]
485985,Method,android.mtp.MtpStorageManagerTest.testRemoveObjectSuccessAdded,media/tests/MtpTests/src/android/mtp/MtpStorageManagerTest.java,0,-1,1,{'body_modify': '-'},[]
485992,Method,android.mtp.MtpStorageManagerTest.testRemoveObjectFailedDir,media/tests/MtpTests/src/android/mtp/MtpStorageManagerTest.java,0,-1,1,{'body_modify': '-'},[]
485998,Method,android.mtp.MtpStorageManagerTest.testCopyObjectSuccess,media/tests/MtpTests/src/android/mtp/MtpStorageManagerTest.java,0,-1,1,{'body_modify': '-'},[]
486005,Method,android.mtp.MtpStorageManagerTest.testCopyObjectSuccessRecursive,media/tests/MtpTests/src/android/mtp/MtpStorageManagerTest.java,0,-1,1,{'body_modify': '-'},[]
486019,Method,android.mtp.MtpStorageManagerTest.testCopyObjectFailed,media/tests/MtpTests/src/android/mtp/MtpStorageManagerTest.java,0,-1,1,{'body_modify': '-'},[]
486026,Method,android.mtp.MtpStorageManagerTest.testCopyObjectFailedAdded,media/tests/MtpTests/src/android/mtp/MtpStorageManagerTest.java,0,-1,1,{'body_modify': '-'},[]
486034,Method,android.mtp.MtpStorageManagerTest.testCopyObjectFailedDeleted,media/tests/MtpTests/src/android/mtp/MtpStorageManagerTest.java,0,-1,1,{'body_modify': '-'},[]
486041,Method,android.mtp.MtpStorageManagerTest.testRenameObjectSuccess,media/tests/MtpTests/src/android/mtp/MtpStorageManagerTest.java,0,-1,1,{'body_modify': '-'},[]
486045,Method,android.mtp.MtpStorageManagerTest.testRenameObjectDirSuccess,media/tests/MtpTests/src/android/mtp/MtpStorageManagerTest.java,0,-1,1,{'body_modify': '-'},[]
486049,Method,android.mtp.MtpStorageManagerTest.testRenameObjectDirVisitedSuccess,media/tests/MtpTests/src/android/mtp/MtpStorageManagerTest.java,0,-1,1,{'body_modify': '-'},[]
486053,Method,android.mtp.MtpStorageManagerTest.testRenameObjectDelayed,media/tests/MtpTests/src/android/mtp/MtpStorageManagerTest.java,0,-1,1,{'body_modify': '-'},[]
486057,Method,android.mtp.MtpStorageManagerTest.testRenameObjectDirVisitedDelayed,media/tests/MtpTests/src/android/mtp/MtpStorageManagerTest.java,0,-1,1,{'body_modify': '-'},[]
486061,Method,android.mtp.MtpStorageManagerTest.testRenameObjectFailed,media/tests/MtpTests/src/android/mtp/MtpStorageManagerTest.java,0,-1,1,{'body_modify': '-'},[]
486064,Method,android.mtp.MtpStorageManagerTest.testRenameObjectFailedOldRemoved,media/tests/MtpTests/src/android/mtp/MtpStorageManagerTest.java,0,-1,1,{'body_modify': '-'},[]
486067,Method,android.mtp.MtpStorageManagerTest.testRenameObjectFailedNewAdded,media/tests/MtpTests/src/android/mtp/MtpStorageManagerTest.java,0,-1,1,{'body_modify': '-'},[]
486070,Method,android.mtp.MtpStorageManagerTest.testMoveObjectSuccess,media/tests/MtpTests/src/android/mtp/MtpStorageManagerTest.java,0,-1,1,{'body_modify': '-'},[]
486076,Method,android.mtp.MtpStorageManagerTest.testMoveObjectDirSuccess,media/tests/MtpTests/src/android/mtp/MtpStorageManagerTest.java,0,-1,1,{'body_modify': '-'},[]
486082,Method,android.mtp.MtpStorageManagerTest.testMoveObjectDirVisitedSuccess,media/tests/MtpTests/src/android/mtp/MtpStorageManagerTest.java,0,-1,1,{'body_modify': '-'},[]
486088,Method,android.mtp.MtpStorageManagerTest.testMoveObjectDelayed,media/tests/MtpTests/src/android/mtp/MtpStorageManagerTest.java,0,-1,1,{'body_modify': '-'},[]
486094,Method,android.mtp.MtpStorageManagerTest.testMoveObjectDirVisitedDelayed,media/tests/MtpTests/src/android/mtp/MtpStorageManagerTest.java,0,-1,1,{'body_modify': '-'},[]
486100,Method,android.mtp.MtpStorageManagerTest.testMoveObjectFailed,media/tests/MtpTests/src/android/mtp/MtpStorageManagerTest.java,0,-1,1,{'body_modify': '-'},[]
486105,Method,android.mtp.MtpStorageManagerTest.testMoveObjectFailedOldRemoved,media/tests/MtpTests/src/android/mtp/MtpStorageManagerTest.java,0,-1,1,{'body_modify': '-'},[]
486110,Method,android.mtp.MtpStorageManagerTest.testMoveObjectFailedNewAdded,media/tests/MtpTests/src/android/mtp/MtpStorageManagerTest.java,0,-1,1,{'body_modify': '-'},[]
486115,Method,android.mtp.MtpStorageManagerTest.testMoveObjectXStorageSuccess,media/tests/MtpTests/src/android/mtp/MtpStorageManagerTest.java,0,-1,1,{'body_modify': '-'},[]
486119,Method,android.mtp.MtpStorageManagerTest.testMoveObjectXStorageDirSuccess,media/tests/MtpTests/src/android/mtp/MtpStorageManagerTest.java,0,-1,1,{'body_modify': '-'},[]
486123,Method,android.mtp.MtpStorageManagerTest.testMoveObjectXStorageDirVisitedSuccess,media/tests/MtpTests/src/android/mtp/MtpStorageManagerTest.java,0,-1,1,{'body_modify': '-'},[]
486127,Method,android.mtp.MtpStorageManagerTest.testMoveObjectXStorageDelayed,media/tests/MtpTests/src/android/mtp/MtpStorageManagerTest.java,0,-1,1,{'body_modify': '-'},[]
486131,Method,android.mtp.MtpStorageManagerTest.testMoveObjectXStorageDirVisitedDelayed,media/tests/MtpTests/src/android/mtp/MtpStorageManagerTest.java,0,-1,1,{'body_modify': '-'},[]
486135,Method,android.mtp.MtpStorageManagerTest.testMoveObjectXStorageFailed,media/tests/MtpTests/src/android/mtp/MtpStorageManagerTest.java,0,-1,1,{'body_modify': '-'},[]
486138,Method,android.mtp.MtpStorageManagerTest.testMoveObjectXStorageFailedOldRemoved,media/tests/MtpTests/src/android/mtp/MtpStorageManagerTest.java,0,-1,1,{'body_modify': '-'},[]
486141,Method,android.mtp.MtpStorageManagerTest.testMoveObjectXStorageFailedNewAdded,media/tests/MtpTests/src/android/mtp/MtpStorageManagerTest.java,0,-1,1,{'body_modify': '-'},[]
499967,Method,com.android.carrierdefaultapp.CaptivePortalLoginActivity.done,packages/CarrierDefaultApp/src/com/android/carrierdefaultapp/CaptivePortalLoginActivity.java,0,-1,1,{'body_modify': '-'},[]
500064,Method,com.android.carrierdefaultapp.CarrierActionUtils.applyCarrierAction,packages/CarrierDefaultApp/src/com/android/carrierdefaultapp/CarrierActionUtils.java,0,-1,1,{'body_modify': '-'},[]
507941,Method,com.android.settingslib.applications.ApplicationsState.rebuildActiveSessions,packages/SettingsLib/src/com/android/settingslib/applications/ApplicationsState.java,0,-1,1,{'body_modify': '-'},[]
507997,Method,com.android.settingslib.applications.ApplicationsState.MainHandler.handleMessage,packages/SettingsLib/src/com/android/settingslib/applications/ApplicationsState.java,0,-1,1,{'body_modify': '-'},[]
508620,Method,com.android.settingslib.bluetooth.A2dpProfile.getHighQualityAudioOptionLabel,packages/SettingsLib/src/com/android/settingslib/bluetooth/A2dpProfile.java,0,-1,1,{'body_modify': '-'},[]
508996,Method,com.android.settingslib.bluetooth.CachedBluetoothDevice.onProfileStateChanged,packages/SettingsLib/src/com/android/settingslib/bluetooth/CachedBluetoothDevice.java,0,-1,1,{'body_modify': '-'},[]
509168,Method,com.android.settingslib.bluetooth.CachedBluetoothDevice.isA2dpDevice,packages/SettingsLib/src/com/android/settingslib/bluetooth/CachedBluetoothDevice.java,0,-1,1,{'body_modify': '-'},[]
509170,Method,com.android.settingslib.bluetooth.CachedBluetoothDevice.isHfpDevice,packages/SettingsLib/src/com/android/settingslib/bluetooth/CachedBluetoothDevice.java,0,-1,1,{'body_modify': '-'},[]
509203,Method,com.android.settingslib.bluetooth.CachedBluetoothDeviceManager.getHearingAidPairDeviceSummary,packages/SettingsLib/src/com/android/settingslib/bluetooth/CachedBluetoothDeviceManager.java,0,-1,1,{'body_modify': '-'},[]
509251,Method,com.android.settingslib.bluetooth.CachedBluetoothDeviceManager.getHearingAidOtherDevice,packages/SettingsLib/src/com/android/settingslib/bluetooth/CachedBluetoothDeviceManager.java,0,-1,1,"{'method_access_modify': 'private-public', 'body_modify': '-'}",[]
509658,Method,com.android.settingslib.bluetooth.LocalBluetoothManager.getForegroundActivity,packages/SettingsLib/src/com/android/settingslib/bluetooth/LocalBluetoothManager.java,0,-1,1,{'body_modify': '-'},[]
509659,Method,com.android.settingslib.bluetooth.LocalBluetoothManager.isForegroundActivity,packages/SettingsLib/src/com/android/settingslib/bluetooth/LocalBluetoothManager.java,0,-1,1,{'body_modify': '-'},[]
509660,Method,com.android.settingslib.bluetooth.LocalBluetoothManager.setForegroundActivity,packages/SettingsLib/src/com/android/settingslib/bluetooth/LocalBluetoothManager.java,0,-1,1,{'body_modify': '-'},[]
509723,Method,com.android.settingslib.bluetooth.LocalBluetoothProfileManager.LocalBluetoothProfileManager,packages/SettingsLib/src/com/android/settingslib/bluetooth/LocalBluetoothProfileManager.java,0,-1,1,{'body_modify': '-'},[]
509761,Method,com.android.settingslib.bluetooth.LocalBluetoothProfileManager.StateChangedHandler.onReceiveInternal,packages/SettingsLib/src/com/android/settingslib/bluetooth/LocalBluetoothProfileManager.java,0,-1,1,{'body_modify': '-'},[]
512014,Method,com.android.settingslib.drawer.TileUtils.getCategories,packages/SettingsLib/src/com/android/settingslib/drawer/TileUtils.java,0,-1,1,{'body_modify': '-'},[]
512030,Method,com.android.settingslib.drawer.TileUtils.createCategory,packages/SettingsLib/src/com/android/settingslib/drawer/TileUtils.java,0,-1,1,{'body_modify': '-'},[]
512248,Method,com.android.settingslib.dream.DreamBackend.DreamBackend,packages/SettingsLib/src/com/android/settingslib/dream/DreamBackend.java,0,-1,1,{'body_modify': '-'},[]
512290,Method,com.android.settingslib.dream.DreamBackend.launchSettings,packages/SettingsLib/src/com/android/settingslib/dream/DreamBackend.java,0,-1,1,"{'body_modify': '-', 'param_add': 'dreamInfo-uiContext dreamInfo'}",[]
512469,Method,com.android.settingslib.graph.BatteryMeterDrawableBase.BatteryMeterDrawableBase,packages/SettingsLib/src/com/android/settingslib/graph/BatteryMeterDrawableBase.java,0,-1,1,{'body_modify': '-'},[]
512513,Method,com.android.settingslib.graph.BatteryMeterDrawableBase.updateSize,packages/SettingsLib/src/com/android/settingslib/graph/BatteryMeterDrawableBase.java,0,-1,1,{'body_modify': '-'},[]
512532,Method,com.android.settingslib.graph.BatteryMeterDrawableBase.draw,packages/SettingsLib/src/com/android/settingslib/graph/BatteryMeterDrawableBase.java,0,-1,1,{'body_modify': '-'},[]
515072,Method,com.android.settingslib.Utils.isStorageManagerEnabled,packages/SettingsLib/src/com/android/settingslib/Utils.java,0,-1,1,{'body_modify': '-'},[]
515657,Method,com.android.settingslib.wifi.WifiStatusTracker.handleBroadcast,packages/SettingsLib/src/com/android/settingslib/wifi/WifiStatusTracker.java,0,-1,1,{'body_modify': '-'},[]
515720,Method,com.android.settingslib.wifi.WifiTracker.WifiTracker,packages/SettingsLib/src/com/android/settingslib/wifi/WifiTracker.java,0,-1,1,{'body_modify': '-'},[]
515735,Method,com.android.settingslib.wifi.WifiTracker.resumeScanning,packages/SettingsLib/src/com/android/settingslib/wifi/WifiTracker.java,0,-1,1,{'body_modify': '-'},[]
515745,Method,com.android.settingslib.wifi.WifiTracker.isWifiEnabled,packages/SettingsLib/src/com/android/settingslib/wifi/WifiTracker.java,0,-1,1,{'body_modify': '-'},[]
516955,Method,com.android.settingslib.bluetooth.A2dpProfileTest.getLabelDeviceConnectedButNotHighQualityCodec,packages/SettingsLib/tests/robotests/src/com/android/settingslib/bluetooth/A2dpProfileTest.java,0,-1,1,{'body_modify': '-'},[]
518493,Method,com.android.settingslib.UtilsTest.testIsStorageManagerEnabled_UsesSystemProperties,packages/SettingsLib/tests/robotests/src/com/android/settingslib/UtilsTest.java,0,-1,1,{'body_modify': '-'},[]
518651,Method,com.android.providers.settings.DatabaseHelper.onUpgrade,packages/SettingsProvider/src/com/android/providers/settings/DatabaseHelper.java,0,-1,1,{'body_modify': '-'},[]
518757,Method,com.android.providers.settings.DatabaseHelper.upgradeLockPatternLocation,packages/SettingsProvider/src/com/android/providers/settings/DatabaseHelper.java,0,-1,1,{'body_modify': '-'},[]
519141,Method,com.android.providers.settings.SettingsBackupAgent.restoreSoftApConfiguration,packages/SettingsProvider/src/com/android/providers/settings/SettingsBackupAgent.java,0,-1,1,{'body_modify': '-'},[]
520256,Method,com.android.providers.settings.SettingsProvider.SettingsRegistry.UpgradeController.onUpgradeLocked,packages/SettingsProvider/src/com/android/providers/settings/SettingsProvider.java,0,-1,1,{'body_modify': '-'},[]
520415,Method,com.android.providers.settings.SettingsService.MyShellCommand.onCommand,packages/SettingsProvider/src/com/android/providers/settings/SettingsService.java,0,-1,1,{'body_modify': '-'},[]
520428,Method,com.android.providers.settings.SettingsService.MyShellCommand.listForUser,packages/SettingsProvider/src/com/android/providers/settings/SettingsService.java,0,-1,1,{'body_modify': '-'},[]
520439,Method,com.android.providers.settings.SettingsService.MyShellCommand.getForUser,packages/SettingsProvider/src/com/android/providers/settings/SettingsService.java,0,-1,1,{'body_modify': '-'},[]
520452,Method,com.android.providers.settings.SettingsService.MyShellCommand.putForUser,packages/SettingsProvider/src/com/android/providers/settings/SettingsService.java,0,-1,1,{'body_modify': '-'},[]
520466,Method,com.android.providers.settings.SettingsService.MyShellCommand.deleteForUser,packages/SettingsProvider/src/com/android/providers/settings/SettingsService.java,0,-1,1,{'body_modify': '-'},[]
520489,Method,com.android.providers.settings.SettingsService.MyShellCommand.dumpHelp,packages/SettingsProvider/src/com/android/providers/settings/SettingsService.java,0,-1,1,{'body_modify': '-'},[]
522829,Method,com.android.systemui.plugins.GlobalActions.showShutdownUi,packages/SystemUI/plugin/src/com/android/systemui/plugins/GlobalActions.java,0,-1,1,"{'body_modify': '-', 'param_add': 'isReboot reason-isReboot reason rebootCustom'}",[]
522839,Method,com.android.systemui.plugins.GlobalActions.GlobalActionsManager.reboot,packages/SystemUI/plugin/src/com/android/systemui/plugins/GlobalActions.java,0,-1,1,"{'body_modify': '-', 'param_add': 'safeMode-safeMode reason'}",[]
523023,Method,com.android.systemui.plugins.qs.QSTile.clearState,packages/SystemUI/plugin/src/com/android/systemui/plugins/qs/QSTile.java,0,-1,1,{'body_modify': '-'},[]
523083,Method,com.android.systemui.plugins.qs.QSTile.State.copyTo,packages/SystemUI/plugin/src/com/android/systemui/plugins/qs/QSTile.java,0,-1,1,{'body_modify': '-'},[]
523363,Method,com.android.systemui.plugins.VolumeDialogController.State.copy,packages/SystemUI/plugin/src/com/android/systemui/plugins/VolumeDialogController.java,0,-1,1,{'body_modify': '-'},[]
523367,Method,com.android.systemui.plugins.VolumeDialogController.State.toString,packages/SystemUI/plugin/src/com/android/systemui/plugins/VolumeDialogController.java,0,-1,1,{'body_modify': '-'},[]
524785,Method,com.android.systemui.shared.system.SyncRtSurfaceTransactionApplier.scheduleApply,packages/SystemUI/shared/src/com/android/systemui/shared/system/SyncRtSurfaceTransactionApplier.java,0,-1,1,{'body_modify': '-'},[]
525211,Method,com.android.keyguard.CarrierText.Anonymous_Class.onRefreshCarrierInfo,packages/SystemUI/src/com/android/keyguard/CarrierText.java,0,-1,1,{'body_modify': '-'},[]
525217,Method,com.android.keyguard.CarrierText.Anonymous_Class.onSimStateChanged,packages/SystemUI/src/com/android/keyguard/CarrierText.java,0,-1,1,{'body_modify': '-'},[]
525234,Method,com.android.keyguard.CarrierText.CarrierText,packages/SystemUI/src/com/android/keyguard/CarrierText.java,0,-1,1,{'body_modify': '-'},[]
525261,Method,com.android.keyguard.CarrierText.getMissingSimMessage,packages/SystemUI/src/com/android/keyguard/CarrierText.java,0,-1,1,{'body_modify': '-'},[]
525262,Method,com.android.keyguard.CarrierText.getAirplaneModeMessage,packages/SystemUI/src/com/android/keyguard/CarrierText.java,0,-1,1,{'body_modify': '-'},[]
525270,Method,com.android.keyguard.CarrierText.getCarrierTextForSimState,packages/SystemUI/src/com/android/keyguard/CarrierText.java,0,-1,1,{'body_modify': '-'},[]
525278,Method,com.android.keyguard.CarrierText.getStatusForIccState,packages/SystemUI/src/com/android/keyguard/CarrierText.java,0,-1,1,{'body_modify': '-'},[]
525414,Method,com.android.keyguard.KeyguardAbsKeyInputView.onPasswordChecked,packages/SystemUI/src/com/android/keyguard/KeyguardAbsKeyInputView.java,0,-1,1,{'body_modify': '-'},[]
525851,Method,com.android.keyguard.KeyguardPatternView.onFinishInflate,packages/SystemUI/src/com/android/keyguard/KeyguardPatternView.java,0,-1,1,{'body_modify': '-'},[]
525879,Method,com.android.keyguard.KeyguardPatternView.UnlockPatternListener.onPatternChecked,packages/SystemUI/src/com/android/keyguard/KeyguardPatternView.java,0,-1,1,{'body_modify': '-'},[]
525948,Method,com.android.keyguard.KeyguardPinBasedInputView.setPasswordEntryEnabled,packages/SystemUI/src/com/android/keyguard/KeyguardPinBasedInputView.java,0,-1,1,{'body_modify': '-'},[]
525950,Method,com.android.keyguard.KeyguardPinBasedInputView.setPasswordEntryInputEnabled,packages/SystemUI/src/com/android/keyguard/KeyguardPinBasedInputView.java,0,-1,1,{'body_modify': '-'},[]
526011,Method,com.android.keyguard.KeyguardPINView.onFinishInflate,packages/SystemUI/src/com/android/keyguard/KeyguardPINView.java,0,-1,1,{'body_modify': '-'},[]
526092,Method,com.android.keyguard.KeyguardSecurityContainer.getSecurityView,packages/SystemUI/src/com/android/keyguard/KeyguardSecurityContainer.java,0,-1,1,{'body_modify': '-'},[]
526110,Method,com.android.keyguard.KeyguardSecurityContainer.showTimeoutDialog,packages/SystemUI/src/com/android/keyguard/KeyguardSecurityContainer.java,0,-1,1,{'body_modify': '-'},[]
526125,Method,com.android.keyguard.KeyguardSecurityContainer.reportFailedUnlockAttempt,packages/SystemUI/src/com/android/keyguard/KeyguardSecurityContainer.java,0,-1,1,{'body_modify': '-'},[]
526137,Method,com.android.keyguard.KeyguardSecurityContainer.showNextSecurityScreenOrFinish,packages/SystemUI/src/com/android/keyguard/KeyguardSecurityContainer.java,0,-1,1,{'body_modify': '-'},[]
526161,Method,com.android.keyguard.KeyguardSecurityContainer.Anonymous_Class.reportUnlockAttempt,packages/SystemUI/src/com/android/keyguard/KeyguardSecurityContainer.java,0,-1,1,{'body_modify': '-'},[]
526362,Method,com.android.keyguard.KeyguardSimPinView.Anonymous_Class.onSimStateChanged,packages/SystemUI/src/com/android/keyguard/KeyguardSimPinView.java,0,-1,1,{'body_modify': '-'},[]
526456,Method,com.android.keyguard.KeyguardSimPukView.Anonymous_Class.onSimStateChanged,packages/SystemUI/src/com/android/keyguard/KeyguardSimPukView.java,0,-1,1,{'body_modify': '-'},[]
526785,Method,com.android.keyguard.KeyguardStatusView.onSliceContentChanged,packages/SystemUI/src/com/android/keyguard/KeyguardStatusView.java,0,-1,1,{'body_modify': '-'},[]
526790,Method,com.android.keyguard.KeyguardStatusView.onLayoutChange,packages/SystemUI/src/com/android/keyguard/KeyguardStatusView.java,0,-1,1,{'body_modify': '-'},[]
526853,Method,com.android.keyguard.KeyguardStatusView.setPulsing,packages/SystemUI/src/com/android/keyguard/KeyguardStatusView.java,0,-1,1,{'body_modify': '-'},[]
526956,Method,com.android.keyguard.KeyguardUpdateMonitor.Anonymous_Class.handleMessage,packages/SystemUI/src/com/android/keyguard/KeyguardUpdateMonitor.java,0,-1,1,{'body_modify': '-'},[]
527093,Method,com.android.keyguard.KeyguardUpdateMonitor.Anonymous_Class.onReceive,packages/SystemUI/src/com/android/keyguard/KeyguardUpdateMonitor.java,0,-1,1,{'body_modify': '-'},[]
527219,Method,com.android.keyguard.KeyguardUpdateMonitor.KeyguardUpdateMonitor,packages/SystemUI/src/com/android/keyguard/KeyguardUpdateMonitor.java,0,-1,1,{'body_modify': '-'},[]
527235,Method,com.android.keyguard.KeyguardUpdateMonitor.shouldListenForFingerprint,packages/SystemUI/src/com/android/keyguard/KeyguardUpdateMonitor.java,0,-1,1,{'body_modify': '-'},[]
527266,Method,com.android.keyguard.KeyguardUpdateMonitor.handleBootCompleted,packages/SystemUI/src/com/android/keyguard/KeyguardUpdateMonitor.java,0,-1,1,{'body_modify': '-'},[]
527293,Method,com.android.keyguard.KeyguardUpdateMonitor.handleSimStateChange,packages/SystemUI/src/com/android/keyguard/KeyguardUpdateMonitor.java,0,-1,1,{'body_modify': '-'},[]
527303,Method,com.android.keyguard.KeyguardUpdateMonitor.handleServiceStateChange,packages/SystemUI/src/com/android/keyguard/KeyguardUpdateMonitor.java,0,-1,1,"{'method_access_modify': 'private-null', 'method_annotation_add': 'VisibleForTesting-added', 'body_modify': '-'}",[]
527340,Method,com.android.keyguard.KeyguardUpdateMonitor.sendUpdates,packages/SystemUI/src/com/android/keyguard/KeyguardUpdateMonitor.java,0,-1,1,{'body_modify': '-'},[]
527367,Method,com.android.keyguard.KeyguardUpdateMonitor.refreshSimState,packages/SystemUI/src/com/android/keyguard/KeyguardUpdateMonitor.java,0,-1,1,{'body_modify': '-'},[]
527538,Method,com.android.keyguard.NumPadKey.NumPadKey,packages/SystemUI/src/com/android/keyguard/NumPadKey.java,0,-1,1,{'body_modify': '-'},[]
528333,Method,com.android.systemui.BatteryMeterView.BatteryMeterView,packages/SystemUI/src/com/android/systemui/BatteryMeterView.java,0,-1,1,{'body_modify': '-'},[]
528341,Method,com.android.systemui.BatteryMeterView.BatteryMeterView.Anonymous_Class.onUserSwitched,packages/SystemUI/src/com/android/systemui/BatteryMeterView.java,0,-1,1,{'body_modify': '-'},[]
528352,Method,com.android.systemui.BatteryMeterView.onTuningChanged,packages/SystemUI/src/com/android/systemui/BatteryMeterView.java,0,-1,1,{'body_modify': '-'},[]
528356,Method,com.android.systemui.BatteryMeterView.onAttachedToWindow,packages/SystemUI/src/com/android/systemui/BatteryMeterView.java,0,-1,1,{'body_modify': '-'},[]
528358,Method,com.android.systemui.BatteryMeterView.onBatteryLevelChanged,packages/SystemUI/src/com/android/systemui/BatteryMeterView.java,0,-1,1,{'body_modify': '-'},[]
528366,Method,com.android.systemui.BatteryMeterView.updateShowPercent,packages/SystemUI/src/com/android/systemui/BatteryMeterView.java,0,-1,1,{'body_modify': '-'},[]
528372,Method,com.android.systemui.BatteryMeterView.scaleBatteryMeterViews,packages/SystemUI/src/com/android/systemui/BatteryMeterView.java,0,-1,1,{'body_modify': '-'},[]
529170,Method,com.android.systemui.colorextraction.SysuiColorExtractor.SysuiColorExtractor,packages/SystemUI/src/com/android/systemui/colorextraction/SysuiColorExtractor.java,0,-1,1,{'body_modify': '-'},[]
529199,Method,com.android.systemui.colorextraction.SysuiColorExtractor.getColors,packages/SystemUI/src/com/android/systemui/colorextraction/SysuiColorExtractor.java,0,-1,1,{'body_modify': '-'},[]
529205,Method,com.android.systemui.colorextraction.SysuiColorExtractor.setHasBackdrop,packages/SystemUI/src/com/android/systemui/colorextraction/SysuiColorExtractor.java,0,-1,1,"{'rename': '-', 'body_modify': '-', 'param_modify': 'visible-hasBackdrop'}",[]
529261,Method,com.android.systemui.Dependency.start,packages/SystemUI/src/com/android/systemui/Dependency.java,0,-1,1,{'body_modify': '-'},[]
530135,Method,com.android.systemui.doze.DozeService.onCreate,packages/SystemUI/src/com/android/systemui/doze/DozeService.java,0,-1,1,{'body_modify': '-'},[]
530136,Method,com.android.systemui.doze.DozeService.onDestroy,packages/SystemUI/src/com/android/systemui/doze/DozeService.java,0,-1,1,{'body_modify': '-'},[]
531653,Method,com.android.systemui.globalactions.GlobalActionsComponent.handleShowShutdownUi,packages/SystemUI/src/com/android/systemui/globalactions/GlobalActionsComponent.java,0,-1,1,"{'body_modify': '-', 'param_add': 'isReboot reason-isReboot reason rebootCustom'}",[]
531664,Method,com.android.systemui.globalactions.GlobalActionsComponent.reboot,packages/SystemUI/src/com/android/systemui/globalactions/GlobalActionsComponent.java,0,-1,1,"{'body_modify': '-', 'param_add': 'safeMode-safeMode reason'}",[]
531707,Method,com.android.systemui.globalactions.GlobalActionsDialog.GlobalActionsDialog,packages/SystemUI/src/com/android/systemui/globalactions/GlobalActionsDialog.java,0,-1,1,{'body_modify': '-'},[]
531725,Method,com.android.systemui.globalactions.GlobalActionsDialog.showDialog,packages/SystemUI/src/com/android/systemui/globalactions/GlobalActionsDialog.java,0,-1,1,{'body_modify': '-'},[]
531740,Method,com.android.systemui.globalactions.GlobalActionsDialog.createDialog,packages/SystemUI/src/com/android/systemui/globalactions/GlobalActionsDialog.java,0,-1,1,{'body_modify': '-'},[]
531761,Method,com.android.systemui.globalactions.GlobalActionsDialog.PowerAction.onLongPress,packages/SystemUI/src/com/android/systemui/globalactions/GlobalActionsDialog.java,0,-1,1,{'body_modify': '-'},[]
531773,Method,com.android.systemui.globalactions.GlobalActionsDialog.RestartAction.RestartAction,packages/SystemUI/src/com/android/systemui/globalactions/GlobalActionsDialog.java,0,-1,1,{'body_modify': '-'},[]
531774,Method,com.android.systemui.globalactions.GlobalActionsDialog.RestartAction.onLongPress,packages/SystemUI/src/com/android/systemui/globalactions/GlobalActionsDialog.java,0,-1,1,{'body_modify': '-'},[]
531778,Method,com.android.systemui.globalactions.GlobalActionsDialog.RestartAction.onPress,packages/SystemUI/src/com/android/systemui/globalactions/GlobalActionsDialog.java,0,-1,1,{'body_modify': '-'},[]
531860,Method,com.android.systemui.globalactions.GlobalActionsDialog.addUsersToMenu,packages/SystemUI/src/com/android/systemui/globalactions/GlobalActionsDialog.java,0,-1,1,{'body_modify': '-'},[]
531904,Method,com.android.systemui.globalactions.GlobalActionsDialog.MyAdapter.getView,packages/SystemUI/src/com/android/systemui/globalactions/GlobalActionsDialog.java,0,-1,1,{'body_modify': '-'},[]
531938,Method,com.android.systemui.globalactions.GlobalActionsDialog.SinglePressAction.getStatus,packages/SystemUI/src/com/android/systemui/globalactions/GlobalActionsDialog.java,0,-1,1,"{'body_modify': '-', 'return_type_modify': 'java.lang.String-java.lang.CharSequence'}",[]
531944,Method,com.android.systemui.globalactions.GlobalActionsDialog.SinglePressAction.create,packages/SystemUI/src/com/android/systemui/globalactions/GlobalActionsDialog.java,0,-1,1,{'body_modify': '-'},[]
531979,Method,com.android.systemui.globalactions.GlobalActionsDialog.ToggleAction.create,packages/SystemUI/src/com/android/systemui/globalactions/GlobalActionsDialog.java,0,-1,1,{'body_modify': '-'},[]
532039,Method,com.android.systemui.globalactions.GlobalActionsDialog.Anonymous_Class.onReceive,packages/SystemUI/src/com/android/systemui/globalactions/GlobalActionsDialog.java,0,-1,1,{'body_modify': '-'},[]
532066,Method,com.android.systemui.globalactions.GlobalActionsDialog.onAirplaneModeChanged,packages/SystemUI/src/com/android/systemui/globalactions/GlobalActionsDialog.java,0,-1,1,{'body_modify': '-'},[]
532094,Method,com.android.systemui.globalactions.GlobalActionsDialog.ActionsDialog.ActionsDialog,packages/SystemUI/src/com/android/systemui/globalactions/GlobalActionsDialog.java,0,-1,1,"{'body_modify': '-', 'param_add': 'context clickListener adapter longClickListener-context clickListener adapter longClickListener shouldDisplaySeparatedButton'}",[]
532105,Method,com.android.systemui.globalactions.GlobalActionsDialog.ActionsDialog.updateList,packages/SystemUI/src/com/android/systemui/globalactions/GlobalActionsDialog.java,0,-1,1,{'body_modify': '-'},[]
532113,Method,com.android.systemui.globalactions.GlobalActionsDialog.ActionsDialog.updateColors,packages/SystemUI/src/com/android/systemui/globalactions/GlobalActionsDialog.java,0,-1,1,{'body_modify': '-'},[]
532145,Method,com.android.systemui.globalactions.GlobalActionsImpl.showShutdownUi,packages/SystemUI/src/com/android/systemui/globalactions/GlobalActionsImpl.java,0,-1,1,"{'body_modify': '-', 'param_add': 'isReboot reason-isReboot reason rebootCustom'}",[]
532265,Method,com.android.systemui.HardwareUiLayout.updateSettings,packages/SystemUI/src/com/android/systemui/HardwareUiLayout.java,0,-1,1,{'body_modify': '-'},[]
532266,Method,com.android.systemui.HardwareUiLayout.updateEdgeMargin,packages/SystemUI/src/com/android/systemui/HardwareUiLayout.java,0,-1,1,{'body_modify': '-'},[]
532271,Method,com.android.systemui.HardwareUiLayout.onMeasure,packages/SystemUI/src/com/android/systemui/HardwareUiLayout.java,0,-1,1,{'body_modify': '-'},[]
532281,Method,com.android.systemui.HardwareUiLayout.rotate,packages/SystemUI/src/com/android/systemui/HardwareUiLayout.java,0,-1,1,{'body_modify': '-'},[]
532286,Method,com.android.systemui.HardwareUiLayout.rotateRight,packages/SystemUI/src/com/android/systemui/HardwareUiLayout.java,0,-1,1,{'body_modify': '-'},[]
532299,Method,com.android.systemui.HardwareUiLayout.rotateLeft,packages/SystemUI/src/com/android/systemui/HardwareUiLayout.java,0,-1,1,{'body_modify': '-'},[]
532323,Method,com.android.systemui.HardwareUiLayout.animateChild,packages/SystemUI/src/com/android/systemui/HardwareUiLayout.java,0,-1,1,{'body_modify': '-'},[]
532336,Method,com.android.systemui.HardwareUiLayout.updatePosition,packages/SystemUI/src/com/android/systemui/HardwareUiLayout.java,0,-1,1,{'body_modify': '-'},[]
532340,Method,com.android.systemui.HardwareUiLayout.setCutPoint,packages/SystemUI/src/com/android/systemui/HardwareUiLayout.java,0,-1,1,{'body_modify': '-'},[]
532433,Method,com.android.systemui.ImageWallpaper.DrawableEngine.drawFrame,packages/SystemUI/src/com/android/systemui/ImageWallpaper.java,0,-1,1,{'body_modify': '-'},[]
532943,Method,com.android.systemui.keyguard.KeyguardViewMediator.Anonymous_Class.onSimStateChanged,packages/SystemUI/src/com/android/systemui/keyguard/KeyguardViewMediator.java,0,-1,1,{'body_modify': '-'},[]
532994,Method,com.android.systemui.keyguard.KeyguardViewMediator.setupLocked,packages/SystemUI/src/com/android/systemui/keyguard/KeyguardViewMediator.java,0,-1,1,{'body_modify': '-'},[]
533043,Method,com.android.systemui.keyguard.KeyguardViewMediator.maybeSendUserPresentBroadcast,packages/SystemUI/src/com/android/systemui/keyguard/KeyguardViewMediator.java,0,-1,1,{'body_modify': '-'},[]
533080,Method,com.android.systemui.keyguard.KeyguardViewMediator.doKeyguardLocked,packages/SystemUI/src/com/android/systemui/keyguard/KeyguardViewMediator.java,0,-1,1,{'body_modify': '-'},[]
533143,Method,com.android.systemui.keyguard.KeyguardViewMediator.handleKeyguardDone,packages/SystemUI/src/com/android/systemui/keyguard/KeyguardViewMediator.java,0,-1,1,{'body_modify': '-'},[]
533169,Method,com.android.systemui.keyguard.KeyguardViewMediator.Anonymous_Class.run,packages/SystemUI/src/com/android/systemui/keyguard/KeyguardViewMediator.java,0,-1,1,{'body_modify': '-'},[]
533212,Method,com.android.systemui.keyguard.KeyguardViewMediator.setAodShowing,packages/SystemUI/src/com/android/systemui/keyguard/KeyguardViewMediator.java,0,-1,1,{'body_modify': '-'},[]
534918,Method,com.android.systemui.pip.tv.PipManager.initialize,packages/SystemUI/src/com/android/systemui/pip/tv/PipManager.java,0,-1,1,{'body_modify': '-'},[]
535644,Method,com.android.systemui.power.PowerNotificationWarnings.PowerNotificationWarnings,packages/SystemUI/src/com/android/systemui/power/PowerNotificationWarnings.java,0,-1,1,{'body_modify': '-'},[]
535646,Method,com.android.systemui.power.PowerNotificationWarnings.dump,packages/SystemUI/src/com/android/systemui/power/PowerNotificationWarnings.java,0,-1,1,{'body_modify': '-'},[]
535662,Method,com.android.systemui.power.PowerNotificationWarnings.showWarningNotification,packages/SystemUI/src/com/android/systemui/power/PowerNotificationWarnings.java,0,-1,1,{'body_modify': '-'},[]
535745,Method,com.android.systemui.power.PowerNotificationWarnings.Receiver.init,packages/SystemUI/src/com/android/systemui/power/PowerNotificationWarnings.java,0,-1,1,{'body_modify': '-'},[]
535747,Method,com.android.systemui.power.PowerNotificationWarnings.Receiver.onReceive,packages/SystemUI/src/com/android/systemui/power/PowerNotificationWarnings.java,0,-1,1,{'body_modify': '-'},[]
535794,Method,com.android.systemui.power.PowerUI.start,packages/SystemUI/src/com/android/systemui/power/PowerUI.java,0,-1,1,{'body_modify': '-'},[]
535800,Method,com.android.systemui.power.PowerUI.onConfigurationChanged,packages/SystemUI/src/com/android/systemui/power/PowerUI.java,0,-1,1,{'body_modify': '-'},[]
535811,Method,com.android.systemui.power.PowerUI.Receiver.init,packages/SystemUI/src/com/android/systemui/power/PowerUI.java,0,-1,1,{'body_modify': '-'},[]
535813,Method,com.android.systemui.power.PowerUI.Receiver.onReceive,packages/SystemUI/src/com/android/systemui/power/PowerUI.java,0,-1,1,{'body_modify': '-'},[]
535825,Method,com.android.systemui.power.PowerUI.maybeShowBatteryWarning,packages/SystemUI/src/com/android/systemui/power/PowerUI.java,0,-1,1,"{'body_modify': '-', 'param_add': 'plugged oldPlugged oldBucket bucket-oldBatteryLevel plugged oldPlugged oldBucket bucket'}",[]
535843,Method,com.android.systemui.power.PowerUI.shouldDismissLowBatteryWarning,packages/SystemUI/src/com/android/systemui/power/PowerUI.java,0,-1,1,{'body_modify': '-'},[]
535852,Method,com.android.systemui.power.PowerUI.isEnhancedTrigger,packages/SystemUI/src/com/android/systemui/power/PowerUI.java,0,-1,1,{'body_modify': '-'},[]
535864,Method,com.android.systemui.power.PowerUI.initTemperatureWarning,packages/SystemUI/src/com/android/systemui/power/PowerUI.java,0,-1,1,{'body_modify': '-'},[]
535875,Method,com.android.systemui.power.PowerUI.updateTemperatureWarning,packages/SystemUI/src/com/android/systemui/power/PowerUI.java,0,-1,1,"{'body_modify': '-', 'param_add': '-temps'}",[]
535883,Method,com.android.systemui.power.PowerUI.logAtTemperatureThreshold,packages/SystemUI/src/com/android/systemui/power/PowerUI.java,0,-1,1,"{'body_modify': '-', 'param_add': 'temp-type temp thresholdTemp'}",[]
535890,Method,com.android.systemui.power.PowerUI.logTemperatureStats,packages/SystemUI/src/com/android/systemui/power/PowerUI.java,0,-1,1,"{'body_modify': '-', 'param_add': '-type'}",[]
535902,Method,com.android.systemui.power.PowerUI.dump,packages/SystemUI/src/com/android/systemui/power/PowerUI.java,0,-1,1,{'body_modify': '-'},[]
535933,Method,com.android.systemui.power.PowerUI.ThermalEventListener.notifyThrottling,packages/SystemUI/src/com/android/systemui/power/PowerUI.java,0,-1,1,{'body_modify': '-'},[]
536271,Method,com.android.systemui.qs.customize.QSCustomizer.QSCustomizer,packages/SystemUI/src/com/android/systemui/qs/customize/QSCustomizer.java,0,-1,1,{'body_modify': '-'},[]
536281,Method,com.android.systemui.qs.customize.QSCustomizer.onConfigurationChanged,packages/SystemUI/src/com/android/systemui/qs/customize/QSCustomizer.java,0,-1,1,{'body_modify': '-'},[]
536414,Method,com.android.systemui.qs.customize.TileAdapter.onBindViewHolder,packages/SystemUI/src/com/android/systemui/qs/customize/TileAdapter.java,0,-1,1,{'body_modify': '-'},[]
536546,Method,com.android.systemui.qs.customize.TileQueryHelper.addStockTiles,packages/SystemUI/src/com/android/systemui/qs/customize/TileQueryHelper.java,0,-1,1,{'body_modify': '-'},[]
537135,Method,com.android.systemui.qs.PagedTileLayout.updateResources,packages/SystemUI/src/com/android/systemui/qs/PagedTileLayout.java,0,-1,1,{'body_modify': '-'},[]
537453,Method,com.android.systemui.qs.QSAnimator.onTuningChanged,packages/SystemUI/src/com/android/systemui/qs/QSAnimator.java,0,-1,1,{'body_modify': '-'},[]
537612,Method,com.android.systemui.qs.QSDetail.onConfigurationChanged,packages/SystemUI/src/com/android/systemui/qs/QSDetail.java,0,-1,1,{'body_modify': '-'},[]
537615,Method,com.android.systemui.qs.QSDetail.onFinishInflate,packages/SystemUI/src/com/android/systemui/qs/QSDetail.java,0,-1,1,{'body_modify': '-'},[]
537695,Method,com.android.systemui.qs.QSDetail.Anonymous_Class.onAnimationEnd,packages/SystemUI/src/com/android/systemui/qs/QSDetail.java,0,-1,1,{'body_modify': '-'},[]
537954,Method,com.android.systemui.qs.QSFooterImpl.onFinishInflate,packages/SystemUI/src/com/android/systemui/qs/QSFooterImpl.java,0,-1,1,{'body_modify': '-'},[]
538194,Method,com.android.systemui.qs.QSPanel.QSPanel,packages/SystemUI/src/com/android/systemui/qs/QSPanel.java,0,-1,1,{'body_modify': '-'},[]
538202,Method,com.android.systemui.qs.QSPanel.onAttachedToWindow,packages/SystemUI/src/com/android/systemui/qs/QSPanel.java,0,-1,1,{'body_modify': '-'},[]
538207,Method,com.android.systemui.qs.QSPanel.onTuningChanged,packages/SystemUI/src/com/android/systemui/qs/QSPanel.java,0,-1,1,{'body_modify': '-'},[]
538210,Method,com.android.systemui.qs.QSPanel.updateViewVisibilityForTuningValue,packages/SystemUI/src/com/android/systemui/qs/QSPanel.java,0,-1,1,{'body_modify': '-'},[]
538234,Method,com.android.systemui.qs.QSPanel.updateResources,packages/SystemUI/src/com/android/systemui/qs/QSPanel.java,0,-1,1,{'body_modify': '-'},[]
538291,Method,com.android.systemui.qs.QSPanel.showEdit,packages/SystemUI/src/com/android/systemui/qs/QSPanel.java,0,-1,1,{'body_modify': '-'},[]
538294,Method,com.android.systemui.qs.QSPanel.showEdit.Anonymous_Class.run,packages/SystemUI/src/com/android/systemui/qs/QSPanel.java,0,-1,1,{'body_modify': '-'},[]
538305,Method,com.android.systemui.qs.QSPanel.handleShowDetailTile,packages/SystemUI/src/com/android/systemui/qs/QSPanel.java,0,-1,1,{'body_modify': '-'},[]
538706,Method,com.android.systemui.qs.QuickQSPanel.onTuningChanged,packages/SystemUI/src/com/android/systemui/qs/QuickQSPanel.java,0,-1,1,{'body_modify': '-'},[]
538808,Method,com.android.systemui.qs.QuickStatusBarHeader.onFinishInflate,packages/SystemUI/src/com/android/systemui/qs/QuickStatusBarHeader.java,0,-1,1,{'body_modify': '-'},[]
538843,Method,com.android.systemui.qs.QuickStatusBarHeader.updateResources,packages/SystemUI/src/com/android/systemui/qs/QuickStatusBarHeader.java,0,-1,1,{'body_modify': '-'},[]
539085,Method,com.android.systemui.qs.tileimpl.QSFactoryImpl.createTileInternal,packages/SystemUI/src/com/android/systemui/qs/tileimpl/QSFactoryImpl.java,0,-1,1,{'body_modify': '-'},[]
539222,Method,com.android.systemui.qs.tileimpl.QSTileBaseView.handleStateChanged,packages/SystemUI/src/com/android/systemui/qs/tileimpl/QSTileBaseView.java,0,-1,1,{'body_modify': '-'},[]
539240,Method,com.android.systemui.qs.tileimpl.QSTileBaseView.onInitializeAccessibilityNodeInfo,packages/SystemUI/src/com/android/systemui/qs/tileimpl/QSTileBaseView.java,0,-1,1,{'body_modify': '-'},[]
539380,Method,com.android.systemui.qs.tileimpl.QSTileImpl.H.handleMessage,packages/SystemUI/src/com/android/systemui/qs/tileimpl/QSTileImpl.java,0,-1,1,{'body_modify': '-'},[]
539910,Method,com.android.systemui.qs.tiles.CellularTile.handleSecondaryClick,packages/SystemUI/src/com/android/systemui/qs/tiles/CellularTile.java,0,-1,1,{'body_modify': '-'},[]
539912,Method,com.android.systemui.qs.tiles.CellularTile.handleUpdateState,packages/SystemUI/src/com/android/systemui/qs/tiles/CellularTile.java,0,-1,1,{'body_modify': '-'},[]
540025,Method,com.android.systemui.qs.tiles.DataUsageDetailView.bind,packages/SystemUI/src/com/android/systemui/qs/tiles/DataUsageDetailView.java,0,-1,1,{'body_modify': '-'},[]
540041,Method,com.android.systemui.qs.tiles.DataUsageDetailView.formatDataUsage,packages/SystemUI/src/com/android/systemui/qs/tiles/DataUsageDetailView.java,0,-1,1,"{'rename': '-', 'body_modify': '-', 'param_modify': 'bytes-byteValue', 'return_type_modify': 'java.lang.String-java.lang.CharSequence'}",[]
540074,Method,com.android.systemui.qs.tiles.DndTile.handleClick,packages/SystemUI/src/com/android/systemui/qs/tiles/DndTile.java,0,-1,1,{'body_modify': '-'},[]
540075,Method,com.android.systemui.qs.tiles.DndTile.turnOnDND,packages/SystemUI/src/com/android/systemui/qs/tiles/DndTile.java,0,-1,1,"{'method_override_remove': 'override-deleted', 'rename': '-', 'body_modify': '-', 'param_modify': 'show-showDetails'}",[]
540086,Method,com.android.systemui.qs.tiles.DndTile.handleSecondaryClick,packages/SystemUI/src/com/android/systemui/qs/tiles/DndTile.java,0,-1,1,{'body_modify': '-'},[]
540088,Method,com.android.systemui.qs.tiles.DndTile.handleUpdateState,packages/SystemUI/src/com/android/systemui/qs/tiles/DndTile.java,0,-1,1,{'body_modify': '-'},[]
540109,Method,com.android.systemui.qs.tiles.DndTile.Anonymous_Class.onConfigChanged,packages/SystemUI/src/com/android/systemui/qs/tiles/DndTile.java,0,-1,1,{'body_modify': '-'},[]
540123,Method,com.android.systemui.qs.tiles.DndTile.DndDetailAdapter.setToggleState,packages/SystemUI/src/com/android/systemui/qs/tiles/DndTile.java,0,-1,1,{'body_modify': '-'},[]
540158,Method,com.android.systemui.qs.tiles.FlashlightTile.newTileState,packages/SystemUI/src/com/android/systemui/qs/tiles/FlashlightTile.java,0,-1,1,{'body_modify': '-'},[]
540394,Method,com.android.systemui.qs.tiles.LocationTile.LocationTile,packages/SystemUI/src/com/android/systemui/qs/tiles/LocationTile.java,0,-1,1,{'body_modify': '-'},[]
540402,Method,com.android.systemui.qs.tiles.LocationTile.handleClick,packages/SystemUI/src/com/android/systemui/qs/tiles/LocationTile.java,0,-1,1,{'body_modify': '-'},[]
540408,Method,com.android.systemui.qs.tiles.LocationTile.handleUpdateState,packages/SystemUI/src/com/android/systemui/qs/tiles/LocationTile.java,0,-1,1,{'body_modify': '-'},[]
540462,Method,com.android.systemui.qs.tiles.NfcTile.handleUpdateState,packages/SystemUI/src/com/android/systemui/qs/tiles/NfcTile.java,0,-1,1,{'body_modify': '-'},[]
542753,Method,com.android.systemui.recents.RecentsOnboarding.getWindowLayoutParams,packages/SystemUI/src/com/android/systemui/recents/RecentsOnboarding.java,0,-1,1,{'body_modify': '-'},[]
542832,Method,com.android.systemui.recents.ScreenPinningRequest.ScreenPinningRequest,packages/SystemUI/src/com/android/systemui/recents/ScreenPinningRequest.java,0,-1,1,{'body_modify': '-'},[]
542867,Method,com.android.systemui.recents.ScreenPinningRequest.RequestWindowView.inflateView,packages/SystemUI/src/com/android/systemui/recents/ScreenPinningRequest.java,0,-1,1,{'body_modify': '-'},[]
543285,Method,com.android.systemui.recents.views.grid.TaskGridLayoutAlgorithm.getTransform,packages/SystemUI/src/com/android/systemui/recents/views/grid/TaskGridLayoutAlgorithm.java,0,-1,1,{'body_modify': '-'},[]
543317,Method,com.android.systemui.recents.views.grid.TaskGridLayoutAlgorithm.updateTaskGridRect,packages/SystemUI/src/com/android/systemui/recents/views/grid/TaskGridLayoutAlgorithm.java,0,-1,1,{'body_modify': '-'},[]
545836,Method,com.android.systemui.ScreenDecorations.start,packages/SystemUI/src/com/android/systemui/ScreenDecorations.java,0,-1,1,{'body_modify': '-'},[]
545845,Method,com.android.systemui.ScreenDecorations.startOnScreenDecorationsThread.Anonymous_Class.onDisplayChanged,packages/SystemUI/src/com/android/systemui/ScreenDecorations.java,0,-1,1,{'body_modify': '-'},[]
545848,Method,com.android.systemui.ScreenDecorations.setupDecorations,packages/SystemUI/src/com/android/systemui/ScreenDecorations.java,0,-1,1,{'body_modify': '-'},[]
545852,Method,com.android.systemui.ScreenDecorations.setupDecorations.Anonymous_Class.handleValueChanged,packages/SystemUI/src/com/android/systemui/ScreenDecorations.java,0,-1,1,{'body_modify': '-'},[]
545868,Method,com.android.systemui.ScreenDecorations.onConfigurationChanged,packages/SystemUI/src/com/android/systemui/ScreenDecorations.java,0,-1,1,{'body_modify': '-'},[]
545871,Method,com.android.systemui.ScreenDecorations.updateOrientation,packages/SystemUI/src/com/android/systemui/ScreenDecorations.java,0,-1,1,"{'method_access_modify': 'protected-private', 'body_modify': '-'}",[]
545878,Method,com.android.systemui.ScreenDecorations.updateViews,packages/SystemUI/src/com/android/systemui/ScreenDecorations.java,0,-1,1,{'body_modify': '-'},[]
545898,Method,com.android.systemui.ScreenDecorations.setupStatusBarPadding,packages/SystemUI/src/com/android/systemui/ScreenDecorations.java,0,-1,1,"{'rename': '-', 'body_modify': '-'}","[{'type': 'Rename Method', 'source_name': 'com.android.systemui.ScreenDecorations.setupPadding', 'source_param': 'padding'}]"
545908,Method,com.android.systemui.ScreenDecorations.onTuningChanged,packages/SystemUI/src/com/android/systemui/ScreenDecorations.java,0,-1,1,{'body_modify': '-'},[]
545943,Method,com.android.systemui.ScreenDecorations.DisplayCutoutView.DisplayCutoutView,packages/SystemUI/src/com/android/systemui/ScreenDecorations.java,0,-1,1,"{'body_modify': '-', 'param_add': 'context start visibilityChangedListener-context start visibilityChangedListener decorations'}",[]
545964,Method,com.android.systemui.ScreenDecorations.DisplayCutoutView.update,packages/SystemUI/src/com/android/systemui/ScreenDecorations.java,0,-1,1,{'body_modify': '-'},[]
545983,Method,com.android.systemui.ScreenDecorations.DisplayCutoutView.boundsFromDirection,packages/SystemUI/src/com/android/systemui/ScreenDecorations.java,0,-1,1,{'body_modify': '-'},[]
546052,Method,com.android.systemui.screenshot.SaveImageInBackgroundTask.SaveImageInBackgroundTask,packages/SystemUI/src/com/android/systemui/screenshot/GlobalScreenshot.java,0,-1,1,{'body_modify': '-'},[]
546183,Method,com.android.systemui.screenshot.GlobalScreenshot.takeScreenshotPartial,packages/SystemUI/src/com/android/systemui/screenshot/GlobalScreenshot.java,0,-1,1,{'body_modify': '-'},[]
546188,Method,com.android.systemui.screenshot.GlobalScreenshot.takeScreenshotPartial.Anonymous_Class.onTouch,packages/SystemUI/src/com/android/systemui/screenshot/GlobalScreenshot.java,0,-1,1,{'body_modify': '-'},[]
546194,Method,com.android.systemui.screenshot.GlobalScreenshot.takeScreenshotPartial.Anonymous_Class.onTouch.Anonymous_Class.run,packages/SystemUI/src/com/android/systemui/screenshot/GlobalScreenshot.java,0,-1,1,{'body_modify': '-'},[]
546413,Method,com.android.systemui.settings.BrightnessController.BrightnessController,packages/SystemUI/src/com/android/systemui/settings/BrightnessController.java,0,-1,1,{'body_modify': '-'},[]
546457,Method,com.android.systemui.settings.BrightnessController.updateIcon,packages/SystemUI/src/com/android/systemui/settings/BrightnessController.java,0,-1,1,{'body_modify': '-'},[]
546994,Method,com.android.systemui.stackdivider.DividerView.initializeSnapAlgorithm,packages/SystemUI/src/com/android/systemui/stackdivider/DividerView.java,0,-1,1,{'body_modify': '-'},[]
548093,Method,com.android.systemui.statusbar.car.CarStatusBar.start,packages/SystemUI/src/com/android/systemui/statusbar/car/CarStatusBar.java,0,-1,1,{'body_modify': '-'},[]
548096,Method,com.android.systemui.statusbar.car.CarStatusBar.restartNavBars,packages/SystemUI/src/com/android/systemui/statusbar/car/CarStatusBar.java,0,-1,1,{'body_modify': '-'},[]
548103,Method,com.android.systemui.statusbar.car.CarStatusBar.makeStatusBarView,packages/SystemUI/src/com/android/systemui/statusbar/car/CarStatusBar.java,0,-1,1,{'body_modify': '-'},[]
548145,Method,com.android.systemui.statusbar.car.CarStatusBar.onDensityOrFontScaleChanged,packages/SystemUI/src/com/android/systemui/statusbar/car/CarStatusBar.java,0,-1,1,{'body_modify': '-'},[]
548551,Method,com.android.systemui.statusbar.CommandQueue.Callbacks.handleShowShutdownUi,packages/SystemUI/src/com/android/systemui/statusbar/CommandQueue.java,0,-1,1,"{'body_modify': '-', 'param_add': 'isReboot reason-isReboot reason rebootCustom'}",[]
548664,Method,com.android.systemui.statusbar.CommandQueue.showShutdownUi,packages/SystemUI/src/com/android/systemui/statusbar/CommandQueue.java,0,-1,1,"{'body_modify': '-', 'param_add': 'isReboot reason-isReboot reason rebootCustom'}",[]
548688,Method,com.android.systemui.statusbar.CommandQueue.H.handleMessage,packages/SystemUI/src/com/android/systemui/statusbar/CommandQueue.java,0,-1,1,{'body_modify': '-'},[]
549368,Method,com.android.systemui.statusbar.ExpandableNotificationRow.applyExpandAnimationParams,packages/SystemUI/src/com/android/systemui/statusbar/ExpandableNotificationRow.java,0,-1,1,{'body_modify': '-'},[]
549386,Method,com.android.systemui.statusbar.ExpandableNotificationRow.setChildIsExpanding,packages/SystemUI/src/com/android/systemui/statusbar/ExpandableNotificationRow.java,0,-1,1,{'body_modify': '-'},[]
549389,Method,com.android.systemui.statusbar.ExpandableNotificationRow.shouldClipToActualHeight,packages/SystemUI/src/com/android/systemui/statusbar/ExpandableNotificationRow.java,0,-1,1,{'body_modify': '-'},[]
549585,Method,com.android.systemui.statusbar.ExpandableNotificationRow.childNeedsClipping,packages/SystemUI/src/com/android/systemui/statusbar/ExpandableNotificationRow.java,0,-1,1,{'body_modify': '-'},[]
549670,Method,com.android.systemui.statusbar.ExpandableOutlineView.getClipPath,packages/SystemUI/src/com/android/systemui/statusbar/ExpandableOutlineView.java,0,-1,1,{'body_modify': '-'},[]
549712,Method,com.android.systemui.statusbar.ExpandableOutlineView.setExtraWidthForClipping,packages/SystemUI/src/com/android/systemui/statusbar/ExpandableOutlineView.java,0,-1,1,"{'method_override_add': 'override-added', 'body_modify': '-'}",[]
549714,Method,com.android.systemui.statusbar.ExpandableOutlineView.setMinimumHeightForClipping,packages/SystemUI/src/com/android/systemui/statusbar/ExpandableOutlineView.java,0,-1,1,"{'method_override_add': 'override-added', 'body_modify': '-'}",[]
549891,Method,com.android.systemui.statusbar.ExpandableView.updateClipping,packages/SystemUI/src/com/android/systemui/statusbar/ExpandableView.java,0,-1,1,{'body_modify': '-'},[]
550314,Method,com.android.systemui.statusbar.HeadsUpStatusBarView.setPanelTranslation,packages/SystemUI/src/com/android/systemui/statusbar/HeadsUpStatusBarView.java,0,-1,1,{'body_modify': '-'},[]
550859,Method,com.android.systemui.statusbar.KeyguardIndicationController.computePowerIndication,packages/SystemUI/src/com/android/systemui/statusbar/KeyguardIndicationController.java,0,-1,1,{'body_modify': '-'},[]
551750,Method,com.android.systemui.statusbar.notification.NotificationHeaderViewWrapper.onContentUpdated,packages/SystemUI/src/com/android/systemui/statusbar/notification/NotificationHeaderViewWrapper.java,0,-1,1,{'body_modify': '-'},[]
553421,Method,com.android.systemui.statusbar.NotificationEntryManager.NotificationClicker.onClick,packages/SystemUI/src/com/android/systemui/statusbar/NotificationEntryManager.java,0,-1,1,{'body_modify': '-'},[]
553556,Method,com.android.systemui.statusbar.NotificationEntryManager.handleGroupSummaryRemoved,packages/SystemUI/src/com/android/systemui/statusbar/NotificationEntryManager.java,0,-1,1,{'body_modify': '-'},[]
554174,Method,com.android.systemui.statusbar.NotificationInfo.saveImportance,packages/SystemUI/src/com/android/systemui/statusbar/NotificationInfo.java,0,-1,1,{'body_modify': '-'},[]
554360,Method,com.android.systemui.statusbar.NotificationLockscreenUserManager.Anonymous_Class.onReceive,packages/SystemUI/src/com/android/systemui/statusbar/NotificationLockscreenUserManager.java,0,-1,1,{'body_modify': '-'},[]
554380,Method,com.android.systemui.statusbar.NotificationLockscreenUserManager.setUpWithPresenter,packages/SystemUI/src/com/android/systemui/statusbar/NotificationLockscreenUserManager.java,0,-1,1,{'body_modify': '-'},[]
554532,Method,com.android.systemui.statusbar.NotificationMediaManager.Anonymous_Class.onPlaybackStateChanged,packages/SystemUI/src/com/android/systemui/statusbar/NotificationMediaManager.java,0,-1,1,{'body_modify': '-'},[]
554536,Method,com.android.systemui.statusbar.NotificationMediaManager.NotificationMediaManager,packages/SystemUI/src/com/android/systemui/statusbar/NotificationMediaManager.java,0,-1,1,{'body_modify': '-'},[]
554978,Method,com.android.systemui.statusbar.NotificationShelf.fadeInTranslating,packages/SystemUI/src/com/android/systemui/statusbar/NotificationShelf.java,0,-1,1,{'body_modify': '-'},[]
555803,Method,com.android.systemui.statusbar.phone.CollapsedStatusBarFragment.onCreate,packages/SystemUI/src/com/android/systemui/statusbar/phone/CollapsedStatusBarFragment.java,0,-1,1,{'body_modify': '-'},[]
555809,Method,com.android.systemui.statusbar.phone.CollapsedStatusBarFragment.onViewCreated,packages/SystemUI/src/com/android/systemui/statusbar/phone/CollapsedStatusBarFragment.java,0,-1,1,{'body_modify': '-'},[]
555812,Method,com.android.systemui.statusbar.phone.CollapsedStatusBarFragment.onSaveInstanceState,packages/SystemUI/src/com/android/systemui/statusbar/phone/CollapsedStatusBarFragment.java,0,-1,1,{'body_modify': '-'},[]
555825,Method,com.android.systemui.statusbar.phone.CollapsedStatusBarFragment.disable,packages/SystemUI/src/com/android/systemui/statusbar/phone/CollapsedStatusBarFragment.java,0,-1,1,{'body_modify': '-'},[]
555831,Method,com.android.systemui.statusbar.phone.CollapsedStatusBarFragment.adjustDisableFlags,packages/SystemUI/src/com/android/systemui/statusbar/phone/CollapsedStatusBarFragment.java,0,-1,1,{'body_modify': '-'},[]
555836,Method,com.android.systemui.statusbar.phone.CollapsedStatusBarFragment.hideSystemIconArea,packages/SystemUI/src/com/android/systemui/statusbar/phone/CollapsedStatusBarFragment.java,0,-1,1,{'body_modify': '-'},[]
555838,Method,com.android.systemui.statusbar.phone.CollapsedStatusBarFragment.showSystemIconArea,packages/SystemUI/src/com/android/systemui/statusbar/phone/CollapsedStatusBarFragment.java,0,-1,1,{'body_modify': '-'},[]
555840,Method,com.android.systemui.statusbar.phone.CollapsedStatusBarFragment.hideClock,packages/SystemUI/src/com/android/systemui/statusbar/phone/CollapsedStatusBarFragment.java,0,-1,1,{'body_modify': '-'},[]
555842,Method,com.android.systemui.statusbar.phone.CollapsedStatusBarFragment.showClock,packages/SystemUI/src/com/android/systemui/statusbar/phone/CollapsedStatusBarFragment.java,0,-1,1,{'body_modify': '-'},[]
556232,Method,com.android.systemui.statusbar.phone.FingerprintUnlockController.startWakeAndUnlock,packages/SystemUI/src/com/android/systemui/statusbar/phone/FingerprintUnlockController.java,0,-1,1,{'body_modify': '-'},[]
556298,Method,com.android.systemui.statusbar.phone.HeadsUpAppearanceController.HeadsUpAppearanceController,packages/SystemUI/src/com/android/systemui/statusbar/phone/HeadsUpAppearanceController.java,0,-1,1,{'body_modify': '-'},[]
556302,Method,com.android.systemui.statusbar.phone.HeadsUpAppearanceController.HeadsUpAppearanceController,packages/SystemUI/src/com/android/systemui/statusbar/phone/HeadsUpAppearanceController.java,0,-1,1,"{'body_modify': '-', 'param_add': 'notificationIconAreaController headsUpManager headsUpStatusBarView stackScroller panelView clockView-notificationIconAreaController headsUpManager headsUpStatusBarView stackScroller panelView operatorNameView clockController'}",[]
556326,Method,com.android.systemui.statusbar.phone.HeadsUpAppearanceController.getRtlTranslation,packages/SystemUI/src/com/android/systemui/statusbar/phone/HeadsUpAppearanceController.java,0,-1,1,{'body_modify': '-'},[]
556342,Method,com.android.systemui.statusbar.phone.HeadsUpAppearanceController.setShown,packages/SystemUI/src/com/android/systemui/statusbar/phone/HeadsUpAppearanceController.java,0,-1,1,{'body_modify': '-'},[]
556421,Method,com.android.systemui.statusbar.phone.HeadsUpManagerPhone.initResources,packages/SystemUI/src/com/android/systemui/statusbar/phone/HeadsUpManagerPhone.java,0,-1,1,{'body_modify': '-'},[]
556455,Method,com.android.systemui.statusbar.phone.HeadsUpManagerPhone.onComputeInternalInsets,packages/SystemUI/src/com/android/systemui/statusbar/phone/HeadsUpManagerPhone.java,0,-1,1,{'body_modify': '-'},[]
556501,Method,com.android.systemui.statusbar.phone.HeadsUpManagerPhone.updateTouchableRegionListener,packages/SystemUI/src/com/android/systemui/statusbar/phone/HeadsUpManagerPhone.java,0,-1,1,{'body_modify': '-'},[]
556853,Method,com.android.systemui.statusbar.phone.KeyguardBottomAreaView.onFinishInflate,packages/SystemUI/src/com/android/systemui/statusbar/phone/KeyguardBottomAreaView.java,0,-1,1,{'body_modify': '-'},[]
556859,Method,com.android.systemui.statusbar.phone.KeyguardBottomAreaView.onConfigurationChanged,packages/SystemUI/src/com/android/systemui/statusbar/phone/KeyguardBottomAreaView.java,0,-1,1,{'body_modify': '-'},[]
556863,Method,com.android.systemui.statusbar.phone.KeyguardBottomAreaView.updateRightAffordanceIcon,packages/SystemUI/src/com/android/systemui/statusbar/phone/KeyguardBottomAreaView.java,0,-1,1,{'body_modify': '-'},[]
556865,Method,com.android.systemui.statusbar.phone.KeyguardBottomAreaView.setStatusBar,packages/SystemUI/src/com/android/systemui/statusbar/phone/KeyguardBottomAreaView.java,0,-1,1,{'body_modify': '-'},[]
556869,Method,com.android.systemui.statusbar.phone.KeyguardBottomAreaView.setUserSetupComplete,packages/SystemUI/src/com/android/systemui/statusbar/phone/KeyguardBottomAreaView.java,0,-1,1,{'body_modify': '-'},[]
556872,Method,com.android.systemui.statusbar.phone.KeyguardBottomAreaView.getCameraIntent,packages/SystemUI/src/com/android/systemui/statusbar/phone/KeyguardBottomAreaView.java,0,-1,1,{'body_modify': '-'},[]
556877,Method,com.android.systemui.statusbar.phone.KeyguardBottomAreaView.resolveRightIntent,packages/SystemUI/src/com/android/systemui/statusbar/phone/KeyguardBottomAreaView.java,0,-1,1,"{'variable_access_modify': 'private-public', 'rename': '-', 'body_modify': '-', 'return_type_modify': 'void-android.content.pm.ResolveInfo'}",[]
556881,Method,com.android.systemui.statusbar.phone.KeyguardBottomAreaView.updateLeftAffordanceIcon,packages/SystemUI/src/com/android/systemui/statusbar/phone/KeyguardBottomAreaView.java,0,-1,1,{'body_modify': '-'},[]
556895,Method,com.android.systemui.statusbar.phone.KeyguardBottomAreaView.bindCameraPrewarmService,packages/SystemUI/src/com/android/systemui/statusbar/phone/KeyguardBottomAreaView.java,0,-1,1,{'body_modify': '-'},[]
556904,Method,com.android.systemui.statusbar.phone.KeyguardBottomAreaView.launchCamera,packages/SystemUI/src/com/android/systemui/statusbar/phone/KeyguardBottomAreaView.java,0,-1,1,{'body_modify': '-'},[]
556919,Method,com.android.systemui.statusbar.phone.KeyguardBottomAreaView.setDarkAmount,packages/SystemUI/src/com/android/systemui/statusbar/phone/KeyguardBottomAreaView.java,0,-1,1,{'body_modify': '-'},[]
556935,Method,com.android.systemui.statusbar.phone.KeyguardBottomAreaView.onVisibilityChanged,packages/SystemUI/src/com/android/systemui/statusbar/phone/KeyguardBottomAreaView.java,0,-1,1,{'body_modify': '-'},[]
556945,Method,com.android.systemui.statusbar.phone.KeyguardBottomAreaView.onUnlockMethodStateChanged,packages/SystemUI/src/com/android/systemui/statusbar/phone/KeyguardBottomAreaView.java,0,-1,1,{'body_modify': '-'},[]
556946,Method,com.android.systemui.statusbar.phone.KeyguardBottomAreaView.inflateCameraPreview,packages/SystemUI/src/com/android/systemui/statusbar/phone/KeyguardBottomAreaView.java,0,-1,1,{'body_modify': '-'},[]
556958,Method,com.android.systemui.statusbar.phone.KeyguardBottomAreaView.Anonymous_Class.onReceive,packages/SystemUI/src/com/android/systemui/statusbar/phone/KeyguardBottomAreaView.java,0,-1,1,{'body_modify': '-'},[]
556962,Method,com.android.systemui.statusbar.phone.KeyguardBottomAreaView.Anonymous_Class.onReceive.Anonymous_Class.run,packages/SystemUI/src/com/android/systemui/statusbar/phone/KeyguardBottomAreaView.java,0,-1,1,{'body_modify': '-'},[]
556965,Method,com.android.systemui.statusbar.phone.KeyguardBottomAreaView.Anonymous_Class.onUserSwitchComplete,packages/SystemUI/src/com/android/systemui/statusbar/phone/KeyguardBottomAreaView.java,0,-1,1,{'body_modify': '-'},[]
556978,Method,com.android.systemui.statusbar.phone.KeyguardBottomAreaView.Anonymous_Class.onUserUnlocked,packages/SystemUI/src/com/android/systemui/statusbar/phone/KeyguardBottomAreaView.java,0,-1,1,{'body_modify': '-'},[]
556988,Method,com.android.systemui.statusbar.phone.KeyguardBottomAreaView.setRightButton,packages/SystemUI/src/com/android/systemui/statusbar/phone/KeyguardBottomAreaView.java,0,-1,1,{'body_modify': '-'},[]
556990,Method,com.android.systemui.statusbar.phone.KeyguardBottomAreaView.setLeftButton,packages/SystemUI/src/com/android/systemui/statusbar/phone/KeyguardBottomAreaView.java,0,-1,1,{'body_modify': '-'},[]
556992,Method,com.android.systemui.statusbar.phone.KeyguardBottomAreaView.setDozing,packages/SystemUI/src/com/android/systemui/statusbar/phone/KeyguardBottomAreaView.java,0,-1,1,{'body_modify': '-'},[]
556995,Method,com.android.systemui.statusbar.phone.KeyguardBottomAreaView.dozeTimeTick,packages/SystemUI/src/com/android/systemui/statusbar/phone/KeyguardBottomAreaView.java,0,-1,1,{'body_modify': '-'},[]
557006,Method,com.android.systemui.statusbar.phone.KeyguardBottomAreaView.DefaultLeftButton.getIcon,packages/SystemUI/src/com/android/systemui/statusbar/phone/KeyguardBottomAreaView.java,0,-1,1,{'body_modify': '-'},[]
557015,Method,com.android.systemui.statusbar.phone.KeyguardBottomAreaView.DefaultRightButton.getIcon,packages/SystemUI/src/com/android/systemui/statusbar/phone/KeyguardBottomAreaView.java,0,-1,1,{'body_modify': '-'},[]
557019,Method,com.android.systemui.statusbar.phone.KeyguardBottomAreaView.DefaultRightButton.getIntent,packages/SystemUI/src/com/android/systemui/statusbar/phone/KeyguardBottomAreaView.java,0,-1,1,{'body_modify': '-'},[]
557055,Method,com.android.systemui.statusbar.phone.KeyguardBouncer.KeyguardBouncer,packages/SystemUI/src/com/android/systemui/statusbar/phone/KeyguardBouncer.java,0,-1,1,{'body_modify': '-'},[]
557077,Method,com.android.systemui.statusbar.phone.KeyguardBouncer.Anonymous_Class.run,packages/SystemUI/src/com/android/systemui/statusbar/phone/KeyguardBouncer.java,0,-1,1,{'body_modify': '-'},[]
557118,Method,com.android.systemui.statusbar.phone.KeyguardBouncer.needsFullscreenBouncer,packages/SystemUI/src/com/android/systemui/statusbar/phone/KeyguardBouncer.java,0,-1,1,{'body_modify': '-'},[]
557119,Method,com.android.systemui.statusbar.phone.KeyguardBouncer.isFullscreenBouncer,packages/SystemUI/src/com/android/systemui/statusbar/phone/KeyguardBouncer.java,0,-1,1,{'body_modify': '-'},[]
557505,Method,com.android.systemui.statusbar.phone.LockIcon.LockIcon,packages/SystemUI/src/com/android/systemui/statusbar/phone/LockIcon.java,0,-1,1,{'body_modify': '-'},[]
557562,Method,com.android.systemui.statusbar.phone.LockIcon.getState,packages/SystemUI/src/com/android/systemui/statusbar/phone/LockIcon.java,0,-1,1,{'body_modify': '-'},[]
557833,Method,com.android.systemui.statusbar.phone.NavigationBarFragment.onViewCreated,packages/SystemUI/src/com/android/systemui/statusbar/phone/NavigationBarFragment.java,0,-1,1,{'body_modify': '-'},[]
557930,Method,com.android.systemui.statusbar.phone.NavigationBarFragment.prepareNavigationBarView,packages/SystemUI/src/com/android/systemui/statusbar/phone/NavigationBarFragment.java,0,-1,1,{'body_modify': '-'},[]
557945,Method,com.android.systemui.statusbar.phone.NavigationBarFragment.onHomeLongClick,packages/SystemUI/src/com/android/systemui/statusbar/phone/NavigationBarFragment.java,0,-1,1,{'body_modify': '-'},[]
557958,Method,com.android.systemui.statusbar.phone.NavigationBarFragment.onLongPressNavigationButtons,packages/SystemUI/src/com/android/systemui/statusbar/phone/NavigationBarFragment.java,0,-1,1,{'body_modify': '-'},[]
558140,Method,com.android.systemui.statusbar.phone.NavigationBarGestureHelper.onTuningChanged,packages/SystemUI/src/com/android/systemui/statusbar/phone/NavigationBarGestureHelper.java,0,-1,1,{'body_modify': '-'},[]
558194,Method,com.android.systemui.statusbar.phone.NavigationBarInflaterView.onAttachedToWindow,packages/SystemUI/src/com/android/systemui/statusbar/phone/NavigationBarInflaterView.java,0,-1,1,{'body_modify': '-'},[]
558196,Method,com.android.systemui.statusbar.phone.NavigationBarInflaterView.onTuningChanged,packages/SystemUI/src/com/android/systemui/statusbar/phone/NavigationBarInflaterView.java,0,-1,1,{'body_modify': '-'},[]
558297,Method,com.android.systemui.statusbar.phone.NavigationBarInflaterView.clearAllChildren,packages/SystemUI/src/com/android/systemui/statusbar/phone/NavigationBarInflaterView.java,0,-1,1,{'body_modify': '-'},[]
558470,Method,com.android.systemui.statusbar.phone.NavigationBarView.onInterceptTouchEvent,packages/SystemUI/src/com/android/systemui/statusbar/phone/NavigationBarView.java,0,-1,1,{'body_modify': '-'},[]
558475,Method,com.android.systemui.statusbar.phone.NavigationBarView.onTouchEvent,packages/SystemUI/src/com/android/systemui/statusbar/phone/NavigationBarView.java,0,-1,1,{'body_modify': '-'},[]
558561,Method,com.android.systemui.statusbar.phone.NavigationBarView.updateNavButtonIcons,packages/SystemUI/src/com/android/systemui/statusbar/phone/NavigationBarView.java,0,-1,1,{'body_modify': '-'},[]
558593,Method,com.android.systemui.statusbar.phone.NavigationBarView.updateSlippery,packages/SystemUI/src/com/android/systemui/statusbar/phone/NavigationBarView.java,0,-1,1,"{'method_access_modify': 'private-public', 'body_modify': '-'}",[]
558686,Method,com.android.systemui.statusbar.phone.NavigationBarView.onAttachedToWindow,packages/SystemUI/src/com/android/systemui/statusbar/phone/NavigationBarView.java,0,-1,1,{'body_modify': '-'},[]
559030,Method,com.android.systemui.statusbar.phone.NotificationIconAreaController.updateNotificationIcons,packages/SystemUI/src/com/android/systemui/statusbar/phone/NotificationIconAreaController.java,0,-1,1,{'body_modify': '-'},[]
559255,Method,com.android.systemui.statusbar.phone.NotificationIconContainer.getFinalTranslationX,packages/SystemUI/src/com/android/systemui/statusbar/phone/NotificationIconContainer.java,0,-1,1,{'body_modify': '-'},[]
559376,Method,com.android.systemui.statusbar.phone.NotificationPanelView.Anonymous_Class.setValue,packages/SystemUI/src/com/android/systemui/statusbar/phone/NotificationPanelView.java,0,-1,1,{'body_modify': '-'},[]
559379,Method,com.android.systemui.statusbar.phone.NotificationPanelView.Anonymous_Class.get,packages/SystemUI/src/com/android/systemui/statusbar/phone/NotificationPanelView.java,0,-1,1,{'body_modify': '-'},[]
559500,Method,com.android.systemui.statusbar.phone.NotificationPanelView.NotificationPanelView,packages/SystemUI/src/com/android/systemui/statusbar/phone/NotificationPanelView.java,0,-1,1,{'body_modify': '-'},[]
559509,Method,com.android.systemui.statusbar.phone.NotificationPanelView.onAttachedToWindow,packages/SystemUI/src/com/android/systemui/statusbar/phone/NotificationPanelView.java,0,-1,1,{'body_modify': '-'},[]
559511,Method,com.android.systemui.statusbar.phone.NotificationPanelView.onDetachedFromWindow,packages/SystemUI/src/com/android/systemui/statusbar/phone/NotificationPanelView.java,0,-1,1,{'body_modify': '-'},[]
559523,Method,com.android.systemui.statusbar.phone.NotificationPanelView.onThemeChanged,packages/SystemUI/src/com/android/systemui/statusbar/phone/NotificationPanelView.java,0,-1,1,{'body_modify': '-'},[]
559547,Method,com.android.systemui.statusbar.phone.NotificationPanelView.positionClockAndNotifications,packages/SystemUI/src/com/android/systemui/statusbar/phone/NotificationPanelView.java,0,-1,1,{'body_modify': '-'},[]
559623,Method,com.android.systemui.statusbar.phone.NotificationPanelView.onTouchEvent,packages/SystemUI/src/com/android/systemui/statusbar/phone/NotificationPanelView.java,0,-1,1,{'body_modify': '-'},[]
559632,Method,com.android.systemui.statusbar.phone.NotificationPanelView.isOpenQsEvent,packages/SystemUI/src/com/android/systemui/statusbar/phone/NotificationPanelView.java,0,-1,1,{'body_modify': '-'},[]
559728,Method,com.android.systemui.statusbar.phone.NotificationPanelView.setQsExpansion,packages/SystemUI/src/com/android/systemui/statusbar/phone/NotificationPanelView.java,0,-1,1,{'body_modify': '-'},[]
559804,Method,com.android.systemui.statusbar.phone.NotificationPanelView.updateHeaderKeyguardAlpha,packages/SystemUI/src/com/android/systemui/statusbar/phone/NotificationPanelView.java,0,-1,1,{'body_modify': '-'},[]
559829,Method,com.android.systemui.statusbar.phone.NotificationPanelView.onTrackingStopped,packages/SystemUI/src/com/android/systemui/statusbar/phone/NotificationPanelView.java,0,-1,1,{'body_modify': '-'},[]
559832,Method,com.android.systemui.statusbar.phone.NotificationPanelView.onHeightChanged,packages/SystemUI/src/com/android/systemui/statusbar/phone/NotificationPanelView.java,0,-1,1,{'body_modify': '-'},[]
559872,Method,com.android.systemui.statusbar.phone.NotificationPanelView.onIconClicked,packages/SystemUI/src/com/android/systemui/statusbar/phone/NotificationPanelView.java,0,-1,1,{'body_modify': '-'},[]
559959,Method,com.android.systemui.statusbar.phone.NotificationPanelView.setVerticalPanelTranslation,packages/SystemUI/src/com/android/systemui/statusbar/phone/NotificationPanelView.java,0,-1,1,{'body_modify': '-'},[]
559966,Method,com.android.systemui.statusbar.phone.NotificationPanelView.updateStatusBarIcons,packages/SystemUI/src/com/android/systemui/statusbar/phone/NotificationPanelView.java,0,-1,1,{'body_modify': '-'},[]
559976,Method,com.android.systemui.statusbar.phone.NotificationPanelView.launchCamera,packages/SystemUI/src/com/android/systemui/statusbar/phone/NotificationPanelView.java,0,-1,1,{'body_modify': '-'},[]
559990,Method,com.android.systemui.statusbar.phone.NotificationPanelView.canCameraGestureBeLaunched,packages/SystemUI/src/com/android/systemui/statusbar/phone/NotificationPanelView.java,0,-1,1,"{'body_modify': '-', 'param_add': 'keyguardIsShowing-source keyguardIsShowing'}",[]
560015,Method,com.android.systemui.statusbar.phone.NotificationPanelView.setDozing,packages/SystemUI/src/com/android/systemui/statusbar/phone/NotificationPanelView.java,0,-1,1,{'body_modify': '-'},[]
560019,Method,com.android.systemui.statusbar.phone.NotificationPanelView.setDarkAmount,packages/SystemUI/src/com/android/systemui/statusbar/phone/NotificationPanelView.java,0,-1,1,"{'body_modify': '-', 'param_add': 'amount-linearAmount amount'}",[]
560022,Method,com.android.systemui.statusbar.phone.NotificationPanelView.setPulsing,packages/SystemUI/src/com/android/systemui/statusbar/phone/NotificationPanelView.java,0,-1,1,{'body_modify': '-'},[]
560028,Method,com.android.systemui.statusbar.phone.NotificationPanelView.dozeTimeTick,packages/SystemUI/src/com/android/systemui/statusbar/phone/NotificationPanelView.java,0,-1,1,{'body_modify': '-'},[]
560186,Method,com.android.systemui.statusbar.phone.PanelBar.onSaveInstanceState,packages/SystemUI/src/com/android/systemui/statusbar/phone/PanelBar.java,0,-1,1,"{'variable_access_modify': 'public-protected', 'rename': '-', 'body_modify': '-', 'return_type_modify': 'int-android.os.Parcelable'}",[]
560210,Method,com.android.systemui.statusbar.phone.PanelBar.panelExpansionChanged,packages/SystemUI/src/com/android/systemui/statusbar/phone/PanelBar.java,0,-1,1,{'body_modify': '-'},[]
560588,Method,com.android.systemui.statusbar.phone.PhoneStatusBarPolicy.PhoneStatusBarPolicy,packages/SystemUI/src/com/android/systemui/statusbar/phone/PhoneStatusBarPolicy.java,0,-1,1,{'body_modify': '-'},[]
560595,Method,com.android.systemui.statusbar.phone.PhoneStatusBarPolicy.destroy,packages/SystemUI/src/com/android/systemui/statusbar/phone/PhoneStatusBarPolicy.java,0,-1,1,{'body_modify': '-'},[]
560632,Method,com.android.systemui.statusbar.phone.PhoneStatusBarPolicy.updateBluetooth,packages/SystemUI/src/com/android/systemui/statusbar/phone/PhoneStatusBarPolicy.java,0,-1,1,{'body_modify': '-'},[]
560749,Method,com.android.systemui.statusbar.phone.PhoneStatusBarPolicy.Anonymous_Class.onReceive,packages/SystemUI/src/com/android/systemui/statusbar/phone/PhoneStatusBarPolicy.java,0,-1,1,{'body_modify': '-'},[]
560772,Method,com.android.systemui.statusbar.phone.PhoneStatusBarTransitions.init,packages/SystemUI/src/com/android/systemui/statusbar/phone/PhoneStatusBarTransitions.java,0,-1,1,{'body_modify': '-'},[]
560786,Method,com.android.systemui.statusbar.phone.PhoneStatusBarTransitions.applyMode,packages/SystemUI/src/com/android/systemui/statusbar/phone/PhoneStatusBarTransitions.java,0,-1,1,{'body_modify': '-'},[]
560850,Method,com.android.systemui.statusbar.phone.PhoneStatusBarView.panelExpansionChanged,packages/SystemUI/src/com/android/systemui/statusbar/phone/PhoneStatusBarView.java,0,-1,1,{'body_modify': '-'},[]
560863,Method,com.android.systemui.statusbar.phone.PhoneStatusBarView.updateSafeInsets,packages/SystemUI/src/com/android/systemui/statusbar/phone/PhoneStatusBarView.java,0,-1,1,{'body_modify': '-'},[]
560947,Method,com.android.systemui.statusbar.phone.QuickStepController.QuickStepController,packages/SystemUI/src/com/android/systemui/statusbar/phone/QuickStepController.java,0,-1,1,{'body_modify': '-'},[]
560957,Method,com.android.systemui.statusbar.phone.QuickStepController.handleTouchEvent,packages/SystemUI/src/com/android/systemui/statusbar/phone/QuickStepController.java,0,-1,1,{'body_modify': '-'},[]
560976,Method,com.android.systemui.statusbar.phone.QuickStepController.onDraw,packages/SystemUI/src/com/android/systemui/statusbar/phone/QuickStepController.java,0,-1,1,{'body_modify': '-'},[]
560980,Method,com.android.systemui.statusbar.phone.QuickStepController.onLayout,packages/SystemUI/src/com/android/systemui/statusbar/phone/QuickStepController.java,0,-1,1,{'body_modify': '-'},[]
560996,Method,com.android.systemui.statusbar.phone.QuickStepController.onDarkIntensityChange,packages/SystemUI/src/com/android/systemui/statusbar/phone/QuickStepController.java,0,-1,1,{'body_modify': '-'},[]
561010,Method,com.android.systemui.statusbar.phone.QuickStepController.startQuickScrub,packages/SystemUI/src/com/android/systemui/statusbar/phone/QuickStepController.java,0,-1,1,{'body_modify': '-'},[]
561020,Method,com.android.systemui.statusbar.phone.QuickStepController.resetQuickScrub,packages/SystemUI/src/com/android/systemui/statusbar/phone/QuickStepController.java,0,-1,1,{'body_modify': '-'},[]
561085,Method,com.android.systemui.statusbar.phone.ScreenPinningNotify.ScreenPinningNotify,packages/SystemUI/src/com/android/systemui/statusbar/phone/ScreenPinningNotify.java,0,-1,1,{'body_modify': '-'},[]
561089,Method,com.android.systemui.statusbar.phone.ScreenPinningNotify.showEscapeToast,packages/SystemUI/src/com/android/systemui/statusbar/phone/ScreenPinningNotify.java,0,-1,1,{'body_modify': '-'},[]
561159,Method,com.android.systemui.statusbar.phone.ScrimController.ScrimController,packages/SystemUI/src/com/android/systemui/statusbar/phone/ScrimController.java,0,-1,1,{'body_modify': '-'},[]
561207,Method,com.android.systemui.statusbar.phone.ScrimController.updateScrims,packages/SystemUI/src/com/android/systemui/statusbar/phone/ScrimController.java,0,-1,1,{'body_modify': '-'},[]
561283,Method,com.android.systemui.statusbar.phone.ScrimController.onColorsChanged,packages/SystemUI/src/com/android/systemui/statusbar/phone/ScrimController.java,0,-1,1,{'body_modify': '-'},[]
561342,Method,com.android.systemui.statusbar.phone.ScrimState.Anonymous_Class.prepare,packages/SystemUI/src/com/android/systemui/statusbar/phone/ScrimState.java,0,-1,1,{'body_modify': '-'},[]
561350,Method,com.android.systemui.statusbar.phone.ScrimState.Anonymous_Class.prepare,packages/SystemUI/src/com/android/systemui/statusbar/phone/ScrimState.java,0,-1,1,{'body_modify': '-'},[]
561356,Method,com.android.systemui.statusbar.phone.ScrimState.Anonymous_Class.prepare,packages/SystemUI/src/com/android/systemui/statusbar/phone/ScrimState.java,0,-1,1,{'body_modify': '-'},[]
561377,Method,com.android.systemui.statusbar.phone.ScrimState.init,packages/SystemUI/src/com/android/systemui/statusbar/phone/ScrimState.java,0,-1,1,{'body_modify': '-'},[]
561730,Method,com.android.systemui.statusbar.phone.StatusBar.start,packages/SystemUI/src/com/android/systemui/statusbar/phone/StatusBar.java,0,-1,1,{'body_modify': '-'},[]
561749,Method,com.android.systemui.statusbar.phone.StatusBar.makeStatusBarView,packages/SystemUI/src/com/android/systemui/statusbar/phone/StatusBar.java,0,-1,1,{'body_modify': '-'},[]
561760,Method,com.android.systemui.statusbar.phone.StatusBar.makeStatusBarView.Anonymous_Class.onPowerSaveChanged,packages/SystemUI/src/com/android/systemui/statusbar/phone/StatusBar.java,0,-1,1,{'body_modify': '-'},[]
561881,Method,com.android.systemui.statusbar.phone.StatusBar.updateMediaMetaData,packages/SystemUI/src/com/android/systemui/statusbar/phone/StatusBar.java,0,-1,1,{'body_modify': '-'},[]
561962,Method,com.android.systemui.statusbar.phone.StatusBar.isUsingDarkTheme,packages/SystemUI/src/com/android/systemui/statusbar/phone/StatusBar.java,0,-1,1,{'body_modify': '-'},[]
562050,Method,com.android.systemui.statusbar.phone.StatusBar.interceptTouchEvent,packages/SystemUI/src/com/android/systemui/statusbar/phone/StatusBar.java,0,-1,1,{'body_modify': '-'},[]
562183,Method,com.android.systemui.statusbar.phone.StatusBar.Anonymous_Class.onReceive,packages/SystemUI/src/com/android/systemui/statusbar/phone/StatusBar.java,0,-1,1,{'body_modify': '-'},[]
562213,Method,com.android.systemui.statusbar.phone.StatusBar.onConfigChanged,packages/SystemUI/src/com/android/systemui/statusbar/phone/StatusBar.java,0,-1,1,{'body_modify': '-'},[]
562226,Method,com.android.systemui.statusbar.phone.StatusBar.loadDimens,packages/SystemUI/src/com/android/systemui/statusbar/phone/StatusBar.java,0,-1,1,{'body_modify': '-'},[]
562341,Method,com.android.systemui.statusbar.phone.StatusBar.updateTheme,packages/SystemUI/src/com/android/systemui/statusbar/phone/StatusBar.java,0,-1,1,{'body_modify': '-'},[]
562354,Method,com.android.systemui.statusbar.phone.StatusBar.updateDozingState,packages/SystemUI/src/com/android/systemui/statusbar/phone/StatusBar.java,0,-1,1,{'body_modify': '-'},[]
562382,Method,com.android.systemui.statusbar.phone.StatusBar.setBarState,packages/SystemUI/src/com/android/systemui/statusbar/phone/StatusBar.java,0,-1,1,{'body_modify': '-'},[]
562392,Method,com.android.systemui.statusbar.phone.StatusBar.onCameraHintStarted,packages/SystemUI/src/com/android/systemui/statusbar/phone/StatusBar.java,0,-1,1,"{'body_modify': '-', 'param_add': '-hint'}",[]
562394,Method,com.android.systemui.statusbar.phone.StatusBar.onVoiceAssistHintStarted,packages/SystemUI/src/com/android/systemui/statusbar/phone/StatusBar.java,0,-1,1,"{'body_modify': '-', 'param_add': '-hint'}",[]
562396,Method,com.android.systemui.statusbar.phone.StatusBar.onPhoneHintStarted,packages/SystemUI/src/com/android/systemui/statusbar/phone/StatusBar.java,0,-1,1,"{'body_modify': '-', 'param_add': '-hint'}",[]
562481,Method,com.android.systemui.statusbar.phone.StatusBar.Anonymous_Class.onScreenTurnedOn,packages/SystemUI/src/com/android/systemui/statusbar/phone/StatusBar.java,0,-1,1,{'body_modify': '-'},[]
562482,Method,com.android.systemui.statusbar.phone.StatusBar.Anonymous_Class.onScreenTurnedOff,packages/SystemUI/src/com/android/systemui/statusbar/phone/StatusBar.java,0,-1,1,{'body_modify': '-'},[]
562500,Method,com.android.systemui.statusbar.phone.StatusBar.onCameraLaunchGestureDetected,packages/SystemUI/src/com/android/systemui/statusbar/phone/StatusBar.java,0,-1,1,{'body_modify': '-'},[]
562507,Method,com.android.systemui.statusbar.phone.StatusBar.updateDozing,packages/SystemUI/src/com/android/systemui/statusbar/phone/StatusBar.java,0,-1,1,{'body_modify': '-'},[]
562509,Method,com.android.systemui.statusbar.phone.StatusBar.updateScrimController,packages/SystemUI/src/com/android/systemui/statusbar/phone/StatusBar.java,0,-1,1,{'body_modify': '-'},[]
562531,Method,com.android.systemui.statusbar.phone.StatusBar.DozeServiceHost.pulseWhileDozing,packages/SystemUI/src/com/android/systemui/statusbar/phone/StatusBar.java,0,-1,1,{'body_modify': '-'},[]
562537,Method,com.android.systemui.statusbar.phone.StatusBar.DozeServiceHost.pulseWhileDozing.Anonymous_Class.setPulsing,packages/SystemUI/src/com/android/systemui/statusbar/phone/StatusBar.java,0,-1,1,{'body_modify': '-'},[]
562927,Method,com.android.systemui.statusbar.phone.StatusBarIconControllerImpl.onTuningChanged,packages/SystemUI/src/com/android/systemui/statusbar/phone/StatusBarIconControllerImpl.java,0,-1,1,{'body_modify': '-'},[]
562957,Method,com.android.systemui.statusbar.phone.StatusBarIconControllerImpl.setMobileIcons,packages/SystemUI/src/com/android/systemui/statusbar/phone/StatusBarIconControllerImpl.java,0,-1,1,{'body_modify': '-'},[]
563190,Method,com.android.systemui.statusbar.phone.StatusBarKeyguardViewManager.onPanelExpansionChanged,packages/SystemUI/src/com/android/systemui/statusbar/phone/StatusBarKeyguardViewManager.java,0,-1,1,{'body_modify': '-'},[]
563195,Method,com.android.systemui.statusbar.phone.StatusBarKeyguardViewManager.showBouncerOrKeyguard,packages/SystemUI/src/com/android/systemui/statusbar/phone/StatusBarKeyguardViewManager.java,0,-1,1,"{'body_modify': '-', 'param_add': 'hideBouncerWhenShowing-hideBouncerWhenShowing isBackPressed'}",[]
563219,Method,com.android.systemui.statusbar.phone.StatusBarKeyguardViewManager.reset,packages/SystemUI/src/com/android/systemui/statusbar/phone/StatusBarKeyguardViewManager.java,0,-1,1,{'body_modify': '-'},[]
563236,Method,com.android.systemui.statusbar.phone.StatusBarKeyguardViewManager.setOccluded,packages/SystemUI/src/com/android/systemui/statusbar/phone/StatusBarKeyguardViewManager.java,0,-1,1,{'body_modify': '-'},[]
563265,Method,com.android.systemui.statusbar.phone.StatusBarKeyguardViewManager.onBackPressed,packages/SystemUI/src/com/android/systemui/statusbar/phone/StatusBarKeyguardViewManager.java,0,-1,1,{'body_modify': '-'},[]
563351,Method,com.android.systemui.statusbar.phone.StatusBarSignalPolicy.StatusBarSignalPolicy,packages/SystemUI/src/com/android/systemui/statusbar/phone/StatusBarSignalPolicy.java,0,-1,1,{'body_modify': '-'},[]
563359,Method,com.android.systemui.statusbar.phone.StatusBarSignalPolicy.destroy,packages/SystemUI/src/com/android/systemui/statusbar/phone/StatusBarSignalPolicy.java,0,-1,1,{'body_modify': '-'},[]
563366,Method,com.android.systemui.statusbar.phone.StatusBarSignalPolicy.onTuningChanged,packages/SystemUI/src/com/android/systemui/statusbar/phone/StatusBarSignalPolicy.java,0,-1,1,{'body_modify': '-'},[]
563412,Method,com.android.systemui.statusbar.phone.StatusBarSignalPolicy.setSubs,packages/SystemUI/src/com/android/systemui/statusbar/phone/StatusBarSignalPolicy.java,0,-1,1,{'body_modify': '-'},[]
563468,Method,com.android.systemui.statusbar.phone.StatusBarSignalPolicy.MobileIconState.MobileIconState,packages/SystemUI/src/com/android/systemui/statusbar/phone/StatusBarSignalPolicy.java,0,-1,1,"{'body_modify': '-', 'param_add': 'subId-subId context'}",[]
563472,Method,com.android.systemui.statusbar.phone.StatusBarSignalPolicy.MobileIconState.equals,packages/SystemUI/src/com/android/systemui/statusbar/phone/StatusBarSignalPolicy.java,0,-1,1,{'body_modify': '-'},[]
563476,Method,com.android.systemui.statusbar.phone.StatusBarSignalPolicy.MobileIconState.copy,packages/SystemUI/src/com/android/systemui/statusbar/phone/StatusBarSignalPolicy.java,0,-1,1,{'body_modify': '-'},[]
563478,Method,com.android.systemui.statusbar.phone.StatusBarSignalPolicy.MobileIconState.copyTo,packages/SystemUI/src/com/android/systemui/statusbar/phone/StatusBarSignalPolicy.java,0,-1,1,{'body_modify': '-'},[]
563480,Method,com.android.systemui.statusbar.phone.StatusBarSignalPolicy.MobileIconState.copyStates,packages/SystemUI/src/com/android/systemui/statusbar/phone/StatusBarSignalPolicy.java,0,-1,1,{'body_modify': '-'},[]
563505,Method,com.android.systemui.statusbar.phone.StatusBarWindowManager.shouldEnableKeyguardScreenRotation,packages/SystemUI/src/com/android/systemui/statusbar/phone/StatusBarWindowManager.java,0,-1,1,{'body_modify': '-'},[]
563509,Method,com.android.systemui.statusbar.phone.StatusBarWindowManager.add,packages/SystemUI/src/com/android/systemui/statusbar/phone/StatusBarWindowManager.java,0,-1,1,{'body_modify': '-'},[]
563541,Method,com.android.systemui.statusbar.phone.StatusBarWindowManager.apply,packages/SystemUI/src/com/android/systemui/statusbar/phone/StatusBarWindowManager.java,0,-1,1,{'body_modify': '-'},[]
563679,Method,com.android.systemui.statusbar.phone.StatusBarWindowView.StatusBarWindowView,packages/SystemUI/src/com/android/systemui/statusbar/phone/StatusBarWindowView.java,0,-1,1,{'body_modify': '-'},[]
563682,Method,com.android.systemui.statusbar.phone.StatusBarWindowView.fitSystemWindows,packages/SystemUI/src/com/android/systemui/statusbar/phone/StatusBarWindowView.java,0,-1,1,{'body_modify': '-'},[]
563708,Method,com.android.systemui.statusbar.phone.StatusBarWindowView.onAttachedToWindow,packages/SystemUI/src/com/android/systemui/statusbar/phone/StatusBarWindowView.java,0,-1,1,{'body_modify': '-'},[]
563724,Method,com.android.systemui.statusbar.phone.StatusBarWindowView.dispatchTouchEvent,packages/SystemUI/src/com/android/systemui/statusbar/phone/StatusBarWindowView.java,0,-1,1,{'body_modify': '-'},[]
563730,Method,com.android.systemui.statusbar.phone.StatusBarWindowView.onInterceptTouchEvent,packages/SystemUI/src/com/android/systemui/statusbar/phone/StatusBarWindowView.java,0,-1,1,{'body_modify': '-'},[]
564852,Method,com.android.systemui.statusbar.policy.Clock.Clock,packages/SystemUI/src/com/android/systemui/statusbar/policy/Clock.java,0,-1,1,{'body_modify': '-'},[]
564866,Method,com.android.systemui.statusbar.policy.Clock.onAttachedToWindow,packages/SystemUI/src/com/android/systemui/statusbar/policy/Clock.java,0,-1,1,{'body_modify': '-'},[]
564884,Method,com.android.systemui.statusbar.policy.Clock.updateClock,packages/SystemUI/src/com/android/systemui/statusbar/policy/Clock.java,0,-1,1,{'body_modify': '-'},[]
564885,Method,com.android.systemui.statusbar.policy.Clock.onTuningChanged,packages/SystemUI/src/com/android/systemui/statusbar/policy/Clock.java,0,-1,1,{'body_modify': '-'},[]
565667,Method,com.android.systemui.statusbar.policy.HotspotControllerImpl.dump,packages/SystemUI/src/com/android/systemui/statusbar/policy/HotspotControllerImpl.java,0,-1,1,{'body_modify': '-'},[]
565675,Method,com.android.systemui.statusbar.policy.HotspotControllerImpl.removeCallback,packages/SystemUI/src/com/android/systemui/statusbar/policy/HotspotControllerImpl.java,0,-1,1,{'body_modify': '-'},[]
565677,Method,com.android.systemui.statusbar.policy.HotspotControllerImpl.updateWifiStateListeners,packages/SystemUI/src/com/android/systemui/statusbar/policy/HotspotControllerImpl.java,0,-1,1,{'body_modify': '-'},[]
565680,Method,com.android.systemui.statusbar.policy.HotspotControllerImpl.isHotspotTransient,packages/SystemUI/src/com/android/systemui/statusbar/policy/HotspotControllerImpl.java,0,-1,1,{'body_modify': '-'},[]
565681,Method,com.android.systemui.statusbar.policy.HotspotControllerImpl.setHotspotEnabled,packages/SystemUI/src/com/android/systemui/statusbar/policy/HotspotControllerImpl.java,0,-1,1,{'body_modify': '-'},[]
565686,Method,com.android.systemui.statusbar.policy.HotspotControllerImpl.fireHotspotChangedCallback,packages/SystemUI/src/com/android/systemui/statusbar/policy/HotspotControllerImpl.java,0,-1,1,"{'param_modify': '-', 'body_modify': '-', 'param_remove': 'enabled numConnectedDevices-'}","[{'type': 'Remove Parameter', 'source_name': 'com.android.systemui.statusbar.policy.HotspotControllerImpl.fireHotspotChangedCallback', 'source_param': 'enabled numConnectedDevices'}]"
565688,Method,com.android.systemui.statusbar.policy.HotspotControllerImpl.onStateChanged,packages/SystemUI/src/com/android/systemui/statusbar/policy/HotspotControllerImpl.java,0,-1,1,{'body_modify': '-'},[]
565692,Method,com.android.systemui.statusbar.policy.HotspotControllerImpl.onNumClientsChanged,packages/SystemUI/src/com/android/systemui/statusbar/policy/HotspotControllerImpl.java,0,-1,1,{'body_modify': '-'},[]
565885,Method,com.android.systemui.statusbar.policy.KeyButtonView.Anonymous_Class.run,packages/SystemUI/src/com/android/systemui/statusbar/policy/KeyButtonView.java,0,-1,1,{'body_modify': '-'},[]
565916,Method,com.android.systemui.statusbar.policy.KeyButtonView.onTouchEvent,packages/SystemUI/src/com/android/systemui/statusbar/policy/KeyButtonView.java,0,-1,1,{'body_modify': '-'},[]
565931,Method,com.android.systemui.statusbar.policy.KeyButtonView.sendEvent,packages/SystemUI/src/com/android/systemui/statusbar/policy/KeyButtonView.java,0,-1,1,{'body_modify': '-'},[]
566295,Method,com.android.systemui.statusbar.policy.MobileSignalController.isDataDisabled,packages/SystemUI/src/com/android/systemui/statusbar/policy/MobileSignalController.java,0,-1,1,{'body_modify': '-'},[]
566298,Method,com.android.systemui.statusbar.policy.MobileSignalController.dump,packages/SystemUI/src/com/android/systemui/statusbar/policy/MobileSignalController.java,0,-1,1,{'body_modify': '-'},[]
567922,Method,com.android.systemui.statusbar.policy.WifiSignalController.WifiSignalController,packages/SystemUI/src/com/android/systemui/statusbar/policy/WifiSignalController.java,0,-1,1,{'body_modify': '-'},[]
568021,Method,com.android.systemui.statusbar.policy.ZenModeControllerImpl.addCallback,packages/SystemUI/src/com/android/systemui/statusbar/policy/ZenModeControllerImpl.java,0,-1,1,{'body_modify': '-'},[]
568685,Method,com.android.systemui.statusbar.stack.AnimationFilter.applyCombination,packages/SystemUI/src/com/android/systemui/statusbar/stack/AnimationFilter.java,0,-1,1,{'body_modify': '-'},[]
569095,Method,com.android.systemui.statusbar.stack.NotificationChildrenContainer.setChildrenExpanded,packages/SystemUI/src/com/android/systemui/statusbar/stack/NotificationChildrenContainer.java,0,-1,1,{'body_modify': '-'},[]
569186,Method,com.android.systemui.statusbar.stack.NotificationChildrenContainer.setUserLocked,packages/SystemUI/src/com/android/systemui/statusbar/stack/NotificationChildrenContainer.java,0,-1,1,{'body_modify': '-'},[]
569500,Method,com.android.systemui.statusbar.stack.NotificationStackScrollLayout.drawBackground,packages/SystemUI/src/com/android/systemui/statusbar/stack/NotificationStackScrollLayout.java,0,-1,1,{'body_modify': '-'},[]
569514,Method,com.android.systemui.statusbar.stack.NotificationStackScrollLayout.updateBackgroundDimming,packages/SystemUI/src/com/android/systemui/statusbar/stack/NotificationStackScrollLayout.java,0,-1,1,{'body_modify': '-'},[]
569562,Method,com.android.systemui.statusbar.stack.NotificationStackScrollLayout.updateAlgorithmHeightAndPadding,packages/SystemUI/src/com/android/systemui/statusbar/stack/NotificationStackScrollLayout.java,0,-1,1,{'body_modify': '-'},[]
569611,Method,com.android.systemui.statusbar.stack.NotificationStackScrollLayout.updateClipping,packages/SystemUI/src/com/android/systemui/statusbar/stack/NotificationStackScrollLayout.java,0,-1,1,{'body_modify': '-'},[]
569726,Method,com.android.systemui.statusbar.stack.NotificationStackScrollLayout.targetScrollForView,packages/SystemUI/src/com/android/systemui/statusbar/stack/NotificationStackScrollLayout.java,0,-1,1,{'body_modify': '-'},[]
569885,Method,com.android.systemui.statusbar.stack.NotificationStackScrollLayout.getScrollRange,packages/SystemUI/src/com/android/systemui/statusbar/stack/NotificationStackScrollLayout.java,0,-1,1,{'body_modify': '-'},[]
569920,Method,com.android.systemui.statusbar.stack.NotificationStackScrollLayout.updateContentHeight,packages/SystemUI/src/com/android/systemui/statusbar/stack/NotificationStackScrollLayout.java,0,-1,1,{'body_modify': '-'},[]
569976,Method,com.android.systemui.statusbar.stack.NotificationStackScrollLayout.applyCurrentBackgroundBounds,packages/SystemUI/src/com/android/systemui/statusbar/stack/NotificationStackScrollLayout.java,0,-1,1,{'body_modify': '-'},[]
570187,Method,com.android.systemui.statusbar.stack.NotificationStackScrollLayout.generateDarkEvent,packages/SystemUI/src/com/android/systemui/statusbar/stack/NotificationStackScrollLayout.java,0,-1,1,{'body_modify': '-'},[]
570312,Method,com.android.systemui.statusbar.stack.NotificationStackScrollLayout.setDark,packages/SystemUI/src/com/android/systemui/statusbar/stack/NotificationStackScrollLayout.java,0,-1,1,{'body_modify': '-'},[]
570316,Method,com.android.systemui.statusbar.stack.NotificationStackScrollLayout.updatePanelTranslation,packages/SystemUI/src/com/android/systemui/statusbar/stack/NotificationStackScrollLayout.java,0,-1,1,"{'rename': '-', 'body_modify': '-'}",[]
570321,Method,com.android.systemui.statusbar.stack.NotificationStackScrollLayout.setDarkAmount,packages/SystemUI/src/com/android/systemui/statusbar/stack/NotificationStackScrollLayout.java,0,-1,1,{'body_modify': '-'},[]
570481,Method,com.android.systemui.statusbar.stack.NotificationStackScrollLayout.setAntiBurnInOffsetX,packages/SystemUI/src/com/android/systemui/statusbar/stack/NotificationStackScrollLayout.java,0,-1,1,{'body_modify': '-'},[]
570794,Method,com.android.systemui.statusbar.stack.StackScrollAlgorithm.updateHeadsUpStates,packages/SystemUI/src/com/android/systemui/statusbar/stack/StackScrollAlgorithm.java,0,-1,1,{'body_modify': '-'},[]
571002,Method,com.android.systemui.statusbar.stack.StackStateAnimator.processAnimationEvents,packages/SystemUI/src/com/android/systemui/statusbar/stack/StackStateAnimator.java,0,-1,1,{'body_modify': '-'},[]
571620,Method,com.android.systemui.statusbar.StatusBarMobileView.initViewState,packages/SystemUI/src/com/android/systemui/statusbar/StatusBarMobileView.java,0,-1,1,{'body_modify': '-'},[]
571621,Method,com.android.systemui.statusbar.StatusBarMobileView.updateState,packages/SystemUI/src/com/android/systemui/statusbar/StatusBarMobileView.java,0,-1,1,{'body_modify': '-'},[]
571638,Method,com.android.systemui.statusbar.StatusBarMobileView.setVisibleState,packages/SystemUI/src/com/android/systemui/statusbar/StatusBarMobileView.java,0,-1,1,{'body_modify': '-'},[]
572401,Method,com.android.systemui.SystemUIService.onCreate,packages/SystemUI/src/com/android/systemui/SystemUIService.java,0,-1,1,{'body_modify': '-'},[]
572522,Method,com.android.systemui.tuner.ClockPreference.onTuningChanged,packages/SystemUI/src/com/android/systemui/tuner/ClockPreference.java,0,-1,1,{'body_modify': '-'},[]
572648,Method,com.android.systemui.tuner.LockscreenFragment.setupGroup,packages/SystemUI/src/com/android/systemui/tuner/LockscreenFragment.java,0,-1,1,{'body_modify': '-'},[]
572659,Method,com.android.systemui.tuner.LockscreenFragment.setSummary,packages/SystemUI/src/com/android/systemui/tuner/LockscreenFragment.java,0,-1,1,{'body_modify': '-'},[]
572746,Method,com.android.systemui.tuner.LockscreenFragment.LockButtonFactory.create,packages/SystemUI/src/com/android/systemui/tuner/LockscreenFragment.java,0,-1,1,{'body_modify': '-'},[]
572760,Method,com.android.systemui.tuner.LockscreenFragment.ShortcutButton.ShortcutButton,packages/SystemUI/src/com/android/systemui/tuner/LockscreenFragment.java,0,-1,1,{'body_modify': '-'},[]
572763,Method,com.android.systemui.tuner.LockscreenFragment.ShortcutButton.getIcon,packages/SystemUI/src/com/android/systemui/tuner/LockscreenFragment.java,0,-1,1,{'body_modify': '-'},[]
572766,Method,com.android.systemui.tuner.LockscreenFragment.ShortcutButton.getIntent,packages/SystemUI/src/com/android/systemui/tuner/LockscreenFragment.java,0,-1,1,{'body_modify': '-'},[]
572772,Method,com.android.systemui.tuner.LockscreenFragment.ActivityButton.ActivityButton,packages/SystemUI/src/com/android/systemui/tuner/LockscreenFragment.java,0,-1,1,{'body_modify': '-'},[]
572775,Method,com.android.systemui.tuner.LockscreenFragment.ActivityButton.getIcon,packages/SystemUI/src/com/android/systemui/tuner/LockscreenFragment.java,0,-1,1,{'body_modify': '-'},[]
573068,Method,com.android.systemui.tuner.ShortcutPicker.onCreatePreferences,packages/SystemUI/src/com/android/systemui/tuner/ShortcutPicker.java,0,-1,1,{'body_modify': '-'},[]
573163,Method,com.android.systemui.tuner.TunablePadding.onTuningChanged,packages/SystemUI/src/com/android/systemui/tuner/TunablePadding.java,0,-1,1,{'body_modify': '-'},[]
573188,Method,com.android.systemui.tuner.TunerActivity.onCreate,packages/SystemUI/src/com/android/systemui/tuner/TunerActivity.java,0,-1,1,{'body_modify': '-'},[]
573235,Method,com.android.systemui.tuner.TunerFragment.onCreatePreferences,packages/SystemUI/src/com/android/systemui/tuner/TunerFragment.java,0,-1,1,{'body_modify': '-'},[]
573349,Method,com.android.systemui.tuner.TunerServiceImpl.getValue,packages/SystemUI/src/com/android/systemui/tuner/TunerServiceImpl.java,0,-1,1,{'body_modify': '-'},[]
573351,Method,com.android.systemui.tuner.TunerServiceImpl.setValue,packages/SystemUI/src/com/android/systemui/tuner/TunerServiceImpl.java,0,-1,1,{'body_modify': '-'},[]
573354,Method,com.android.systemui.tuner.TunerServiceImpl.getValue,packages/SystemUI/src/com/android/systemui/tuner/TunerServiceImpl.java,0,-1,1,{'body_modify': '-'},[]
573357,Method,com.android.systemui.tuner.TunerServiceImpl.getValue,packages/SystemUI/src/com/android/systemui/tuner/TunerServiceImpl.java,0,-1,1,{'body_modify': '-'},[]
573361,Method,com.android.systemui.tuner.TunerServiceImpl.setValue,packages/SystemUI/src/com/android/systemui/tuner/TunerServiceImpl.java,0,-1,1,{'body_modify': '-'},[]
573368,Method,com.android.systemui.tuner.TunerServiceImpl.addTunable,packages/SystemUI/src/com/android/systemui/tuner/TunerServiceImpl.java,0,-1,1,{'body_modify': '-'},[]
573376,Method,com.android.systemui.tuner.TunerServiceImpl.reregisterAll,packages/SystemUI/src/com/android/systemui/tuner/TunerServiceImpl.java,0,-1,1,{'body_modify': '-'},[]
573379,Method,com.android.systemui.tuner.TunerServiceImpl.reloadSetting,packages/SystemUI/src/com/android/systemui/tuner/TunerServiceImpl.java,0,-1,1,{'body_modify': '-'},[]
573385,Method,com.android.systemui.tuner.TunerServiceImpl.reloadAll,packages/SystemUI/src/com/android/systemui/tuner/TunerServiceImpl.java,0,-1,1,{'body_modify': '-'},[]
573389,Method,com.android.systemui.tuner.TunerServiceImpl.clearAll,packages/SystemUI/src/com/android/systemui/tuner/TunerServiceImpl.java,0,-1,1,{'body_modify': '-'},[]
573394,Method,com.android.systemui.tuner.TunerServiceImpl.Observer.onChange,packages/SystemUI/src/com/android/systemui/tuner/TunerServiceImpl.java,0,-1,1,{'body_modify': '-'},[]
573409,Method,com.android.systemui.tuner.TunerSwitch.onTuningChanged,packages/SystemUI/src/com/android/systemui/tuner/TunerSwitch.java,0,-1,1,{'body_modify': '-'},[]
573535,Method,com.android.systemui.usb.StorageNotification.onPublicVolumeStateChangedInternal,packages/SystemUI/src/com/android/systemui/usb/StorageNotification.java,0,-1,1,{'body_modify': '-'},[]
573545,Method,com.android.systemui.usb.StorageNotification.onVolumeMounted,packages/SystemUI/src/com/android/systemui/usb/StorageNotification.java,0,-1,1,{'body_modify': '-'},[]
573698,Method,com.android.systemui.usb.UsbDebuggingActivity.onCreate,packages/SystemUI/src/com/android/systemui/usb/UsbDebuggingActivity.java,0,-1,1,{'body_modify': '-'},[]
574377,Method,com.android.systemui.util.Utils.safeForeach,packages/SystemUI/src/com/android/systemui/util/Utils.java,0,-1,1,{'body_modify': '-'},[]
574705,Method,com.android.systemui.volume.Events.writeEvent,packages/SystemUI/src/com/android/systemui/volume/Events.java,0,-1,1,{'body_modify': '-'},[]
574906,Method,com.android.systemui.volume.SafetyWarningDialog.SafetyWarningDialog,packages/SystemUI/src/com/android/systemui/volume/SafetyWarningDialog.java,0,-1,1,{'body_modify': '-'},[]
574912,Method,com.android.systemui.volume.SafetyWarningDialog.onKeyDown,packages/SystemUI/src/com/android/systemui/volume/SafetyWarningDialog.java,0,-1,1,{'body_modify': '-'},[]
575088,Method,com.android.systemui.volume.VolumeDialogComponent.onTuningChanged,packages/SystemUI/src/com/android/systemui/volume/VolumeDialogComponent.java,0,-1,1,{'body_modify': '-'},[]
575409,Method,com.android.systemui.volume.VolumeDialogControllerImpl.SettingObserver.init,packages/SystemUI/src/com/android/systemui/volume/VolumeDialogControllerImpl.java,0,-1,1,{'body_modify': '-'},[]
575411,Method,com.android.systemui.volume.VolumeDialogControllerImpl.SettingObserver.onChange,packages/SystemUI/src/com/android/systemui/volume/VolumeDialogControllerImpl.java,0,-1,1,{'body_modify': '-'},[]
575507,Method,com.android.systemui.volume.VolumeDialogImpl.VolumeDialogImpl,packages/SystemUI/src/com/android/systemui/volume/VolumeDialogImpl.java,0,-1,1,{'body_modify': '-'},[]
575513,Method,com.android.systemui.volume.VolumeDialogImpl.initDialog,packages/SystemUI/src/com/android/systemui/volume/VolumeDialogImpl.java,0,-1,1,{'body_modify': '-'},[]
575542,Method,com.android.systemui.volume.VolumeDialogImpl.addRow,packages/SystemUI/src/com/android/systemui/volume/VolumeDialogImpl.java,0,-1,1,{'body_modify': '-'},[]
575550,Method,com.android.systemui.volume.VolumeDialogImpl.addExistingRows,packages/SystemUI/src/com/android/systemui/volume/VolumeDialogImpl.java,0,-1,1,{'body_modify': '-'},[]
575586,Method,com.android.systemui.volume.VolumeDialogImpl.initSettingsH,packages/SystemUI/src/com/android/systemui/volume/VolumeDialogImpl.java,0,-1,1,{'body_modify': '-'},[]
575607,Method,com.android.systemui.volume.VolumeDialogImpl.showH,packages/SystemUI/src/com/android/systemui/volume/VolumeDialogImpl.java,0,-1,1,{'body_modify': '-'},[]
575612,Method,com.android.systemui.volume.VolumeDialogImpl.dismissH,packages/SystemUI/src/com/android/systemui/volume/VolumeDialogImpl.java,0,-1,1,{'body_modify': '-'},[]
575619,Method,com.android.systemui.volume.VolumeDialogImpl.updateRowsH,packages/SystemUI/src/com/android/systemui/volume/VolumeDialogImpl.java,0,-1,1,{'body_modify': '-'},[]
575643,Method,com.android.systemui.volume.VolumeDialogImpl.trimObsoleteH,packages/SystemUI/src/com/android/systemui/volume/VolumeDialogImpl.java,0,-1,1,{'body_modify': '-'},[]
575646,Method,com.android.systemui.volume.VolumeDialogImpl.onStateChangedH,packages/SystemUI/src/com/android/systemui/volume/VolumeDialogImpl.java,0,-1,1,{'body_modify': '-'},[]
575656,Method,com.android.systemui.volume.VolumeDialogImpl.updateVolumeRowH,packages/SystemUI/src/com/android/systemui/volume/VolumeDialogImpl.java,0,-1,1,{'body_modify': '-'},[]
575993,Method,com.android.systemui.volume.ZenModePanel.updateWidgets,packages/SystemUI/src/com/android/systemui/volume/ZenModePanel.java,0,-1,1,{'body_modify': '-'},[]
576002,Method,com.android.systemui.volume.ZenModePanel.computeAlarmWarningText,packages/SystemUI/src/com/android/systemui/volume/ZenModePanel.java,0,-1,1,"{'body_modify': '-', 'param_modify': 'zenNone-allowAlarms'}",[]
576398,Method,com.android.systemui.colorextraction.SysuiColorExtractorTests.getColors_fallbackWhenMediaIsVisible,packages/SystemUI/tests/src/com/android/systemui/colorextraction/SysuiColorExtractorTests.java,0,-1,1,{'body_modify': '-'},[]
576433,Method,com.android.systemui.doze.DozeConfigurationTest.alwaysOn_followsConfigByDefault,packages/SystemUI/tests/src/com/android/systemui/doze/DozeConfigurationTest.java,0,-1,1,"{'rename': '-', 'body_modify': '-'}",[]
577013,Method,com.android.systemui.power.PowerNotificationWarningsTest.setUp,packages/SystemUI/tests/src/com/android/systemui/power/PowerNotificationWarningsTest.java,0,-1,1,{'body_modify': '-'},[]
577064,Method,com.android.systemui.power.PowerUITest.setup,packages/SystemUI/tests/src/com/android/systemui/power/PowerUITest.java,0,-1,1,{'body_modify': '-'},[]
577074,Method,com.android.systemui.power.PowerUITest.testShutdownBasedThreshold,packages/SystemUI/tests/src/com/android/systemui/power/PowerUITest.java,0,-1,1,{'body_modify': '-'},[]
577115,Method,com.android.systemui.power.PowerUITest.testShouldShowLowBatteryWarning_onlyShowsOncePerChargeCycle,packages/SystemUI/tests/src/com/android/systemui/power/PowerUITest.java,0,-1,1,{'body_modify': '-'},[]
577117,Method,com.android.systemui.power.PowerUITest.testShouldDismissLowBatteryWarning_dismissWhenPowerSaverEnabledLegacy,packages/SystemUI/tests/src/com/android/systemui/power/PowerUITest.java,0,-1,1,"{'rename': '-', 'body_modify': '-'}",[]
577139,Method,com.android.systemui.power.PowerUITest.setCurrentTemp,packages/SystemUI/tests/src/com/android/systemui/power/PowerUITest.java,0,-1,1,{'body_modify': '-'},[]
577508,Method,com.android.systemui.ScreenDecorationsTest.setup,packages/SystemUI/tests/src/com/android/systemui/ScreenDecorationsTest.java,0,-1,1,{'body_modify': '-'},[]
578349,Method,com.android.systemui.statusbar.NotificationInfoTest.testCloseControls_checkSaveListenerDelaysStopNotifications,packages/SystemUI/tests/src/com/android/systemui/statusbar/NotificationInfoTest.java,0,-1,1,{'body_modify': '-'},[]
578369,Method,com.android.systemui.statusbar.NotificationInfoTest.testBlockDoesNothingIfCheckSaveListenerIsNoOp,packages/SystemUI/tests/src/com/android/systemui/statusbar/NotificationInfoTest.java,0,-1,1,"{'rename': '-', 'body_modify': '-'}",[]
578372,Method,com.android.systemui.statusbar.NotificationInfoTest.testCloseControlsUpdatesWhenCheckSaveListenerUsesCallback,packages/SystemUI/tests/src/com/android/systemui/statusbar/NotificationInfoTest.java,0,-1,1,{'body_modify': '-'},[]
578765,Method,com.android.systemui.statusbar.phone.HeadsUpAppearanceControllerTest.setUp,packages/SystemUI/tests/src/com/android/systemui/statusbar/phone/HeadsUpAppearanceControllerTest.java,0,-1,1,{'body_modify': '-'},[]
578924,Method,com.android.systemui.statusbar.phone.ScrimControllerTest.setup,packages/SystemUI/tests/src/com/android/systemui/statusbar/phone/ScrimControllerTest.java,0,-1,1,{'body_modify': '-'},[]
578929,Method,com.android.systemui.statusbar.phone.ScrimControllerTest.transitionToAod_withAodWallpaperAndLockScreenWallpaper,packages/SystemUI/tests/src/com/android/systemui/statusbar/phone/ScrimControllerTest.java,0,-1,1,{'body_modify': '-'},[]
579498,Method,com.android.systemui.statusbar.policy.NetworkControllerBaseTest.setupNetworkController,packages/SystemUI/tests/src/com/android/systemui/statusbar/policy/NetworkControllerBaseTest.java,0,-1,1,{'body_modify': '-'},[]
579626,Method,com.android.systemui.statusbar.policy.NetworkControllerDataTest.testNoInternetIcon,packages/SystemUI/tests/src/com/android/systemui/statusbar/policy/NetworkControllerDataTest.java,0,-1,1,{'body_modify': '-'},[]
579627,Method,com.android.systemui.statusbar.policy.NetworkControllerDataTest.testDataDisabledIcon,packages/SystemUI/tests/src/com/android/systemui/statusbar/policy/NetworkControllerDataTest.java,0,-1,1,{'body_modify': '-'},[]
579628,Method,com.android.systemui.statusbar.policy.NetworkControllerDataTest.testDataDisabledIcon_UserNotSetup,packages/SystemUI/tests/src/com/android/systemui/statusbar/policy/NetworkControllerDataTest.java,0,-1,1,{'body_modify': '-'},[]
579629,Method,com.android.systemui.statusbar.policy.NetworkControllerDataTest.testAlwaysShowDataRatIcon,packages/SystemUI/tests/src/com/android/systemui/statusbar/policy/NetworkControllerDataTest.java,0,-1,1,{'body_modify': '-'},[]
597053,Method,com.android.server.appwidget.AppWidgetServiceImpl.deleteAppWidgetLocked,services/appwidget/java/com/android/server/appwidget/AppWidgetServiceImpl.java,0,-1,1,{'body_modify': '-'},[]
597057,Method,com.android.server.appwidget.AppWidgetServiceImpl.cancelBroadcastsLocked,services/appwidget/java/com/android/server/appwidget/AppWidgetServiceImpl.java,0,-1,1,"{'rename': '-', 'body_modify': '-'}",[]
597202,Method,com.android.server.appwidget.AppWidgetServiceImpl.deleteProviderLocked,services/appwidget/java/com/android/server/appwidget/AppWidgetServiceImpl.java,0,-1,1,{'body_modify': '-'},[]
597220,Method,com.android.server.appwidget.AppWidgetServiceImpl.registerForBroadcastsLocked,services/appwidget/java/com/android/server/appwidget/AppWidgetServiceImpl.java,0,-1,1,{'body_modify': '-'},[]
597317,Method,com.android.server.appwidget.AppWidgetServiceImpl.handleUserUnlocked,services/appwidget/java/com/android/server/appwidget/AppWidgetServiceImpl.java,0,-1,1,"{'rename': '-', 'body_modify': '-'}",[]
597485,Method,com.android.server.appwidget.AppWidgetServiceImpl.updateProvidersForPackageLocked,services/appwidget/java/com/android/server/appwidget/AppWidgetServiceImpl.java,0,-1,1,{'body_modify': '-'},[]
600040,Method,com.android.server.autofill.ui.SaveUi.OneTimeListener.onSave,services/autofill/java/com/android/server/autofill/ui/SaveUi.java,0,-1,1,{'body_modify': '-'},[]
600041,Method,com.android.server.autofill.ui.SaveUi.OneTimeListener.onCancel,services/autofill/java/com/android/server/autofill/ui/SaveUi.java,0,-1,1,{'body_modify': '-'},[]
606724,Method,com.android.server.accounts.TokenCache.TokenLruCache.putToken,services/core/java/com/android/server/accounts/TokenCache.java,0,-1,1,{'body_modify': '-'},[]
607168,Method,com.android.server.AlarmManagerService.onStart,services/core/java/com/android/server/AlarmManagerService.java,0,-1,1,{'body_modify': '-'},[]
608361,Method,com.android.server.am.ActiveServices.scheduleServiceRestartLocked,services/core/java/com/android/server/am/ActiveServices.java,0,-1,1,{'body_modify': '-'},[]
608380,Method,com.android.server.am.ActiveServices.performServiceRestartLocked,services/core/java/com/android/server/am/ActiveServices.java,0,-1,1,{'body_modify': '-'},[]
608417,Method,com.android.server.am.ActiveServices.realStartServiceLocked,services/core/java/com/android/server/am/ActiveServices.java,0,-1,1,{'body_modify': '-'},[]
609109,Method,com.android.server.am.ActivityManagerConstants.start,services/core/java/com/android/server/am/ActivityManagerConstants.java,0,-1,1,{'body_modify': '-'},[]
609114,Method,com.android.server.am.ActivityManagerConstants.computeEmptyProcessLimit,services/core/java/com/android/server/am/ActivityManagerConstants.java,0,-1,1,{'body_modify': '-'},[]
609116,Method,com.android.server.am.ActivityManagerConstants.onChange,services/core/java/com/android/server/am/ActivityManagerConstants.java,0,-1,1,{'body_modify': '-'},[]
609119,Method,com.android.server.am.ActivityManagerConstants.updateConstants,services/core/java/com/android/server/am/ActivityManagerConstants.java,0,-1,1,{'body_modify': '-'},[]
609123,Method,com.android.server.am.ActivityManagerConstants.updateMaxCachedProcesses,services/core/java/com/android/server/am/ActivityManagerConstants.java,0,-1,1,{'body_modify': '-'},[]
609125,Method,com.android.server.am.ActivityManagerConstants.dump,services/core/java/com/android/server/am/ActivityManagerConstants.java,0,-1,1,{'body_modify': '-'},[]
609810,Method,com.android.server.am.ActivityManagerService.MainHandler.handleMessage,services/core/java/com/android/server/am/ActivityManagerService.java,0,-1,1,{'body_modify': '-'},[]
610036,Method,com.android.server.am.ActivityManagerService.ActivityManagerService,services/core/java/com/android/server/am/ActivityManagerService.java,0,-1,1,{'body_modify': '-'},[]
610038,Method,com.android.server.am.ActivityManagerService.ActivityManagerService,services/core/java/com/android/server/am/ActivityManagerService.java,0,-1,1,{'body_modify': '-'},[]
610619,Method,com.android.server.am.ActivityManagerService.startActivities,services/core/java/com/android/server/am/ActivityManagerService.java,0,-1,1,{'body_modify': '-'},[]
610701,Method,com.android.server.am.ActivityManagerService.handleAppDiedLocked,services/core/java/com/android/server/am/ActivityManagerService.java,0,-1,1,{'body_modify': '-'},[]
611332,Method,com.android.server.am.ActivityManagerService.isAppForeground,services/core/java/com/android/server/am/ActivityManagerService.java,0,-1,1,{'body_modify': '-'},[]
612154,Method,com.android.server.am.ActivityManagerService.getContentProviderImpl,services/core/java/com/android/server/am/ActivityManagerService.java,0,-1,1,{'body_modify': '-'},[]
612276,Method,com.android.server.am.ActivityManagerService.installSystemProviders,services/core/java/com/android/server/am/ActivityManagerService.java,0,-1,1,{'body_modify': '-'},[]
614543,Method,com.android.server.am.ActivityManagerService.computeOomAdjLocked,services/core/java/com/android/server/am/ActivityManagerService.java,0,-1,1,{'body_modify': '-'},[]
614659,Method,com.android.server.am.ActivityManagerService.applyOomAdjLocked,services/core/java/com/android/server/am/ActivityManagerService.java,0,-1,1,{'body_modify': '-'},[]
614738,Method,com.android.server.am.ActivityManagerService.updateOomAdjLocked,services/core/java/com/android/server/am/ActivityManagerService.java,0,-1,1,{'body_modify': '-'},[]
615071,Method,com.android.server.am.ActivityManagerService.LocalService.startActivitiesAsPackage,services/core/java/com/android/server/am/ActivityManagerService.java,0,-1,1,{'body_modify': '-'},[]
615214,Method,com.android.server.am.ActivityManagerService.Injector.getAppOpsService,services/core/java/com/android/server/am/ActivityManagerService.java,0,-1,1,"{'body_modify': '-', 'param_add': 'file handler-file handler service'}",[]
615286,Method,com.android.server.am.ActivityManagerShellCommand.runStartActivity,services/core/java/com/android/server/am/ActivityManagerShellCommand.java,0,-1,1,{'body_modify': '-'},[]
615920,Method,com.android.server.am.ActivityManagerShellCommand.dumpHelp,services/core/java/com/android/server/am/ActivityManagerShellCommand.java,0,-1,1,{'body_modify': '-'},[]
615987,Method,com.android.server.am.ActivityMetricsLogger.WindowingModeTransitionInfoSnapshot.WindowingModeTransitionInfoSnapshot,services/core/java/com/android/server/am/ActivityMetricsLogger.java,0,-1,1,{'body_modify': '-'},[]
616017,Method,com.android.server.am.ActivityMetricsLogger.notifyActivityLaunched,services/core/java/com/android/server/am/ActivityMetricsLogger.java,0,-1,1,{'body_modify': '-'},[]
616028,Method,com.android.server.am.ActivityMetricsLogger.notifyWindowsDrawn,services/core/java/com/android/server/am/ActivityMetricsLogger.java,0,-1,1,"{'body_modify': '-', 'return_type_modify': 'void-com.android.server.am.ActivityMetricsLogger.WindowingModeTransitionInfoSnapshot'}",[]
616037,Method,com.android.server.am.ActivityMetricsLogger.notifyTransitionStarting,services/core/java/com/android/server/am/ActivityMetricsLogger.java,0,-1,1,{'body_modify': '-'},[]
616052,Method,com.android.server.am.ActivityMetricsLogger.checkVisibility,services/core/java/com/android/server/am/ActivityMetricsLogger.java,0,-1,1,{'body_modify': '-'},[]
616063,Method,com.android.server.am.ActivityMetricsLogger.reset,services/core/java/com/android/server/am/ActivityMetricsLogger.java,0,-1,1,"{'body_modify': '-', 'param_add': 'abort-abort info'}",[]
616066,Method,com.android.server.am.ActivityMetricsLogger.calculateCurrentDelay,services/core/java/com/android/server/am/ActivityMetricsLogger.java,0,-1,1,{'body_modify': '-'},[]
616069,Method,com.android.server.am.ActivityMetricsLogger.logAppTransitionCancel,services/core/java/com/android/server/am/ActivityMetricsLogger.java,0,-1,1,{'body_modify': '-'},[]
616073,Method,com.android.server.am.ActivityMetricsLogger.logAppTransitionMultiEvents,services/core/java/com/android/server/am/ActivityMetricsLogger.java,0,-1,1,{'body_modify': '-'},[]
616080,Method,com.android.server.am.ActivityMetricsLogger.logAppTransition,services/core/java/com/android/server/am/ActivityMetricsLogger.java,0,-1,1,{'body_modify': '-'},[]
616094,Method,com.android.server.am.ActivityMetricsLogger.logAppTransitionReportedDrawn,services/core/java/com/android/server/am/ActivityMetricsLogger.java,0,-1,1,"{'body_modify': '-', 'return_type_modify': 'void-com.android.server.am.ActivityMetricsLogger.WindowingModeTransitionInfoSnapshot'}",[]
616124,Method,com.android.server.am.ActivityMetricsLogger.getTransitionType,services/core/java/com/android/server/am/ActivityMetricsLogger.java,0,-1,1,{'body_modify': '-'},[]
616266,Method,com.android.server.am.ActivityRecord.dump,services/core/java/com/android/server/am/ActivityRecord.java,0,-1,1,{'body_modify': '-'},[]
616309,Method,com.android.server.am.ActivityRecord.updatePictureInPictureMode,services/core/java/com/android/server/am/ActivityRecord.java,0,-1,1,{'body_modify': '-'},[]
616349,Method,com.android.server.am.ActivityRecord.ActivityRecord,services/core/java/com/android/server/am/ActivityRecord.java,0,-1,1,{'body_modify': '-'},[]
616533,Method,com.android.server.am.ActivityRecord.completeResumeLocked,services/core/java/com/android/server/am/ActivityRecord.java,0,-1,1,{'body_modify': '-'},[]
616561,Method,com.android.server.am.ActivityRecord.reportFullyDrawnLocked,services/core/java/com/android/server/am/ActivityRecord.java,0,-1,1,{'body_modify': '-'},[]
616566,Method,com.android.server.am.ActivityRecord.onWindowsDrawn,services/core/java/com/android/server/am/ActivityRecord.java,0,-1,1,{'body_modify': '-'},[]
616572,Method,com.android.server.am.ActivityRecord.onWindowsVisible,services/core/java/com/android/server/am/ActivityRecord.java,0,-1,1,{'body_modify': '-'},[]
616576,Method,com.android.server.am.ActivityRecord.onWindowsGone,services/core/java/com/android/server/am/ActivityRecord.java,0,-1,1,{'body_modify': '-'},[]
616655,Method,com.android.server.am.ActivityRecord.computeBounds,services/core/java/com/android/server/am/ActivityRecord.java,0,-1,1,{'body_modify': '-'},[]
617055,Method,com.android.server.am.ActivityStack.minimalResumeActivityLocked,services/core/java/com/android/server/am/ActivityStack.java,0,-1,1,{'body_modify': '-'},[]
617057,Method,com.android.server.am.ActivityStack.clearLaunchTime,services/core/java/com/android/server/am/ActivityStack.java,0,-1,1,{'body_modify': '-'},[]
617086,Method,com.android.server.am.ActivityStack.startPausingLocked,services/core/java/com/android/server/am/ActivityStack.java,0,-1,1,{'body_modify': '-'},[]
617107,Method,com.android.server.am.ActivityStack.addToStopping,services/core/java/com/android/server/am/ActivityStack.java,0,-1,1,{'body_modify': '-'},[]
617235,Method,com.android.server.am.ActivityStack.resumeTopActivityInnerLocked,services/core/java/com/android/server/am/ActivityStack.java,0,-1,1,{'body_modify': '-'},[]
617401,Method,com.android.server.am.ActivityStack.stopActivityLocked,services/core/java/com/android/server/am/ActivityStack.java,0,-1,1,{'body_modify': '-'},[]
618115,Method,com.android.server.am.ActivityStackSupervisor.waitActivityVisible,services/core/java/com/android/server/am/ActivityStackSupervisor.java,0,-1,1,"{'body_modify': '-', 'param_add': 'name result-name result startTimeMs'}",[]
618125,Method,com.android.server.am.ActivityStackSupervisor.sendWaitingVisibleReportLocked,services/core/java/com/android/server/am/ActivityStackSupervisor.java,0,-1,1,{'body_modify': '-'},[]
618137,Method,com.android.server.am.ActivityStackSupervisor.reportActivityLaunchedLocked,services/core/java/com/android/server/am/ActivityStackSupervisor.java,0,-1,1,"{'body_modify': '-', 'param_remove': 'timeout r thisTime totalTime-timeout r totalTime'}",[]
618208,Method,com.android.server.am.ActivityStackSupervisor.ensureVisibilityAndConfig,services/core/java/com/android/server/am/ActivityStackSupervisor.java,0,-1,1,{'body_modify': '-'},[]
618220,Method,com.android.server.am.ActivityStackSupervisor.startSpecificActivityLocked,services/core/java/com/android/server/am/ActivityStackSupervisor.java,0,-1,1,{'body_modify': '-'},[]
618289,Method,com.android.server.am.ActivityStackSupervisor.activityIdleInternalLocked,services/core/java/com/android/server/am/ActivityStackSupervisor.java,0,-1,1,{'body_modify': '-'},[]
618761,Method,com.android.server.am.ActivityStackSupervisor.processStoppingActivitiesLocked,services/core/java/com/android/server/am/ActivityStackSupervisor.java,0,-1,1,{'body_modify': '-'},[]
619001,Method,com.android.server.am.ActivityStackSupervisor.startActivityFromRecents,services/core/java/com/android/server/am/ActivityStackSupervisor.java,0,-1,1,{'body_modify': '-'},[]
619027,Method,com.android.server.am.ActivityStackSupervisor.WaitInfo.WaitInfo,services/core/java/com/android/server/am/ActivityStackSupervisor.java,0,-1,1,"{'method_access_modify': 'public-null', 'body_modify': '-', 'param_add': 'targetComponent result-targetComponent result startTimeMs'}",[]
619099,Method,com.android.server.am.ActivityStartController.startActivityInPackage,services/core/java/com/android/server/am/ActivityStartController.java,0,-1,1,"{'body_modify': '-', 'param_add': 'uid realCallingPid realCallingUid callingPackage intent resolvedType resultTo resultWho requestCode startFlags options userId inTask reason validateIncomingUser-uid realCallingPid realCallingUid callingPackage intent resolvedType resultTo resultWho requestCode startFlags options userId inTask reason validateIncomingUser originatingPendingIntent'}",[]
619116,Method,com.android.server.am.ActivityStartController.startActivitiesInPackage,services/core/java/com/android/server/am/ActivityStartController.java,0,-1,1,"{'body_modify': '-', 'param_add': 'uid callingPackage intents resolvedTypes resultTo options userId validateIncomingUser-uid callingPackage intents resolvedTypes resultTo options userId validateIncomingUser originatingPendingIntent'}",[]
619126,Method,com.android.server.am.ActivityStartController.startActivitiesInPackage,services/core/java/com/android/server/am/ActivityStartController.java,0,-1,1,"{'body_modify': '-', 'param_add': 'uid realCallingPid realCallingUid callingPackage intents resolvedTypes resultTo options userId validateIncomingUser-uid realCallingPid realCallingUid callingPackage intents resolvedTypes resultTo options userId validateIncomingUser originatingPendingIntent'}",[]
619139,Method,com.android.server.am.ActivityStartController.startActivities,services/core/java/com/android/server/am/ActivityStartController.java,0,-1,1,"{'body_modify': '-', 'param_add': 'caller callingUid incomingRealCallingPid incomingRealCallingUid callingPackage intents resolvedTypes resultTo options userId reason-caller callingUid incomingRealCallingPid incomingRealCallingUid callingPackage intents resolvedTypes resultTo options userId reason originatingPendingIntent'}",[]
619299,Method,com.android.server.am.ActivityStarter.Request.reset,services/core/java/com/android/server/am/ActivityStarter.java,0,-1,1,{'body_modify': '-'},[]
619300,Method,com.android.server.am.ActivityStarter.Request.set,services/core/java/com/android/server/am/ActivityStarter.java,0,-1,1,{'body_modify': '-'},[]
619312,Method,com.android.server.am.ActivityStarter.execute,services/core/java/com/android/server/am/ActivityStarter.java,0,-1,1,{'body_modify': '-'},[]
619323,Method,com.android.server.am.ActivityStarter.startActivity,services/core/java/com/android/server/am/ActivityStarter.java,0,-1,1,"{'body_modify': '-', 'param_add': 'caller intent ephemeralIntent resolvedType aInfo rInfo voiceSession voiceInteractor resultTo resultWho requestCode callingPid callingUid callingPackage realCallingPid realCallingUid startFlags options ignoreTargetSecurity componentSpecified outActivity inTask reason allowPendingRemoteAnimationRegistryLookup-caller intent ephemeralIntent resolvedType aInfo rInfo voiceSession voiceInteractor resultTo resultWho requestCode callingPid callingUid callingPackage realCallingPid realCallingUid startFlags options ignoreTargetSecurity componentSpecified outActivity inTask reason allowPendingRemoteAnimationRegistryLookup originatingPendingIntent'}",[]
619352,Method,com.android.server.am.ActivityStarter.startActivity,services/core/java/com/android/server/am/ActivityStarter.java,0,-1,1,"{'body_modify': '-', 'param_add': 'caller intent ephemeralIntent resolvedType aInfo rInfo voiceSession voiceInteractor resultTo resultWho requestCode callingPid callingUid callingPackage realCallingPid realCallingUid startFlags options ignoreTargetSecurity componentSpecified outActivity inTask allowPendingRemoteAnimationRegistryLookup-caller intent ephemeralIntent resolvedType aInfo rInfo voiceSession voiceInteractor resultTo resultWho requestCode callingPid callingUid callingPackage realCallingPid realCallingUid startFlags options ignoreTargetSecurity componentSpecified outActivity inTask allowPendingRemoteAnimationRegistryLookup originatingPendingIntent'}",[]
619430,Method,com.android.server.am.ActivityStarter.startActivityMayWait,services/core/java/com/android/server/am/ActivityStarter.java,0,-1,1,"{'body_modify': '-', 'param_add': 'caller callingUid callingPackage requestRealCallingPid requestRealCallingUid intent resolvedType voiceSession voiceInteractor resultTo resultWho requestCode startFlags profilerInfo outResult globalConfig options ignoreTargetSecurity userId inTask reason allowPendingRemoteAnimationRegistryLookup-caller callingUid callingPackage requestRealCallingPid requestRealCallingUid intent resolvedType voiceSession voiceInteractor resultTo resultWho requestCode startFlags profilerInfo outResult globalConfig options ignoreTargetSecurity userId inTask reason allowPendingRemoteAnimationRegistryLookup originatingPendingIntent'}",[]
619979,Method,com.android.server.am.AppErrors.crashApplicationInner,services/core/java/com/android/server/am/AppErrors.java,0,-1,1,{'body_modify': '-'},[]
620606,Method,com.android.server.am.BatteryExternalStatsWorker.extractDeltaLocked,services/core/java/com/android/server/am/BatteryExternalStatsWorker.java,0,-1,1,{'body_modify': '-'},[]
621792,Method,com.android.server.am.ContentProviderRecord.ContentProviderRecord,services/core/java/com/android/server/am/ContentProviderRecord.java,0,-1,1,{'body_modify': '-'},[]
622405,Method,com.android.server.am.MemoryStatUtil.readMemoryStatFromFilesystem,services/core/java/com/android/server/am/MemoryStatUtil.java,0,-1,1,{'body_modify': '-'},[]
622427,Method,com.android.server.am.MemoryStatUtil.hasMemcg,services/core/java/com/android/server/am/MemoryStatUtil.java,0,-1,1,{'body_modify': '-'},[]
622569,Method,com.android.server.am.PendingIntentRecord.sendInner,services/core/java/com/android/server/am/PendingIntentRecord.java,0,-1,1,{'body_modify': '-'},[]
622965,Method,com.android.server.am.ProcessList.writeLmkd,services/core/java/com/android/server/am/ProcessList.java,0,-1,1,{'body_modify': '-'},[]
623128,Method,com.android.server.am.ProcessRecord.dump,services/core/java/com/android/server/am/ProcessRecord.java,0,-1,1,{'body_modify': '-'},[]
625196,Method,com.android.server.am.TaskRecord.computeOverrideConfiguration,services/core/java/com/android/server/am/TaskRecord.java,0,-1,1,{'body_modify': '-'},[]
625632,Method,com.android.server.am.UserController.finishUserBoot,services/core/java/com/android/server/am/UserController.java,0,-1,1,{'body_modify': '-'},[]
625644,Method,com.android.server.am.UserController.finishUserUnlocked,services/core/java/com/android/server/am/UserController.java,0,-1,1,{'body_modify': '-'},[]
625652,Method,com.android.server.am.UserController.finishUserUnlockedCompleted,services/core/java/com/android/server/am/UserController.java,0,-1,1,{'body_modify': '-'},[]
625757,Method,com.android.server.am.UserController.scheduleStartProfiles,services/core/java/com/android/server/am/UserController.java,0,-1,1,{'body_modify': '-'},[]
626504,Method,com.android.server.AppOpsService.Ops.Ops,services/core/java/com/android/server/AppOpsService.java,0,-1,1,{'body_modify': '-'},[]
626528,Method,com.android.server.AppOpsService.Op.Op,services/core/java/com/android/server/AppOpsService.java,0,-1,1,{'body_modify': '-'},[]
626588,Method,com.android.server.AppOpsService.ClientState.binderDied,services/core/java/com/android/server/AppOpsService.java,0,-1,1,{'body_modify': '-'},[]
626591,Method,com.android.server.AppOpsService.AppOpsService,services/core/java/com/android/server/AppOpsService.java,0,-1,1,"{'body_modify': '-', 'param_add': 'storagePath handler-storagePath handler service'}",[]
626597,Method,com.android.server.AppOpsService.systemReady,services/core/java/com/android/server/AppOpsService.java,0,-1,1,{'body_modify': '-'},[]
626626,Method,com.android.server.AppOpsService.systemReady.Anonymous_Class.getMountMode,services/core/java/com/android/server/AppOpsService.java,0,-1,1,{'body_modify': '-'},[]
626700,Method,com.android.server.AppOpsService.collectOps,services/core/java/com/android/server/AppOpsService.java,0,-1,1,{'body_modify': '-'},[]
626713,Method,com.android.server.AppOpsService.collectOps,services/core/java/com/android/server/AppOpsService.java,0,-1,1,{'body_modify': '-'},[]
626760,Method,com.android.server.AppOpsService.setUidMode,services/core/java/com/android/server/AppOpsService.java,0,-1,1,{'body_modify': '-'},[]
626932,Method,com.android.server.AppOpsService.noteProxyOperation,services/core/java/com/android/server/AppOpsService.java,0,-1,1,{'body_modify': '-'},[]
626941,Method,com.android.server.AppOpsService.noteOperation,services/core/java/com/android/server/AppOpsService.java,0,-1,1,{'body_modify': '-'},[]
626946,Method,com.android.server.AppOpsService.noteOperationUnchecked,services/core/java/com/android/server/AppOpsService.java,0,-1,1,"{'body_modify': '-', 'param_add': 'code uid packageName proxyUid proxyPackageName-code uid packageName proxyUid proxyPackageName avoidAskMode'}",[]
626976,Method,com.android.server.AppOpsService.startOperation,services/core/java/com/android/server/AppOpsService.java,0,-1,1,{'body_modify': '-'},[]
627028,Method,com.android.server.AppOpsService.verifyIncomingUid,services/core/java/com/android/server/AppOpsService.java,0,-1,1,{'body_modify': '-'},[]
627126,Method,com.android.server.AppOpsService.readUid,services/core/java/com/android/server/AppOpsService.java,0,-1,1,{'body_modify': '-'},[]
627149,Method,com.android.server.AppOpsService.writeState,services/core/java/com/android/server/AppOpsService.java,0,-1,1,{'body_modify': '-'},[]
628163,Method,com.android.server.audio.AudioService.AudioService,services/core/java/com/android/server/audio/AudioService.java,0,-1,1,{'body_modify': '-'},[]
628219,Method,com.android.server.audio.AudioService.updateStreamVolumeAlias,services/core/java/com/android/server/audio/AudioService.java,0,-1,1,{'body_modify': '-'},[]
628253,Method,com.android.server.audio.AudioService.readPersistedSettings,services/core/java/com/android/server/audio/AudioService.java,0,-1,1,{'body_modify': '-'},[]
628752,Method,com.android.server.audio.AudioService.Anonymous_Class.onServiceConnected,services/core/java/com/android/server/audio/AudioService.java,0,-1,1,{'body_modify': '-'},[]
628916,Method,com.android.server.audio.AudioService.setBluetoothA2dpDeviceConnectionStateSuppressNoisyIntent,services/core/java/com/android/server/audio/AudioService.java,0,-1,1,{'body_modify': '-'},[]
629103,Method,com.android.server.audio.AudioService.AudioHandler.handleMessage,services/core/java/com/android/server/audio/AudioService.java,0,-1,1,{'body_modify': '-'},[]
629114,Method,com.android.server.audio.AudioService.SettingsObserver.SettingsObserver,services/core/java/com/android/server/audio/AudioService.java,0,-1,1,{'body_modify': '-'},[]
629115,Method,com.android.server.audio.AudioService.SettingsObserver.onChange,services/core/java/com/android/server/audio/AudioService.java,0,-1,1,{'body_modify': '-'},[]
629122,Method,com.android.server.audio.AudioService.makeA2dpDeviceAvailable,services/core/java/com/android/server/audio/AudioService.java,0,-1,1,{'body_modify': '-'},[]
629128,Method,com.android.server.audio.AudioService.makeA2dpDeviceUnavailableNow,services/core/java/com/android/server/audio/AudioService.java,0,-1,1,{'body_modify': '-'},[]
629141,Method,com.android.server.audio.AudioService.makeHearingAidDeviceAvailable,services/core/java/com/android/server/audio/AudioService.java,0,-1,1,{'body_modify': '-'},[]
629146,Method,com.android.server.audio.AudioService.makeHearingAidDeviceUnavailable,services/core/java/com/android/server/audio/AudioService.java,0,-1,1,{'body_modify': '-'},[]
629150,Method,com.android.server.audio.AudioService.onSetA2dpSinkConnectionState,services/core/java/com/android/server/audio/AudioService.java,0,-1,1,{'body_modify': '-'},[]
629166,Method,com.android.server.audio.AudioService.onSetHearingAidConnectionState,services/core/java/com/android/server/audio/AudioService.java,0,-1,1,{'body_modify': '-'},[]
629173,Method,com.android.server.audio.AudioService.setCurrentAudioRouteNameIfPossible,services/core/java/com/android/server/audio/AudioService.java,0,-1,1,"{'rename': '-', 'body_modify': '-'}",[]
629178,Method,com.android.server.audio.AudioService.onBluetoothA2dpDeviceConfigChange,services/core/java/com/android/server/audio/AudioService.java,0,-1,1,{'body_modify': '-'},[]
629420,Method,com.android.server.audio.AudioService.dump,services/core/java/com/android/server/audio/AudioService.java,0,-1,1,{'body_modify': '-'},[]
630400,Method,com.android.server.BatteryService.onBootPhase,services/core/java/com/android/server/BatteryService.java,0,-1,1,{'body_modify': '-'},[]
630437,Method,com.android.server.BatteryService.processValuesLocked,services/core/java/com/android/server/BatteryService.java,0,-1,1,{'body_modify': '-'},[]
630538,Method,com.android.server.BatteryService.Led.updateLightsLocked,services/core/java/com/android/server/BatteryService.java,0,-1,1,{'body_modify': '-'},[]
630764,Method,com.android.server.BluetoothManagerService.BluetoothManagerService,services/core/java/com/android/server/BluetoothManagerService.java,0,-1,1,{'body_modify': '-'},[]
630839,Method,com.android.server.BluetoothManagerService.enable,services/core/java/com/android/server/BluetoothManagerService.java,0,-1,1,{'body_modify': '-'},[]
630892,Method,com.android.server.BluetoothManagerService.ProfileServiceConnections.bindService,services/core/java/com/android/server/BluetoothManagerService.java,0,-1,1,{'body_modify': '-'},[]
630911,Method,com.android.server.BluetoothManagerService.ProfileServiceConnections.onServiceDisconnected,services/core/java/com/android/server/BluetoothManagerService.java,0,-1,1,{'body_modify': '-'},[]
631649,Method,com.android.server.camera.CameraServiceProxy.Anonymous_Class.pingForUserUpdate,services/core/java/com/android/server/camera/CameraServiceProxy.java,0,-1,1,{'body_modify': '-'},[]
631650,Method,com.android.server.camera.CameraServiceProxy.Anonymous_Class.notifyCameraState,services/core/java/com/android/server/camera/CameraServiceProxy.java,0,-1,1,{'body_modify': '-'},[]
631658,Method,com.android.server.camera.CameraServiceProxy.CameraServiceProxy,services/core/java/com/android/server/camera/CameraServiceProxy.java,0,-1,1,{'body_modify': '-'},[]
631691,Method,com.android.server.camera.CameraServiceProxy.updateActivityCount,services/core/java/com/android/server/camera/CameraServiceProxy.java,0,-1,1,{'body_modify': '-'},[]
631842,Method,com.android.server.clipboard.ClipboardService.ClipboardImpl.setPrimaryClip,services/core/java/com/android/server/clipboard/ClipboardService.java,0,-1,1,{'body_modify': '-'},[]
631846,Method,com.android.server.clipboard.ClipboardService.ClipboardImpl.clearPrimaryClip,services/core/java/com/android/server/clipboard/ClipboardService.java,0,-1,1,{'body_modify': '-'},[]
631849,Method,com.android.server.clipboard.ClipboardService.ClipboardImpl.getPrimaryClip,services/core/java/com/android/server/clipboard/ClipboardService.java,0,-1,1,{'body_modify': '-'},[]
631851,Method,com.android.server.clipboard.ClipboardService.ClipboardImpl.getPrimaryClipDescription,services/core/java/com/android/server/clipboard/ClipboardService.java,0,-1,1,{'body_modify': '-'},[]
631854,Method,com.android.server.clipboard.ClipboardService.ClipboardImpl.hasPrimaryClip,services/core/java/com/android/server/clipboard/ClipboardService.java,0,-1,1,{'body_modify': '-'},[]
631861,Method,com.android.server.clipboard.ClipboardService.ClipboardImpl.hasClipboardText,services/core/java/com/android/server/clipboard/ClipboardService.java,0,-1,1,{'body_modify': '-'},[]
631890,Method,com.android.server.clipboard.ClipboardService.setPrimaryClipInternal,services/core/java/com/android/server/clipboard/ClipboardService.java,0,-1,1,{'body_modify': '-'},[]
631955,Method,com.android.server.clipboard.ClipboardService.clipboardAccessAllowed,services/core/java/com/android/server/clipboard/ClipboardService.java,0,-1,1,"{'body_modify': '-', 'param_add': 'op callingPackage callingUid-op callingPackage callingUid appOpMethod'}",[]
634309,Method,com.android.server.connectivity.tethering.TetheringConfiguration.TetheringConfiguration,services/core/java/com/android/server/connectivity/tethering/TetheringConfiguration.java,0,-1,1,{'body_modify': '-'},[]
634320,Method,com.android.server.connectivity.tethering.TetheringConfiguration.dump,services/core/java/com/android/server/connectivity/tethering/TetheringConfiguration.java,0,-1,1,{'body_modify': '-'},[]
634322,Method,com.android.server.connectivity.tethering.TetheringConfiguration.toString,services/core/java/com/android/server/connectivity/tethering/TetheringConfiguration.java,0,-1,1,{'body_modify': '-'},[]
634339,Method,com.android.server.connectivity.tethering.TetheringConfiguration.checkDunRequired,services/core/java/com/android/server/connectivity/tethering/TetheringConfiguration.java,0,-1,1,{'body_modify': '-'},[]
634620,Method,com.android.server.connectivity.tethering.UpstreamNetworkMonitor.start,services/core/java/com/android/server/connectivity/tethering/UpstreamNetworkMonitor.java,0,-1,1,"{'body_modify': '-', 'param_add': '-defaultNetworkRequest'}",[]
634624,Method,com.android.server.connectivity.tethering.UpstreamNetworkMonitor.stop,services/core/java/com/android/server/connectivity/tethering/UpstreamNetworkMonitor.java,0,-1,1,{'body_modify': '-'},[]
634641,Method,com.android.server.connectivity.tethering.UpstreamNetworkMonitor.handleAvailable,services/core/java/com/android/server/connectivity/tethering/UpstreamNetworkMonitor.java,0,-1,1,"{'body_modify': '-', 'param_remove': 'callbackType network-network'}",[]
634643,Method,com.android.server.connectivity.tethering.UpstreamNetworkMonitor.handleNetCap,services/core/java/com/android/server/connectivity/tethering/UpstreamNetworkMonitor.java,0,-1,1,"{'body_modify': '-', 'param_add': 'network newNc-callbackType network newNc'}",[]
634660,Method,com.android.server.connectivity.tethering.UpstreamNetworkMonitor.handleLost,services/core/java/com/android/server/connectivity/tethering/UpstreamNetworkMonitor.java,0,-1,1,{'body_modify': '-'},[]
634670,Method,com.android.server.connectivity.tethering.UpstreamNetworkMonitor.UpstreamNetworkCallback.onAvailable,services/core/java/com/android/server/connectivity/tethering/UpstreamNetworkMonitor.java,0,-1,1,{'body_modify': '-'},[]
634672,Method,com.android.server.connectivity.tethering.UpstreamNetworkMonitor.UpstreamNetworkCallback.onCapabilitiesChanged,services/core/java/com/android/server/connectivity/tethering/UpstreamNetworkMonitor.java,0,-1,1,{'body_modify': '-'},[]
634675,Method,com.android.server.connectivity.tethering.UpstreamNetworkMonitor.UpstreamNetworkCallback.onLinkPropertiesChanged,services/core/java/com/android/server/connectivity/tethering/UpstreamNetworkMonitor.java,0,-1,1,{'body_modify': '-'},[]
634682,Method,com.android.server.connectivity.tethering.UpstreamNetworkMonitor.UpstreamNetworkCallback.onLost,services/core/java/com/android/server/connectivity/tethering/UpstreamNetworkMonitor.java,0,-1,1,{'body_modify': '-'},[]
634774,Method,com.android.server.connectivity.Tethering.startStateMachineUpdaters,services/core/java/com/android/server/connectivity/Tethering.java,0,-1,1,{'body_modify': '-'},[]
635040,Method,com.android.server.connectivity.Tethering.TetherMasterSM.chooseUpstreamType,services/core/java/com/android/server/connectivity/Tethering.java,0,-1,1,{'body_modify': '-'},[]
635044,Method,com.android.server.connectivity.Tethering.TetherMasterSM.setUpstreamNetwork,services/core/java/com/android/server/connectivity/Tethering.java,0,-1,1,{'body_modify': '-'},[]
635065,Method,com.android.server.connectivity.Tethering.TetherMasterSM.handleUpstreamNetworkMonitorCallback,services/core/java/com/android/server/connectivity/Tethering.java,0,-1,1,{'body_modify': '-'},[]
635072,Method,com.android.server.connectivity.Tethering.TetherMasterSM.TetherModeAliveState.enter,services/core/java/com/android/server/connectivity/Tethering.java,0,-1,1,{'body_modify': '-'},[]
635111,Method,com.android.server.connectivity.Tethering.TetherMasterSM.OffloadWrapper.updateUpstreamNetworkState,services/core/java/com/android/server/connectivity/Tethering.java,0,-1,1,{'body_modify': '-'},[]
635228,Method,com.android.server.connectivity.Vpn.Vpn,services/core/java/com/android/server/connectivity/Vpn.java,0,-1,1,{'body_modify': '-'},[]
635240,Method,com.android.server.connectivity.Vpn.updateCapabilities,services/core/java/com/android/server/connectivity/Vpn.java,0,-1,1,"{'param_modify': '-', 'body_modify': '-', 'param_add': '-defaultNetwork', 'return_type_modify': 'void-android.net.NetworkCapabilities'}","[{'type': 'Add Parameter', 'source_name': 'com.android.server.connectivity.Vpn.updateCapabilities', 'source_param': ''}]"
635243,Method,com.android.server.connectivity.Vpn.applyUnderlyingCapabilities,services/core/java/com/android/server/connectivity/Vpn.java,0,-1,1,"{'rename': '-', 'body_modify': '-'}","[{'type': 'Rename Method', 'source_name': 'com.android.server.connectivity.Vpn.updateCapabilities', 'source_param': 'cm underlyingNetworks caps'}]"
635360,Method,com.android.server.connectivity.Vpn.establish,services/core/java/com/android/server/connectivity/Vpn.java,0,-1,1,{'body_modify': '-'},[]
635413,Method,com.android.server.connectivity.Vpn.onUserAdded,services/core/java/com/android/server/connectivity/Vpn.java,0,-1,1,{'body_modify': '-'},[]
635418,Method,com.android.server.connectivity.Vpn.onUserRemoved,services/core/java/com/android/server/connectivity/Vpn.java,0,-1,1,{'body_modify': '-'},[]
635468,Method,com.android.server.connectivity.Vpn.setUnderlyingNetworks,services/core/java/com/android/server/connectivity/Vpn.java,0,-1,1,{'body_modify': '-'},[]
635827,Method,com.android.server.ConnectivityService.ConnectivityService,services/core/java/com/android/server/ConnectivityService.java,0,-1,1,{'body_modify': '-'},[]
635847,Method,com.android.server.ConnectivityService.makeTethering,services/core/java/com/android/server/ConnectivityService.java,0,-1,1,{'body_modify': '-'},[]
635855,Method,com.android.server.ConnectivityService.createDefaultInternetRequestForTransport,services/core/java/com/android/server/ConnectivityService.java,0,-1,1,{'body_modify': '-'},[]
636149,Method,com.android.server.ConnectivityService.NetworkStateTrackerHandler.maybeHandleNetworkMonitorMessage,services/core/java/com/android/server/ConnectivityService.java,0,-1,1,{'body_modify': '-'},[]
636463,Method,com.android.server.ConnectivityService.getAllVpnInfo,services/core/java/com/android/server/ConnectivityService.java,0,-1,1,"{'method_access_modify': 'public-private', 'body_modify': '-'}",[]
636476,Method,com.android.server.ConnectivityService.updateAllVpnsCapabilities,services/core/java/com/android/server/ConnectivityService.java,0,-1,1,{'body_modify': '-'},[]
636550,Method,com.android.server.ConnectivityService.onUserAdded,services/core/java/com/android/server/ConnectivityService.java,0,-1,1,{'body_modify': '-'},[]
636557,Method,com.android.server.ConnectivityService.onUserRemoved,services/core/java/com/android/server/ConnectivityService.java,0,-1,1,{'body_modify': '-'},[]
636568,Method,com.android.server.ConnectivityService.Anonymous_Class.onReceive,services/core/java/com/android/server/ConnectivityService.java,0,-1,1,{'body_modify': '-'},[]
636729,Method,com.android.server.ConnectivityService.updateLinkProperties,services/core/java/com/android/server/ConnectivityService.java,0,-1,1,{'body_modify': '-'},[]
636846,Method,com.android.server.ConnectivityService.makeDefault,services/core/java/com/android/server/ConnectivityService.java,0,-1,1,{'body_modify': '-'},[]
636893,Method,com.android.server.ConnectivityService.updateNetworkInfo,services/core/java/com/android/server/ConnectivityService.java,0,-1,1,{'body_modify': '-'},[]
636926,Method,com.android.server.ConnectivityService.getDefaultNetworks,services/core/java/com/android/server/ConnectivityService.java,0,-1,1,{'body_modify': '-'},[]
636930,Method,com.android.server.ConnectivityService.notifyIfacesChangedForNetworkStats,services/core/java/com/android/server/ConnectivityService.java,0,-1,1,{'body_modify': '-'},[]
636942,Method,com.android.server.ConnectivityService.setUnderlyingNetworksForVpn,services/core/java/com/android/server/ConnectivityService.java,0,-1,1,{'body_modify': '-'},[]
637024,Method,com.android.server.ConsumerIrService.ConsumerIrService,services/core/java/com/android/server/ConsumerIrService.java,0,-1,1,{'body_modify': '-'},[]
637029,Method,com.android.server.ConsumerIrService.transmit,services/core/java/com/android/server/ConsumerIrService.java,0,-1,1,{'body_modify': '-'},[]
637926,Method,com.android.server.content.SyncManager.computeSyncable,services/core/java/com/android/server/content/SyncManager.java,0,-1,1,{'body_modify': '-'},[]
638053,Method,com.android.server.content.SyncManager.scheduleSyncOperationH,services/core/java/com/android/server/content/SyncManager.java,0,-1,1,{'body_modify': '-'},[]
638085,Method,com.android.server.content.SyncManager.maybeRescheduleSync,services/core/java/com/android/server/content/SyncManager.java,0,-1,1,{'body_modify': '-'},[]
638126,Method,com.android.server.content.SyncManager.ActiveSyncContext.toString,services/core/java/com/android/server/content/SyncManager.java,0,-1,1,"{'body_modify': '-', 'param_add': 'sb-sb logSafe'}",[]
638144,Method,com.android.server.content.SyncManager.ActiveSyncContext.toString,services/core/java/com/android/server/content/SyncManager.java,0,-1,1,{'body_modify': '-'},[]
638169,Method,com.android.server.content.SyncManager.dumpPendingSyncs,services/core/java/com/android/server/content/SyncManager.java,0,-1,1,{'body_modify': '-'},[]
638175,Method,com.android.server.content.SyncManager.dumpPeriodicSyncs,services/core/java/com/android/server/content/SyncManager.java,0,-1,1,{'body_modify': '-'},[]
638194,Method,com.android.server.content.SyncManager.dumpSyncState,services/core/java/com/android/server/content/SyncManager.java,0,-1,1,{'body_modify': '-'},[]
638407,Method,com.android.server.content.SyncManager.SyncHandler.handleSyncMessage,services/core/java/com/android/server/content/SyncManager.java,0,-1,1,{'body_modify': '-'},[]
638522,Method,com.android.server.content.SyncManager.SyncHandler.runBoundToAdapterH,services/core/java/com/android/server/content/SyncManager.java,0,-1,1,{'body_modify': '-'},[]
638540,Method,com.android.server.content.SyncManager.SyncHandler.runSyncFinishedOrCanceledH,services/core/java/com/android/server/content/SyncManager.java,0,-1,1,{'body_modify': '-'},[]
638788,Method,com.android.server.content.SyncOperation.toString,services/core/java/com/android/server/content/SyncOperation.java,0,-1,1,{'body_modify': '-'},[]
638790,Method,com.android.server.content.SyncOperation.dump,services/core/java/com/android/server/content/SyncOperation.java,0,-1,1,"{'body_modify': '-', 'param_add': 'pm shorter appStates-pm shorter appStates logSafe'}",[]
639262,Method,com.android.server.content.SyncStorageEngine.parseAuthority,services/core/java/com/android/server/content/SyncStorageEngine.java,0,-1,1,{'body_modify': '-'},[]
640396,Method,com.android.server.display.AutomaticBrightnessController.AutomaticBrightnessController,services/core/java/com/android/server/display/AutomaticBrightnessController.java,0,-1,1,"{'body_modify': '-', 'param_add': 'callbacks looper sensorManager mapper lightSensorWarmUpTime brightnessMin brightnessMax dozeScaleFactor lightSensorRate initialLightSensorRate brighteningLightDebounceConfig darkeningLightDebounceConfig resetAmbientLuxAfterWarmUpConfig hysteresisLevels-callbacks looper sensorManager mapper lightSensorWarmUpTime brightnessMin brightnessMax dozeScaleFactor lightSensorRate initialLightSensorRate brighteningLightDebounceConfig darkeningLightDebounceConfig resetAmbientLuxAfterWarmUpConfig ambientBrightnessThresholds screenBrightnessThresholds'}",[]
640439,Method,com.android.server.display.AutomaticBrightnessController.dump,services/core/java/com/android/server/display/AutomaticBrightnessController.java,0,-1,1,{'body_modify': '-'},[]
640441,Method,com.android.server.display.AutomaticBrightnessController.setLightSensorEnabled,services/core/java/com/android/server/display/AutomaticBrightnessController.java,0,-1,1,{'body_modify': '-'},[]
640453,Method,com.android.server.display.AutomaticBrightnessController.setAmbientLux,services/core/java/com/android/server/display/AutomaticBrightnessController.java,0,-1,1,{'body_modify': '-'},[]
640477,Method,com.android.server.display.AutomaticBrightnessController.nextAmbientLightBrighteningTransition,services/core/java/com/android/server/display/AutomaticBrightnessController.java,0,-1,1,{'body_modify': '-'},[]
640482,Method,com.android.server.display.AutomaticBrightnessController.nextAmbientLightDarkeningTransition,services/core/java/com/android/server/display/AutomaticBrightnessController.java,0,-1,1,{'body_modify': '-'},[]
640489,Method,com.android.server.display.AutomaticBrightnessController.updateAmbientLux,services/core/java/com/android/server/display/AutomaticBrightnessController.java,0,-1,1,{'body_modify': '-'},[]
640497,Method,com.android.server.display.AutomaticBrightnessController.updateAutoBrightness,services/core/java/com/android/server/display/AutomaticBrightnessController.java,0,-1,1,{'body_modify': '-'},[]
641485,Method,com.android.server.display.DisplayDeviceInfo.flagsToString,services/core/java/com/android/server/display/DisplayDeviceInfo.java,0,-1,1,{'body_modify': '-'},[]
641547,Method,com.android.server.display.DisplayManagerService.DisplayManagerService,services/core/java/com/android/server/display/DisplayManagerService.java,0,-1,1,{'body_modify': '-'},[]
641566,Method,com.android.server.display.DisplayManagerService.systemReady,services/core/java/com/android/server/display/DisplayManagerService.java,0,-1,1,{'body_modify': '-'},[]
641581,Method,com.android.server.display.DisplayManagerService.setDisplayInfoOverrideFromWindowManagerInternal,services/core/java/com/android/server/display/DisplayManagerService.java,0,-1,1,{'body_modify': '-'},[]
641711,Method,com.android.server.display.DisplayManagerService.addLogicalDisplayLocked,services/core/java/com/android/server/display/DisplayManagerService.java,0,-1,1,{'body_modify': '-'},[]
641752,Method,com.android.server.display.DisplayManagerService.updateLogicalDisplaysLocked,services/core/java/com/android/server/display/DisplayManagerService.java,0,-1,1,{'body_modify': '-'},[]
642169,Method,com.android.server.display.DisplayPowerController.DisplayPowerController,services/core/java/com/android/server/display/DisplayPowerController.java,0,-1,1,{'body_modify': '-'},[]
642225,Method,com.android.server.display.DisplayPowerController.updatePowerState,services/core/java/com/android/server/display/DisplayPowerController.java,0,-1,1,{'body_modify': '-'},[]
642314,Method,com.android.server.display.DisplayPowerController.updateUserSetScreenBrightness,services/core/java/com/android/server/display/DisplayPowerController.java,0,-1,1,{'body_modify': '-'},[]
642572,Method,com.android.server.display.HysteresisLevels.HysteresisLevels,services/core/java/com/android/server/display/HysteresisLevels.java,0,-1,1,"{'method_access_modify': 'public-null', 'body_modify': '-', 'param_modify': 'brightLevels darkLevels luxLevels-brighteningThresholds darkeningThresholds thresholdLevels'}",[]
642576,Method,com.android.server.display.HysteresisLevels.getBrighteningThreshold,services/core/java/com/android/server/display/HysteresisLevels.java,0,-1,1,"{'method_access_modify': 'public-null', 'body_modify': '-', 'param_modify': 'lux-value'}",[]
642580,Method,com.android.server.display.HysteresisLevels.getDarkeningThreshold,services/core/java/com/android/server/display/HysteresisLevels.java,0,-1,1,"{'method_access_modify': 'public-null', 'body_modify': '-', 'param_modify': 'lux-value'}",[]
642584,Method,com.android.server.display.HysteresisLevels.getReferenceLevel,services/core/java/com/android/server/display/HysteresisLevels.java,0,-1,1,"{'body_modify': '-', 'param_modify': 'lux referenceLevels-value referenceLevels'}",[]
642593,Method,com.android.server.display.HysteresisLevels.dump,services/core/java/com/android/server/display/HysteresisLevels.java,0,-1,1,"{'method_access_modify': 'public-null', 'body_modify': '-'}",[]
642681,Method,com.android.server.display.LocalDisplayAdapter.LocalDisplayDevice.getDisplayDeviceInfoLocked,services/core/java/com/android/server/display/LocalDisplayAdapter.java,0,-1,1,{'body_modify': '-'},[]
642773,Method,com.android.server.display.LogicalDisplay.updateLocked,services/core/java/com/android/server/display/LogicalDisplay.java,0,-1,1,{'body_modify': '-'},[]
642784,Method,com.android.server.display.LogicalDisplay.configureDisplayLocked,services/core/java/com/android/server/display/LogicalDisplay.java,0,-1,1,{'body_modify': '-'},[]
643722,Method,com.android.server.display.WifiDisplayController.WifiDisplayController,services/core/java/com/android/server/display/WifiDisplayController.java,0,-1,1,{'body_modify': '-'},[]
643748,Method,com.android.server.display.WifiDisplayController.updateWfdEnableState,services/core/java/com/android/server/display/WifiDisplayController.java,0,-1,1,{'body_modify': '-'},[]
643764,Method,com.android.server.display.WifiDisplayController.updateScanState,services/core/java/com/android/server/display/WifiDisplayController.java,0,-1,1,{'body_modify': '-'},[]
643765,Method,com.android.server.display.WifiDisplayController.tryDiscoverPeers,services/core/java/com/android/server/display/WifiDisplayController.java,0,-1,1,{'body_modify': '-'},[]
643770,Method,com.android.server.display.WifiDisplayController.stopPeerDiscovery,services/core/java/com/android/server/display/WifiDisplayController.java,0,-1,1,{'body_modify': '-'},[]
643775,Method,com.android.server.display.WifiDisplayController.requestPeers,services/core/java/com/android/server/display/WifiDisplayController.java,0,-1,1,{'body_modify': '-'},[]
643796,Method,com.android.server.display.WifiDisplayController.connect,services/core/java/com/android/server/display/WifiDisplayController.java,0,-1,1,{'body_modify': '-'},[]
643800,Method,com.android.server.display.WifiDisplayController.updateConnection,services/core/java/com/android/server/display/WifiDisplayController.java,0,-1,1,{'body_modify': '-'},[]
643816,Method,com.android.server.display.WifiDisplayController.updateConnection.Anonymous_Class.onDisplayConnected,services/core/java/com/android/server/display/WifiDisplayController.java,0,-1,1,{'body_modify': '-'},[]
643823,Method,com.android.server.display.WifiDisplayController.updateConnection.Anonymous_Class.onDisplayDisconnected,services/core/java/com/android/server/display/WifiDisplayController.java,0,-1,1,{'body_modify': '-'},[]
643824,Method,com.android.server.display.WifiDisplayController.updateConnection.Anonymous_Class.onDisplayError,services/core/java/com/android/server/display/WifiDisplayController.java,0,-1,1,{'body_modify': '-'},[]
643840,Method,com.android.server.display.WifiDisplayController.getSessionInfo,services/core/java/com/android/server/display/WifiDisplayController.java,0,-1,1,{'body_modify': '-'},[]
643848,Method,com.android.server.display.WifiDisplayController.handleConnectionChanged,services/core/java/com/android/server/display/WifiDisplayController.java,0,-1,1,{'body_modify': '-'},[]
643851,Method,com.android.server.display.WifiDisplayController.handleConnectionChanged.Anonymous_Class.onGroupInfoAvailable,services/core/java/com/android/server/display/WifiDisplayController.java,0,-1,1,{'body_modify': '-'},[]
643862,Method,com.android.server.display.WifiDisplayController.Anonymous_Class.run,services/core/java/com/android/server/display/WifiDisplayController.java,0,-1,1,{'body_modify': '-'},[]
644618,Method,com.android.server.fingerprint.AuthenticationClient.AuthenticationClient,services/core/java/com/android/server/fingerprint/AuthenticationClient.java,0,-1,1,{'body_modify': '-'},[]
644641,Method,com.android.server.fingerprint.AuthenticationClient.onAuthenticated,services/core/java/com/android/server/fingerprint/AuthenticationClient.java,0,-1,1,{'body_modify': '-'},[]
644654,Method,com.android.server.fingerprint.AuthenticationClient.start,services/core/java/com/android/server/fingerprint/AuthenticationClient.java,0,-1,1,{'body_modify': '-'},[]
644664,Method,com.android.server.fingerprint.AuthenticationClient.stop,services/core/java/com/android/server/fingerprint/AuthenticationClient.java,0,-1,1,{'body_modify': '-'},[]
644763,Method,com.android.server.fingerprint.EnrollClient.EnrollClient,services/core/java/com/android/server/fingerprint/EnrollClient.java,0,-1,1,"{'body_modify': '-', 'param_add': 'context halDeviceId token receiver userId groupId cryptoToken restricted owner-context halDeviceId token receiver userId groupId cryptoToken restricted owner statusBarService'}",[]
644779,Method,com.android.server.fingerprint.EnrollClient.sendEnrollResult,services/core/java/com/android/server/fingerprint/EnrollClient.java,0,-1,1,{'body_modify': '-'},[]
644788,Method,com.android.server.fingerprint.EnrollClient.start,services/core/java/com/android/server/fingerprint/EnrollClient.java,0,-1,1,{'body_modify': '-'},[]
644796,Method,com.android.server.fingerprint.EnrollClient.stop,services/core/java/com/android/server/fingerprint/EnrollClient.java,0,-1,1,{'body_modify': '-'},[]
644925,Method,com.android.server.fingerprint.FingerprintService.FingerprintService,services/core/java/com/android/server/fingerprint/FingerprintService.java,0,-1,1,{'body_modify': '-'},[]
644940,Method,com.android.server.fingerprint.FingerprintService.doFingerprintCleanupForUser,services/core/java/com/android/server/fingerprint/FingerprintService.java,0,-1,1,{'body_modify': '-'},[]
644957,Method,com.android.server.fingerprint.FingerprintService.handleError,services/core/java/com/android/server/fingerprint/FingerprintService.java,0,-1,1,{'body_modify': '-'},[]
644970,Method,com.android.server.fingerprint.FingerprintService.handleAuthenticated,services/core/java/com/android/server/fingerprint/FingerprintService.java,0,-1,1,{'body_modify': '-'},[]
644978,Method,com.android.server.fingerprint.FingerprintService.handleAcquired,services/core/java/com/android/server/fingerprint/FingerprintService.java,0,-1,1,{'body_modify': '-'},[]
645018,Method,com.android.server.fingerprint.FingerprintService.startRemove,services/core/java/com/android/server/fingerprint/FingerprintService.java,0,-1,1,{'body_modify': '-'},[]
645038,Method,com.android.server.fingerprint.FingerprintService.startEnumerate,services/core/java/com/android/server/fingerprint/FingerprintService.java,0,-1,1,{'body_modify': '-'},[]
645103,Method,com.android.server.fingerprint.FingerprintService.startAuthentication,services/core/java/com/android/server/fingerprint/FingerprintService.java,0,-1,1,{'body_modify': '-'},[]
645120,Method,com.android.server.fingerprint.FingerprintService.startAuthentication.Anonymous_Class.handleFailedAttempt,services/core/java/com/android/server/fingerprint/FingerprintService.java,0,-1,1,{'body_modify': '-'},[]
645129,Method,com.android.server.fingerprint.FingerprintService.startEnrollment,services/core/java/com/android/server/fingerprint/FingerprintService.java,0,-1,1,{'body_modify': '-'},[]
645247,Method,com.android.server.fingerprint.FingerprintService.FingerprintServiceWrapper.cancelAuthentication,services/core/java/com/android/server/fingerprint/FingerprintService.java,0,-1,1,{'body_modify': '-'},[]
645254,Method,com.android.server.fingerprint.FingerprintService.FingerprintServiceWrapper.cancelAuthentication.Anonymous_Class.run,services/core/java/com/android/server/fingerprint/FingerprintService.java,0,-1,1,{'body_modify': '-'},[]
646457,Method,com.android.server.HardwarePropertiesManagerService.enforceHardwarePropertiesRetrievalAllowed,services/core/java/com/android/server/HardwarePropertiesManagerService.java,0,-1,1,{'body_modify': '-'},[]
650005,Method,com.android.server.input.InputManagerService.start,services/core/java/com/android/server/input/InputManagerService.java,0,-1,1,{'body_modify': '-'},[]
650007,Method,com.android.server.input.InputManagerService.start.Anonymous_Class.onReceive,services/core/java/com/android/server/input/InputManagerService.java,0,-1,1,{'body_modify': '-'},[]
650983,Method,com.android.server.InputMethodManagerService.SettingsObserver.registerContentObserverLocked,services/core/java/com/android/server/InputMethodManagerService.java,0,-1,1,{'body_modify': '-'},[]
650986,Method,com.android.server.InputMethodManagerService.SettingsObserver.onChange,services/core/java/com/android/server/InputMethodManagerService.java,0,-1,1,{'body_modify': '-'},[]
651112,Method,com.android.server.InputMethodManagerService.switchUserLocked,services/core/java/com/android/server/InputMethodManagerService.java,0,-1,1,{'body_modify': '-'},[]
651125,Method,com.android.server.InputMethodManagerService.systemRunning,services/core/java/com/android/server/InputMethodManagerService.java,0,-1,1,{'body_modify': '-'},[]
653992,Method,com.android.server.job.JobSchedulerService.scheduleAsPackage,services/core/java/com/android/server/job/JobSchedulerService.java,0,-1,1,{'body_modify': '-'},[]
654040,Method,com.android.server.job.JobSchedulerService.cancelJobImplLocked,services/core/java/com/android/server/job/JobSchedulerService.java,0,-1,1,{'body_modify': '-'},[]
654164,Method,com.android.server.job.JobSchedulerService.JobHandler.handleMessage,services/core/java/com/android/server/job/JobSchedulerService.java,0,-1,1,{'body_modify': '-'},[]
655182,Method,com.android.server.lights.LightsService.LightImpl.setLightLocked,services/core/java/com/android/server/lights/LightsService.java,0,-1,1,{'body_modify': '-'},[]
655210,Method,com.android.server.lights.LightsService.getVrDisplayMode,services/core/java/com/android/server/lights/LightsService.java,0,-1,1,{'body_modify': '-'},[]
655223,Method,com.android.server.lights.LightsService.setLight_native,services/core/java/com/android/server/lights/LightsService.java,0,-1,1,"{'body_modify': '-', 'param_add': 'light color mode onMS offMS brightnessMode-light color mode onMS offMS brightnessMode brightnessLevel'}",[]
657828,Method,com.android.server.LocationManagerService.loadProvidersLocked,services/core/java/com/android/server/LocationManagerService.java,0,-1,1,{'body_modify': '-'},[]
658240,Method,com.android.server.LocationManagerService.isLocationEnabledForUser,services/core/java/com/android/server/LocationManagerService.java,0,-1,1,{'body_modify': '-'},[]
658243,Method,com.android.server.LocationManagerService.setLocationEnabledForUser,services/core/java/com/android/server/LocationManagerService.java,0,-1,1,{'body_modify': '-'},[]
658326,Method,com.android.server.LocationManagerService.isMockProvider,services/core/java/com/android/server/LocationManagerService.java,0,-1,1,{'body_modify': '-'},[]
658337,Method,com.android.server.LocationManagerService.handleLocationChanged,services/core/java/com/android/server/LocationManagerService.java,0,-1,1,{'body_modify': '-'},[]
658734,Method,com.android.server.locksettings.LockSettingsService.setSeparateProfileChallengeEnabledLocked,services/core/java/com/android/server/locksettings/LockSettingsService.java,0,-1,1,{'body_modify': '-'},[]
658951,Method,com.android.server.locksettings.LockSettingsService.checkCredential,services/core/java/com/android/server/locksettings/LockSettingsService.java,0,-1,1,{'body_modify': '-'},[]
658981,Method,com.android.server.locksettings.LockSettingsService.verifyCredential,services/core/java/com/android/server/locksettings/LockSettingsService.java,0,-1,1,{'body_modify': '-'},[]
659135,Method,com.android.server.locksettings.LockSettingsService.setLockCredentialWithAuthTokenLocked,services/core/java/com/android/server/locksettings/LockSettingsService.java,0,-1,1,{'body_modify': '-'},[]
659280,Method,com.android.server.locksettings.LockSettingsShellCommand.runSetPattern,services/core/java/com/android/server/locksettings/LockSettingsShellCommand.java,0,-1,1,{'body_modify': '-'},[]
659289,Method,com.android.server.locksettings.LockSettingsShellCommand.checkCredential,services/core/java/com/android/server/locksettings/LockSettingsShellCommand.java,0,-1,1,{'body_modify': '-'},[]
661467,Method,com.android.server.locksettings.SyntheticPasswordManager.AuthenticationToken.deriveKeyStorePassword,services/core/java/com/android/server/locksettings/SyntheticPasswordManager.java,0,-1,1,{'body_modify': '-'},[]
661468,Method,com.android.server.locksettings.SyntheticPasswordManager.AuthenticationToken.deriveGkPassword,services/core/java/com/android/server/locksettings/SyntheticPasswordManager.java,0,-1,1,{'body_modify': '-'},[]
661469,Method,com.android.server.locksettings.SyntheticPasswordManager.AuthenticationToken.deriveDiskEncryptionKey,services/core/java/com/android/server/locksettings/SyntheticPasswordManager.java,0,-1,1,{'body_modify': '-'},[]
661470,Method,com.android.server.locksettings.SyntheticPasswordManager.AuthenticationToken.deriveVendorAuthSecret,services/core/java/com/android/server/locksettings/SyntheticPasswordManager.java,0,-1,1,{'body_modify': '-'},[]
661471,Method,com.android.server.locksettings.SyntheticPasswordManager.AuthenticationToken.derivePasswordHashFactor,services/core/java/com/android/server/locksettings/SyntheticPasswordManager.java,0,-1,1,{'body_modify': '-'},[]
661477,Method,com.android.server.locksettings.SyntheticPasswordManager.AuthenticationToken.create,services/core/java/com/android/server/locksettings/SyntheticPasswordManager.java,0,-1,1,{'body_modify': '-'},[]
661654,Method,com.android.server.locksettings.SyntheticPasswordManager.createSyntheticPasswordBlob,services/core/java/com/android/server/locksettings/SyntheticPasswordManager.java,0,-1,1,{'body_modify': '-'},[]
661690,Method,com.android.server.locksettings.SyntheticPasswordManager.unwrapSyntheticPasswordBlob,services/core/java/com/android/server/locksettings/SyntheticPasswordManager.java,0,-1,1,{'body_modify': '-'},[]
665784,Method,com.android.server.net.NetworkPolicyManagerService.updateRulesForDataUsageRestrictionsULInner,services/core/java/com/android/server/net/NetworkPolicyManagerService.java,0,-1,1,{'body_modify': '-'},[]
666984,Method,com.android.server.net.NetworkStatsService.forceUpdateIfaces,services/core/java/com/android/server/net/NetworkStatsService.java,0,-1,1,"{'body_modify': '-', 'param_add': 'defaultNetworks-defaultNetworks vpnArray networkStates activeIface'}",[]
666995,Method,com.android.server.net.NetworkStatsService.registerUsageCallback,services/core/java/com/android/server/net/NetworkStatsService.java,0,-1,1,{'body_modify': '-'},[]
667011,Method,com.android.server.net.NetworkStatsService.getIfaceStats,services/core/java/com/android/server/net/NetworkStatsService.java,0,-1,1,{'body_modify': '-'},[]
667047,Method,com.android.server.net.NetworkStatsService.Anonymous_Class.limitReached,services/core/java/com/android/server/net/NetworkStatsService.java,0,-1,1,{'body_modify': '-'},[]
667050,Method,com.android.server.net.NetworkStatsService.updateIfaces,services/core/java/com/android/server/net/NetworkStatsService.java,0,-1,1,"{'body_modify': '-', 'param_add': 'defaultNetworks-defaultNetworks vpnArray networkStates activeIface'}",[]
667055,Method,com.android.server.net.NetworkStatsService.updateIfacesLocked,services/core/java/com/android/server/net/NetworkStatsService.java,0,-1,1,"{'body_modify': '-', 'param_add': 'defaultNetworks-defaultNetworks states'}",[]
667073,Method,com.android.server.net.NetworkStatsService.recordSnapshotLocked,services/core/java/com/android/server/net/NetworkStatsService.java,0,-1,1,{'body_modify': '-'},[]
667160,Method,com.android.server.net.NetworkStatsService.getNetworkStatsUidDetail,services/core/java/com/android/server/net/NetworkStatsService.java,0,-1,1,{'body_modify': '-'},[]
667177,Method,com.android.server.net.NetworkStatsService.HandlerCallback.handleMessage,services/core/java/com/android/server/net/NetworkStatsService.java,0,-1,1,{'body_modify': '-'},[]
667792,Method,com.android.server.NetworkManagementService.NetworkManagementService,services/core/java/com/android/server/NetworkManagementService.java,0,-1,1,{'body_modify': '-'},[]
667806,Method,com.android.server.NetworkManagementService.systemReady,services/core/java/com/android/server/NetworkManagementService.java,0,-1,1,{'body_modify': '-'},[]
669047,Method,com.android.server.notification.ConditionProviders.onServiceAdded,services/core/java/com/android/server/notification/ConditionProviders.java,0,-1,1,{'body_modify': '-'},[]
669675,Method,com.android.server.notification.ManagedServices.registerServiceLocked,services/core/java/com/android/server/notification/ManagedServices.java,0,-1,1,{'body_modify': '-'},[]
670245,Method,com.android.server.notification.NotificationManagerService.clearLightsLocked,services/core/java/com/android/server/notification/NotificationManagerService.java,0,-1,1,{'body_modify': '-'},[]
670292,Method,com.android.server.notification.NotificationManagerService.Anonymous_Class.onReceive,services/core/java/com/android/server/notification/NotificationManagerService.java,0,-1,1,{'body_modify': '-'},[]
670313,Method,com.android.server.notification.NotificationManagerService.SettingsObserver.update,services/core/java/com/android/server/notification/NotificationManagerService.java,0,-1,1,{'body_modify': '-'},[]
670368,Method,com.android.server.notification.NotificationManagerService.init,services/core/java/com/android/server/notification/NotificationManagerService.java,0,-1,1,{'body_modify': '-'},[]
670390,Method,com.android.server.notification.NotificationManagerService.init.Anonymous_Class.onZenModeChanged,services/core/java/com/android/server/notification/NotificationManagerService.java,0,-1,1,{'body_modify': '-'},[]
670392,Method,com.android.server.notification.NotificationManagerService.onStart,services/core/java/com/android/server/notification/NotificationManagerService.java,0,-1,1,{'body_modify': '-'},[]
670553,Method,com.android.server.notification.NotificationManagerService.Anonymous_Class.setNotificationsEnabledForPackage,services/core/java/com/android/server/notification/NotificationManagerService.java,0,-1,1,{'body_modify': '-'},[]
670624,Method,com.android.server.notification.NotificationManagerService.Anonymous_Class.getNotificationChannelGroups,services/core/java/com/android/server/notification/NotificationManagerService.java,0,-1,1,{'body_modify': '-'},[]
670655,Method,com.android.server.notification.NotificationManagerService.Anonymous_Class.getNotificationChannelGroupsForPackage,services/core/java/com/android/server/notification/NotificationManagerService.java,0,-1,1,{'body_modify': '-'},[]
671044,Method,com.android.server.notification.NotificationManagerService.disableNotificationEffects,services/core/java/com/android/server/notification/NotificationManagerService.java,0,-1,1,{'body_modify': '-'},[]
671080,Method,com.android.server.notification.NotificationManagerService.dumpImpl,services/core/java/com/android/server/notification/NotificationManagerService.java,0,-1,1,{'body_modify': '-'},[]
671117,Method,com.android.server.notification.NotificationManagerService.Anonymous_Class.removeForegroundServiceFlagFromNotification,services/core/java/com/android/server/notification/NotificationManagerService.java,0,-1,1,{'body_modify': '-'},[]
671154,Method,com.android.server.notification.NotificationManagerService.doChannelWarningToast,services/core/java/com/android/server/notification/NotificationManagerService.java,0,-1,1,{'body_modify': '-'},[]
671189,Method,com.android.server.notification.NotificationManagerService.isBlocked,services/core/java/com/android/server/notification/NotificationManagerService.java,0,-1,1,{'body_modify': '-'},[]
671237,Method,com.android.server.notification.NotificationManagerService.PostNotificationRunnable.run,services/core/java/com/android/server/notification/NotificationManagerService.java,0,-1,1,{'body_modify': '-'},[]
671255,Method,com.android.server.notification.NotificationManagerService.isVisuallyInterruptive,services/core/java/com/android/server/notification/NotificationManagerService.java,0,-1,1,{'body_modify': '-'},[]
671290,Method,com.android.server.notification.NotificationManagerService.buzzBeepBlinkLocked,services/core/java/com/android/server/notification/NotificationManagerService.java,0,-1,1,{'body_modify': '-'},[]
671318,Method,com.android.server.notification.NotificationManagerService.shouldMuteNotificationLocked,services/core/java/com/android/server/notification/NotificationManagerService.java,0,-1,1,{'body_modify': '-'},[]
671648,Method,com.android.server.notification.NotificationManagerService.updateLightsLocked,services/core/java/com/android/server/notification/NotificationManagerService.java,0,-1,1,{'body_modify': '-'},[]
671879,Method,com.android.server.notification.NotificationManagerService.NotificationListeners.notifyPostedLocked,services/core/java/com/android/server/notification/NotificationManagerService.java,0,-1,1,{'body_modify': '-'},[]
672021,Method,com.android.server.notification.NotificationManagerService.simulatePackageSuspendBroadcast,services/core/java/com/android/server/notification/NotificationManagerService.java,0,-1,1,{'body_modify': '-'},[]
672102,Method,com.android.server.notification.NotificationRecord.NotificationRecord,services/core/java/com/android/server/notification/NotificationRecord.java,0,-1,1,{'body_modify': '-'},[]
672111,Method,com.android.server.notification.NotificationRecord.calculateLights,services/core/java/com/android/server/notification/NotificationRecord.java,0,-1,1,{'body_modify': '-'},[]
672146,Method,com.android.server.notification.NotificationRecord.dump,services/core/java/com/android/server/notification/NotificationRecord.java,0,-1,1,{'body_modify': '-'},[]
672239,Method,com.android.server.notification.NotificationRecord.setSeen,services/core/java/com/android/server/notification/NotificationRecord.java,0,-1,1,{'body_modify': '-'},[]
672262,Method,com.android.server.notification.NotificationRecord.setInterruptive,services/core/java/com/android/server/notification/NotificationRecord.java,0,-1,1,{'body_modify': '-'},[]
672304,Method,com.android.server.notification.NotificationRecord.getLogMaker,services/core/java/com/android/server/notification/NotificationRecord.java,0,-1,1,{'body_modify': '-'},[]
672779,Method,com.android.server.notification.RankingConfig.getNotificationChannelGroups,services/core/java/com/android/server/notification/RankingConfig.java,0,-1,1,"{'body_modify': '-', 'param_add': 'pkg uid includeDeleted includeNonGrouped-pkg uid includeDeleted includeNonGrouped includeEmpty'}",[]
672885,Method,com.android.server.notification.RankingHelper.readXml,services/core/java/com/android/server/notification/RankingHelper.java,0,-1,1,{'body_modify': '-'},[]
672933,Method,com.android.server.notification.RankingHelper.writeXml,services/core/java/com/android/server/notification/RankingHelper.java,0,-1,1,{'body_modify': '-'},[]
673054,Method,com.android.server.notification.RankingHelper.getNotificationChannelGroups,services/core/java/com/android/server/notification/RankingHelper.java,0,-1,1,"{'body_modify': '-', 'param_add': 'pkg uid includeDeleted includeNonGrouped-pkg uid includeDeleted includeNonGrouped includeEmpty'}",[]
673182,Method,com.android.server.notification.RankingHelper.dumpJson,services/core/java/com/android/server/notification/RankingHelper.java,0,-1,1,{'body_modify': '-'},[]
673197,Method,com.android.server.notification.RankingHelper.dumpBansJson,services/core/java/com/android/server/notification/RankingHelper.java,0,-1,1,{'body_modify': '-'},[]
673211,Method,com.android.server.notification.RankingHelper.dumpChannelsJson,services/core/java/com/android/server/notification/RankingHelper.java,0,-1,1,{'body_modify': '-'},[]
673870,Method,com.android.server.notification.ZenModeConditions.evaluateConfig,services/core/java/com/android/server/notification/ZenModeConditions.java,0,-1,1,"{'body_modify': '-', 'param_add': 'config processSubscriptions-config trigger processSubscriptions'}",[]
673882,Method,com.android.server.notification.ZenModeConditions.onServiceAdded,services/core/java/com/android/server/notification/ZenModeConditions.java,0,-1,1,{'body_modify': '-'},[]
673884,Method,com.android.server.notification.ZenModeConditions.onConditionChanged,services/core/java/com/android/server/notification/ZenModeConditions.java,0,-1,1,{'body_modify': '-'},[]
673891,Method,com.android.server.notification.ZenModeConditions.evaluateRule,services/core/java/com/android/server/notification/ZenModeConditions.java,0,-1,1,"{'body_modify': '-', 'param_add': 'rule current processSubscriptions-rule current trigger processSubscriptions'}",[]
674073,Method,com.android.server.notification.ZenModeHelper.loadConfigForUser,services/core/java/com/android/server/notification/ZenModeHelper.java,0,-1,1,{'body_modify': '-'},[]
674092,Method,com.android.server.notification.ZenModeHelper.addAutomaticZenRule,services/core/java/com/android/server/notification/ZenModeHelper.java,0,-1,1,{'body_modify': '-'},[]
674099,Method,com.android.server.notification.ZenModeHelper.updateAutomaticZenRule,services/core/java/com/android/server/notification/ZenModeHelper.java,0,-1,1,{'body_modify': '-'},[]
674105,Method,com.android.server.notification.ZenModeHelper.removeAutomaticZenRule,services/core/java/com/android/server/notification/ZenModeHelper.java,0,-1,1,{'body_modify': '-'},[]
674110,Method,com.android.server.notification.ZenModeHelper.removeAutomaticZenRules,services/core/java/com/android/server/notification/ZenModeHelper.java,0,-1,1,{'body_modify': '-'},[]
674160,Method,com.android.server.notification.ZenModeHelper.setManualZenMode,services/core/java/com/android/server/notification/ZenModeHelper.java,0,-1,1,{'body_modify': '-'},[]
674184,Method,com.android.server.notification.ZenModeHelper.readXml,services/core/java/com/android/server/notification/ZenModeHelper.java,0,-1,1,{'body_modify': '-'},[]
674201,Method,com.android.server.notification.ZenModeHelper.setNotificationPolicy,services/core/java/com/android/server/notification/ZenModeHelper.java,0,-1,1,{'body_modify': '-'},[]
674204,Method,com.android.server.notification.ZenModeHelper.cleanUpZenRules,services/core/java/com/android/server/notification/ZenModeHelper.java,0,-1,1,{'body_modify': '-'},[]
674211,Method,com.android.server.notification.ZenModeHelper.setConfigLocked,services/core/java/com/android/server/notification/ZenModeHelper.java,0,-1,1,"{'body_modify': '-', 'param_add': 'config reason-config triggeringComponent reason'}",[]
674215,Method,com.android.server.notification.ZenModeHelper.setConfig,services/core/java/com/android/server/notification/ZenModeHelper.java,0,-1,1,"{'body_modify': '-', 'param_add': 'config reason-config triggeringComponent reason'}",[]
674219,Method,com.android.server.notification.ZenModeHelper.setConfigLocked,services/core/java/com/android/server/notification/ZenModeHelper.java,0,-1,1,"{'body_modify': '-', 'param_add': 'config reason setRingerMode-config reason triggeringComponent setRingerMode'}",[]
674227,Method,com.android.server.notification.ZenModeHelper.applyConfig,services/core/java/com/android/server/notification/ZenModeHelper.java,0,-1,1,"{'body_modify': '-', 'param_add': 'config reason setRingerMode-config reason triggeringComponent setRingerMode'}",[]
674356,Method,com.android.server.notification.ZenModeHelper.H.ConfigMessageData.ConfigMessageData,services/core/java/com/android/server/notification/ZenModeHelper.java,0,-1,1,"{'body_modify': '-', 'param_add': 'config reason setRingerMode-config reason triggeringComponent setRingerMode'}",[]
674366,Method,com.android.server.notification.ZenModeHelper.H.postApplyConfig,services/core/java/com/android/server/notification/ZenModeHelper.java,0,-1,1,"{'body_modify': '-', 'param_add': 'config reason setRingerMode-config reason triggeringComponent setRingerMode'}",[]
674371,Method,com.android.server.notification.ZenModeHelper.H.handleMessage,services/core/java/com/android/server/notification/ZenModeHelper.java,0,-1,1,{'body_modify': '-'},[]
674777,Method,com.android.server.om.OverlayManagerService.onBootPhase,services/core/java/com/android/server/om/OverlayManagerService.java,0,-1,1,{'body_modify': '-'},[]
675712,Method,com.android.server.PinnerService.Anonymous_Class.onReceive,services/core/java/com/android/server/PinnerService.java,0,-1,1,{'body_modify': '-'},[]
675718,Method,com.android.server.PinnerService.PinnerService,services/core/java/com/android/server/PinnerService.java,0,-1,1,{'body_modify': '-'},[]
675723,Method,com.android.server.PinnerService.onStart,services/core/java/com/android/server/PinnerService.java,0,-1,1,{'body_modify': '-'},[]
675724,Method,com.android.server.PinnerService.onSwitchUser,services/core/java/com/android/server/PinnerService.java,0,-1,1,{'body_modify': '-'},[]
675728,Method,com.android.server.PinnerService.update,services/core/java/com/android/server/PinnerService.java,0,-1,1,"{'body_modify': '-', 'param_add': 'updatedPackages-updatedPackages force'}",[]
675773,Method,com.android.server.PinnerService.unpinApp,services/core/java/com/android/server/PinnerService.java,0,-1,1,"{'rename': '-', 'param_modify': '-', 'body_modify': '-', 'param_add': '-key'}","[{'type': 'Rename Method', 'source_name': 'com.android.server.PinnerService.unpinCameraApp', 'source_param': ''}]"
675780,Method,com.android.server.PinnerService.getCameraInfo,services/core/java/com/android/server/PinnerService.java,0,-1,1,{'body_modify': '-'},[]
675784,Method,com.android.server.PinnerService.getHomeInfo,services/core/java/com/android/server/PinnerService.java,0,-1,1,"{'rename': '-', 'body_modify': '-', 'return_type_modify': 'boolean-android.content.pm.ApplicationInfo'}",[]
675821,Method,com.android.server.PinnerService.pinApp,services/core/java/com/android/server/PinnerService.java,0,-1,1,"{'rename': '-', 'param_modify': '-', 'body_modify': '-', 'param_add': 'userHandle-key appInfo'}","[{'type': 'Rename Method', 'source_name': 'com.android.server.PinnerService.handlePinCamera', 'source_param': 'userHandle'}]"
675900,Method,com.android.server.PinnerService.BinderService.dump,services/core/java/com/android/server/PinnerService.java,0,-1,1,{'body_modify': '-'},[]
675935,Method,com.android.server.PinnerService.PinnerHandler.handleMessage,services/core/java/com/android/server/PinnerService.java,0,-1,1,{'body_modify': '-'},[]
676073,Method,com.android.server.pm.BackgroundDexOptService.notifyPinService,services/core/java/com/android/server/pm/BackgroundDexOptService.java,0,-1,1,{'body_modify': '-'},[]
676414,Method,com.android.server.pm.dex.ArtManagerService.getCompilationReasonTronValue,services/core/java/com/android/server/pm/dex/ArtManagerService.java,0,-1,1,{'body_modify': '-'},[]
678698,Method,com.android.server.pm.PackageDexOptimizer.dexOptPath,services/core/java/com/android/server/pm/PackageDexOptimizer.java,0,-1,1,{'body_modify': '-'},[]
680096,Method,com.android.server.pm.PackageManagerService.handlePackagePostInstall,services/core/java/com/android/server/pm/PackageManagerService.java,0,-1,1,{'body_modify': '-'},[]
680190,Method,com.android.server.pm.PackageManagerService.PackageManagerService,services/core/java/com/android/server/pm/PackageManagerService.java,0,-1,1,{'body_modify': '-'},[]
681622,Method,com.android.server.pm.PackageManagerService.collectCertificatesLI,services/core/java/com/android/server/pm/PackageManagerService.java,0,-1,1,{'body_modify': '-'},[]
681664,Method,com.android.server.pm.PackageManagerService.addForInitLI,services/core/java/com/android/server/pm/PackageManagerService.java,0,-1,1,{'body_modify': '-'},[]
682004,Method,com.android.server.pm.PackageManagerService.scanPackageNewLI,services/core/java/com/android/server/pm/PackageManagerService.java,0,-1,1,{'body_modify': '-'},[]
682111,Method,com.android.server.pm.PackageManagerService.applyPolicy,services/core/java/com/android/server/pm/PackageManagerService.java,0,-1,1,"{'body_modify': '-', 'param_add': 'pkg parseFlags scanFlags platformPkg-pkg parseFlags scanFlags platformPkg vendorPlatformSignatures'}",[]
682782,Method,com.android.server.pm.PackageManagerService.installExistingPackageAsUser,services/core/java/com/android/server/pm/PackageManagerService.java,0,-1,1,{'body_modify': '-'},[]
684381,Method,com.android.server.pm.PackageManagerService.setComponentEnabledSetting,services/core/java/com/android/server/pm/PackageManagerService.java,0,-1,1,{'body_modify': '-'},[]
684459,Method,com.android.server.pm.PackageManagerService.systemReady,services/core/java/com/android/server/pm/PackageManagerService.java,0,-1,1,{'body_modify': '-'},[]
684656,Method,com.android.server.pm.PackageManagerService.loadPrivatePackagesInner,services/core/java/com/android/server/pm/PackageManagerService.java,0,-1,1,{'body_modify': '-'},[]
688672,Method,com.android.server.pm.Settings.VersionInfo.forceCurrent,services/core/java/com/android/server/pm/Settings.java,0,-1,1,{'body_modify': '-'},[]
689274,Method,com.android.server.pm.Settings.readLPw,services/core/java/com/android/server/pm/Settings.java,0,-1,1,{'body_modify': '-'},[]
689516,Method,com.android.server.pm.Settings.createNewUserLI,services/core/java/com/android/server/pm/Settings.java,0,-1,1,{'body_modify': '-'},[]
689776,Method,com.android.server.pm.Settings.RuntimePermissionPersistence.onDefaultRuntimePermissionsGrantedLPr,services/core/java/com/android/server/pm/Settings.java,0,-1,1,{'body_modify': '-'},[]
689789,Method,com.android.server.pm.Settings.RuntimePermissionPersistence.writePermissionsSync,services/core/java/com/android/server/pm/Settings.java,0,-1,1,{'body_modify': '-'},[]
689854,Method,com.android.server.pm.Settings.RuntimePermissionPersistence.parseRuntimePermissionsLPr,services/core/java/com/android/server/pm/Settings.java,0,-1,1,{'body_modify': '-'},[]
691955,Method,com.android.server.pm.ShortcutService.injectBuildFingerprint,services/core/java/com/android/server/pm/ShortcutService.java,0,-1,1,{'body_modify': '-'},[]
692620,Method,com.android.server.pm.UserManagerService.initDefaultGuestRestrictions,services/core/java/com/android/server/pm/UserManagerService.java,0,-1,1,{'body_modify': '-'},[]
692893,Method,com.android.server.pm.UserManagerService.createUserInternalUnchecked,services/core/java/com/android/server/pm/UserManagerService.java,0,-1,1,{'body_modify': '-'},[]
693057,Method,com.android.server.pm.UserManagerService.onBeforeStartUser,services/core/java/com/android/server/pm/UserManagerService.java,0,-1,1,{'body_modify': '-'},[]
693062,Method,com.android.server.pm.UserManagerService.onBeforeUnlockUser,services/core/java/com/android/server/pm/UserManagerService.java,0,-1,1,{'body_modify': '-'},[]
693069,Method,com.android.server.pm.UserManagerService.onUserLoggedIn,services/core/java/com/android/server/pm/UserManagerService.java,0,-1,1,{'body_modify': '-'},[]
693186,Method,com.android.server.pm.UserManagerService.LocalService.createUserEvenWhenDisallowed,services/core/java/com/android/server/pm/UserManagerService.java,0,-1,1,{'body_modify': '-'},[]
693431,Method,com.android.server.policy.BarController.applyTranslucentFlagLw,services/core/java/com/android/server/policy/BarController.java,0,-1,1,{'body_modify': '-'},[]
693449,Method,com.android.server.policy.BarController.skipAnimation,services/core/java/com/android/server/policy/BarController.java,0,-1,1,{'body_modify': '-'},[]
693707,Method,com.android.server.policy.ImmersiveModeConfirmation.immersiveModeChangedLw,services/core/java/com/android/server/policy/ImmersiveModeConfirmation.java,0,-1,1,{'body_modify': '-'},[]
693993,Method,com.android.server.policy.keyguard.KeyguardStateMonitor.KeyguardStateMonitor,services/core/java/com/android/server/policy/keyguard/KeyguardStateMonitor.java,0,-1,1,{'body_modify': '-'},[]
694004,Method,com.android.server.policy.keyguard.KeyguardStateMonitor.onShowingStateChanged,services/core/java/com/android/server/policy/keyguard/KeyguardStateMonitor.java,0,-1,1,{'body_modify': '-'},[]
694640,Method,com.android.server.policy.PhoneWindowManager.PolicyHandler.handleMessage,services/core/java/com/android/server/policy/PhoneWindowManager.java,0,-1,1,{'body_modify': '-'},[]
694654,Method,com.android.server.policy.PhoneWindowManager.SettingsObserver.observe,services/core/java/com/android/server/policy/PhoneWindowManager.java,0,-1,1,{'body_modify': '-'},[]
694705,Method,com.android.server.policy.PhoneWindowManager.interceptPowerKeyDown,services/core/java/com/android/server/policy/PhoneWindowManager.java,0,-1,1,{'body_modify': '-'},[]
694727,Method,com.android.server.policy.PhoneWindowManager.cancelPendingPowerKeyAction,services/core/java/com/android/server/policy/PhoneWindowManager.java,0,-1,1,{'body_modify': '-'},[]
694743,Method,com.android.server.policy.PhoneWindowManager.powerLongPress,services/core/java/com/android/server/policy/PhoneWindowManager.java,0,-1,1,{'body_modify': '-'},[]
694761,Method,com.android.server.policy.PhoneWindowManager.getResolvedLongPressOnPowerBehavior,services/core/java/com/android/server/policy/PhoneWindowManager.java,0,-1,1,{'body_modify': '-'},[]
694821,Method,com.android.server.policy.PhoneWindowManager.launchCameraAction,services/core/java/com/android/server/policy/PhoneWindowManager.java,0,-1,1,"{'rename': '-', 'body_modify': '-'}",[]
694835,Method,com.android.server.policy.PhoneWindowManager.init,services/core/java/com/android/server/policy/PhoneWindowManager.java,0,-1,1,{'body_modify': '-'},[]
694899,Method,com.android.server.policy.PhoneWindowManager.setInitialDisplaySize,services/core/java/com/android/server/policy/PhoneWindowManager.java,0,-1,1,{'body_modify': '-'},[]
694914,Method,com.android.server.policy.PhoneWindowManager.updateSettings,services/core/java/com/android/server/policy/PhoneWindowManager.java,0,-1,1,{'body_modify': '-'},[]
694961,Method,com.android.server.policy.PhoneWindowManager.adjustConfigurationLw,services/core/java/com/android/server/policy/PhoneWindowManager.java,0,-1,1,{'body_modify': '-'},[]
695105,Method,com.android.server.policy.PhoneWindowManager.interceptKeyBeforeDispatching,services/core/java/com/android/server/policy/PhoneWindowManager.java,0,-1,1,{'body_modify': '-'},[]
695238,Method,com.android.server.policy.PhoneWindowManager.launchHomeFromHotKey,services/core/java/com/android/server/policy/PhoneWindowManager.java,0,-1,1,{'body_modify': '-'},[]
695267,Method,com.android.server.policy.PhoneWindowManager.getLayoutHintLw,services/core/java/com/android/server/policy/PhoneWindowManager.java,0,-1,1,{'body_modify': '-'},[]
695302,Method,com.android.server.policy.PhoneWindowManager.beginLayoutLw,services/core/java/com/android/server/policy/PhoneWindowManager.java,0,-1,1,{'body_modify': '-'},[]
695391,Method,com.android.server.policy.PhoneWindowManager.layoutWindowLw,services/core/java/com/android/server/policy/PhoneWindowManager.java,0,-1,1,{'body_modify': '-'},[]
695435,Method,com.android.server.policy.PhoneWindowManager.offsetInputMethodWindowLw,services/core/java/com/android/server/policy/PhoneWindowManager.java,0,-1,1,{'body_modify': '-'},[]
695446,Method,com.android.server.policy.PhoneWindowManager.applyPostLayoutPolicyLw,services/core/java/com/android/server/policy/PhoneWindowManager.java,0,-1,1,{'body_modify': '-'},[]
695459,Method,com.android.server.policy.PhoneWindowManager.finishPostLayoutPolicyLw,services/core/java/com/android/server/policy/PhoneWindowManager.java,0,-1,1,{'body_modify': '-'},[]
695467,Method,com.android.server.policy.PhoneWindowManager.topAppHidesStatusBar,services/core/java/com/android/server/policy/PhoneWindowManager.java,0,-1,1,{'body_modify': '-'},[]
695509,Method,com.android.server.policy.PhoneWindowManager.interceptKeyBeforeQueueing,services/core/java/com/android/server/policy/PhoneWindowManager.java,0,-1,1,{'body_modify': '-'},[]
695553,Method,com.android.server.policy.PhoneWindowManager.isWakeKeyWhenScreenOff,services/core/java/com/android/server/policy/PhoneWindowManager.java,0,-1,1,{'body_modify': '-'},[]
695558,Method,com.android.server.policy.PhoneWindowManager.shouldDispatchInputWhenNonInteractive,services/core/java/com/android/server/policy/PhoneWindowManager.java,0,-1,1,{'body_modify': '-'},[]
695616,Method,com.android.server.policy.PhoneWindowManager.wakeUp,services/core/java/com/android/server/policy/PhoneWindowManager.java,0,-1,1,{'body_modify': '-'},[]
695638,Method,com.android.server.policy.PhoneWindowManager.finishScreenTurningOn,services/core/java/com/android/server/policy/PhoneWindowManager.java,0,-1,1,{'body_modify': '-'},[]
695696,Method,com.android.server.policy.PhoneWindowManager.rotationForOrientationLw,services/core/java/com/android/server/policy/PhoneWindowManager.java,0,-1,1,{'body_modify': '-'},[]
695729,Method,com.android.server.policy.PhoneWindowManager.systemReady,services/core/java/com/android/server/policy/PhoneWindowManager.java,0,-1,1,{'body_modify': '-'},[]
695773,Method,com.android.server.policy.PhoneWindowManager.applyLidSwitchState,services/core/java/com/android/server/policy/PhoneWindowManager.java,0,-1,1,{'body_modify': '-'},[]
695817,Method,com.android.server.policy.PhoneWindowManager.updateSystemUiVisibilityLw,services/core/java/com/android/server/policy/PhoneWindowManager.java,0,-1,1,{'body_modify': '-'},[]
695835,Method,com.android.server.policy.PhoneWindowManager.updateLightStatusBarLw,services/core/java/com/android/server/policy/PhoneWindowManager.java,0,-1,1,{'body_modify': '-'},[]
695841,Method,com.android.server.policy.PhoneWindowManager.chooseNavigationColorWindowLw,services/core/java/com/android/server/policy/PhoneWindowManager.java,0,-1,1,{'body_modify': '-'},[]
695847,Method,com.android.server.policy.PhoneWindowManager.updateLightNavigationBarLw,services/core/java/com/android/server/policy/PhoneWindowManager.java,0,-1,1,{'body_modify': '-'},[]
695853,Method,com.android.server.policy.PhoneWindowManager.updateSystemBarsLw,services/core/java/com/android/server/policy/PhoneWindowManager.java,0,-1,1,{'body_modify': '-'},[]
695929,Method,com.android.server.policy.PhoneWindowManager.dump,services/core/java/com/android/server/policy/PhoneWindowManager.java,0,-1,1,{'body_modify': '-'},[]
696671,Method,com.android.server.policy.WindowOrientationListener.WindowOrientationListener,services/core/java/com/android/server/policy/WindowOrientationListener.java,0,-1,1,{'body_modify': '-'},[]
696776,Method,com.android.server.policy.WindowOrientationListener.AccelSensorJudge.onSensorChanged,services/core/java/com/android/server/policy/WindowOrientationListener.java,0,-1,1,{'body_modify': '-'},[]
696846,Method,com.android.server.policy.WindowOrientationListener.OrientationSensorJudge.onSensorChanged,services/core/java/com/android/server/policy/WindowOrientationListener.java,0,-1,1,{'body_modify': '-'},[]
697455,Method,com.android.server.power.Notifier.Notifier,services/core/java/com/android/server/power/Notifier.java,0,-1,1,{'body_modify': '-'},[]
697586,Method,com.android.server.power.Notifier.playChargingStartedSound,services/core/java/com/android/server/power/Notifier.java,0,-1,1,{'body_modify': '-'},[]
697590,Method,com.android.server.power.Notifier.showWirelessChargingStarted,services/core/java/com/android/server/power/Notifier.java,0,-1,1,{'body_modify': '-'},[]
697592,Method,com.android.server.power.Notifier.showWiredCharging,services/core/java/com/android/server/power/Notifier.java,0,-1,1,"{'rename': '-', 'body_modify': '-'}",[]
697595,Method,com.android.server.power.Notifier.playChargingVibration,services/core/java/com/android/server/power/Notifier.java,0,-1,1,"{'rename': '-', 'body_modify': '-', 'param_add': '-dockedOnWirelessCharger'}",[]
697598,Method,com.android.server.power.Notifier.isChargingFeedbackEnabled,services/core/java/com/android/server/power/Notifier.java,0,-1,1,{'body_modify': '-'},[]
697605,Method,com.android.server.power.Notifier.NotifierHandler.handleMessage,services/core/java/com/android/server/power/Notifier.java,0,-1,1,{'body_modify': '-'},[]
697858,Method,com.android.server.power.PowerManagerService.systemReady,services/core/java/com/android/server/power/PowerManagerService.java,0,-1,1,{'body_modify': '-'},[]
697868,Method,com.android.server.power.PowerManagerService.readConfigurationLocked,services/core/java/com/android/server/power/PowerManagerService.java,0,-1,1,{'body_modify': '-'},[]
697870,Method,com.android.server.power.PowerManagerService.updateSettingsLocked,services/core/java/com/android/server/power/PowerManagerService.java,0,-1,1,{'body_modify': '-'},[]
697956,Method,com.android.server.power.PowerManagerService.userActivityNoUpdateLocked,services/core/java/com/android/server/power/PowerManagerService.java,0,-1,1,{'body_modify': '-'},[]
698022,Method,com.android.server.power.PowerManagerService.updateIsPoweredLocked,services/core/java/com/android/server/power/PowerManagerService.java,0,-1,1,{'body_modify': '-'},[]
698029,Method,com.android.server.power.PowerManagerService.shouldWakeUpWhenPluggedOrUnpluggedLocked,services/core/java/com/android/server/power/PowerManagerService.java,0,-1,1,{'body_modify': '-'},[]
698068,Method,com.android.server.power.PowerManagerService.updateUserActivitySummaryLocked,services/core/java/com/android/server/power/PowerManagerService.java,0,-1,1,{'body_modify': '-'},[]
698157,Method,com.android.server.power.PowerManagerService.shutdownOrRebootInternal,services/core/java/com/android/server/power/PowerManagerService.java,0,-1,1,"{'body_modify': '-', 'param_add': 'haltMode confirm reason wait-haltMode confirm reason wait custom'}",[]
698165,Method,com.android.server.power.PowerManagerService.shutdownOrRebootInternal.Anonymous_Class.run,services/core/java/com/android/server/power/PowerManagerService.java,0,-1,1,{'body_modify': '-'},[]
698323,Method,com.android.server.power.PowerManagerService.PowerManagerHandler.handleMessage,services/core/java/com/android/server/power/PowerManagerService.java,0,-1,1,{'body_modify': '-'},[]
698451,Method,com.android.server.power.PowerManagerService.BinderService.wakeUp,services/core/java/com/android/server/power/PowerManagerService.java,0,-1,1,{'body_modify': '-'},[]
698495,Method,com.android.server.power.PowerManagerService.BinderService.reboot,services/core/java/com/android/server/power/PowerManagerService.java,0,-1,1,{'body_modify': '-'},[]
698500,Method,com.android.server.power.PowerManagerService.BinderService.rebootSafeMode,services/core/java/com/android/server/power/PowerManagerService.java,0,-1,1,{'body_modify': '-'},[]
698509,Method,com.android.server.power.PowerManagerService.BinderService.shutdown,services/core/java/com/android/server/power/PowerManagerService.java,0,-1,1,{'body_modify': '-'},[]
698678,Method,com.android.server.power.ShutdownThread.shutdown,services/core/java/com/android/server/power/ShutdownThread.java,0,-1,1,{'body_modify': '-'},[]
698703,Method,com.android.server.power.ShutdownThread.reboot,services/core/java/com/android/server/power/ShutdownThread.java,0,-1,1,{'body_modify': '-'},[]
698711,Method,com.android.server.power.ShutdownThread.rebootSafeMode,services/core/java/com/android/server/power/ShutdownThread.java,0,-1,1,{'body_modify': '-'},[]
698715,Method,com.android.server.power.ShutdownThread.showShutdownDialog,services/core/java/com/android/server/power/ShutdownThread.java,0,-1,1,{'body_modify': '-'},[]
698718,Method,com.android.server.power.ShutdownThread.showSysuiReboot,services/core/java/com/android/server/power/ShutdownThread.java,0,-1,1,{'body_modify': '-'},[]
699622,Method,com.android.server.slice.PinnedSliceState.getClient,services/core/java/com/android/server/slice/PinnedSliceState.java,0,-1,1,{'body_modify': '-'},[]
699744,Method,com.android.server.slice.SliceClientPermissions.SliceAuthority.writeTo,services/core/java/com/android/server/slice/SliceClientPermissions.java,0,-1,1,{'body_modify': '-'},[]
699941,Method,com.android.server.slice.SliceManagerService.getProviderPkg,services/core/java/com/android/server/slice/SliceManagerService.java,0,-1,1,{'body_modify': '-'},[]
700106,Method,com.android.server.slice.SlicePermissionManager.writeBackup,services/core/java/com/android/server/slice/SlicePermissionManager.java,0,-1,1,{'body_modify': '-'},[]
700137,Method,com.android.server.slice.SlicePermissionManager.handlePersist,services/core/java/com/android/server/slice/SlicePermissionManager.java,0,-1,1,"{'method_access_modify': 'private-null', 'method_annotation_add': 'VisibleForTesting-added', 'body_modify': '-'}",[]
700302,Method,com.android.server.stats.StatsCompanionService.StatsCompanionService,services/core/java/com/android/server/stats/StatsCompanionService.java,0,-1,1,{'body_modify': '-'},[]
700646,Method,com.android.server.statusbar.StatusBarManagerInternal.showShutdownUi,services/core/java/com/android/server/statusbar/StatusBarManagerInternal.java,0,-1,1,"{'body_modify': '-', 'param_add': 'isReboot requestString-isReboot requestString rebootCustom'}",[]
700772,Method,com.android.server.statusbar.StatusBarManagerService.Anonymous_Class.showShutdownUi,services/core/java/com/android/server/statusbar/StatusBarManagerService.java,0,-1,1,"{'body_modify': '-', 'param_add': 'isReboot reason-isReboot reason rebootCustom'}",[]
700939,Method,com.android.server.statusbar.StatusBarManagerService.reboot,services/core/java/com/android/server/statusbar/StatusBarManagerService.java,0,-1,1,"{'body_modify': '-', 'param_add': 'safeMode-safeMode reason'}",[]
701237,Method,com.android.server.storage.CacheQuotaStrategy.setupQuotasFromFile,services/core/java/com/android/server/storage/CacheQuotaStrategy.java,0,-1,1,{'body_modify': '-'},[]
701863,Method,com.android.server.StorageManagerService.onVolumeCreatedLocked,services/core/java/com/android/server/StorageManagerService.java,0,-1,1,{'body_modify': '-'},[]
702116,Method,com.android.server.StorageManagerService.decryptStorage,services/core/java/com/android/server/StorageManagerService.java,0,-1,1,{'body_modify': '-'},[]
702125,Method,com.android.server.StorageManagerService.changeEncryptionPassword,services/core/java/com/android/server/StorageManagerService.java,0,-1,1,{'body_modify': '-'},[]
703135,Method,com.android.server.TelephonyRegistry.broadcastCallStateChanged,services/core/java/com/android/server/TelephonyRegistry.java,0,-1,1,{'body_modify': '-'},[]
704480,Method,com.android.server.trust.TrustManagerService.refreshDeviceLockedForUser,services/core/java/com/android/server/trust/TrustManagerService.java,0,-1,1,{'body_modify': '-'},[]
704654,Method,com.android.server.trust.TrustManagerService.Anonymous_Class.setDeviceLockedForUser,services/core/java/com/android/server/trust/TrustManagerService.java,0,-1,1,{'body_modify': '-'},[]
708217,Method,com.android.server.wallpaper.WallpaperManagerService.extractColors,services/core/java/com/android/server/wallpaper/WallpaperManagerService.java,0,-1,1,{'body_modify': '-'},[]
710422,Method,com.android.server.wm.AppWindowContainerController.H.handleMessage,services/core/java/com/android/server/wm/AppWindowContainerController.java,0,-1,1,{'body_modify': '-'},[]
710590,Method,com.android.server.wm.AppWindowThumbnail.AppWindowThumbnail,services/core/java/com/android/server/wm/AppWindowThumbnail.java,0,-1,1,{'body_modify': '-'},[]
710711,Method,com.android.server.wm.AppWindowToken.updateReportedVisibilityLocked,services/core/java/com/android/server/wm/AppWindowToken.java,0,-1,1,{'body_modify': '-'},[]
710882,Method,com.android.server.wm.AppWindowToken.checkAppWindowsReadyToShow,services/core/java/com/android/server/wm/AppWindowToken.java,0,-1,1,{'body_modify': '-'},[]
711139,Method,com.android.server.wm.BoundsAnimationController.BoundsAnimationController,services/core/java/com/android/server/wm/BoundsAnimationController.java,0,-1,1,{'body_modify': '-'},[]
711602,Method,com.android.server.wm.DisplayContent.DisplayContent,services/core/java/com/android/server/wm/DisplayContent.java,0,-1,1,{'body_modify': '-'},[]
711643,Method,com.android.server.wm.DisplayContent.updateRotationUnchecked,services/core/java/com/android/server/wm/DisplayContent.java,0,-1,1,{'body_modify': '-'},[]
711676,Method,com.android.server.wm.DisplayContent.calculateDisplayCutoutForRotationUncached,services/core/java/com/android/server/wm/DisplayContent.java,0,-1,1,{'body_modify': '-'},[]
711811,Method,com.android.server.wm.DisplayContent.updateBaseDisplayMetricsIfNeeded,services/core/java/com/android/server/wm/DisplayContent.java,0,-1,1,{'body_modify': '-'},[]
712050,Method,com.android.server.wm.DisplayContent.applySurfaceChangesTransaction,services/core/java/com/android/server/wm/DisplayContent.java,0,-1,1,{'body_modify': '-'},[]
712234,Method,com.android.server.wm.DisplayContent.TaskStackContainers.onParentSet,services/core/java/com/android/server/wm/DisplayContent.java,0,-1,1,{'body_modify': '-'},[]
712244,Method,com.android.server.wm.DisplayContent.AboveAppWindowContainers.assignChildLayers,services/core/java/com/android/server/wm/DisplayContent.java,0,-1,1,{'body_modify': '-'},[]
712281,Method,com.android.server.wm.DisplayContent.makeChildSurface,services/core/java/com/android/server/wm/DisplayContent.java,0,-1,1,{'body_modify': '-'},[]
712337,Method,com.android.server.wm.DisplayFrames.onBeginLayout,services/core/java/com/android/server/wm/DisplayFrames.java,0,-1,1,{'body_modify': '-'},[]
713221,Method,com.android.server.wm.InputMonitor.UpdateInputForAllWindowsConsumer.updateInputWindows,services/core/java/com/android/server/wm/InputMonitor.java,0,-1,1,{'body_modify': '-'},[]
713957,Method,com.android.server.wm.RootWindowContainer.performSurfacePlacement,services/core/java/com/android/server/wm/RootWindowContainer.java,0,-1,1,{'body_modify': '-'},[]
714005,Method,com.android.server.wm.RootWindowContainer.handleNotObscuredLocked,services/core/java/com/android/server/wm/RootWindowContainer.java,0,-1,1,{'body_modify': '-'},[]
714025,Method,com.android.server.wm.RootWindowContainer.MyHandler.handleMessage,services/core/java/com/android/server/wm/RootWindowContainer.java,0,-1,1,{'body_modify': '-'},[]
714634,Method,com.android.server.wm.SurfaceAnimationRunner.SurfaceAnimationRunner,services/core/java/com/android/server/wm/SurfaceAnimationRunner.java,0,-1,1,"{'body_modify': '-', 'param_add': '-powerManagerInternal'}",[]
714636,Method,com.android.server.wm.SurfaceAnimationRunner.SurfaceAnimationRunner,services/core/java/com/android/server/wm/SurfaceAnimationRunner.java,0,-1,1,"{'body_modify': '-', 'param_add': 'callbackProvider animatorFactory frameTransaction-callbackProvider animatorFactory frameTransaction powerManagerInternal'}",[]
714668,Method,com.android.server.wm.SurfaceAnimationRunner.startAnimations,services/core/java/com/android/server/wm/SurfaceAnimationRunner.java,0,-1,1,{'body_modify': '-'},[]
715401,Method,com.android.server.wm.TaskSnapshotPersister.StoreWriteQueueItem.writeBuffer,services/core/java/com/android/server/wm/TaskSnapshotPersister.java,0,-1,1,{'body_modify': '-'},[]
717481,Method,com.android.server.wm.WindowManagerService.WindowManagerService,services/core/java/com/android/server/wm/WindowManagerService.java,0,-1,1,{'body_modify': '-'},[]
717641,Method,com.android.server.wm.WindowManagerService.relayoutWindow,services/core/java/com/android/server/wm/WindowManagerService.java,0,-1,1,{'body_modify': '-'},[]
719031,Method,com.android.server.wm.WindowState.WindowState,services/core/java/com/android/server/wm/WindowState.java,0,-1,1,{'body_modify': '-'},[]
719205,Method,com.android.server.wm.WindowState.handleWindowMovedIfNeeded,services/core/java/com/android/server/wm/WindowState.java,0,-1,1,{'body_modify': '-'},[]
719456,Method,com.android.server.wm.WindowState.writeToProto,services/core/java/com/android/server/wm/WindowState.java,0,-1,1,{'body_modify': '-'},[]
719467,Method,com.android.server.wm.WindowState.dump,services/core/java/com/android/server/wm/WindowState.java,0,-1,1,{'body_modify': '-'},[]
719585,Method,com.android.server.wm.WindowState.hideWallpaperWindow,services/core/java/com/android/server/wm/WindowState.java,0,-1,1,{'body_modify': '-'},[]
719683,Method,com.android.server.wm.WindowState.updateSurfacePosition,services/core/java/com/android/server/wm/WindowState.java,0,-1,1,{'body_modify': '-'},[]
719835,Method,com.android.server.wm.WindowStateAnimator.commitFinishDrawingLocked,services/core/java/com/android/server/wm/WindowStateAnimator.java,0,-1,1,{'body_modify': '-'},[]
719865,Method,com.android.server.wm.WindowStateAnimator.computeShownFrameLocked,services/core/java/com/android/server/wm/WindowStateAnimator.java,0,-1,1,{'body_modify': '-'},[]
719875,Method,com.android.server.wm.WindowStateAnimator.calculateCrop,services/core/java/com/android/server/wm/WindowStateAnimator.java,0,-1,1,{'body_modify': '-'},[]
719916,Method,com.android.server.wm.WindowStateAnimator.prepareSurfaceLocked,services/core/java/com/android/server/wm/WindowStateAnimator.java,0,-1,1,{'body_modify': '-'},[]
719961,Method,com.android.server.wm.WindowStateAnimator.seamlesslyRotate,services/core/java/com/android/server/wm/WindowStateAnimator.java,0,-1,1,"{'rename': '-', 'body_modify': '-'}",[]
720002,Method,com.android.server.wm.WindowSurfaceController.WindowSurfaceController,services/core/java/com/android/server/wm/WindowSurfaceController.java,0,-1,1,{'body_modify': '-'},[]
720356,Method,com.android.server.wm.WindowToken.onDisplayChanged,services/core/java/com/android/server/wm/WindowToken.java,0,-1,1,{'body_modify': '-'},[]
721826,Method,com.android.server.devicepolicy.DevicePolicyManagerService.getCurrentFailedPasswordAttempts,services/devicepolicy/java/com/android/server/devicepolicy/DevicePolicyManagerService.java,0,-1,1,{'body_modify': '-'},[]
722281,Method,com.android.server.devicepolicy.DevicePolicyManagerService.getStorageEncryptionStatus,services/devicepolicy/java/com/android/server/devicepolicy/DevicePolicyManagerService.java,0,-1,1,{'body_modify': '-'},[]
724454,Method,com.android.server.SystemServer.run,services/java/com/android/server/SystemServer.java,0,-1,1,{'body_modify': '-'},[]
724479,Method,com.android.server.SystemServer.startBootstrapServices,services/java/com/android/server/SystemServer.java,0,-1,1,{'body_modify': '-'},[]
724488,Method,com.android.server.SystemServer.startOtherServices,services/java/com/android/server/SystemServer.java,0,-1,1,{'body_modify': '-'},[]
727247,Method,android.net.netlink.NetlinkSocket.sendOneShotKernelMessage,services/net/java/android/net/netlink/NetlinkSocket.java,0,-1,1,{'body_modify': '-'},[]
732991,Method,com.android.server.am.ActivityStarterTests.setUp,services/tests/servicestests/src/com/android/server/am/ActivityStarterTests.java,0,-1,1,{'body_modify': '-'},[]
742098,Method,com.android.server.NetworkPolicyManagerServiceTest.buildFakeMobilePolicy,services/tests/servicestests/src/com/android/server/NetworkPolicyManagerServiceTest.java,0,-1,1,{'body_modify': '-'},[]
746008,Method,com.android.server.policy.PhoneWindowManagerTestBase.displayCutoutForRotation,services/tests/servicestests/src/com/android/server/policy/PhoneWindowManagerTestBase.java,0,-1,1,{'body_modify': '-'},[]
747237,Method,com.android.server.usage.AppStandbyControllerTests.MyInjector.isAppIdleEnabled,services/tests/servicestests/src/com/android/server/usage/AppStandbyControllerTests.java,0,-1,1,{'body_modify': '-'},[]
747295,Method,com.android.server.usage.AppStandbyControllerTests.TestParoleListener.onParoleStateChanged,services/tests/servicestests/src/com/android/server/usage/AppStandbyControllerTests.java,0,-1,1,{'body_modify': '-'},[]
748686,Method,com.android.server.wm.SurfaceAnimationRunnerTest.setUp,services/tests/servicestests/src/com/android/server/wm/SurfaceAnimationRunnerTest.java,0,-1,1,{'body_modify': '-'},[]
748690,Method,com.android.server.wm.SurfaceAnimationRunnerTest.testCancel_notStarted,services/tests/servicestests/src/com/android/server/wm/SurfaceAnimationRunnerTest.java,0,-1,1,{'body_modify': '-'},[]
748691,Method,com.android.server.wm.SurfaceAnimationRunnerTest.testCancel_running,services/tests/servicestests/src/com/android/server/wm/SurfaceAnimationRunnerTest.java,0,-1,1,{'body_modify': '-'},[]
748692,Method,com.android.server.wm.SurfaceAnimationRunnerTest.testCancel_sneakyCancelBeforeUpdate,services/tests/servicestests/src/com/android/server/wm/SurfaceAnimationRunnerTest.java,0,-1,1,{'body_modify': '-'},[]
749423,Method,com.android.server.wm.utils.CoordinateTransformsTest.setUp,services/tests/servicestests/src/com/android/server/wm/utils/CoordinateTransformsTest.java,0,-1,1,{'body_modify': '-'},[]
749424,Method,com.android.server.wm.utils.CoordinateTransformsTest.transformPhysicalToLogicalCoordinates_rot0,services/tests/servicestests/src/com/android/server/wm/utils/CoordinateTransformsTest.java,0,-1,1,{'body_modify': '-'},[]
749425,Method,com.android.server.wm.utils.CoordinateTransformsTest.transformPhysicalToLogicalCoordinates_rot90,services/tests/servicestests/src/com/android/server/wm/utils/CoordinateTransformsTest.java,0,-1,1,{'body_modify': '-'},[]
749426,Method,com.android.server.wm.utils.CoordinateTransformsTest.transformPhysicalToLogicalCoordinates_rot180,services/tests/servicestests/src/com/android/server/wm/utils/CoordinateTransformsTest.java,0,-1,1,{'body_modify': '-'},[]
749427,Method,com.android.server.wm.utils.CoordinateTransformsTest.transformPhysicalToLogicalCoordinates_rot270,services/tests/servicestests/src/com/android/server/wm/utils/CoordinateTransformsTest.java,0,-1,1,{'body_modify': '-'},[]
749444,Method,com.android.server.wm.utils.CoordinateTransformsTest.checkPoint,services/tests/servicestests/src/com/android/server/wm/utils/CoordinateTransformsTest.java,0,-1,1,"{'rename': '-', 'body_modify': '-', 'return_type_modify': 'com.android.server.wm.utils.CoordinateTransformsTest.DevicePointAssertable-com.android.server.wm.utils.CoordinateTransformsTest.TransformPointAssertable'}","[{'type': 'Rename Method', 'source_name': 'com.android.server.wm.utils.CoordinateTransformsTest.checkDevicePoint', 'source_param': 'x y'}]"
751108,Method,com.android.server.notification.BuzzBeepBlinkTest.setUp,services/tests/uiservicestests/src/com/android/server/notification/BuzzBeepBlinkTest.java,0,-1,1,{'body_modify': '-'},[]
751123,Method,com.android.server.notification.BuzzBeepBlinkTest.getLightsNotification,services/tests/uiservicestests/src/com/android/server/notification/BuzzBeepBlinkTest.java,0,-1,1,{'body_modify': '-'},[]
751124,Method,com.android.server.notification.BuzzBeepBlinkTest.getLightsOnceNotification,services/tests/uiservicestests/src/com/android/server/notification/BuzzBeepBlinkTest.java,0,-1,1,"{'rename': '-', 'body_modify': '-'}",[]
751237,Method,com.android.server.notification.BuzzBeepBlinkTest.testGroupAlertSummaryNoSilenceSummary,services/tests/uiservicestests/src/com/android/server/notification/BuzzBeepBlinkTest.java,0,-1,1,{'body_modify': '-'},[]
751955,Method,com.android.server.notification.NotificationManagerServiceTest.testBlockedNotifications_suspended,services/tests/uiservicestests/src/com/android/server/notification/NotificationManagerServiceTest.java,0,-1,1,{'body_modify': '-'},[]
752915,Method,com.android.server.notification.RankingHelperTest.testChannelXml,services/tests/uiservicestests/src/com/android/server/notification/RankingHelperTest.java,0,-1,1,{'body_modify': '-'},[]
752926,Method,com.android.server.notification.RankingHelperTest.testChannelXmlForBackup,services/tests/uiservicestests/src/com/android/server/notification/RankingHelperTest.java,0,-1,1,{'body_modify': '-'},[]
753089,Method,com.android.server.notification.RankingHelperTest.testOnPackageChanged_packageRemoval_groups,services/tests/uiservicestests/src/com/android/server/notification/RankingHelperTest.java,0,-1,1,{'body_modify': '-'},[]
753103,Method,com.android.server.notification.RankingHelperTest.testGetChannelGroups,services/tests/uiservicestests/src/com/android/server/notification/RankingHelperTest.java,0,-1,1,{'body_modify': '-'},[]
753113,Method,com.android.server.notification.RankingHelperTest.testGetChannelGroups_noSideEffects,services/tests/uiservicestests/src/com/android/server/notification/RankingHelperTest.java,0,-1,1,{'body_modify': '-'},[]
753559,Method,com.android.server.notification.ZenModeHelperTest.setUp,services/tests/uiservicestests/src/com/android/server/notification/ZenModeHelperTest.java,0,-1,1,{'body_modify': '-'},[]
753560,Method,com.android.server.notification.ZenModeHelperTest.writeXmlAndPurge,services/tests/uiservicestests/src/com/android/server/notification/ZenModeHelperTest.java,0,-1,1,{'body_modify': '-'},[]
753664,Method,com.android.server.slice.PinnedSliceStateTest.setup,services/tests/uiservicestests/src/com/android/server/slice/PinnedSliceStateTest.java,0,-1,1,{'body_modify': '-'},[]
753766,Method,com.android.server.slice.SlicePermissionManagerTest.testGrant,services/tests/uiservicestests/src/com/android/server/slice/SlicePermissionManagerTest.java,0,-1,1,{'body_modify': '-'},[]
753770,Method,com.android.server.slice.SlicePermissionManagerTest.testBackup,services/tests/uiservicestests/src/com/android/server/slice/SlicePermissionManagerTest.java,0,-1,1,{'body_modify': '-'},[]
754141,Method,com.android.server.usage.AppStandbyController.setAppIdleEnabled,services/usage/java/com/android/server/usage/AppStandbyController.java,0,-1,1,{'body_modify': '-'},[]
754144,Method,com.android.server.usage.AppStandbyController.onBootPhase,services/usage/java/com/android/server/usage/AppStandbyController.java,0,-1,1,{'body_modify': '-'},[]
754531,Method,com.android.server.usage.AppStandbyController.SettingsObserver.updateSettings,services/usage/java/com/android/server/usage/AppStandbyController.java,0,-1,1,{'body_modify': '-'},[]
755198,Method,com.android.server.usage.UsageStatsService.onBootPhase,services/usage/java/com/android/server/usage/UsageStatsService.java,0,-1,1,{'body_modify': '-'},[]
757804,Method,com.android.server.usb.UsbDeviceManager.UsbDeviceManager,services/usb/java/com/android/server/usb/UsbDeviceManager.java,0,-1,1,{'body_modify': '-'},[]
758012,Method,com.android.server.usb.UsbDeviceManager.UsbHandler.updateAdbNotification,services/usb/java/com/android/server/usb/UsbDeviceManager.java,0,-1,1,{'body_modify': '-'},[]
758138,Method,com.android.server.usb.UsbDeviceManager.UsbHandlerHal.UsbHandlerHal,services/usb/java/com/android/server/usb/UsbDeviceManager.java,0,-1,1,{'body_modify': '-'},[]
758155,Method,com.android.server.usb.UsbDeviceManager.UsbHandlerHal.ServiceNotification.onRegistration,services/usb/java/com/android/server/usb/UsbDeviceManager.java,0,-1,1,{'body_modify': '-'},[]
758159,Method,com.android.server.usb.UsbDeviceManager.UsbHandlerHal.handleMessage,services/usb/java/com/android/server/usb/UsbDeviceManager.java,0,-1,1,{'body_modify': '-'},[]
761579,Method,android.telecom.Connection.RttTextStream.RttTextStream,telecomm/java/android/telecom/Connection.java,0,-1,1,{'body_modify': '-'},[]
761586,Method,android.telecom.Connection.RttTextStream.readImmediately,telecomm/java/android/telecom/Connection.java,0,-1,1,{'body_modify': '-'},[]
764462,Method,android.telecom.ParcelableCallAnalytics.ParcelableCallAnalytics,telecomm/java/android/telecom/ParcelableCallAnalytics.java,0,-1,1,{'body_modify': '-'},[]
764464,Method,android.telecom.ParcelableCallAnalytics.writeToParcel,telecomm/java/android/telecom/ParcelableCallAnalytics.java,0,-1,1,{'body_modify': '-'},[]
776222,Method,android.telephony.SmsManager.getMmsConfig,telephony/java/android/telephony/SmsManager.java,0,-1,1,{'body_modify': '-'},[]
776323,Method,android.telephony.SmsMessage.getMessageBody,telephony/java/android/telephony/SmsMessage.java,0,-1,1,{'body_modify': '-'},[]
777829,Method,android.telephony.TelephonyManager.getSimCount,telephony/java/android/telephony/TelephonyManager.java,0,-1,1,{'body_modify': '-'},[]
778117,Method,android.telephony.TelephonyManager.setDataEnabled,telephony/java/android/telephony/TelephonyManager.java,0,-1,1,{'body_modify': '-'},[]
778346,Method,android.telephony.TelephonyManager.setAllowedCarriers,telephony/java/android/telephony/TelephonyManager.java,0,-1,1,{'body_modify': '-'},[]
778352,Method,android.telephony.TelephonyManager.getAllowedCarriers,telephony/java/android/telephony/TelephonyManager.java,0,-1,1,{'body_modify': '-'},[]
780069,Method,com.android.internal.telephony.CarrierAppUtils.disableCarrierAppsUntilPrivileged,telephony/java/com/android/internal/telephony/CarrierAppUtils.java,0,-1,1,{'body_modify': '-'},[]
780124,Method,com.android.internal.telephony.CarrierAppUtils.getApplicationInfoIfSystemApp,telephony/java/com/android/internal/telephony/CarrierAppUtils.java,0,-1,1,{'body_modify': '-'},[]
780232,Method,com.android.internal.telephony.cdma.sms.BearerData.TimeStamp.TimeStamp,telephony/java/com/android/internal/telephony/cdma/BearerData.java,0,-1,1,{'body_modify': '-'},[]
780885,Method,com.android.internal.telephony.cdma.SmsMessage.parseSms,telephony/java/com/android/internal/telephony/cdma/SmsMessage.java,0,-1,1,{'body_modify': '-'},[]
781490,Method,com.android.internal.telephony.gsm.SmsMessage.PduParser.getSCTimestampMillis,telephony/java/com/android/internal/telephony/gsm/SmsMessage.java,0,-1,1,{'body_modify': '-'},[]
782824,Method,android.telephony.SmsCbEtwsInfo.getPrimaryNotificationTimestamp,telephony/java/com/android/internal/telephony/SmsCbEtwsInfo.java,0,-1,1,{'body_modify': '-'},[]
783485,Method,com.android.internal.telephony.uicc.IccUtils.bcdPlmnToString,telephony/java/com/android/internal/telephony/uicc/IccUtils.java,0,-1,1,{'body_modify': '-'},[]
789683,Method,com.android.tests.applaunch.AppLaunch.AppLaunchRunnable.parseLaunchTimeAndWrite,tests/AppLaunch/src/com/android/tests/applaunch/AppLaunch.java,0,-1,1,{'body_modify': '-'},[]
800926,Method,com.android.internal.colorextraction.ColorExtractorTest.ColorExtractor_extractWhenInitialized,tests/Internal/src/com/android/internal/colorextraction/ColorExtractorTest.java,0,-1,1,{'body_modify': '-'},[]
800928,Method,com.android.internal.colorextraction.ColorExtractorTest.getColors_usesExtractedColors,tests/Internal/src/com/android/internal/colorextraction/ColorExtractorTest.java,0,-1,1,{'body_modify': '-'},[]
800935,Method,com.android.internal.colorextraction.ColorExtractorTest.addOnColorsChangedListener_invokesListener,tests/Internal/src/com/android/internal/colorextraction/ColorExtractorTest.java,0,-1,1,{'body_modify': '-'},[]
804622,Method,android.net.NetworkStatsTest.testApply464xlatAdjustments,tests/net/java/android/net/NetworkStatsTest.java,0,-1,1,{'body_modify': '-'},[]
804637,Method,android.net.NetworkStatsTest.testApply464xlatAdjustments_noStackedIface,tests/net/java/android/net/NetworkStatsTest.java,0,-1,1,{'body_modify': '-'},[]
806141,Method,com.android.server.connectivity.tethering.UpstreamNetworkMonitorTest.testDefaultNetworkIsTracked,tests/net/java/com/android/server/connectivity/tethering/UpstreamNetworkMonitorTest.java,0,-1,1,{'body_modify': '-'},[]
806142,Method,com.android.server.connectivity.tethering.UpstreamNetworkMonitorTest.testListensForAllNetworks,tests/net/java/com/android/server/connectivity/tethering/UpstreamNetworkMonitorTest.java,0,-1,1,{'body_modify': '-'},[]
806143,Method,com.android.server.connectivity.tethering.UpstreamNetworkMonitorTest.testCallbacksRegistered,tests/net/java/com/android/server/connectivity/tethering/UpstreamNetworkMonitorTest.java,0,-1,1,{'body_modify': '-'},[]
806144,Method,com.android.server.connectivity.tethering.UpstreamNetworkMonitorTest.testRequestsMobileNetwork,tests/net/java/com/android/server/connectivity/tethering/UpstreamNetworkMonitorTest.java,0,-1,1,{'body_modify': '-'},[]
806145,Method,com.android.server.connectivity.tethering.UpstreamNetworkMonitorTest.testDuplicateMobileRequestsIgnored,tests/net/java/com/android/server/connectivity/tethering/UpstreamNetworkMonitorTest.java,0,-1,1,{'body_modify': '-'},[]
806146,Method,com.android.server.connectivity.tethering.UpstreamNetworkMonitorTest.testRequestsDunNetwork,tests/net/java/com/android/server/connectivity/tethering/UpstreamNetworkMonitorTest.java,0,-1,1,{'body_modify': '-'},[]
806147,Method,com.android.server.connectivity.tethering.UpstreamNetworkMonitorTest.testUpdateMobileRequiresDun,tests/net/java/com/android/server/connectivity/tethering/UpstreamNetworkMonitorTest.java,0,-1,1,{'body_modify': '-'},[]
806148,Method,com.android.server.connectivity.tethering.UpstreamNetworkMonitorTest.testSelectPreferredUpstreamType,tests/net/java/com/android/server/connectivity/tethering/UpstreamNetworkMonitorTest.java,0,-1,1,{'body_modify': '-'},[]
806158,Method,com.android.server.connectivity.tethering.UpstreamNetworkMonitorTest.testLocalPrefixes,tests/net/java/com/android/server/connectivity/tethering/UpstreamNetworkMonitorTest.java,0,-1,1,{'body_modify': '-'},[]
806207,Method,com.android.server.connectivity.tethering.UpstreamNetworkMonitorTest.TestConnectivityManager.requestNetwork,tests/net/java/com/android/server/connectivity/tethering/UpstreamNetworkMonitorTest.java,0,-1,1,{'body_modify': '-'},[]
806227,Method,com.android.server.connectivity.tethering.UpstreamNetworkMonitorTest.TestConnectivityManager.registerDefaultNetworkCallback,tests/net/java/com/android/server/connectivity/tethering/UpstreamNetworkMonitorTest.java,0,-1,1,{'body_modify': '-'},[]
806240,Method,com.android.server.connectivity.tethering.UpstreamNetworkMonitorTest.TestNetworkAgent.TestNetworkAgent,tests/net/java/com/android/server/connectivity/tethering/UpstreamNetworkMonitorTest.java,0,-1,1,{'body_modify': '-'},[]
806243,Method,com.android.server.connectivity.tethering.UpstreamNetworkMonitorTest.TestNetworkAgent.fakeConnect,tests/net/java/com/android/server/connectivity/tethering/UpstreamNetworkMonitorTest.java,0,-1,1,{'body_modify': '-'},[]
806247,Method,com.android.server.connectivity.tethering.UpstreamNetworkMonitorTest.TestNetworkAgent.sendLinkProperties,tests/net/java/com/android/server/connectivity/tethering/UpstreamNetworkMonitorTest.java,0,-1,1,"{'body_modify': '-', 'param_remove': 'lp-'}",[]
806352,Method,com.android.server.connectivity.TetheringTest.setUp,tests/net/java/com/android/server/connectivity/TetheringTest.java,0,-1,1,{'body_modify': '-'},[]
806386,Method,com.android.server.connectivity.TetheringTest.prepareUsbTethering,tests/net/java/com/android/server/connectivity/TetheringTest.java,0,-1,1,{'body_modify': '-'},[]
806392,Method,com.android.server.connectivity.TetheringTest.workingLocalOnlyHotspotEnrichedApBroadcast,tests/net/java/com/android/server/connectivity/TetheringTest.java,0,-1,1,{'body_modify': '-'},[]
806415,Method,com.android.server.connectivity.TetheringTest.workingWifiTetheringEnrichedApBroadcast,tests/net/java/com/android/server/connectivity/TetheringTest.java,0,-1,1,{'body_modify': '-'},[]
806514,Method,com.android.server.connectivity.VpnTest.testCapabilities,tests/net/java/com/android/server/connectivity/VpnTest.java,0,-1,1,{'body_modify': '-'},[]
806750,Method,com.android.server.ConnectivityServiceTest.MockVpn.setUids,tests/net/java/com/android/server/ConnectivityServiceTest.java,0,-1,1,{'body_modify': '-'},[]
806752,Method,com.android.server.ConnectivityServiceTest.MockVpn.getNetId,tests/net/java/com/android/server/ConnectivityServiceTest.java,0,-1,1,{'body_modify': '-'},[]
806757,Method,com.android.server.ConnectivityServiceTest.MockVpn.updateCapabilities,tests/net/java/com/android/server/ConnectivityServiceTest.java,0,-1,1,"{'body_modify': '-', 'param_add': '-defaultNetwork', 'return_type_modify': 'void-android.net.NetworkCapabilities'}",[]
807375,Method,com.android.server.ConnectivityServiceTest.testStatsIfacesChanged,tests/net/java/com/android/server/ConnectivityServiceTest.java,0,-1,1,{'body_modify': '-'},[]
807435,Method,com.android.server.ConnectivityServiceTest.testVpnNetworkActive,tests/net/java/com/android/server/ConnectivityServiceTest.java,0,-1,1,{'body_modify': '-'},[]
807448,Method,com.android.server.ConnectivityServiceTest.testVpnWithoutInternet,tests/net/java/com/android/server/ConnectivityServiceTest.java,0,-1,1,"{'rename': '-', 'body_modify': '-'}",[]
808060,Method,com.android.server.net.NetworkStatsServiceTest.setUp,tests/net/java/com/android/server/net/NetworkStatsServiceTest.java,0,-1,1,{'body_modify': '-'},[]
808066,Method,com.android.server.net.NetworkStatsServiceTest.tearDown,tests/net/java/com/android/server/net/NetworkStatsServiceTest.java,0,-1,1,{'body_modify': '-'},[]
808067,Method,com.android.server.net.NetworkStatsServiceTest.testNetworkStatsWifi,tests/net/java/com/android/server/net/NetworkStatsServiceTest.java,0,-1,1,{'body_modify': '-'},[]
808069,Method,com.android.server.net.NetworkStatsServiceTest.testStatsRebootPersist,tests/net/java/com/android/server/net/NetworkStatsServiceTest.java,0,-1,1,{'body_modify': '-'},[]
808071,Method,com.android.server.net.NetworkStatsServiceTest.testStatsBucketResize,tests/net/java/com/android/server/net/NetworkStatsServiceTest.java,0,-1,1,{'body_modify': '-'},[]
808074,Method,com.android.server.net.NetworkStatsServiceTest.testUidStatsAcrossNetworks,tests/net/java/com/android/server/net/NetworkStatsServiceTest.java,0,-1,1,{'body_modify': '-'},[]
808076,Method,com.android.server.net.NetworkStatsServiceTest.testUidRemovedIsMoved,tests/net/java/com/android/server/net/NetworkStatsServiceTest.java,0,-1,1,{'body_modify': '-'},[]
808079,Method,com.android.server.net.NetworkStatsServiceTest.testUid3g4gCombinedByTemplate,tests/net/java/com/android/server/net/NetworkStatsServiceTest.java,0,-1,1,{'body_modify': '-'},[]
808081,Method,com.android.server.net.NetworkStatsServiceTest.testSummaryForAllUid,tests/net/java/com/android/server/net/NetworkStatsServiceTest.java,0,-1,1,{'body_modify': '-'},[]
808085,Method,com.android.server.net.NetworkStatsServiceTest.testDetailedUidStats,tests/net/java/com/android/server/net/NetworkStatsServiceTest.java,0,-1,1,{'body_modify': '-'},[]
808091,Method,com.android.server.net.NetworkStatsServiceTest.testDetailedUidStats_Filtered,tests/net/java/com/android/server/net/NetworkStatsServiceTest.java,0,-1,1,{'body_modify': '-'},[]
808101,Method,com.android.server.net.NetworkStatsServiceTest.testForegroundBackground,tests/net/java/com/android/server/net/NetworkStatsServiceTest.java,0,-1,1,{'body_modify': '-'},[]
808104,Method,com.android.server.net.NetworkStatsServiceTest.testMetered,tests/net/java/com/android/server/net/NetworkStatsServiceTest.java,0,-1,1,{'body_modify': '-'},[]
808107,Method,com.android.server.net.NetworkStatsServiceTest.testRoaming,tests/net/java/com/android/server/net/NetworkStatsServiceTest.java,0,-1,1,{'body_modify': '-'},[]
808110,Method,com.android.server.net.NetworkStatsServiceTest.testTethering,tests/net/java/com/android/server/net/NetworkStatsServiceTest.java,0,-1,1,{'body_modify': '-'},[]
808116,Method,com.android.server.net.NetworkStatsServiceTest.testRegisterUsageCallback,tests/net/java/com/android/server/net/NetworkStatsServiceTest.java,0,-1,1,{'body_modify': '-'},[]
808174,Method,com.android.server.net.NetworkStatsServiceTest.getActiveIface,tests/net/java/com/android/server/net/NetworkStatsServiceTest.java,0,-1,1,"{'rename': '-', 'body_modify': '-', 'param_modify': 'state-states', 'return_type_modify': 'void-java.lang.String'}",[]
808178,Method,com.android.server.net.NetworkStatsServiceTest.expectNetworkStatsSummary,tests/net/java/com/android/server/net/NetworkStatsServiceTest.java,0,-1,1,{'body_modify': '-'},[]
811473,Method,android.testing.TestableContentResolver.addProvider,tests/testables/src/android/testing/TestableContentResolver.java,0,-1,1,{'body_modify': '-'},[]
811490,Method,android.testing.TestableContentResolver.acquireUnstableProvider,tests/testables/src/android/testing/TestableContentResolver.java,0,-1,1,{'body_modify': '-'},[]
811498,Method,android.testing.TestableContentResolver.notifyChange,tests/testables/src/android/testing/TestableContentResolver.java,0,-1,1,{'body_modify': '-'},[]
821790,Method,android.net.wifi.WifiEnterpriseConfig.setDomainSuffixMatch,wifi/java/android/net/wifi/WifiEnterpriseConfig.java,0,-1,1,{'body_modify': '-'},[]
