Problem,Package,File,Priority,Line,Description,Rule set,Rule
1,com.alibaba.test.p3c,D:\Users\Lenovo\Desktop\PMD-main\case_test\p3c\LockTest.java,3,15,Lock should with try finally,Sonar,LockShouldWithTryFinallyRule
2,com.alibaba.test.p3c,D:\Users\Lenovo\Desktop\PMD-main\case_test\p3c\LockTest.java,3,17,Avoid printStackTrace(); use a logger call instead.,Best Practices,AvoidPrintStackTrace
3,com.alibaba.test.p3c,D:\Users\Lenovo\Desktop\PMD-main\case_test\p3c\LockTest.java,3,20,Lock should with try finally,Sonar,LockShouldWithTryFinallyRule
1,,D:\Users\Lenovo\Desktop\PMD-main\case_test\sonar\AbsOnNegative\AbsOnNegative.java,2,10,Neither 'Math.abs' nor negation should be used on numbers that could be 'MIN_VALUE',Sonar,AbsOnNegativeCheck
2,,D:\Users\Lenovo\Desktop\PMD-main\case_test\sonar\AbsOnNegative\AbsOnNegative.java,2,11,Neither 'Math.abs' nor negation should be used on numbers that could be 'MIN_VALUE',Sonar,AbsOnNegativeCheck
3,,D:\Users\Lenovo\Desktop\PMD-main\case_test\sonar\AbsOnNegative\AbsOnNegative.java,2,12,Neither 'Math.abs' nor negation should be used on numbers that could be 'MIN_VALUE',Sonar,AbsOnNegativeCheck
4,,D:\Users\Lenovo\Desktop\PMD-main\case_test\sonar\AbsOnNegative\AbsOnNegative.java,2,13,Neither 'Math.abs' nor negation should be used on numbers that could be 'MIN_VALUE',Sonar,AbsOnNegativeCheck
5,,D:\Users\Lenovo\Desktop\PMD-main\case_test\sonar\AbsOnNegative\AbsOnNegative.java,2,14,Neither 'Math.abs' nor negation should be used on numbers that could be 'MIN_VALUE',Sonar,AbsOnNegativeCheck
6,,D:\Users\Lenovo\Desktop\PMD-main\case_test\sonar\AbsOnNegative\AbsOnNegative.java,2,15,Neither 'Math.abs' nor negation should be used on numbers that could be 'MIN_VALUE',Sonar,AbsOnNegativeCheck
7,,D:\Users\Lenovo\Desktop\PMD-main\case_test\sonar\AbsOnNegative\AbsOnNegative.java,2,17,Neither 'Math.abs' nor negation should be used on numbers that could be 'MIN_VALUE',Sonar,AbsOnNegativeCheck
8,,D:\Users\Lenovo\Desktop\PMD-main\case_test\sonar\AbsOnNegative\AbsOnNegative.java,2,18,Neither 'Math.abs' nor negation should be used on numbers that could be 'MIN_VALUE',Sonar,AbsOnNegativeCheck
9,,D:\Users\Lenovo\Desktop\PMD-main\case_test\sonar\AbsOnNegative\AbsOnNegative.java,2,24,Neither 'Math.abs' nor negation should be used on numbers that could be 'MIN_VALUE',Sonar,AbsOnNegativeCheck
10,,D:\Users\Lenovo\Desktop\PMD-main\case_test\sonar\AbsOnNegative\AbsOnNegative.java,2,25,Neither 'Math.abs' nor negation should be used on numbers that could be 'MIN_VALUE',Sonar,AbsOnNegativeCheck
11,,D:\Users\Lenovo\Desktop\PMD-main\case_test\sonar\AbsOnNegative\AbsOnNegative.java,2,26,Neither 'Math.abs' nor negation should be used on numbers that could be 'MIN_VALUE',Sonar,AbsOnNegativeCheck
1,com.dtt.sett.acc.weberpservice,D:\Users\Lenovo\Desktop\PMD-main\case_test\sonar\ArrayHashCodeAndToStringCheck\AccWebERPService.java,3,198,Ensure that resources like this Connection object are closed after use,Error Prone,CloseResource
2,com.dtt.sett.acc.weberpservice,D:\Users\Lenovo\Desktop\PMD-main\case_test\sonar\ArrayHashCodeAndToStringCheck\AccWebERPService.java,3,224,Avoid printStackTrace(); use a logger call instead.,Best Practices,AvoidPrintStackTrace
3,com.dtt.sett.acc.weberpservice,D:\Users\Lenovo\Desktop\PMD-main\case_test\sonar\ArrayHashCodeAndToStringCheck\AccWebERPService.java,3,230,Avoid printStackTrace(); use a logger call instead.,Best Practices,AvoidPrintStackTrace
4,com.dtt.sett.acc.weberpservice,D:\Users\Lenovo\Desktop\PMD-main\case_test\sonar\ArrayHashCodeAndToStringCheck\AccWebERPService.java,3,237,Avoid printStackTrace(); use a logger call instead.,Best Practices,AvoidPrintStackTrace
5,com.dtt.sett.acc.weberpservice,D:\Users\Lenovo\Desktop\PMD-main\case_test\sonar\ArrayHashCodeAndToStringCheck\AccWebERPService.java,3,1115,Avoid printStackTrace(); use a logger call instead.,Best Practices,AvoidPrintStackTrace
6,com.dtt.sett.acc.weberpservice,D:\Users\Lenovo\Desktop\PMD-main\case_test\sonar\ArrayHashCodeAndToStringCheck\AccWebERPService.java,2,1704,hashCode and toString should not be called on array instances,Sonar,ArrayHashCodeAndToStringCheck
7,com.dtt.sett.acc.weberpservice,D:\Users\Lenovo\Desktop\PMD-main\case_test\sonar\ArrayHashCodeAndToStringCheck\AccWebERPService.java,2,1704,hashCode and toString should not be called on array instances,Sonar,ArrayHashCodeAndToStringCheck
1,,D:\Users\Lenovo\Desktop\PMD-main\case_test\sonar\ArrayHashCodeAndToStringCheck\ArrayHashCodeAndToStringCheck.java,2,4,hashCode and toString should not be called on array instances,Sonar,ArrayHashCodeAndToStringCheck
2,,D:\Users\Lenovo\Desktop\PMD-main\case_test\sonar\ArrayHashCodeAndToStringCheck\ArrayHashCodeAndToStringCheck.java,2,5,hashCode and toString should not be called on array instances,Sonar,ArrayHashCodeAndToStringCheck
1,,D:\Users\Lenovo\Desktop\PMD-main\case_test\sonar\Assignments\Assignments.java,2,8,Collection methods with O(n) performance should be used carefully,Sonar,CollectionMethodsWithLinearComplexityCheck
2,,D:\Users\Lenovo\Desktop\PMD-main\case_test\sonar\Assignments\Assignments.java,2,28,Collection methods with O(n) performance should be used carefully,Sonar,CollectionMethodsWithLinearComplexityCheck
3,,D:\Users\Lenovo\Desktop\PMD-main\case_test\sonar\Assignments\Assignments.java,2,29,Collection methods with O(n) performance should be used carefully,Sonar,CollectionMethodsWithLinearComplexityCheck
4,,D:\Users\Lenovo\Desktop\PMD-main\case_test\sonar\Assignments\Assignments.java,2,31,Collection methods with O(n) performance should be used carefully,Sonar,CollectionMethodsWithLinearComplexityCheck
5,,D:\Users\Lenovo\Desktop\PMD-main\case_test\sonar\Assignments\Assignments.java,2,32,Collection methods with O(n) performance should be used carefully,Sonar,CollectionMethodsWithLinearComplexityCheck
6,,D:\Users\Lenovo\Desktop\PMD-main\case_test\sonar\Assignments\Assignments.java,2,50,Collection methods with O(n) performance should be used carefully,Sonar,CollectionMethodsWithLinearComplexityCheck
7,,D:\Users\Lenovo\Desktop\PMD-main\case_test\sonar\Assignments\Assignments.java,2,51,Collection methods with O(n) performance should be used carefully,Sonar,CollectionMethodsWithLinearComplexityCheck
8,,D:\Users\Lenovo\Desktop\PMD-main\case_test\sonar\Assignments\Assignments.java,2,53,Collection methods with O(n) performance should be used carefully,Sonar,CollectionMethodsWithLinearComplexityCheck
9,,D:\Users\Lenovo\Desktop\PMD-main\case_test\sonar\Assignments\Assignments.java,2,54,Collection methods with O(n) performance should be used carefully,Sonar,CollectionMethodsWithLinearComplexityCheck
10,,D:\Users\Lenovo\Desktop\PMD-main\case_test\sonar\Assignments\Assignments.java,2,72,Collection methods with O(n) performance should be used carefully,Sonar,CollectionMethodsWithLinearComplexityCheck
11,,D:\Users\Lenovo\Desktop\PMD-main\case_test\sonar\Assignments\Assignments.java,2,73,Collection methods with O(n) performance should be used carefully,Sonar,CollectionMethodsWithLinearComplexityCheck
12,,D:\Users\Lenovo\Desktop\PMD-main\case_test\sonar\Assignments\Assignments.java,2,75,Collection methods with O(n) performance should be used carefully,Sonar,CollectionMethodsWithLinearComplexityCheck
13,,D:\Users\Lenovo\Desktop\PMD-main\case_test\sonar\Assignments\Assignments.java,2,76,Collection methods with O(n) performance should be used carefully,Sonar,CollectionMethodsWithLinearComplexityCheck
14,,D:\Users\Lenovo\Desktop\PMD-main\case_test\sonar\Assignments\Assignments.java,2,94,Collection methods with O(n) performance should be used carefully,Sonar,CollectionMethodsWithLinearComplexityCheck
15,,D:\Users\Lenovo\Desktop\PMD-main\case_test\sonar\Assignments\Assignments.java,2,95,Collection methods with O(n) performance should be used carefully,Sonar,CollectionMethodsWithLinearComplexityCheck
16,,D:\Users\Lenovo\Desktop\PMD-main\case_test\sonar\Assignments\Assignments.java,2,97,Collection methods with O(n) performance should be used carefully,Sonar,CollectionMethodsWithLinearComplexityCheck
17,,D:\Users\Lenovo\Desktop\PMD-main\case_test\sonar\Assignments\Assignments.java,2,98,Collection methods with O(n) performance should be used carefully,Sonar,CollectionMethodsWithLinearComplexityCheck
18,,D:\Users\Lenovo\Desktop\PMD-main\case_test\sonar\Assignments\Assignments.java,2,100,Collection methods with O(n) performance should be used carefully,Sonar,CollectionMethodsWithLinearComplexityCheck
19,,D:\Users\Lenovo\Desktop\PMD-main\case_test\sonar\Assignments\Assignments.java,2,101,Collection methods with O(n) performance should be used carefully,Sonar,CollectionMethodsWithLinearComplexityCheck
20,,D:\Users\Lenovo\Desktop\PMD-main\case_test\sonar\Assignments\Assignments.java,2,119,Collection methods with O(n) performance should be used carefully,Sonar,CollectionMethodsWithLinearComplexityCheck
21,,D:\Users\Lenovo\Desktop\PMD-main\case_test\sonar\Assignments\Assignments.java,2,120,Collection methods with O(n) performance should be used carefully,Sonar,CollectionMethodsWithLinearComplexityCheck
22,,D:\Users\Lenovo\Desktop\PMD-main\case_test\sonar\Assignments\Assignments.java,2,122,Collection methods with O(n) performance should be used carefully,Sonar,CollectionMethodsWithLinearComplexityCheck
23,,D:\Users\Lenovo\Desktop\PMD-main\case_test\sonar\Assignments\Assignments.java,2,123,Collection methods with O(n) performance should be used carefully,Sonar,CollectionMethodsWithLinearComplexityCheck
24,,D:\Users\Lenovo\Desktop\PMD-main\case_test\sonar\Assignments\Assignments.java,2,125,Collection methods with O(n) performance should be used carefully,Sonar,CollectionMethodsWithLinearComplexityCheck
25,,D:\Users\Lenovo\Desktop\PMD-main\case_test\sonar\Assignments\Assignments.java,2,126,Collection methods with O(n) performance should be used carefully,Sonar,CollectionMethodsWithLinearComplexityCheck
26,,D:\Users\Lenovo\Desktop\PMD-main\case_test\sonar\Assignments\Assignments.java,2,144,Collection methods with O(n) performance should be used carefully,Sonar,CollectionMethodsWithLinearComplexityCheck
27,,D:\Users\Lenovo\Desktop\PMD-main\case_test\sonar\Assignments\Assignments.java,2,145,Collection methods with O(n) performance should be used carefully,Sonar,CollectionMethodsWithLinearComplexityCheck
28,,D:\Users\Lenovo\Desktop\PMD-main\case_test\sonar\Assignments\Assignments.java,2,147,Collection methods with O(n) performance should be used carefully,Sonar,CollectionMethodsWithLinearComplexityCheck
29,,D:\Users\Lenovo\Desktop\PMD-main\case_test\sonar\Assignments\Assignments.java,2,148,Collection methods with O(n) performance should be used carefully,Sonar,CollectionMethodsWithLinearComplexityCheck
30,,D:\Users\Lenovo\Desktop\PMD-main\case_test\sonar\Assignments\Assignments.java,2,169,Collection methods with O(n) performance should be used carefully,Sonar,CollectionMethodsWithLinearComplexityCheck
31,,D:\Users\Lenovo\Desktop\PMD-main\case_test\sonar\Assignments\Assignments.java,2,186,Collection methods with O(n) performance should be used carefully,Sonar,CollectionMethodsWithLinearComplexityCheck
1,,D:\Users\Lenovo\Desktop\PMD-main\case_test\sonar\BigDecimalDoubleConstructorCheck\BigDecimalDoubleConstructorCheck.java,3,7,Avoid creating BigDecimal with a decimal (float\double) literal. Use a String literal,Error Prone,AvoidDecimalLiteralsInBigDecimalConstructor
2,,D:\Users\Lenovo\Desktop\PMD-main\case_test\sonar\BigDecimalDoubleConstructorCheck\BigDecimalDoubleConstructorCheck.java,2,7,Use BigDecimal.valueOf instead.,Sonar,BigDecimalDoubleConstructorCheck
3,,D:\Users\Lenovo\Desktop\PMD-main\case_test\sonar\BigDecimalDoubleConstructorCheck\BigDecimalDoubleConstructorCheck.java,3,8,Avoid creating BigDecimal with a decimal (float\double) literal. Use a String literal,Error Prone,AvoidDecimalLiteralsInBigDecimalConstructor
4,,D:\Users\Lenovo\Desktop\PMD-main\case_test\sonar\BigDecimalDoubleConstructorCheck\BigDecimalDoubleConstructorCheck.java,2,8,Use BigDecimal.valueOf instead.,Sonar,BigDecimalDoubleConstructorCheck
5,,D:\Users\Lenovo\Desktop\PMD-main\case_test\sonar\BigDecimalDoubleConstructorCheck\BigDecimalDoubleConstructorCheck.java,3,9,Avoid creating BigDecimal with a decimal (float\double) literal. Use a String literal,Error Prone,AvoidDecimalLiteralsInBigDecimalConstructor
6,,D:\Users\Lenovo\Desktop\PMD-main\case_test\sonar\BigDecimalDoubleConstructorCheck\BigDecimalDoubleConstructorCheck.java,2,9,Use BigDecimal.valueOf instead.,Sonar,BigDecimalDoubleConstructorCheck
7,,D:\Users\Lenovo\Desktop\PMD-main\case_test\sonar\BigDecimalDoubleConstructorCheck\BigDecimalDoubleConstructorCheck.java,3,10,Avoid creating BigDecimal with a decimal (float\double) literal. Use a String literal,Error Prone,AvoidDecimalLiteralsInBigDecimalConstructor
8,,D:\Users\Lenovo\Desktop\PMD-main\case_test\sonar\BigDecimalDoubleConstructorCheck\BigDecimalDoubleConstructorCheck.java,2,10,Use BigDecimal.valueOf instead.,Sonar,BigDecimalDoubleConstructorCheck
1,javax.annotation,D:\Users\Lenovo\Desktop\PMD-main\case_test\sonar\BooleanMethodReturnCheck\BooleanMethodReturnCheck.java,2,10,Null should not be returned from a Boolean method,Sonar,BooleanMethodReturnCheck
2,javax.annotation,D:\Users\Lenovo\Desktop\PMD-main\case_test\sonar\BooleanMethodReturnCheck\BooleanMethodReturnCheck.java,2,34,Null should not be returned from a Boolean method,Sonar,BooleanMethodReturnCheck
3,javax.annotation,D:\Users\Lenovo\Desktop\PMD-main\case_test\sonar\BooleanMethodReturnCheck\BooleanMethodReturnCheck.java,2,40,Null should not be returned from a Boolean method,Sonar,BooleanMethodReturnCheck
1,,D:\Users\Lenovo\Desktop\PMD-main\case_test\sonar\CatchIllegalMonitorStateExceptionCheck\CatchIllegalMonitorStateExceptionCheck.java,2,4,"wait, notify and notifyAll should only be called when a lock is obviously held on an object",Sonar,WaitInSynchronizeCheck
2,,D:\Users\Lenovo\Desktop\PMD-main\case_test\sonar\CatchIllegalMonitorStateExceptionCheck\CatchIllegalMonitorStateExceptionCheck.java,2,5,IllegalMonitorStateException should not be caught,Sonar,CatchIllegalMonitorStateExceptionCheck
3,,D:\Users\Lenovo\Desktop\PMD-main\case_test\sonar\CatchIllegalMonitorStateExceptionCheck\CatchIllegalMonitorStateExceptionCheck.java,2,11,IllegalMonitorStateException should not be caught,Sonar,CatchIllegalMonitorStateExceptionCheck
1,,D:\Users\Lenovo\Desktop\PMD-main\case_test\sonar\ClassComparedByNameCheck\ClassComparedByNameCheck.java,2,3,Avoid comparing class names directly. Use instanceof or Class.isAssignableFrom() instead.,Sonar,ClassComparedByNameCheck
2,,D:\Users\Lenovo\Desktop\PMD-main\case_test\sonar\ClassComparedByNameCheck\ClassComparedByNameCheck.java,2,4,Avoid comparing class names directly. Use instanceof or Class.isAssignableFrom() instead.,Sonar,ClassComparedByNameCheck
3,,D:\Users\Lenovo\Desktop\PMD-main\case_test\sonar\ClassComparedByNameCheck\ClassComparedByNameCheck.java,2,5,Avoid comparing class names directly. Use instanceof or Class.isAssignableFrom() instead.,Sonar,ClassComparedByNameCheck
4,,D:\Users\Lenovo\Desktop\PMD-main\case_test\sonar\ClassComparedByNameCheck\ClassComparedByNameCheck.java,2,8,Avoid comparing class names directly. Use instanceof or Class.isAssignableFrom() instead.,Sonar,ClassComparedByNameCheck
5,,D:\Users\Lenovo\Desktop\PMD-main\case_test\sonar\ClassComparedByNameCheck\ClassComparedByNameCheck.java,2,14,Avoid comparing class names directly. Use instanceof or Class.isAssignableFrom() instead.,Sonar,ClassComparedByNameCheck
6,,D:\Users\Lenovo\Desktop\PMD-main\case_test\sonar\ClassComparedByNameCheck\ClassComparedByNameCheck.java,3,14,Avoid empty if statements,Error Prone,EmptyIfStmt
1,,D:\Users\Lenovo\Desktop\PMD-main\case_test\sonar\CollectionCallingItselfCheck\CollectionCallingItselfCheck.java,2,9,Collections should not be passed as arguments to their own methods,Sonar,CollectionCallingItselfCheck
2,,D:\Users\Lenovo\Desktop\PMD-main\case_test\sonar\CollectionCallingItselfCheck\CollectionCallingItselfCheck.java,2,10,Collections should not be passed as arguments to their own methods,Sonar,CollectionCallingItselfCheck
3,,D:\Users\Lenovo\Desktop\PMD-main\case_test\sonar\CollectionCallingItselfCheck\CollectionCallingItselfCheck.java,2,11,Collections should not be passed as arguments to their own methods,Sonar,CollectionCallingItselfCheck
4,,D:\Users\Lenovo\Desktop\PMD-main\case_test\sonar\CollectionCallingItselfCheck\CollectionCallingItselfCheck.java,2,12,Collections should not be passed as arguments to their own methods,Sonar,CollectionCallingItselfCheck
5,,D:\Users\Lenovo\Desktop\PMD-main\case_test\sonar\CollectionCallingItselfCheck\CollectionCallingItselfCheck.java,2,13,Object.wait(...) and Condition.await(...) should be called inside a while loop,Sonar,WaitInWhileLoopCheck
6,,D:\Users\Lenovo\Desktop\PMD-main\case_test\sonar\CollectionCallingItselfCheck\CollectionCallingItselfCheck.java,2,13,"wait, notify and notifyAll should only be called when a lock is obviously held on an object",Sonar,WaitInSynchronizeCheck
1,,D:\Users\Lenovo\Desktop\PMD-main\case_test\sonar\CollectionInappropriateCallsCheck\CollectionInappropriateCallsCheck.java,2,26,Inappropriate Collection calls should not be made,Sonar,CollectionInappropriateCallsCheck
2,,D:\Users\Lenovo\Desktop\PMD-main\case_test\sonar\CollectionInappropriateCallsCheck\CollectionInappropriateCallsCheck.java,2,27,Inappropriate Collection calls should not be made,Sonar,CollectionInappropriateCallsCheck
3,,D:\Users\Lenovo\Desktop\PMD-main\case_test\sonar\CollectionInappropriateCallsCheck\CollectionInappropriateCallsCheck.java,2,29,Inappropriate Collection calls should not be made,Sonar,CollectionInappropriateCallsCheck
4,,D:\Users\Lenovo\Desktop\PMD-main\case_test\sonar\CollectionInappropriateCallsCheck\CollectionInappropriateCallsCheck.java,2,30,Inappropriate Collection calls should not be made,Sonar,CollectionInappropriateCallsCheck
5,,D:\Users\Lenovo\Desktop\PMD-main\case_test\sonar\CollectionInappropriateCallsCheck\CollectionInappropriateCallsCheck.java,2,31,Inappropriate Collection calls should not be made,Sonar,CollectionInappropriateCallsCheck
6,,D:\Users\Lenovo\Desktop\PMD-main\case_test\sonar\CollectionInappropriateCallsCheck\CollectionInappropriateCallsCheck.java,2,32,Inappropriate Collection calls should not be made,Sonar,CollectionInappropriateCallsCheck
7,,D:\Users\Lenovo\Desktop\PMD-main\case_test\sonar\CollectionInappropriateCallsCheck\CollectionInappropriateCallsCheck.java,2,35,Inappropriate Collection calls should not be made,Sonar,CollectionInappropriateCallsCheck
8,,D:\Users\Lenovo\Desktop\PMD-main\case_test\sonar\CollectionInappropriateCallsCheck\CollectionInappropriateCallsCheck.java,2,36,Inappropriate Collection calls should not be made,Sonar,CollectionInappropriateCallsCheck
9,,D:\Users\Lenovo\Desktop\PMD-main\case_test\sonar\CollectionInappropriateCallsCheck\CollectionInappropriateCallsCheck.java,2,70,Inappropriate Collection calls should not be made,Sonar,CollectionInappropriateCallsCheck
10,,D:\Users\Lenovo\Desktop\PMD-main\case_test\sonar\CollectionInappropriateCallsCheck\CollectionInappropriateCallsCheck.java,2,73,Inappropriate Collection calls should not be made,Sonar,CollectionInappropriateCallsCheck
11,,D:\Users\Lenovo\Desktop\PMD-main\case_test\sonar\CollectionInappropriateCallsCheck\CollectionInappropriateCallsCheck.java,2,77,Inappropriate Collection calls should not be made,Sonar,CollectionInappropriateCallsCheck
12,,D:\Users\Lenovo\Desktop\PMD-main\case_test\sonar\CollectionInappropriateCallsCheck\CollectionInappropriateCallsCheck.java,2,125,Collection methods with O(n) performance should be used carefully,Sonar,CollectionMethodsWithLinearComplexityCheck
13,,D:\Users\Lenovo\Desktop\PMD-main\case_test\sonar\CollectionInappropriateCallsCheck\CollectionInappropriateCallsCheck.java,2,150,Inappropriate Collection calls should not be made,Sonar,CollectionInappropriateCallsCheck
14,,D:\Users\Lenovo\Desktop\PMD-main\case_test\sonar\CollectionInappropriateCallsCheck\CollectionInappropriateCallsCheck.java,2,166,Inappropriate Collection calls should not be made,Sonar,CollectionInappropriateCallsCheck
1,,D:\Users\Lenovo\Desktop\PMD-main\case_test\sonar\CollectionMethodsWithLinearComplexityCheck\CollectionMethodsWithLinearComplexity.java,2,9,Collection methods with O(n) performance should be used carefully,Sonar,CollectionMethodsWithLinearComplexityCheck
2,,D:\Users\Lenovo\Desktop\PMD-main\case_test\sonar\CollectionMethodsWithLinearComplexityCheck\CollectionMethodsWithLinearComplexity.java,2,28,Collection methods with O(n) performance should be used carefully,Sonar,CollectionMethodsWithLinearComplexityCheck
3,,D:\Users\Lenovo\Desktop\PMD-main\case_test\sonar\CollectionMethodsWithLinearComplexityCheck\CollectionMethodsWithLinearComplexity.java,2,29,Collection methods with O(n) performance should be used carefully,Sonar,CollectionMethodsWithLinearComplexityCheck
4,,D:\Users\Lenovo\Desktop\PMD-main\case_test\sonar\CollectionMethodsWithLinearComplexityCheck\CollectionMethodsWithLinearComplexity.java,2,31,Collection methods with O(n) performance should be used carefully,Sonar,CollectionMethodsWithLinearComplexityCheck
5,,D:\Users\Lenovo\Desktop\PMD-main\case_test\sonar\CollectionMethodsWithLinearComplexityCheck\CollectionMethodsWithLinearComplexity.java,2,32,Collection methods with O(n) performance should be used carefully,Sonar,CollectionMethodsWithLinearComplexityCheck
6,,D:\Users\Lenovo\Desktop\PMD-main\case_test\sonar\CollectionMethodsWithLinearComplexityCheck\CollectionMethodsWithLinearComplexity.java,2,33,Collection methods with O(n) performance should be used carefully,Sonar,CollectionMethodsWithLinearComplexityCheck
7,,D:\Users\Lenovo\Desktop\PMD-main\case_test\sonar\CollectionMethodsWithLinearComplexityCheck\CollectionMethodsWithLinearComplexity.java,2,55,Collection methods with O(n) performance should be used carefully,Sonar,CollectionMethodsWithLinearComplexityCheck
8,,D:\Users\Lenovo\Desktop\PMD-main\case_test\sonar\CollectionMethodsWithLinearComplexityCheck\CollectionMethodsWithLinearComplexity.java,2,56,Collection methods with O(n) performance should be used carefully,Sonar,CollectionMethodsWithLinearComplexityCheck
9,,D:\Users\Lenovo\Desktop\PMD-main\case_test\sonar\CollectionMethodsWithLinearComplexityCheck\CollectionMethodsWithLinearComplexity.java,2,58,Collection methods with O(n) performance should be used carefully,Sonar,CollectionMethodsWithLinearComplexityCheck
10,,D:\Users\Lenovo\Desktop\PMD-main\case_test\sonar\CollectionMethodsWithLinearComplexityCheck\CollectionMethodsWithLinearComplexity.java,2,59,Collection methods with O(n) performance should be used carefully,Sonar,CollectionMethodsWithLinearComplexityCheck
11,,D:\Users\Lenovo\Desktop\PMD-main\case_test\sonar\CollectionMethodsWithLinearComplexityCheck\CollectionMethodsWithLinearComplexity.java,2,77,Collection methods with O(n) performance should be used carefully,Sonar,CollectionMethodsWithLinearComplexityCheck
12,,D:\Users\Lenovo\Desktop\PMD-main\case_test\sonar\CollectionMethodsWithLinearComplexityCheck\CollectionMethodsWithLinearComplexity.java,2,78,Collection methods with O(n) performance should be used carefully,Sonar,CollectionMethodsWithLinearComplexityCheck
13,,D:\Users\Lenovo\Desktop\PMD-main\case_test\sonar\CollectionMethodsWithLinearComplexityCheck\CollectionMethodsWithLinearComplexity.java,2,80,Collection methods with O(n) performance should be used carefully,Sonar,CollectionMethodsWithLinearComplexityCheck
14,,D:\Users\Lenovo\Desktop\PMD-main\case_test\sonar\CollectionMethodsWithLinearComplexityCheck\CollectionMethodsWithLinearComplexity.java,2,81,Collection methods with O(n) performance should be used carefully,Sonar,CollectionMethodsWithLinearComplexityCheck
15,,D:\Users\Lenovo\Desktop\PMD-main\case_test\sonar\CollectionMethodsWithLinearComplexityCheck\CollectionMethodsWithLinearComplexity.java,2,99,Collection methods with O(n) performance should be used carefully,Sonar,CollectionMethodsWithLinearComplexityCheck
16,,D:\Users\Lenovo\Desktop\PMD-main\case_test\sonar\CollectionMethodsWithLinearComplexityCheck\CollectionMethodsWithLinearComplexity.java,2,100,Collection methods with O(n) performance should be used carefully,Sonar,CollectionMethodsWithLinearComplexityCheck
17,,D:\Users\Lenovo\Desktop\PMD-main\case_test\sonar\CollectionMethodsWithLinearComplexityCheck\CollectionMethodsWithLinearComplexity.java,2,102,Collection methods with O(n) performance should be used carefully,Sonar,CollectionMethodsWithLinearComplexityCheck
18,,D:\Users\Lenovo\Desktop\PMD-main\case_test\sonar\CollectionMethodsWithLinearComplexityCheck\CollectionMethodsWithLinearComplexity.java,2,103,Collection methods with O(n) performance should be used carefully,Sonar,CollectionMethodsWithLinearComplexityCheck
19,,D:\Users\Lenovo\Desktop\PMD-main\case_test\sonar\CollectionMethodsWithLinearComplexityCheck\CollectionMethodsWithLinearComplexity.java,2,105,Collection methods with O(n) performance should be used carefully,Sonar,CollectionMethodsWithLinearComplexityCheck
20,,D:\Users\Lenovo\Desktop\PMD-main\case_test\sonar\CollectionMethodsWithLinearComplexityCheck\CollectionMethodsWithLinearComplexity.java,2,106,Collection methods with O(n) performance should be used carefully,Sonar,CollectionMethodsWithLinearComplexityCheck
21,,D:\Users\Lenovo\Desktop\PMD-main\case_test\sonar\CollectionMethodsWithLinearComplexityCheck\CollectionMethodsWithLinearComplexity.java,2,124,Collection methods with O(n) performance should be used carefully,Sonar,CollectionMethodsWithLinearComplexityCheck
22,,D:\Users\Lenovo\Desktop\PMD-main\case_test\sonar\CollectionMethodsWithLinearComplexityCheck\CollectionMethodsWithLinearComplexity.java,2,125,Collection methods with O(n) performance should be used carefully,Sonar,CollectionMethodsWithLinearComplexityCheck
23,,D:\Users\Lenovo\Desktop\PMD-main\case_test\sonar\CollectionMethodsWithLinearComplexityCheck\CollectionMethodsWithLinearComplexity.java,2,127,Collection methods with O(n) performance should be used carefully,Sonar,CollectionMethodsWithLinearComplexityCheck
24,,D:\Users\Lenovo\Desktop\PMD-main\case_test\sonar\CollectionMethodsWithLinearComplexityCheck\CollectionMethodsWithLinearComplexity.java,2,128,Collection methods with O(n) performance should be used carefully,Sonar,CollectionMethodsWithLinearComplexityCheck
25,,D:\Users\Lenovo\Desktop\PMD-main\case_test\sonar\CollectionMethodsWithLinearComplexityCheck\CollectionMethodsWithLinearComplexity.java,2,130,Collection methods with O(n) performance should be used carefully,Sonar,CollectionMethodsWithLinearComplexityCheck
26,,D:\Users\Lenovo\Desktop\PMD-main\case_test\sonar\CollectionMethodsWithLinearComplexityCheck\CollectionMethodsWithLinearComplexity.java,2,131,Collection methods with O(n) performance should be used carefully,Sonar,CollectionMethodsWithLinearComplexityCheck
27,,D:\Users\Lenovo\Desktop\PMD-main\case_test\sonar\CollectionMethodsWithLinearComplexityCheck\CollectionMethodsWithLinearComplexity.java,2,149,Collection methods with O(n) performance should be used carefully,Sonar,CollectionMethodsWithLinearComplexityCheck
28,,D:\Users\Lenovo\Desktop\PMD-main\case_test\sonar\CollectionMethodsWithLinearComplexityCheck\CollectionMethodsWithLinearComplexity.java,2,150,Collection methods with O(n) performance should be used carefully,Sonar,CollectionMethodsWithLinearComplexityCheck
29,,D:\Users\Lenovo\Desktop\PMD-main\case_test\sonar\CollectionMethodsWithLinearComplexityCheck\CollectionMethodsWithLinearComplexity.java,2,152,Collection methods with O(n) performance should be used carefully,Sonar,CollectionMethodsWithLinearComplexityCheck
30,,D:\Users\Lenovo\Desktop\PMD-main\case_test\sonar\CollectionMethodsWithLinearComplexityCheck\CollectionMethodsWithLinearComplexity.java,2,153,Collection methods with O(n) performance should be used carefully,Sonar,CollectionMethodsWithLinearComplexityCheck
31,,D:\Users\Lenovo\Desktop\PMD-main\case_test\sonar\CollectionMethodsWithLinearComplexityCheck\CollectionMethodsWithLinearComplexity.java,2,173,Collection methods with O(n) performance should be used carefully,Sonar,CollectionMethodsWithLinearComplexityCheck
32,,D:\Users\Lenovo\Desktop\PMD-main\case_test\sonar\CollectionMethodsWithLinearComplexityCheck\CollectionMethodsWithLinearComplexity.java,2,189,Collection methods with O(n) performance should be used carefully,Sonar,CollectionMethodsWithLinearComplexityCheck
1,,D:\Users\Lenovo\Desktop\PMD-main\case_test\sonar\CompareToReturnValueCheck\CompareToReturnValueCheck.java,2,4,compareTo should not return Integer.MIN_VALUE,Sonar,CompareToReturnValueCheck
2,,D:\Users\Lenovo\Desktop\PMD-main\case_test\sonar\CompareToReturnValueCheck\CompareToReturnValueCheck.java,2,44,compareTo should not return Integer.MIN_VALUE,Sonar,CompareToReturnValueCheck
3,,D:\Users\Lenovo\Desktop\PMD-main\case_test\sonar\CompareToReturnValueCheck\CompareToReturnValueCheck.java,2,48,compareTo should not return Integer.MIN_VALUE,Sonar,CompareToReturnValueCheck
4,,D:\Users\Lenovo\Desktop\PMD-main\case_test\sonar\CompareToReturnValueCheck\CompareToReturnValueCheck.java,2,52,compareTo should not return Integer.MIN_VALUE,Sonar,CompareToReturnValueCheck
1,,D:\Users\Lenovo\Desktop\PMD-main\case_test\sonar\CustomSerializationMethodCheck\test\CustomSerializationMethodCheck.java,2,17,Custom serialization method signatures should meet requirements,Sonar,CustomSerializationMethodCheck
2,,D:\Users\Lenovo\Desktop\PMD-main\case_test\sonar\CustomSerializationMethodCheck\test\CustomSerializationMethodCheck.java,2,18,Custom serialization method signatures should meet requirements,Sonar,CustomSerializationMethodCheck
3,,D:\Users\Lenovo\Desktop\PMD-main\case_test\sonar\CustomSerializationMethodCheck\test\CustomSerializationMethodCheck.java,2,19,Custom serialization method signatures should meet requirements,Sonar,CustomSerializationMethodCheck
4,,D:\Users\Lenovo\Desktop\PMD-main\case_test\sonar\CustomSerializationMethodCheck\test\CustomSerializationMethodCheck.java,2,23,Custom serialization method signatures should meet requirements,Sonar,CustomSerializationMethodCheck
5,,D:\Users\Lenovo\Desktop\PMD-main\case_test\sonar\CustomSerializationMethodCheck\test\CustomSerializationMethodCheck.java,2,24,Custom serialization method signatures should meet requirements,Sonar,CustomSerializationMethodCheck
6,,D:\Users\Lenovo\Desktop\PMD-main\case_test\sonar\CustomSerializationMethodCheck\test\CustomSerializationMethodCheck.java,2,25,Custom serialization method signatures should meet requirements,Sonar,CustomSerializationMethodCheck
7,,D:\Users\Lenovo\Desktop\PMD-main\case_test\sonar\CustomSerializationMethodCheck\test\CustomSerializationMethodCheck.java,2,26,Custom serialization method signatures should meet requirements,Sonar,CustomSerializationMethodCheck
8,,D:\Users\Lenovo\Desktop\PMD-main\case_test\sonar\CustomSerializationMethodCheck\test\CustomSerializationMethodCheck.java,2,27,Custom serialization method signatures should meet requirements,Sonar,CustomSerializationMethodCheck
9,,D:\Users\Lenovo\Desktop\PMD-main\case_test\sonar\CustomSerializationMethodCheck\test\CustomSerializationMethodCheck.java,2,39,Custom serialization method signatures should meet requirements,Sonar,CustomSerializationMethodCheck
10,,D:\Users\Lenovo\Desktop\PMD-main\case_test\sonar\CustomSerializationMethodCheck\test\CustomSerializationMethodCheck.java,2,40,Custom serialization method signatures should meet requirements,Sonar,CustomSerializationMethodCheck
1,,D:\Users\Lenovo\Desktop\PMD-main\case_test\sonar\EqualsArgumentTypeCheck\EqualsArgumentType.java,3,3,Ensure you override both equals() and hashCode(),Error Prone,OverrideBothEqualsAndHashcode
2,,D:\Users\Lenovo\Desktop\PMD-main\case_test\sonar\EqualsArgumentTypeCheck\EqualsArgumentType.java,2,4,Identical expressions should not be used on both sides of a binary operator,Sonar,IdenticalOperandOnBinaryExpressionCheck
3,,D:\Users\Lenovo\Desktop\PMD-main\case_test\sonar\EqualsArgumentTypeCheck\EqualsArgumentType.java,3,13,Ensure you override both equals() and hashCode(),Error Prone,OverrideBothEqualsAndHashcode
4,,D:\Users\Lenovo\Desktop\PMD-main\case_test\sonar\EqualsArgumentTypeCheck\EqualsArgumentType.java,1,13,equals(Object obj) should test argument type,Sonar,EqualsArgumentTypeCheck
5,,D:\Users\Lenovo\Desktop\PMD-main\case_test\sonar\EqualsArgumentTypeCheck\EqualsArgumentType.java,3,23,Ensure you override both equals() and hashCode(),Error Prone,OverrideBothEqualsAndHashcode
6,,D:\Users\Lenovo\Desktop\PMD-main\case_test\sonar\EqualsArgumentTypeCheck\EqualsArgumentType.java,3,33,Ensure you override both equals() and hashCode(),Error Prone,OverrideBothEqualsAndHashcode
7,,D:\Users\Lenovo\Desktop\PMD-main\case_test\sonar\EqualsArgumentTypeCheck\EqualsArgumentType.java,1,33,equals(Object obj) should test argument type,Sonar,EqualsArgumentTypeCheck
8,,D:\Users\Lenovo\Desktop\PMD-main\case_test\sonar\EqualsArgumentTypeCheck\EqualsArgumentType.java,3,40,Ensure you override both equals() and hashCode(),Error Prone,OverrideBothEqualsAndHashcode
9,,D:\Users\Lenovo\Desktop\PMD-main\case_test\sonar\EqualsArgumentTypeCheck\EqualsArgumentType.java,3,47,Ensure you override both equals() and hashCode(),Error Prone,OverrideBothEqualsAndHashcode
10,,D:\Users\Lenovo\Desktop\PMD-main\case_test\sonar\EqualsArgumentTypeCheck\EqualsArgumentType.java,1,47,equals(Object obj) should test argument type,Sonar,EqualsArgumentTypeCheck
11,,D:\Users\Lenovo\Desktop\PMD-main\case_test\sonar\EqualsArgumentTypeCheck\EqualsArgumentType.java,3,54,Ensure you override both equals() and hashCode(),Error Prone,OverrideBothEqualsAndHashcode
12,,D:\Users\Lenovo\Desktop\PMD-main\case_test\sonar\EqualsArgumentTypeCheck\EqualsArgumentType.java,3,61,Ensure you override both equals() and hashCode(),Error Prone,OverrideBothEqualsAndHashcode
13,,D:\Users\Lenovo\Desktop\PMD-main\case_test\sonar\EqualsArgumentTypeCheck\EqualsArgumentType.java,3,71,Ensure you override both equals() and hashCode(),Error Prone,OverrideBothEqualsAndHashcode
14,,D:\Users\Lenovo\Desktop\PMD-main\case_test\sonar\EqualsArgumentTypeCheck\EqualsArgumentType.java,3,81,Ensure you override both equals() and hashCode(),Error Prone,OverrideBothEqualsAndHashcode
15,,D:\Users\Lenovo\Desktop\PMD-main\case_test\sonar\EqualsArgumentTypeCheck\EqualsArgumentType.java,1,81,equals(Object obj) should test argument type,Sonar,EqualsArgumentTypeCheck
16,,D:\Users\Lenovo\Desktop\PMD-main\case_test\sonar\EqualsArgumentTypeCheck\EqualsArgumentType.java,3,91,Ensure you override both equals() and hashCode(),Error Prone,OverrideBothEqualsAndHashcode
17,,D:\Users\Lenovo\Desktop\PMD-main\case_test\sonar\EqualsArgumentTypeCheck\EqualsArgumentType.java,1,91,equals(Object obj) should test argument type,Sonar,EqualsArgumentTypeCheck
18,,D:\Users\Lenovo\Desktop\PMD-main\case_test\sonar\EqualsArgumentTypeCheck\EqualsArgumentType.java,3,101,Ensure you override both equals() and hashCode(),Error Prone,OverrideBothEqualsAndHashcode
19,,D:\Users\Lenovo\Desktop\PMD-main\case_test\sonar\EqualsArgumentTypeCheck\EqualsArgumentType.java,3,111,Ensure you override both equals() and hashCode(),Error Prone,OverrideBothEqualsAndHashcode
20,,D:\Users\Lenovo\Desktop\PMD-main\case_test\sonar\EqualsArgumentTypeCheck\EqualsArgumentType.java,3,121,Ensure you override both equals() and hashCode(),Error Prone,OverrideBothEqualsAndHashcode
21,,D:\Users\Lenovo\Desktop\PMD-main\case_test\sonar\EqualsArgumentTypeCheck\EqualsArgumentType.java,3,122,Avoid empty if statements,Error Prone,EmptyIfStmt
22,,D:\Users\Lenovo\Desktop\PMD-main\case_test\sonar\EqualsArgumentTypeCheck\EqualsArgumentType.java,3,130,Ensure you override both equals() and hashCode(),Error Prone,OverrideBothEqualsAndHashcode
23,,D:\Users\Lenovo\Desktop\PMD-main\case_test\sonar\EqualsArgumentTypeCheck\EqualsArgumentType.java,3,131,Avoid empty if statements,Error Prone,EmptyIfStmt
24,,D:\Users\Lenovo\Desktop\PMD-main\case_test\sonar\EqualsArgumentTypeCheck\EqualsArgumentType.java,3,143,Ensure you override both equals() and hashCode(),Error Prone,OverrideBothEqualsAndHashcode
25,,D:\Users\Lenovo\Desktop\PMD-main\case_test\sonar\EqualsArgumentTypeCheck\EqualsArgumentType.java,3,144,Avoid empty if statements,Error Prone,EmptyIfStmt
26,,D:\Users\Lenovo\Desktop\PMD-main\case_test\sonar\EqualsArgumentTypeCheck\EqualsArgumentType.java,3,156,Ensure you override both equals() and hashCode(),Error Prone,OverrideBothEqualsAndHashcode
27,,D:\Users\Lenovo\Desktop\PMD-main\case_test\sonar\EqualsArgumentTypeCheck\EqualsArgumentType.java,3,169,Ensure you override both equals() and hashCode(),Error Prone,OverrideBothEqualsAndHashcode
28,,D:\Users\Lenovo\Desktop\PMD-main\case_test\sonar\EqualsArgumentTypeCheck\EqualsArgumentType.java,3,182,Ensure you override both equals() and hashCode(),Error Prone,OverrideBothEqualsAndHashcode
29,,D:\Users\Lenovo\Desktop\PMD-main\case_test\sonar\EqualsArgumentTypeCheck\EqualsArgumentType.java,3,191,Ensure you override both equals() and hashCode(),Error Prone,OverrideBothEqualsAndHashcode
30,,D:\Users\Lenovo\Desktop\PMD-main\case_test\sonar\EqualsArgumentTypeCheck\EqualsArgumentType.java,1,191,equals(Object obj) should test argument type,Sonar,EqualsArgumentTypeCheck
31,,D:\Users\Lenovo\Desktop\PMD-main\case_test\sonar\EqualsArgumentTypeCheck\EqualsArgumentType.java,3,206,Ensure you override both equals() and hashCode(),Error Prone,OverrideBothEqualsAndHashcode
32,,D:\Users\Lenovo\Desktop\PMD-main\case_test\sonar\EqualsArgumentTypeCheck\EqualsArgumentType.java,1,206,equals(Object obj) should test argument type,Sonar,EqualsArgumentTypeCheck
33,,D:\Users\Lenovo\Desktop\PMD-main\case_test\sonar\EqualsArgumentTypeCheck\EqualsArgumentType.java,3,215,Ensure you override both equals() and hashCode(),Error Prone,OverrideBothEqualsAndHashcode
34,,D:\Users\Lenovo\Desktop\PMD-main\case_test\sonar\EqualsArgumentTypeCheck\EqualsArgumentType.java,1,215,equals(Object obj) should test argument type,Sonar,EqualsArgumentTypeCheck
35,,D:\Users\Lenovo\Desktop\PMD-main\case_test\sonar\EqualsArgumentTypeCheck\EqualsArgumentType.java,2,235,equals method overrides should accept Object parameters,Sonar,MethodNamedEqualsCheck
36,,D:\Users\Lenovo\Desktop\PMD-main\case_test\sonar\EqualsArgumentTypeCheck\EqualsArgumentType.java,3,240,Ensure you override both equals() and hashCode(),Error Prone,OverrideBothEqualsAndHashcode
1,,D:\Users\Lenovo\Desktop\PMD-main\case_test\sonar\EqualsOnAtomicClassCheck\EqualsOnAtomicClassCheck.java,1,12,.equals() should not be used to test the values of Atomic classes,Sonar,EqualsOnAtomicClassCheck
2,,D:\Users\Lenovo\Desktop\PMD-main\case_test\sonar\EqualsOnAtomicClassCheck\EqualsOnAtomicClassCheck.java,1,16,.equals() should not be used to test the values of Atomic classes,Sonar,EqualsOnAtomicClassCheck
3,,D:\Users\Lenovo\Desktop\PMD-main\case_test\sonar\EqualsOnAtomicClassCheck\EqualsOnAtomicClassCheck.java,1,20,.equals() should not be used to test the values of Atomic classes,Sonar,EqualsOnAtomicClassCheck
1,foo,D:\Users\Lenovo\Desktop\PMD-main\case_test\sonar\FileCreateTempFileCheck\FileCreateTempFileCheck.java,3,9,Field b has the same name as a method,Error Prone,AvoidFieldNameMatchingMethodName
2,foo,D:\Users\Lenovo\Desktop\PMD-main\case_test\sonar\FileCreateTempFileCheck\FileCreateTempFileCheck.java,2,24,File.createTempFile should not be used to create a directory,Sonar,FileCreateTempFileCheck
3,foo,D:\Users\Lenovo\Desktop\PMD-main\case_test\sonar\FileCreateTempFileCheck\FileCreateTempFileCheck.java,2,27,File.createTempFile should not be used to create a directory,Sonar,FileCreateTempFileCheck
4,foo,D:\Users\Lenovo\Desktop\PMD-main\case_test\sonar\FileCreateTempFileCheck\FileCreateTempFileCheck.java,2,28,File.createTempFile should not be used to create a directory,Sonar,FileCreateTempFileCheck
5,foo,D:\Users\Lenovo\Desktop\PMD-main\case_test\sonar\FileCreateTempFileCheck\FileCreateTempFileCheck.java,2,30,Instance methods should not write to static fields,Sonar,StaticFieldUpateCheck
6,foo,D:\Users\Lenovo\Desktop\PMD-main\case_test\sonar\FileCreateTempFileCheck\FileCreateTempFileCheck.java,2,35,Instance methods should not write to static fields,Sonar,StaticFieldUpateCheck
7,foo,D:\Users\Lenovo\Desktop\PMD-main\case_test\sonar\FileCreateTempFileCheck\FileCreateTempFileCheck.java,2,37,File.createTempFile should not be used to create a directory,Sonar,FileCreateTempFileCheck
8,foo,D:\Users\Lenovo\Desktop\PMD-main\case_test\sonar\FileCreateTempFileCheck\FileCreateTempFileCheck.java,2,41,File.createTempFile should not be used to create a directory,Sonar,FileCreateTempFileCheck
9,foo,D:\Users\Lenovo\Desktop\PMD-main\case_test\sonar\FileCreateTempFileCheck\FileCreateTempFileCheck.java,2,42,File.createTempFile should not be used to create a directory,Sonar,FileCreateTempFileCheck
10,foo,D:\Users\Lenovo\Desktop\PMD-main\case_test\sonar\FileCreateTempFileCheck\FileCreateTempFileCheck.java,2,52,Instance methods should not write to static fields,Sonar,StaticFieldUpateCheck
1,,D:\Users\Lenovo\Desktop\PMD-main\case_test\sonar\ForLoopFalseConditionCheck\ForLoopFalseConditionCheck.java,3,5,Loop conditions should be true at least once,Sonar,ForLoopFalseConditionCheck
2,,D:\Users\Lenovo\Desktop\PMD-main\case_test\sonar\ForLoopFalseConditionCheck\ForLoopFalseConditionCheck.java,3,7,Loop conditions should be true at least once,Sonar,ForLoopFalseConditionCheck
3,,D:\Users\Lenovo\Desktop\PMD-main\case_test\sonar\ForLoopFalseConditionCheck\ForLoopFalseConditionCheck.java,3,10,Loop conditions should be true at least once,Sonar,ForLoopFalseConditionCheck
4,,D:\Users\Lenovo\Desktop\PMD-main\case_test\sonar\ForLoopFalseConditionCheck\ForLoopFalseConditionCheck.java,3,12,Loop conditions should be true at least once,Sonar,ForLoopFalseConditionCheck
5,,D:\Users\Lenovo\Desktop\PMD-main\case_test\sonar\ForLoopFalseConditionCheck\ForLoopFalseConditionCheck.java,3,14,Loop conditions should be true at least once,Sonar,ForLoopFalseConditionCheck
6,,D:\Users\Lenovo\Desktop\PMD-main\case_test\sonar\ForLoopFalseConditionCheck\ForLoopFalseConditionCheck.java,3,16,Loop conditions should be true at least once,Sonar,ForLoopFalseConditionCheck
7,,D:\Users\Lenovo\Desktop\PMD-main\case_test\sonar\ForLoopFalseConditionCheck\ForLoopFalseConditionCheck.java,3,21,Loop conditions should be true at least once,Sonar,ForLoopFalseConditionCheck
1,,D:\Users\Lenovo\Desktop\PMD-main\case_test\sonar\ForLoopIncrementSignCheck\ForLoopIncrementSignCheck.java,1,5,A for loop update clause should move the counter in the right direction,Sonar,ForLoopIncrementSignCheck
2,,D:\Users\Lenovo\Desktop\PMD-main\case_test\sonar\ForLoopIncrementSignCheck\ForLoopIncrementSignCheck.java,1,6,A for loop update clause should move the counter in the right direction,Sonar,ForLoopIncrementSignCheck
3,,D:\Users\Lenovo\Desktop\PMD-main\case_test\sonar\ForLoopIncrementSignCheck\ForLoopIncrementSignCheck.java,1,8,A for loop update clause should move the counter in the right direction,Sonar,ForLoopIncrementSignCheck
4,,D:\Users\Lenovo\Desktop\PMD-main\case_test\sonar\ForLoopIncrementSignCheck\ForLoopIncrementSignCheck.java,1,9,A for loop update clause should move the counter in the right direction,Sonar,ForLoopIncrementSignCheck
5,,D:\Users\Lenovo\Desktop\PMD-main\case_test\sonar\ForLoopIncrementSignCheck\ForLoopIncrementSignCheck.java,1,11,A for loop update clause should move the counter in the right direction,Sonar,ForLoopIncrementSignCheck
6,,D:\Users\Lenovo\Desktop\PMD-main\case_test\sonar\ForLoopIncrementSignCheck\ForLoopIncrementSignCheck.java,1,12,A for loop update clause should move the counter in the right direction,Sonar,ForLoopIncrementSignCheck
7,,D:\Users\Lenovo\Desktop\PMD-main\case_test\sonar\ForLoopIncrementSignCheck\ForLoopIncrementSignCheck.java,1,14,A for loop update clause should move the counter in the right direction,Sonar,ForLoopIncrementSignCheck
8,,D:\Users\Lenovo\Desktop\PMD-main\case_test\sonar\ForLoopIncrementSignCheck\ForLoopIncrementSignCheck.java,1,15,A for loop update clause should move the counter in the right direction,Sonar,ForLoopIncrementSignCheck
9,,D:\Users\Lenovo\Desktop\PMD-main\case_test\sonar\ForLoopIncrementSignCheck\ForLoopIncrementSignCheck.java,1,19,A for loop update clause should move the counter in the right direction,Sonar,ForLoopIncrementSignCheck
10,,D:\Users\Lenovo\Desktop\PMD-main\case_test\sonar\ForLoopIncrementSignCheck\ForLoopIncrementSignCheck.java,1,24,A for loop update clause should move the counter in the right direction,Sonar,ForLoopIncrementSignCheck
1,,D:\Users\Lenovo\Desktop\PMD-main\case_test\sonar\ForLoopTerminationConditionCheck\ForLoopTerminationConditionCheck.java,2,4,Equality operators should not be used in for loop termination conditions,Sonar,ForLoopTerminationConditionCheck
2,,D:\Users\Lenovo\Desktop\PMD-main\case_test\sonar\ForLoopTerminationConditionCheck\ForLoopTerminationConditionCheck.java,2,5,Equality operators should not be used in for loop termination conditions,Sonar,ForLoopTerminationConditionCheck
3,,D:\Users\Lenovo\Desktop\PMD-main\case_test\sonar\ForLoopTerminationConditionCheck\ForLoopTerminationConditionCheck.java,2,6,Equality operators should not be used in for loop termination conditions,Sonar,ForLoopTerminationConditionCheck
4,,D:\Users\Lenovo\Desktop\PMD-main\case_test\sonar\ForLoopTerminationConditionCheck\ForLoopTerminationConditionCheck.java,2,7,Equality operators should not be used in for loop termination conditions,Sonar,ForLoopTerminationConditionCheck
5,,D:\Users\Lenovo\Desktop\PMD-main\case_test\sonar\ForLoopTerminationConditionCheck\ForLoopTerminationConditionCheck.java,2,8,Equality operators should not be used in for loop termination conditions,Sonar,ForLoopTerminationConditionCheck
6,,D:\Users\Lenovo\Desktop\PMD-main\case_test\sonar\ForLoopTerminationConditionCheck\ForLoopTerminationConditionCheck.java,2,9,Equality operators should not be used in for loop termination conditions,Sonar,ForLoopTerminationConditionCheck
7,,D:\Users\Lenovo\Desktop\PMD-main\case_test\sonar\ForLoopTerminationConditionCheck\ForLoopTerminationConditionCheck.java,2,10,Equality operators should not be used in for loop termination conditions,Sonar,ForLoopTerminationConditionCheck
8,,D:\Users\Lenovo\Desktop\PMD-main\case_test\sonar\ForLoopTerminationConditionCheck\ForLoopTerminationConditionCheck.java,2,11,Equality operators should not be used in for loop termination conditions,Sonar,ForLoopTerminationConditionCheck
9,,D:\Users\Lenovo\Desktop\PMD-main\case_test\sonar\ForLoopTerminationConditionCheck\ForLoopTerminationConditionCheck.java,2,12,Equality operators should not be used in for loop termination conditions,Sonar,ForLoopTerminationConditionCheck
10,,D:\Users\Lenovo\Desktop\PMD-main\case_test\sonar\ForLoopTerminationConditionCheck\ForLoopTerminationConditionCheck.java,2,13,Equality operators should not be used in for loop termination conditions,Sonar,ForLoopTerminationConditionCheck
11,,D:\Users\Lenovo\Desktop\PMD-main\case_test\sonar\ForLoopTerminationConditionCheck\ForLoopTerminationConditionCheck.java,2,14,Equality operators should not be used in for loop termination conditions,Sonar,ForLoopTerminationConditionCheck
12,,D:\Users\Lenovo\Desktop\PMD-main\case_test\sonar\ForLoopTerminationConditionCheck\ForLoopTerminationConditionCheck.java,2,15,Equality operators should not be used in for loop termination conditions,Sonar,ForLoopTerminationConditionCheck
13,,D:\Users\Lenovo\Desktop\PMD-main\case_test\sonar\ForLoopTerminationConditionCheck\ForLoopTerminationConditionCheck.java,2,16,Equality operators should not be used in for loop termination conditions,Sonar,ForLoopTerminationConditionCheck
14,,D:\Users\Lenovo\Desktop\PMD-main\case_test\sonar\ForLoopTerminationConditionCheck\ForLoopTerminationConditionCheck.java,2,17,Equality operators should not be used in for loop termination conditions,Sonar,ForLoopTerminationConditionCheck
15,,D:\Users\Lenovo\Desktop\PMD-main\case_test\sonar\ForLoopTerminationConditionCheck\ForLoopTerminationConditionCheck.java,2,18,Equality operators should not be used in for loop termination conditions,Sonar,ForLoopTerminationConditionCheck
16,,D:\Users\Lenovo\Desktop\PMD-main\case_test\sonar\ForLoopTerminationConditionCheck\ForLoopTerminationConditionCheck.java,2,19,Equality operators should not be used in for loop termination conditions,Sonar,ForLoopTerminationConditionCheck
17,,D:\Users\Lenovo\Desktop\PMD-main\case_test\sonar\ForLoopTerminationConditionCheck\ForLoopTerminationConditionCheck.java,2,20,Equality operators should not be used in for loop termination conditions,Sonar,ForLoopTerminationConditionCheck
18,,D:\Users\Lenovo\Desktop\PMD-main\case_test\sonar\ForLoopTerminationConditionCheck\ForLoopTerminationConditionCheck.java,1,30,A for loop update clause should move the counter in the right direction,Sonar,ForLoopIncrementSignCheck
19,,D:\Users\Lenovo\Desktop\PMD-main\case_test\sonar\ForLoopTerminationConditionCheck\ForLoopTerminationConditionCheck.java,1,31,A for loop update clause should move the counter in the right direction,Sonar,ForLoopIncrementSignCheck
20,,D:\Users\Lenovo\Desktop\PMD-main\case_test\sonar\ForLoopTerminationConditionCheck\ForLoopTerminationConditionCheck.java,1,32,A for loop update clause should move the counter in the right direction,Sonar,ForLoopIncrementSignCheck
21,,D:\Users\Lenovo\Desktop\PMD-main\case_test\sonar\ForLoopTerminationConditionCheck\ForLoopTerminationConditionCheck.java,1,33,A for loop update clause should move the counter in the right direction,Sonar,ForLoopIncrementSignCheck
22,,D:\Users\Lenovo\Desktop\PMD-main\case_test\sonar\ForLoopTerminationConditionCheck\ForLoopTerminationConditionCheck.java,1,34,A for loop update clause should move the counter in the right direction,Sonar,ForLoopIncrementSignCheck
1,,D:\Users\Lenovo\Desktop\PMD-main\case_test\sonar\GarbageCollectorCalledCheck\GarbageCollectorCalledCheck.java,2,3,Execution of the Garbage Collector should be triggered only by the JVM,Sonar,GarbageCollectorCalledCheck
2,,D:\Users\Lenovo\Desktop\PMD-main\case_test\sonar\GarbageCollectorCalledCheck\GarbageCollectorCalledCheck.java,2,5,Exit methods should not be called,Sonar,SystemExitCalledCheck
3,,D:\Users\Lenovo\Desktop\PMD-main\case_test\sonar\GarbageCollectorCalledCheck\GarbageCollectorCalledCheck.java,2,8,Execution of the Garbage Collector should be triggered only by the JVM,Sonar,GarbageCollectorCalledCheck
1,,D:\Users\Lenovo\Desktop\PMD-main\case_test\sonar\GetRequestedSessionIdCheck\GetRequestedSessionIdCheck.java,2,7,HttpServletRequest.getRequestedSessionId() should not be used,Sonar,GetRequestedSessionIdCheck
1,,D:\Users\Lenovo\Desktop\PMD-main\case_test\sonar\HasNextCallingNextCheck\HasNextCallingNextCheck.java,1,8,Iterator.hasNext() should not call Iterator.next(),Sonar,HasNextCallingNextCheck
2,,D:\Users\Lenovo\Desktop\PMD-main\case_test\sonar\HasNextCallingNextCheck\HasNextCallingNextCheck.java,1,9,Iterator.hasNext() should not call Iterator.next(),Sonar,HasNextCallingNextCheck
3,,D:\Users\Lenovo\Desktop\PMD-main\case_test\sonar\HasNextCallingNextCheck\HasNextCallingNextCheck.java,1,51,Iterator.hasNext() should not call Iterator.next(),Sonar,HasNextCallingNextCheck
1,,D:\Users\Lenovo\Desktop\PMD-main\case_test\sonar\IdenticalOperandOnBinaryExpressionCheck\IdenticalOperandOnBinaryExpressionCheck.java,3,4,Avoid empty if statements,Error Prone,EmptyIfStmt
2,,D:\Users\Lenovo\Desktop\PMD-main\case_test\sonar\IdenticalOperandOnBinaryExpressionCheck\IdenticalOperandOnBinaryExpressionCheck.java,3,5,Avoid empty if statements,Error Prone,EmptyIfStmt
3,,D:\Users\Lenovo\Desktop\PMD-main\case_test\sonar\IdenticalOperandOnBinaryExpressionCheck\IdenticalOperandOnBinaryExpressionCheck.java,2,5,Identical expressions should not be used on both sides of a binary operator,Sonar,IdenticalOperandOnBinaryExpressionCheck
4,,D:\Users\Lenovo\Desktop\PMD-main\case_test\sonar\IdenticalOperandOnBinaryExpressionCheck\IdenticalOperandOnBinaryExpressionCheck.java,3,6,Avoid empty if statements,Error Prone,EmptyIfStmt
5,,D:\Users\Lenovo\Desktop\PMD-main\case_test\sonar\IdenticalOperandOnBinaryExpressionCheck\IdenticalOperandOnBinaryExpressionCheck.java,2,6,Identical expressions should not be used on both sides of a binary operator,Sonar,IdenticalOperandOnBinaryExpressionCheck
6,,D:\Users\Lenovo\Desktop\PMD-main\case_test\sonar\IdenticalOperandOnBinaryExpressionCheck\IdenticalOperandOnBinaryExpressionCheck.java,3,7,Avoid empty if statements,Error Prone,EmptyIfStmt
7,,D:\Users\Lenovo\Desktop\PMD-main\case_test\sonar\IdenticalOperandOnBinaryExpressionCheck\IdenticalOperandOnBinaryExpressionCheck.java,2,7,Identical expressions should not be used on both sides of a binary operator,Sonar,IdenticalOperandOnBinaryExpressionCheck
8,,D:\Users\Lenovo\Desktop\PMD-main\case_test\sonar\IdenticalOperandOnBinaryExpressionCheck\IdenticalOperandOnBinaryExpressionCheck.java,3,8,Avoid empty if statements,Error Prone,EmptyIfStmt
9,,D:\Users\Lenovo\Desktop\PMD-main\case_test\sonar\IdenticalOperandOnBinaryExpressionCheck\IdenticalOperandOnBinaryExpressionCheck.java,2,8,Identical expressions should not be used on both sides of a binary operator,Sonar,IdenticalOperandOnBinaryExpressionCheck
10,,D:\Users\Lenovo\Desktop\PMD-main\case_test\sonar\IdenticalOperandOnBinaryExpressionCheck\IdenticalOperandOnBinaryExpressionCheck.java,3,9,Avoid empty if statements,Error Prone,EmptyIfStmt
11,,D:\Users\Lenovo\Desktop\PMD-main\case_test\sonar\IdenticalOperandOnBinaryExpressionCheck\IdenticalOperandOnBinaryExpressionCheck.java,2,9,Identical expressions should not be used on both sides of a binary operator,Sonar,IdenticalOperandOnBinaryExpressionCheck
12,,D:\Users\Lenovo\Desktop\PMD-main\case_test\sonar\IdenticalOperandOnBinaryExpressionCheck\IdenticalOperandOnBinaryExpressionCheck.java,3,10,Avoid empty if statements,Error Prone,EmptyIfStmt
13,,D:\Users\Lenovo\Desktop\PMD-main\case_test\sonar\IdenticalOperandOnBinaryExpressionCheck\IdenticalOperandOnBinaryExpressionCheck.java,2,10,Identical expressions should not be used on both sides of a binary operator,Sonar,IdenticalOperandOnBinaryExpressionCheck
14,,D:\Users\Lenovo\Desktop\PMD-main\case_test\sonar\IdenticalOperandOnBinaryExpressionCheck\IdenticalOperandOnBinaryExpressionCheck.java,3,11,Avoid empty if statements,Error Prone,EmptyIfStmt
15,,D:\Users\Lenovo\Desktop\PMD-main\case_test\sonar\IdenticalOperandOnBinaryExpressionCheck\IdenticalOperandOnBinaryExpressionCheck.java,2,11,Identical expressions should not be used on both sides of a binary operator,Sonar,IdenticalOperandOnBinaryExpressionCheck
16,,D:\Users\Lenovo\Desktop\PMD-main\case_test\sonar\IdenticalOperandOnBinaryExpressionCheck\IdenticalOperandOnBinaryExpressionCheck.java,3,12,Avoid empty if statements,Error Prone,EmptyIfStmt
17,,D:\Users\Lenovo\Desktop\PMD-main\case_test\sonar\IdenticalOperandOnBinaryExpressionCheck\IdenticalOperandOnBinaryExpressionCheck.java,3,13,Avoid empty if statements,Error Prone,EmptyIfStmt
18,,D:\Users\Lenovo\Desktop\PMD-main\case_test\sonar\IdenticalOperandOnBinaryExpressionCheck\IdenticalOperandOnBinaryExpressionCheck.java,2,13,Identical expressions should not be used on both sides of a binary operator,Sonar,IdenticalOperandOnBinaryExpressionCheck
19,,D:\Users\Lenovo\Desktop\PMD-main\case_test\sonar\IdenticalOperandOnBinaryExpressionCheck\IdenticalOperandOnBinaryExpressionCheck.java,2,14,Identical expressions should not be used on both sides of a binary operator,Sonar,IdenticalOperandOnBinaryExpressionCheck
20,,D:\Users\Lenovo\Desktop\PMD-main\case_test\sonar\IdenticalOperandOnBinaryExpressionCheck\IdenticalOperandOnBinaryExpressionCheck.java,3,16,Avoid empty if statements,Error Prone,EmptyIfStmt
21,,D:\Users\Lenovo\Desktop\PMD-main\case_test\sonar\IdenticalOperandOnBinaryExpressionCheck\IdenticalOperandOnBinaryExpressionCheck.java,3,20,Avoid empty if statements,Error Prone,EmptyIfStmt
22,,D:\Users\Lenovo\Desktop\PMD-main\case_test\sonar\IdenticalOperandOnBinaryExpressionCheck\IdenticalOperandOnBinaryExpressionCheck.java,3,21,Avoid empty if statements,Error Prone,EmptyIfStmt
23,,D:\Users\Lenovo\Desktop\PMD-main\case_test\sonar\IdenticalOperandOnBinaryExpressionCheck\IdenticalOperandOnBinaryExpressionCheck.java,2,25,Identical expressions should not be used on both sides of a binary operator,Sonar,IdenticalOperandOnBinaryExpressionCheck
24,,D:\Users\Lenovo\Desktop\PMD-main\case_test\sonar\IdenticalOperandOnBinaryExpressionCheck\IdenticalOperandOnBinaryExpressionCheck.java,2,26,Identical expressions should not be used on both sides of a binary operator,Sonar,IdenticalOperandOnBinaryExpressionCheck
25,,D:\Users\Lenovo\Desktop\PMD-main\case_test\sonar\IdenticalOperandOnBinaryExpressionCheck\IdenticalOperandOnBinaryExpressionCheck.java,2,30,Identical expressions should not be used on both sides of a binary operator,Sonar,IdenticalOperandOnBinaryExpressionCheck
26,,D:\Users\Lenovo\Desktop\PMD-main\case_test\sonar\IdenticalOperandOnBinaryExpressionCheck\IdenticalOperandOnBinaryExpressionCheck.java,2,33,Identical expressions should not be used on both sides of a binary operator,Sonar,IdenticalOperandOnBinaryExpressionCheck
27,,D:\Users\Lenovo\Desktop\PMD-main\case_test\sonar\IdenticalOperandOnBinaryExpressionCheck\IdenticalOperandOnBinaryExpressionCheck.java,2,35,Identical expressions should not be used on both sides of a binary operator,Sonar,IdenticalOperandOnBinaryExpressionCheck
1,,D:\Users\Lenovo\Desktop\PMD-main\case_test\sonar\IgnoredStreamReturnValueCheck\IgnoredStreamReturnValueCheck.java,2,12,The value returned from a stream read should be checked,Sonar,IgnoredStreamReturnValueCheck
2,,D:\Users\Lenovo\Desktop\PMD-main\case_test\sonar\IgnoredStreamReturnValueCheck\IgnoredStreamReturnValueCheck.java,2,13,The value returned from a stream read should be checked,Sonar,IgnoredStreamReturnValueCheck
3,,D:\Users\Lenovo\Desktop\PMD-main\case_test\sonar\IgnoredStreamReturnValueCheck\IgnoredStreamReturnValueCheck.java,2,14,The value returned from a stream read should be checked,Sonar,IgnoredStreamReturnValueCheck
4,,D:\Users\Lenovo\Desktop\PMD-main\case_test\sonar\IgnoredStreamReturnValueCheck\IgnoredStreamReturnValueCheck.java,2,15,The value returned from a stream read should be checked,Sonar,IgnoredStreamReturnValueCheck
1,,D:\Users\Lenovo\Desktop\PMD-main\case_test\sonar\InnerClassOfNonSerializableCheck\InnerClassOfNonSerializableCheck.java,2,14,Make this inner class static,Sonar,InnerClassOfNonSerializableCheck
2,,D:\Users\Lenovo\Desktop\PMD-main\case_test\sonar\InnerClassOfNonSerializableCheck\InnerClassOfNonSerializableCheck.java,2,18,Make this inner class static,Sonar,InnerClassOfNonSerializableCheck
3,,D:\Users\Lenovo\Desktop\PMD-main\case_test\sonar\InnerClassOfNonSerializableCheck\InnerClassOfNonSerializableCheck.java,2,23,Make this inner class static,Sonar,InnerClassOfNonSerializableCheck
1,java.util,D:\Users\Lenovo\Desktop\PMD-main\case_test\sonar\InvalidDateValuesCheck\InvalidDateValuesCheck.java,2,7,Non-thread-safe fields should not be static,Sonar,StaticMultithreadedUnsafeFieldsCheck
2,java.util,D:\Users\Lenovo\Desktop\PMD-main\case_test\sonar\InvalidDateValuesCheck\InvalidDateValuesCheck.java,3,62,Avoid empty if statements,Error Prone,EmptyIfStmt
3,java.util,D:\Users\Lenovo\Desktop\PMD-main\case_test\sonar\InvalidDateValuesCheck\InvalidDateValuesCheck.java,3,63,Avoid empty if statements,Error Prone,EmptyIfStmt
4,java.util,D:\Users\Lenovo\Desktop\PMD-main\case_test\sonar\InvalidDateValuesCheck\InvalidDateValuesCheck.java,3,64,Avoid empty if statements,Error Prone,EmptyIfStmt
5,java.util,D:\Users\Lenovo\Desktop\PMD-main\case_test\sonar\InvalidDateValuesCheck\InvalidDateValuesCheck.java,2,64,Invalid Date values should not be used,Sonar,InvalidDateValuesCheck
6,java.util,D:\Users\Lenovo\Desktop\PMD-main\case_test\sonar\InvalidDateValuesCheck\InvalidDateValuesCheck.java,3,65,Avoid empty if statements,Error Prone,EmptyIfStmt
7,java.util,D:\Users\Lenovo\Desktop\PMD-main\case_test\sonar\InvalidDateValuesCheck\InvalidDateValuesCheck.java,3,66,Avoid empty if statements,Error Prone,EmptyIfStmt
8,java.util,D:\Users\Lenovo\Desktop\PMD-main\case_test\sonar\InvalidDateValuesCheck\InvalidDateValuesCheck.java,3,67,Avoid empty if statements,Error Prone,EmptyIfStmt
9,java.util,D:\Users\Lenovo\Desktop\PMD-main\case_test\sonar\InvalidDateValuesCheck\InvalidDateValuesCheck.java,2,67,Invalid Date values should not be used,Sonar,InvalidDateValuesCheck
10,java.util,D:\Users\Lenovo\Desktop\PMD-main\case_test\sonar\InvalidDateValuesCheck\InvalidDateValuesCheck.java,3,68,Avoid empty if statements,Error Prone,EmptyIfStmt
11,java.util,D:\Users\Lenovo\Desktop\PMD-main\case_test\sonar\InvalidDateValuesCheck\InvalidDateValuesCheck.java,3,69,Avoid empty if statements,Error Prone,EmptyIfStmt
12,java.util,D:\Users\Lenovo\Desktop\PMD-main\case_test\sonar\InvalidDateValuesCheck\InvalidDateValuesCheck.java,3,70,Avoid empty if statements,Error Prone,EmptyIfStmt
13,java.util,D:\Users\Lenovo\Desktop\PMD-main\case_test\sonar\InvalidDateValuesCheck\InvalidDateValuesCheck.java,3,72,Avoid empty if statements,Error Prone,EmptyIfStmt
14,java.util,D:\Users\Lenovo\Desktop\PMD-main\case_test\sonar\InvalidDateValuesCheck\InvalidDateValuesCheck.java,3,73,Avoid empty if statements,Error Prone,EmptyIfStmt
1,,D:\Users\Lenovo\Desktop\PMD-main\case_test\sonar\LocksNotUnlockedCheck\LocksNotUnlockedCheck.java,2,11,Locks should be released,Sonar,LocksNotUnlockedCheck
2,,D:\Users\Lenovo\Desktop\PMD-main\case_test\sonar\LocksNotUnlockedCheck\LocksNotUnlockedCheck.java,2,30,Locks should be released,Sonar,LocksNotUnlockedCheck
3,,D:\Users\Lenovo\Desktop\PMD-main\case_test\sonar\LocksNotUnlockedCheck\LocksNotUnlockedCheck.java,2,51,Locks should be released,Sonar,LocksNotUnlockedCheck
4,,D:\Users\Lenovo\Desktop\PMD-main\case_test\sonar\LocksNotUnlockedCheck\LocksNotUnlockedCheck.java,2,60,Locks should be released,Sonar,LocksNotUnlockedCheck
5,,D:\Users\Lenovo\Desktop\PMD-main\case_test\sonar\LocksNotUnlockedCheck\LocksNotUnlockedCheck.java,2,72,Locks should be released,Sonar,LocksNotUnlockedCheck
6,,D:\Users\Lenovo\Desktop\PMD-main\case_test\sonar\LocksNotUnlockedCheck\LocksNotUnlockedCheck.java,3,102,Avoid empty if statements,Error Prone,EmptyIfStmt
7,,D:\Users\Lenovo\Desktop\PMD-main\case_test\sonar\LocksNotUnlockedCheck\LocksNotUnlockedCheck.java,2,111,Locks should be released,Sonar,LocksNotUnlockedCheck
8,,D:\Users\Lenovo\Desktop\PMD-main\case_test\sonar\LocksNotUnlockedCheck\LocksNotUnlockedCheck.java,2,121,Locks should be released,Sonar,LocksNotUnlockedCheck
9,,D:\Users\Lenovo\Desktop\PMD-main\case_test\sonar\LocksNotUnlockedCheck\LocksNotUnlockedCheck.java,2,123,Switch cases should end with an unconditional break statement,Sonar,SwitchCasesWithoutBreakCheck
10,,D:\Users\Lenovo\Desktop\PMD-main\case_test\sonar\LocksNotUnlockedCheck\LocksNotUnlockedCheck.java,2,130,Locks should be released,Sonar,LocksNotUnlockedCheck
11,,D:\Users\Lenovo\Desktop\PMD-main\case_test\sonar\LocksNotUnlockedCheck\LocksNotUnlockedCheck.java,2,132,Switch cases should end with an unconditional break statement,Sonar,SwitchCasesWithoutBreakCheck
12,,D:\Users\Lenovo\Desktop\PMD-main\case_test\sonar\LocksNotUnlockedCheck\LocksNotUnlockedCheck.java,2,141,Locks should be released,Sonar,LocksNotUnlockedCheck
13,,D:\Users\Lenovo\Desktop\PMD-main\case_test\sonar\LocksNotUnlockedCheck\LocksNotUnlockedCheck.java,2,165,Locks should be released,Sonar,LocksNotUnlockedCheck
14,,D:\Users\Lenovo\Desktop\PMD-main\case_test\sonar\LocksNotUnlockedCheck\LocksNotUnlockedCheck.java,2,173,Locks should be released,Sonar,LocksNotUnlockedCheck
15,,D:\Users\Lenovo\Desktop\PMD-main\case_test\sonar\LocksNotUnlockedCheck\LocksNotUnlockedCheck.java,2,194,Locks should be released,Sonar,LocksNotUnlockedCheck
16,,D:\Users\Lenovo\Desktop\PMD-main\case_test\sonar\LocksNotUnlockedCheck\LocksNotUnlockedCheck.java,2,202,Locks should be released,Sonar,LocksNotUnlockedCheck
17,,D:\Users\Lenovo\Desktop\PMD-main\case_test\sonar\LocksNotUnlockedCheck\LocksNotUnlockedCheck.java,2,214,Locks should be released,Sonar,LocksNotUnlockedCheck
18,,D:\Users\Lenovo\Desktop\PMD-main\case_test\sonar\LocksNotUnlockedCheck\LocksNotUnlockedCheck.java,2,223,Locks should be released,Sonar,LocksNotUnlockedCheck
19,,D:\Users\Lenovo\Desktop\PMD-main\case_test\sonar\LocksNotUnlockedCheck\LocksNotUnlockedCheck.java,2,229,Locks should be released,Sonar,LocksNotUnlockedCheck
20,,D:\Users\Lenovo\Desktop\PMD-main\case_test\sonar\LocksNotUnlockedCheck\LocksNotUnlockedCheck.java,2,238,Locks should be released,Sonar,LocksNotUnlockedCheck
21,,D:\Users\Lenovo\Desktop\PMD-main\case_test\sonar\LocksNotUnlockedCheck\LocksNotUnlockedCheck.java,3,243,Avoid printStackTrace(); use a logger call instead.,Best Practices,AvoidPrintStackTrace
22,,D:\Users\Lenovo\Desktop\PMD-main\case_test\sonar\LocksNotUnlockedCheck\LocksNotUnlockedCheck.java,2,251,Locks should be released,Sonar,LocksNotUnlockedCheck
23,,D:\Users\Lenovo\Desktop\PMD-main\case_test\sonar\LocksNotUnlockedCheck\LocksNotUnlockedCheck.java,3,256,Avoid printStackTrace(); use a logger call instead.,Best Practices,AvoidPrintStackTrace
24,,D:\Users\Lenovo\Desktop\PMD-main\case_test\sonar\LocksNotUnlockedCheck\LocksNotUnlockedCheck.java,3,279,A catch statement should never catch throwable since it includes errors.,Error Prone,AvoidCatchingThrowable
1,,D:\Users\Lenovo\Desktop\PMD-main\case_test\sonar\LongBitsToDoubleOnIntCheck\LongBitsToDoubleOnIntCheck.java,1,5,Double.longBitsToDouble should not be used for int,Sonar,LongBitsToDoubleOnIntCheck
2,,D:\Users\Lenovo\Desktop\PMD-main\case_test\sonar\LongBitsToDoubleOnIntCheck\LongBitsToDoubleOnIntCheck.java,1,6,Double.longBitsToDouble should not be used for int,Sonar,LongBitsToDoubleOnIntCheck
3,,D:\Users\Lenovo\Desktop\PMD-main\case_test\sonar\LongBitsToDoubleOnIntCheck\LongBitsToDoubleOnIntCheck.java,1,7,Double.longBitsToDouble should not be used for int,Sonar,LongBitsToDoubleOnIntCheck
4,,D:\Users\Lenovo\Desktop\PMD-main\case_test\sonar\LongBitsToDoubleOnIntCheck\LongBitsToDoubleOnIntCheck.java,1,8,Double.longBitsToDouble should not be used for int,Sonar,LongBitsToDoubleOnIntCheck
1,,D:\Users\Lenovo\Desktop\PMD-main\case_test\sonar\MethodNamedEqualsCheck\MethodNamedEqualsCheck.java,2,2,equals method overrides should accept Object parameters,Sonar,MethodNamedEqualsCheck
2,,D:\Users\Lenovo\Desktop\PMD-main\case_test\sonar\MethodNamedEqualsCheck\MethodNamedEqualsCheck.java,3,26,Ensure you override both equals() and hashCode(),Error Prone,OverrideBothEqualsAndHashcode
1,,D:\Users\Lenovo\Desktop\PMD-main\case_test\sonar\MultilineBlocksCurlyBracesCheck\MultilineBlocksCurlyBracesCheck.java,2,6,Multiline blocks should be enclosed in curly braces,Sonar,MultilineBlocksCurlyBracesCheck
2,,D:\Users\Lenovo\Desktop\PMD-main\case_test\sonar\MultilineBlocksCurlyBracesCheck\MultilineBlocksCurlyBracesCheck.java,3,9,Avoid empty if statements,Error Prone,EmptyIfStmt
3,,D:\Users\Lenovo\Desktop\PMD-main\case_test\sonar\MultilineBlocksCurlyBracesCheck\MultilineBlocksCurlyBracesCheck.java,3,10,Avoid empty if statements,Error Prone,EmptyIfStmt
4,,D:\Users\Lenovo\Desktop\PMD-main\case_test\sonar\MultilineBlocksCurlyBracesCheck\MultilineBlocksCurlyBracesCheck.java,2,20,Multiline blocks should be enclosed in curly braces,Sonar,MultilineBlocksCurlyBracesCheck
5,,D:\Users\Lenovo\Desktop\PMD-main\case_test\sonar\MultilineBlocksCurlyBracesCheck\MultilineBlocksCurlyBracesCheck.java,2,25,Multiline blocks should be enclosed in curly braces,Sonar,MultilineBlocksCurlyBracesCheck
6,,D:\Users\Lenovo\Desktop\PMD-main\case_test\sonar\MultilineBlocksCurlyBracesCheck\MultilineBlocksCurlyBracesCheck.java,2,29,Multiline blocks should be enclosed in curly braces,Sonar,MultilineBlocksCurlyBracesCheck
7,,D:\Users\Lenovo\Desktop\PMD-main\case_test\sonar\MultilineBlocksCurlyBracesCheck\MultilineBlocksCurlyBracesCheck.java,3,47,Avoid empty if statements,Error Prone,EmptyIfStmt
8,,D:\Users\Lenovo\Desktop\PMD-main\case_test\sonar\MultilineBlocksCurlyBracesCheck\MultilineBlocksCurlyBracesCheck.java,3,61,Avoid empty if statements,Error Prone,EmptyIfStmt
9,,D:\Users\Lenovo\Desktop\PMD-main\case_test\sonar\MultilineBlocksCurlyBracesCheck\MultilineBlocksCurlyBracesCheck.java,2,61,Multiline blocks should be enclosed in curly braces,Sonar,MultilineBlocksCurlyBracesCheck
10,,D:\Users\Lenovo\Desktop\PMD-main\case_test\sonar\MultilineBlocksCurlyBracesCheck\MultilineBlocksCurlyBracesCheck.java,2,62,Multiline blocks should be enclosed in curly braces,Sonar,MultilineBlocksCurlyBracesCheck
11,,D:\Users\Lenovo\Desktop\PMD-main\case_test\sonar\MultilineBlocksCurlyBracesCheck\MultilineBlocksCurlyBracesCheck.java,2,65,Multiline blocks should be enclosed in curly braces,Sonar,MultilineBlocksCurlyBracesCheck
12,,D:\Users\Lenovo\Desktop\PMD-main\case_test\sonar\MultilineBlocksCurlyBracesCheck\MultilineBlocksCurlyBracesCheck.java,2,74,Multiline blocks should be enclosed in curly braces,Sonar,MultilineBlocksCurlyBracesCheck
13,,D:\Users\Lenovo\Desktop\PMD-main\case_test\sonar\MultilineBlocksCurlyBracesCheck\MultilineBlocksCurlyBracesCheck.java,2,75,Multiline blocks should be enclosed in curly braces,Sonar,MultilineBlocksCurlyBracesCheck
14,,D:\Users\Lenovo\Desktop\PMD-main\case_test\sonar\MultilineBlocksCurlyBracesCheck\MultilineBlocksCurlyBracesCheck.java,2,78,Multiline blocks should be enclosed in curly braces,Sonar,MultilineBlocksCurlyBracesCheck
1,,D:\Users\Lenovo\Desktop\PMD-main\case_test\sonar\NonSerializableWriteCheck\NonSerializableWriteCheck.java,2,14,Non-serializable classes should not be written,Sonar,NonSerializableWriteCheck
2,,D:\Users\Lenovo\Desktop\PMD-main\case_test\sonar\NonSerializableWriteCheck\NonSerializableWriteCheck.java,2,20,Non-serializable classes should not be written,Sonar,NonSerializableWriteCheck
1,,D:\Users\Lenovo\Desktop\PMD-main\case_test\sonar\NonShortCircuitLogicCheck\NonShortCircuitLogicCheck.java,3,4,Avoid empty if statements,Error Prone,EmptyIfStmt
2,,D:\Users\Lenovo\Desktop\PMD-main\case_test\sonar\NonShortCircuitLogicCheck\NonShortCircuitLogicCheck.java,3,5,Avoid empty if statements,Error Prone,EmptyIfStmt
3,,D:\Users\Lenovo\Desktop\PMD-main\case_test\sonar\NonShortCircuitLogicCheck\NonShortCircuitLogicCheck.java,3,6,Avoid empty if statements,Error Prone,EmptyIfStmt
4,,D:\Users\Lenovo\Desktop\PMD-main\case_test\sonar\NonShortCircuitLogicCheck\NonShortCircuitLogicCheck.java,2,6,Short-circuit logic should be used in boolean contexts,Sonar,NonShortCircuitLogicCheck
5,,D:\Users\Lenovo\Desktop\PMD-main\case_test\sonar\NonShortCircuitLogicCheck\NonShortCircuitLogicCheck.java,3,7,Avoid empty if statements,Error Prone,EmptyIfStmt
6,,D:\Users\Lenovo\Desktop\PMD-main\case_test\sonar\NonShortCircuitLogicCheck\NonShortCircuitLogicCheck.java,2,7,Short-circuit logic should be used in boolean contexts,Sonar,NonShortCircuitLogicCheck
7,,D:\Users\Lenovo\Desktop\PMD-main\case_test\sonar\NonShortCircuitLogicCheck\NonShortCircuitLogicCheck.java,3,8,Avoid empty if statements,Error Prone,EmptyIfStmt
8,,D:\Users\Lenovo\Desktop\PMD-main\case_test\sonar\NonShortCircuitLogicCheck\NonShortCircuitLogicCheck.java,2,8,Short-circuit logic should be used in boolean contexts,Sonar,NonShortCircuitLogicCheck
9,,D:\Users\Lenovo\Desktop\PMD-main\case_test\sonar\NonShortCircuitLogicCheck\NonShortCircuitLogicCheck.java,3,9,Avoid empty if statements,Error Prone,EmptyIfStmt
10,,D:\Users\Lenovo\Desktop\PMD-main\case_test\sonar\NonShortCircuitLogicCheck\NonShortCircuitLogicCheck.java,2,9,Short-circuit logic should be used in boolean contexts,Sonar,NonShortCircuitLogicCheck
11,,D:\Users\Lenovo\Desktop\PMD-main\case_test\sonar\NonShortCircuitLogicCheck\NonShortCircuitLogicCheck.java,3,10,Avoid empty if statements,Error Prone,EmptyIfStmt
12,,D:\Users\Lenovo\Desktop\PMD-main\case_test\sonar\NonShortCircuitLogicCheck\NonShortCircuitLogicCheck.java,3,11,Avoid empty if statements,Error Prone,EmptyIfStmt
13,,D:\Users\Lenovo\Desktop\PMD-main\case_test\sonar\NonShortCircuitLogicCheck\NonShortCircuitLogicCheck.java,3,12,Avoid empty if statements,Error Prone,EmptyIfStmt
1,,D:\Users\Lenovo\Desktop\PMD-main\case_test\sonar\ObjectFinalizeOverridenCheck\ObjectFinalizeOverridenCheck.java,2,4,The Object.finalize() method should not be overriden,Sonar,ObjectFinalizeOverridenCheck
1,,D:\Users\Lenovo\Desktop\PMD-main\case_test\sonar\PrimitiveWrappersInTernaryOperatorCheck\PrimitiveWrappersInTernaryOperatorCheck.java,2,9,Dissimilar primitive wrappers should not be used with the ternary operator without explicit casting,Sonar,PrimitiveWrappersInTernaryOperatorCheck
1,,D:\Users\Lenovo\Desktop\PMD-main\case_test\sonar\PrintStackTraceCalledWithoutArgumentCheck\PrintStackTraceCalledWithoutArgumentCheck.java,2,4,Use a logger to log this exception.,Sonar,PrintStackTraceCalledWithoutArgumentCheck
2,,D:\Users\Lenovo\Desktop\PMD-main\case_test\sonar\PrintStackTraceCalledWithoutArgumentCheck\PrintStackTraceCalledWithoutArgumentCheck.java,3,5,Avoid printStackTrace(); use a logger call instead.,Best Practices,AvoidPrintStackTrace
3,,D:\Users\Lenovo\Desktop\PMD-main\case_test\sonar\PrintStackTraceCalledWithoutArgumentCheck\PrintStackTraceCalledWithoutArgumentCheck.java,3,9,Avoid printStackTrace(); use a logger call instead.,Best Practices,AvoidPrintStackTrace
4,,D:\Users\Lenovo\Desktop\PMD-main\case_test\sonar\PrintStackTraceCalledWithoutArgumentCheck\PrintStackTraceCalledWithoutArgumentCheck.java,3,10,Avoid printStackTrace(); use a logger call instead.,Best Practices,AvoidPrintStackTrace
5,,D:\Users\Lenovo\Desktop\PMD-main\case_test\sonar\PrintStackTraceCalledWithoutArgumentCheck\PrintStackTraceCalledWithoutArgumentCheck.java,2,13,Use a logger to log this exception.,Sonar,PrintStackTraceCalledWithoutArgumentCheck
6,,D:\Users\Lenovo\Desktop\PMD-main\case_test\sonar\PrintStackTraceCalledWithoutArgumentCheck\PrintStackTraceCalledWithoutArgumentCheck.java,3,14,Avoid printStackTrace(); use a logger call instead.,Best Practices,AvoidPrintStackTrace
7,,D:\Users\Lenovo\Desktop\PMD-main\case_test\sonar\PrintStackTraceCalledWithoutArgumentCheck\PrintStackTraceCalledWithoutArgumentCheck.java,2,16,Use a logger to log this exception.,Sonar,PrintStackTraceCalledWithoutArgumentCheck
8,,D:\Users\Lenovo\Desktop\PMD-main\case_test\sonar\PrintStackTraceCalledWithoutArgumentCheck\PrintStackTraceCalledWithoutArgumentCheck.java,3,17,Avoid printStackTrace(); use a logger call instead.,Best Practices,AvoidPrintStackTrace
9,,D:\Users\Lenovo\Desktop\PMD-main\case_test\sonar\PrintStackTraceCalledWithoutArgumentCheck\PrintStackTraceCalledWithoutArgumentCheck.java,3,18,Avoid printStackTrace(); use a logger call instead.,Best Practices,AvoidPrintStackTrace
10,,D:\Users\Lenovo\Desktop\PMD-main\case_test\sonar\PrintStackTraceCalledWithoutArgumentCheck\PrintStackTraceCalledWithoutArgumentCheck.java,3,37,Avoid printStackTrace(); use a logger call instead.,Best Practices,AvoidPrintStackTrace
1,,D:\Users\Lenovo\Desktop\PMD-main\case_test\sonar\PrintfFailCheck\PrintfFailCheck.java,2,14,Printf-style format strings should not lead to unexpected behavior at runtime,Sonar,PrintfFailCheck
2,,D:\Users\Lenovo\Desktop\PMD-main\case_test\sonar\PrintfFailCheck\PrintfFailCheck.java,2,16,Printf-style format strings should not lead to unexpected behavior at runtime,Sonar,PrintfFailCheck
3,,D:\Users\Lenovo\Desktop\PMD-main\case_test\sonar\PrintfFailCheck\PrintfFailCheck.java,2,16,Printf-style format strings should not lead to unexpected behavior at runtime,Sonar,PrintfFailCheck
4,,D:\Users\Lenovo\Desktop\PMD-main\case_test\sonar\PrintfFailCheck\PrintfFailCheck.java,2,19,Printf-style format strings should not lead to unexpected behavior at runtime,Sonar,PrintfFailCheck
5,,D:\Users\Lenovo\Desktop\PMD-main\case_test\sonar\PrintfFailCheck\PrintfFailCheck.java,2,34,Printf-style format strings should not lead to unexpected behavior at runtime,Sonar,PrintfFailCheck
6,,D:\Users\Lenovo\Desktop\PMD-main\case_test\sonar\PrintfFailCheck\PrintfFailCheck.java,2,38,Printf-style format strings should not lead to unexpected behavior at runtime,Sonar,PrintfFailCheck
7,,D:\Users\Lenovo\Desktop\PMD-main\case_test\sonar\PrintfFailCheck\PrintfFailCheck.java,2,41,Printf-style format strings should not lead to unexpected behavior at runtime,Sonar,PrintfFailCheck
8,,D:\Users\Lenovo\Desktop\PMD-main\case_test\sonar\PrintfFailCheck\PrintfFailCheck.java,2,46,Printf-style format strings should not lead to unexpected behavior at runtime,Sonar,PrintfFailCheck
9,,D:\Users\Lenovo\Desktop\PMD-main\case_test\sonar\PrintfFailCheck\PrintfFailCheck.java,2,46,Printf-style format strings should not lead to unexpected behavior at runtime,Sonar,PrintfFailCheck
10,,D:\Users\Lenovo\Desktop\PMD-main\case_test\sonar\PrintfFailCheck\PrintfFailCheck.java,2,47,Printf-style format strings should not lead to unexpected behavior at runtime,Sonar,PrintfFailCheck
11,,D:\Users\Lenovo\Desktop\PMD-main\case_test\sonar\PrintfFailCheck\PrintfFailCheck.java,2,49,Printf-style format strings should not lead to unexpected behavior at runtime,Sonar,PrintfFailCheck
12,,D:\Users\Lenovo\Desktop\PMD-main\case_test\sonar\PrintfFailCheck\PrintfFailCheck.java,2,52,Printf-style format strings should not lead to unexpected behavior at runtime,Sonar,PrintfFailCheck
13,,D:\Users\Lenovo\Desktop\PMD-main\case_test\sonar\PrintfFailCheck\PrintfFailCheck.java,2,54,Printf-style format strings should not lead to unexpected behavior at runtime,Sonar,PrintfFailCheck
14,,D:\Users\Lenovo\Desktop\PMD-main\case_test\sonar\PrintfFailCheck\PrintfFailCheck.java,2,54,Printf-style format strings should not lead to unexpected behavior at runtime,Sonar,PrintfFailCheck
15,,D:\Users\Lenovo\Desktop\PMD-main\case_test\sonar\PrintfFailCheck\PrintfFailCheck.java,2,55,Printf-style format strings should not lead to unexpected behavior at runtime,Sonar,PrintfFailCheck
16,,D:\Users\Lenovo\Desktop\PMD-main\case_test\sonar\PrintfFailCheck\PrintfFailCheck.java,2,85,Printf-style format strings should not lead to unexpected behavior at runtime,Sonar,PrintfFailCheck
17,,D:\Users\Lenovo\Desktop\PMD-main\case_test\sonar\PrintfFailCheck\PrintfFailCheck.java,2,87,Printf-style format strings should not lead to unexpected behavior at runtime,Sonar,PrintfFailCheck
18,,D:\Users\Lenovo\Desktop\PMD-main\case_test\sonar\PrintfFailCheck\PrintfFailCheck.java,2,88,Printf-style format strings should not lead to unexpected behavior at runtime,Sonar,PrintfFailCheck
19,,D:\Users\Lenovo\Desktop\PMD-main\case_test\sonar\PrintfFailCheck\PrintfFailCheck.java,2,88,Printf-style format strings should not lead to unexpected behavior at runtime,Sonar,PrintfFailCheck
20,,D:\Users\Lenovo\Desktop\PMD-main\case_test\sonar\PrintfFailCheck\PrintfFailCheck.java,2,88,Printf-style format strings should not lead to unexpected behavior at runtime,Sonar,PrintfFailCheck
21,,D:\Users\Lenovo\Desktop\PMD-main\case_test\sonar\PrintfFailCheck\PrintfFailCheck.java,2,89,Printf-style format strings should not lead to unexpected behavior at runtime,Sonar,PrintfFailCheck
1,com.union.uflow.wtl.test,D:\Users\Lenovo\Desktop\PMD-main\case_test\sonar\PublicStaticFieldShouldBeFinalCheck\AbstractLiuShTest.java,2,19,public static fields should be constant,Sonar,PublicStaticFieldShouldBeFinalCheck
1,,D:\Users\Lenovo\Desktop\PMD-main\case_test\sonar\PublicStaticFieldShouldBeFinalCheck\PublicStaticFieldShouldBeFinalCheck.java,2,3,public static fields should be constant,Sonar,PublicStaticFieldShouldBeFinalCheck
2,,D:\Users\Lenovo\Desktop\PMD-main\case_test\sonar\PublicStaticFieldShouldBeFinalCheck\PublicStaticFieldShouldBeFinalCheck.java,2,18,public static fields should be constant,Sonar,PublicStaticFieldShouldBeFinalCheck
1,,D:\Users\Lenovo\Desktop\PMD-main\case_test\sonar\PublicStaticMutableMembersCheck\PublicStaticMutableMembersCheck.java,2,20,Mutable fields should not be public static,Sonar,PublicStaticMutableMembersCheck
2,,D:\Users\Lenovo\Desktop\PMD-main\case_test\sonar\PublicStaticMutableMembersCheck\PublicStaticMutableMembersCheck.java,2,20,public static fields should be constant,Sonar,PublicStaticFieldShouldBeFinalCheck
3,,D:\Users\Lenovo\Desktop\PMD-main\case_test\sonar\PublicStaticMutableMembersCheck\PublicStaticMutableMembersCheck.java,2,21,Mutable fields should not be public static,Sonar,PublicStaticMutableMembersCheck
1,,D:\Users\Lenovo\Desktop\PMD-main\case_test\sonar\RSAUsesOAEPCheck\RSAUsesOAEPCheck.java,2,6,Cryptographic RSA algorithms should always incorporate OAEP (Optimal Asymmetric Encryption Padding),Sonar,RSAUsesOAEPCheck
2,,D:\Users\Lenovo\Desktop\PMD-main\case_test\sonar\RSAUsesOAEPCheck\RSAUsesOAEPCheck.java,2,12,Cryptographic RSA algorithms should always incorporate OAEP (Optimal Asymmetric Encryption Padding),Sonar,RSAUsesOAEPCheck
1,,D:\Users\Lenovo\Desktop\PMD-main\case_test\sonar\ReflectionOnNonRuntimeAnnotationCheck\ReflectionOnNonRuntimeAnnotationCheck.java,1,9,Reflection should not be used to check non-runtime annotations,Sonar,ReflectionOnNonRuntimeAnnotationCheck
2,,D:\Users\Lenovo\Desktop\PMD-main\case_test\sonar\ReflectionOnNonRuntimeAnnotationCheck\ReflectionOnNonRuntimeAnnotationCheck.java,1,10,Reflection should not be used to check non-runtime annotations,Sonar,ReflectionOnNonRuntimeAnnotationCheck
3,,D:\Users\Lenovo\Desktop\PMD-main\case_test\sonar\ReflectionOnNonRuntimeAnnotationCheck\ReflectionOnNonRuntimeAnnotationCheck.java,1,33,Reflection should not be used to check non-runtime annotations,Sonar,ReflectionOnNonRuntimeAnnotationCheck
4,,D:\Users\Lenovo\Desktop\PMD-main\case_test\sonar\ReflectionOnNonRuntimeAnnotationCheck\ReflectionOnNonRuntimeAnnotationCheck.java,1,34,Reflection should not be used to check non-runtime annotations,Sonar,ReflectionOnNonRuntimeAnnotationCheck
5,,D:\Users\Lenovo\Desktop\PMD-main\case_test\sonar\ReflectionOnNonRuntimeAnnotationCheck\ReflectionOnNonRuntimeAnnotationCheck.java,1,35,Reflection should not be used to check non-runtime annotations,Sonar,ReflectionOnNonRuntimeAnnotationCheck
1,,D:\Users\Lenovo\Desktop\PMD-main\case_test\sonar\ResultSetIsLastCheck\ResultSetIsLastCheck.java,3,5,Ensure that resources like this ResultSet object are closed after use,Error Prone,CloseResource
2,,D:\Users\Lenovo\Desktop\PMD-main\case_test\sonar\ResultSetIsLastCheck\ResultSetIsLastCheck.java,2,6,ResultSet.isLast() should not be used,Sonar,ResultSetIsLastCheck
1,,D:\Users\Lenovo\Desktop\PMD-main\case_test\sonar\ReturnInFinallyCheck\ReturnInFinallyCheck.java,1,8,Jump statements should not occur in finally blocks,Sonar,ReturnInFinallyCheck
2,,D:\Users\Lenovo\Desktop\PMD-main\case_test\sonar\ReturnInFinallyCheck\ReturnInFinallyCheck.java,1,28,Jump statements should not occur in finally blocks,Sonar,ReturnInFinallyCheck
3,,D:\Users\Lenovo\Desktop\PMD-main\case_test\sonar\ReturnInFinallyCheck\ReturnInFinallyCheck.java,1,39,Jump statements should not occur in finally blocks,Sonar,ReturnInFinallyCheck
4,,D:\Users\Lenovo\Desktop\PMD-main\case_test\sonar\ReturnInFinallyCheck\ReturnInFinallyCheck.java,1,46,Jump statements should not occur in finally blocks,Sonar,ReturnInFinallyCheck
5,,D:\Users\Lenovo\Desktop\PMD-main\case_test\sonar\ReturnInFinallyCheck\ReturnInFinallyCheck.java,1,55,Jump statements should not occur in finally blocks,Sonar,ReturnInFinallyCheck
6,,D:\Users\Lenovo\Desktop\PMD-main\case_test\sonar\ReturnInFinallyCheck\ReturnInFinallyCheck.java,1,81,Jump statements should not occur in finally blocks,Sonar,ReturnInFinallyCheck
7,,D:\Users\Lenovo\Desktop\PMD-main\case_test\sonar\ReturnInFinallyCheck\ReturnInFinallyCheck.java,1,83,Jump statements should not occur in finally blocks,Sonar,ReturnInFinallyCheck
1,,D:\Users\Lenovo\Desktop\PMD-main\case_test\sonar\SQLInjectionCheck\SQLInjectionCheck.java,3,20,Ensure that resources like this Connection object are closed after use,Error Prone,CloseResource
2,,D:\Users\Lenovo\Desktop\PMD-main\case_test\sonar\SQLInjectionCheck\SQLInjectionCheck.java,3,21,Ensure that resources like this Statement object are closed after use,Error Prone,CloseResource
3,,D:\Users\Lenovo\Desktop\PMD-main\case_test\sonar\SQLInjectionCheck\SQLInjectionCheck.java,3,22,Ensure that resources like this ResultSet object are closed after use,Error Prone,CloseResource
4,,D:\Users\Lenovo\Desktop\PMD-main\case_test\sonar\SQLInjectionCheck\SQLInjectionCheck.java,2,23,Executing SQL queries is security-sensitive,Sonar,SQLInjectionCheck
5,,D:\Users\Lenovo\Desktop\PMD-main\case_test\sonar\SQLInjectionCheck\SQLInjectionCheck.java,2,25,Executing SQL queries is security-sensitive,Sonar,SQLInjectionCheck
6,,D:\Users\Lenovo\Desktop\PMD-main\case_test\sonar\SQLInjectionCheck\SQLInjectionCheck.java,2,39,Executing SQL queries is security-sensitive,Sonar,SQLInjectionCheck
7,,D:\Users\Lenovo\Desktop\PMD-main\case_test\sonar\SQLInjectionCheck\SQLInjectionCheck.java,2,40,Executing SQL queries is security-sensitive,Sonar,SQLInjectionCheck
8,,D:\Users\Lenovo\Desktop\PMD-main\case_test\sonar\SQLInjectionCheck\SQLInjectionCheck.java,2,41,Executing SQL queries is security-sensitive,Sonar,SQLInjectionCheck
9,,D:\Users\Lenovo\Desktop\PMD-main\case_test\sonar\SQLInjectionCheck\SQLInjectionCheck.java,2,46,Executing SQL queries is security-sensitive,Sonar,SQLInjectionCheck
10,,D:\Users\Lenovo\Desktop\PMD-main\case_test\sonar\SQLInjectionCheck\SQLInjectionCheck.java,2,47,Executing SQL queries is security-sensitive,Sonar,SQLInjectionCheck
11,,D:\Users\Lenovo\Desktop\PMD-main\case_test\sonar\SQLInjectionCheck\SQLInjectionCheck.java,2,48,Executing SQL queries is security-sensitive,Sonar,SQLInjectionCheck
12,,D:\Users\Lenovo\Desktop\PMD-main\case_test\sonar\SQLInjectionCheck\SQLInjectionCheck.java,2,75,Executing SQL queries is security-sensitive,Sonar,SQLInjectionCheck
13,,D:\Users\Lenovo\Desktop\PMD-main\case_test\sonar\SQLInjectionCheck\SQLInjectionCheck.java,2,76,Executing SQL queries is security-sensitive,Sonar,SQLInjectionCheck
14,,D:\Users\Lenovo\Desktop\PMD-main\case_test\sonar\SQLInjectionCheck\SQLInjectionCheck.java,2,81,Executing SQL queries is security-sensitive,Sonar,SQLInjectionCheck
15,,D:\Users\Lenovo\Desktop\PMD-main\case_test\sonar\SQLInjectionCheck\SQLInjectionCheck.java,2,116,Executing SQL queries is security-sensitive,Sonar,SQLInjectionCheck
16,,D:\Users\Lenovo\Desktop\PMD-main\case_test\sonar\SQLInjectionCheck\SQLInjectionCheck.java,2,117,Executing SQL queries is security-sensitive,Sonar,SQLInjectionCheck
17,,D:\Users\Lenovo\Desktop\PMD-main\case_test\sonar\SQLInjectionCheck\SQLInjectionCheck.java,2,130,Executing SQL queries is security-sensitive,Sonar,SQLInjectionCheck
18,,D:\Users\Lenovo\Desktop\PMD-main\case_test\sonar\SQLInjectionCheck\SQLInjectionCheck.java,2,131,Executing SQL queries is security-sensitive,Sonar,SQLInjectionCheck
19,,D:\Users\Lenovo\Desktop\PMD-main\case_test\sonar\SQLInjectionCheck\SQLInjectionCheck.java,2,133,Executing SQL queries is security-sensitive,Sonar,SQLInjectionCheck
20,,D:\Users\Lenovo\Desktop\PMD-main\case_test\sonar\SQLInjectionCheck\SQLInjectionCheck.java,2,134,Executing SQL queries is security-sensitive,Sonar,SQLInjectionCheck
1,,D:\Users\Lenovo\Desktop\PMD-main\case_test\sonar\ScheduledThreadPoolExecutorZeroCheck\ScheduledThreadPoolExecutorZeroCheck.java,1,5,ScheduledThreadPoolExecutor should not have 0 core threads,Sonar,ScheduledThreadPoolExecutorZeroCheck
2,,D:\Users\Lenovo\Desktop\PMD-main\case_test\sonar\ScheduledThreadPoolExecutorZeroCheck\ScheduledThreadPoolExecutorZeroCheck.java,1,7,ScheduledThreadPoolExecutor should not have 0 core threads,Sonar,ScheduledThreadPoolExecutorZeroCheck
1,,D:\Users\Lenovo\Desktop\PMD-main\case_test\sonar\SecureCookieCheck\SecureCookieCheck.java,2,16,Cookies should be secure,Sonar,SecureCookieCheck
2,,D:\Users\Lenovo\Desktop\PMD-main\case_test\sonar\SecureCookieCheck\SecureCookieCheck.java,2,19,Cookies should be secure,Sonar,SecureCookieCheck
1,,D:\Users\Lenovo\Desktop\PMD-main\case_test\sonar\SerializableObjectInSessionCheck\SerializableObjectInSessionCheck.java,2,5,Non-serializable objects should not be stored in HttpSession objects,Sonar,SerializableObjectInSessionCheck
2,,D:\Users\Lenovo\Desktop\PMD-main\case_test\sonar\SerializableObjectInSessionCheck\SerializableObjectInSessionCheck.java,2,6,Non-serializable objects should not be stored in HttpSession objects,Sonar,SerializableObjectInSessionCheck
3,,D:\Users\Lenovo\Desktop\PMD-main\case_test\sonar\SerializableObjectInSessionCheck\SerializableObjectInSessionCheck.java,2,13,Non-serializable objects should not be stored in HttpSession objects,Sonar,SerializableObjectInSessionCheck
4,,D:\Users\Lenovo\Desktop\PMD-main\case_test\sonar\SerializableObjectInSessionCheck\SerializableObjectInSessionCheck.java,2,16,Non-serializable objects should not be stored in HttpSession objects,Sonar,SerializableObjectInSessionCheck
5,,D:\Users\Lenovo\Desktop\PMD-main\case_test\sonar\SerializableObjectInSessionCheck\SerializableObjectInSessionCheck.java,2,20,Non-serializable objects should not be stored in HttpSession objects,Sonar,SerializableObjectInSessionCheck
1,com.ai.utils.Exception,D:\Users\Lenovo\Desktop\PMD-main\case_test\sonar\SerializableSuperConstructorCheck\BusinessException.java,2,5,The non-serializable super class of a Serializable class should have a no-argument constructor,Sonar,SerializableSuperConstructorCheck
1,,D:\Users\Lenovo\Desktop\PMD-main\case_test\sonar\SerializableSuperConstructorCheck\SerializableSuperConstructorCheck.java,2,31,The non-serializable super class of a Serializable class should have a no-argument constructor,Sonar,SerializableSuperConstructorCheck
1,,D:\Users\Lenovo\Desktop\PMD-main\case_test\sonar\ShiftOnIntOrLongCheck\ShiftOnIntOrLongCheck.java,2,12,Ints and longs should not be shifted by zero or more than their number of bits-1,Sonar,ShiftOnIntOrLongCheck
2,,D:\Users\Lenovo\Desktop\PMD-main\case_test\sonar\ShiftOnIntOrLongCheck\ShiftOnIntOrLongCheck.java,2,13,Ints and longs should not be shifted by zero or more than their number of bits-1,Sonar,ShiftOnIntOrLongCheck
3,,D:\Users\Lenovo\Desktop\PMD-main\case_test\sonar\ShiftOnIntOrLongCheck\ShiftOnIntOrLongCheck.java,2,14,Ints and longs should not be shifted by zero or more than their number of bits-1,Sonar,ShiftOnIntOrLongCheck
4,,D:\Users\Lenovo\Desktop\PMD-main\case_test\sonar\ShiftOnIntOrLongCheck\ShiftOnIntOrLongCheck.java,2,15,Ints and longs should not be shifted by zero or more than their number of bits-1,Sonar,ShiftOnIntOrLongCheck
5,,D:\Users\Lenovo\Desktop\PMD-main\case_test\sonar\ShiftOnIntOrLongCheck\ShiftOnIntOrLongCheck.java,2,19,Ints and longs should not be shifted by zero or more than their number of bits-1,Sonar,ShiftOnIntOrLongCheck
6,,D:\Users\Lenovo\Desktop\PMD-main\case_test\sonar\ShiftOnIntOrLongCheck\ShiftOnIntOrLongCheck.java,2,20,Ints and longs should not be shifted by zero or more than their number of bits-1,Sonar,ShiftOnIntOrLongCheck
7,,D:\Users\Lenovo\Desktop\PMD-main\case_test\sonar\ShiftOnIntOrLongCheck\ShiftOnIntOrLongCheck.java,2,21,Ints and longs should not be shifted by zero or more than their number of bits-1,Sonar,ShiftOnIntOrLongCheck
8,,D:\Users\Lenovo\Desktop\PMD-main\case_test\sonar\ShiftOnIntOrLongCheck\ShiftOnIntOrLongCheck.java,2,22,Ints and longs should not be shifted by zero or more than their number of bits-1,Sonar,ShiftOnIntOrLongCheck
9,,D:\Users\Lenovo\Desktop\PMD-main\case_test\sonar\ShiftOnIntOrLongCheck\ShiftOnIntOrLongCheck.java,2,23,Ints and longs should not be shifted by zero or more than their number of bits-1,Sonar,ShiftOnIntOrLongCheck
10,,D:\Users\Lenovo\Desktop\PMD-main\case_test\sonar\ShiftOnIntOrLongCheck\ShiftOnIntOrLongCheck.java,2,30,Ints and longs should not be shifted by zero or more than their number of bits-1,Sonar,ShiftOnIntOrLongCheck
11,,D:\Users\Lenovo\Desktop\PMD-main\case_test\sonar\ShiftOnIntOrLongCheck\ShiftOnIntOrLongCheck.java,2,31,Ints and longs should not be shifted by zero or more than their number of bits-1,Sonar,ShiftOnIntOrLongCheck
12,,D:\Users\Lenovo\Desktop\PMD-main\case_test\sonar\ShiftOnIntOrLongCheck\ShiftOnIntOrLongCheck.java,2,32,Ints and longs should not be shifted by zero or more than their number of bits-1,Sonar,ShiftOnIntOrLongCheck
13,,D:\Users\Lenovo\Desktop\PMD-main\case_test\sonar\ShiftOnIntOrLongCheck\ShiftOnIntOrLongCheck.java,2,33,Ints and longs should not be shifted by zero or more than their number of bits-1,Sonar,ShiftOnIntOrLongCheck
14,,D:\Users\Lenovo\Desktop\PMD-main\case_test\sonar\ShiftOnIntOrLongCheck\ShiftOnIntOrLongCheck.java,2,37,Ints and longs should not be shifted by zero or more than their number of bits-1,Sonar,ShiftOnIntOrLongCheck
15,,D:\Users\Lenovo\Desktop\PMD-main\case_test\sonar\ShiftOnIntOrLongCheck\ShiftOnIntOrLongCheck.java,2,38,Ints and longs should not be shifted by zero or more than their number of bits-1,Sonar,ShiftOnIntOrLongCheck
16,,D:\Users\Lenovo\Desktop\PMD-main\case_test\sonar\ShiftOnIntOrLongCheck\ShiftOnIntOrLongCheck.java,2,39,Ints and longs should not be shifted by zero or more than their number of bits-1,Sonar,ShiftOnIntOrLongCheck
17,,D:\Users\Lenovo\Desktop\PMD-main\case_test\sonar\ShiftOnIntOrLongCheck\ShiftOnIntOrLongCheck.java,2,40,Ints and longs should not be shifted by zero or more than their number of bits-1,Sonar,ShiftOnIntOrLongCheck
18,,D:\Users\Lenovo\Desktop\PMD-main\case_test\sonar\ShiftOnIntOrLongCheck\ShiftOnIntOrLongCheck.java,2,41,Ints and longs should not be shifted by zero or more than their number of bits-1,Sonar,ShiftOnIntOrLongCheck
19,,D:\Users\Lenovo\Desktop\PMD-main\case_test\sonar\ShiftOnIntOrLongCheck\ShiftOnIntOrLongCheck.java,2,53,Ints and longs should not be shifted by zero or more than their number of bits-1,Sonar,ShiftOnIntOrLongCheck
20,,D:\Users\Lenovo\Desktop\PMD-main\case_test\sonar\ShiftOnIntOrLongCheck\ShiftOnIntOrLongCheck.java,2,54,Ints and longs should not be shifted by zero or more than their number of bits-1,Sonar,ShiftOnIntOrLongCheck
21,,D:\Users\Lenovo\Desktop\PMD-main\case_test\sonar\ShiftOnIntOrLongCheck\ShiftOnIntOrLongCheck.java,2,55,Ints and longs should not be shifted by zero or more than their number of bits-1,Sonar,ShiftOnIntOrLongCheck
22,,D:\Users\Lenovo\Desktop\PMD-main\case_test\sonar\ShiftOnIntOrLongCheck\ShiftOnIntOrLongCheck.java,2,56,Ints and longs should not be shifted by zero or more than their number of bits-1,Sonar,ShiftOnIntOrLongCheck
23,,D:\Users\Lenovo\Desktop\PMD-main\case_test\sonar\ShiftOnIntOrLongCheck\ShiftOnIntOrLongCheck.java,2,57,Ints and longs should not be shifted by zero or more than their number of bits-1,Sonar,ShiftOnIntOrLongCheck
24,,D:\Users\Lenovo\Desktop\PMD-main\case_test\sonar\ShiftOnIntOrLongCheck\ShiftOnIntOrLongCheck.java,2,59,Ints and longs should not be shifted by zero or more than their number of bits-1,Sonar,ShiftOnIntOrLongCheck
25,,D:\Users\Lenovo\Desktop\PMD-main\case_test\sonar\ShiftOnIntOrLongCheck\ShiftOnIntOrLongCheck.java,2,72,Ints and longs should not be shifted by zero or more than their number of bits-1,Sonar,ShiftOnIntOrLongCheck
26,,D:\Users\Lenovo\Desktop\PMD-main\case_test\sonar\ShiftOnIntOrLongCheck\ShiftOnIntOrLongCheck.java,2,73,Ints and longs should not be shifted by zero or more than their number of bits-1,Sonar,ShiftOnIntOrLongCheck
27,,D:\Users\Lenovo\Desktop\PMD-main\case_test\sonar\ShiftOnIntOrLongCheck\ShiftOnIntOrLongCheck.java,2,74,Ints and longs should not be shifted by zero or more than their number of bits-1,Sonar,ShiftOnIntOrLongCheck
28,,D:\Users\Lenovo\Desktop\PMD-main\case_test\sonar\ShiftOnIntOrLongCheck\ShiftOnIntOrLongCheck.java,2,75,Ints and longs should not be shifted by zero or more than their number of bits-1,Sonar,ShiftOnIntOrLongCheck
29,,D:\Users\Lenovo\Desktop\PMD-main\case_test\sonar\ShiftOnIntOrLongCheck\ShiftOnIntOrLongCheck.java,2,76,Ints and longs should not be shifted by zero or more than their number of bits-1,Sonar,ShiftOnIntOrLongCheck
30,,D:\Users\Lenovo\Desktop\PMD-main\case_test\sonar\ShiftOnIntOrLongCheck\ShiftOnIntOrLongCheck.java,2,78,Ints and longs should not be shifted by zero or more than their number of bits-1,Sonar,ShiftOnIntOrLongCheck
31,,D:\Users\Lenovo\Desktop\PMD-main\case_test\sonar\ShiftOnIntOrLongCheck\ShiftOnIntOrLongCheck.java,2,111,Ints and longs should not be shifted by zero or more than their number of bits-1,Sonar,ShiftOnIntOrLongCheck
32,,D:\Users\Lenovo\Desktop\PMD-main\case_test\sonar\ShiftOnIntOrLongCheck\ShiftOnIntOrLongCheck.java,2,113,Ints and longs should not be shifted by zero or more than their number of bits-1,Sonar,ShiftOnIntOrLongCheck
33,,D:\Users\Lenovo\Desktop\PMD-main\case_test\sonar\ShiftOnIntOrLongCheck\ShiftOnIntOrLongCheck.java,2,116,Ints and longs should not be shifted by zero or more than their number of bits-1,Sonar,ShiftOnIntOrLongCheck
34,,D:\Users\Lenovo\Desktop\PMD-main\case_test\sonar\ShiftOnIntOrLongCheck\ShiftOnIntOrLongCheck.java,2,117,Ints and longs should not be shifted by zero or more than their number of bits-1,Sonar,ShiftOnIntOrLongCheck
1,,D:\Users\Lenovo\Desktop\PMD-main\case_test\sonar\StaticFieldUpateCheck\StaticFieldUpateCheck.java,2,2,public static fields should be constant,Sonar,PublicStaticFieldShouldBeFinalCheck
2,,D:\Users\Lenovo\Desktop\PMD-main\case_test\sonar\StaticFieldUpateCheck\StaticFieldUpateCheck.java,2,8,Instance methods should not write to static fields,Sonar,StaticFieldUpateCheck
3,,D:\Users\Lenovo\Desktop\PMD-main\case_test\sonar\StaticFieldUpateCheck\StaticFieldUpateCheck.java,2,9,Instance methods should not write to static fields,Sonar,StaticFieldUpateCheck
4,,D:\Users\Lenovo\Desktop\PMD-main\case_test\sonar\StaticFieldUpateCheck\StaticFieldUpateCheck.java,2,10,Instance methods should not write to static fields,Sonar,StaticFieldUpateCheck
5,,D:\Users\Lenovo\Desktop\PMD-main\case_test\sonar\StaticFieldUpateCheck\StaticFieldUpateCheck.java,2,11,Instance methods should not write to static fields,Sonar,StaticFieldUpateCheck
6,,D:\Users\Lenovo\Desktop\PMD-main\case_test\sonar\StaticFieldUpateCheck\StaticFieldUpateCheck.java,2,12,Instance methods should not write to static fields,Sonar,StaticFieldUpateCheck
7,,D:\Users\Lenovo\Desktop\PMD-main\case_test\sonar\StaticFieldUpateCheck\StaticFieldUpateCheck.java,2,13,Instance methods should not write to static fields,Sonar,StaticFieldUpateCheck
8,,D:\Users\Lenovo\Desktop\PMD-main\case_test\sonar\StaticFieldUpateCheck\StaticFieldUpateCheck.java,2,15,Instance methods should not write to static fields,Sonar,StaticFieldUpateCheck
9,,D:\Users\Lenovo\Desktop\PMD-main\case_test\sonar\StaticFieldUpateCheck\StaticFieldUpateCheck.java,2,16,Instance methods should not write to static fields,Sonar,StaticFieldUpateCheck
10,,D:\Users\Lenovo\Desktop\PMD-main\case_test\sonar\StaticFieldUpateCheck\StaticFieldUpateCheck.java,2,28,Instance methods should not write to static fields,Sonar,StaticFieldUpateCheck
11,,D:\Users\Lenovo\Desktop\PMD-main\case_test\sonar\StaticFieldUpateCheck\StaticFieldUpateCheck.java,2,89,public static fields should be constant,Sonar,PublicStaticFieldShouldBeFinalCheck
12,,D:\Users\Lenovo\Desktop\PMD-main\case_test\sonar\StaticFieldUpateCheck\StaticFieldUpateCheck.java,2,98,Instance methods should not write to static fields,Sonar,StaticFieldUpateCheck
1,,D:\Users\Lenovo\Desktop\PMD-main\case_test\sonar\StaticMultithreadedUnsafeFields\StaticMultithreadedUnsafeFields.java,2,12,Non-thread-safe fields should not be static,Sonar,StaticMultithreadedUnsafeFieldsCheck
2,,D:\Users\Lenovo\Desktop\PMD-main\case_test\sonar\StaticMultithreadedUnsafeFields\StaticMultithreadedUnsafeFields.java,2,13,Non-thread-safe fields should not be static,Sonar,StaticMultithreadedUnsafeFieldsCheck
3,,D:\Users\Lenovo\Desktop\PMD-main\case_test\sonar\StaticMultithreadedUnsafeFields\StaticMultithreadedUnsafeFields.java,2,14,Non-thread-safe fields should not be static,Sonar,StaticMultithreadedUnsafeFieldsCheck
4,,D:\Users\Lenovo\Desktop\PMD-main\case_test\sonar\StaticMultithreadedUnsafeFields\StaticMultithreadedUnsafeFields.java,2,14,public static fields should be constant,Sonar,PublicStaticFieldShouldBeFinalCheck
5,,D:\Users\Lenovo\Desktop\PMD-main\case_test\sonar\StaticMultithreadedUnsafeFields\StaticMultithreadedUnsafeFields.java,2,15,Non-thread-safe fields should not be static,Sonar,StaticMultithreadedUnsafeFieldsCheck
6,,D:\Users\Lenovo\Desktop\PMD-main\case_test\sonar\StaticMultithreadedUnsafeFields\StaticMultithreadedUnsafeFields.java,2,19,Non-thread-safe fields should not be static,Sonar,StaticMultithreadedUnsafeFieldsCheck
7,,D:\Users\Lenovo\Desktop\PMD-main\case_test\sonar\StaticMultithreadedUnsafeFields\StaticMultithreadedUnsafeFields.java,2,20,Non-thread-safe fields should not be static,Sonar,StaticMultithreadedUnsafeFieldsCheck
8,,D:\Users\Lenovo\Desktop\PMD-main\case_test\sonar\StaticMultithreadedUnsafeFields\StaticMultithreadedUnsafeFields.java,2,21,Non-thread-safe fields should not be static,Sonar,StaticMultithreadedUnsafeFieldsCheck
9,,D:\Users\Lenovo\Desktop\PMD-main\case_test\sonar\StaticMultithreadedUnsafeFields\StaticMultithreadedUnsafeFields.java,2,22,Non-thread-safe fields should not be static,Sonar,StaticMultithreadedUnsafeFieldsCheck
10,,D:\Users\Lenovo\Desktop\PMD-main\case_test\sonar\StaticMultithreadedUnsafeFields\StaticMultithreadedUnsafeFields.java,2,25,Non-thread-safe fields should not be static,Sonar,StaticMultithreadedUnsafeFieldsCheck
1,com.dtt.sett.framework.utils,D:\Users\Lenovo\Desktop\PMD-main\case_test\sonar\StaticMultithreadedUnsafeFields\smp\CommUtil.java,2,60,Non-thread-safe fields should not be static,Sonar,StaticMultithreadedUnsafeFieldsCheck
2,com.dtt.sett.framework.utils,D:\Users\Lenovo\Desktop\PMD-main\case_test\sonar\StaticMultithreadedUnsafeFields\smp\CommUtil.java,3,61,Field format has the same name as a method,Error Prone,AvoidFieldNameMatchingMethodName
3,com.dtt.sett.framework.utils,D:\Users\Lenovo\Desktop\PMD-main\case_test\sonar\StaticMultithreadedUnsafeFields\smp\CommUtil.java,2,61,Non-thread-safe fields should not be static,Sonar,StaticMultithreadedUnsafeFieldsCheck
4,com.dtt.sett.framework.utils,D:\Users\Lenovo\Desktop\PMD-main\case_test\sonar\StaticMultithreadedUnsafeFields\smp\CommUtil.java,2,63,Non-thread-safe fields should not be static,Sonar,StaticMultithreadedUnsafeFieldsCheck
5,com.dtt.sett.framework.utils,D:\Users\Lenovo\Desktop\PMD-main\case_test\sonar\StaticMultithreadedUnsafeFields\smp\CommUtil.java,3,64,Field monthFormat has the same name as a method,Error Prone,AvoidFieldNameMatchingMethodName
6,com.dtt.sett.framework.utils,D:\Users\Lenovo\Desktop\PMD-main\case_test\sonar\StaticMultithreadedUnsafeFields\smp\CommUtil.java,2,64,Non-thread-safe fields should not be static,Sonar,StaticMultithreadedUnsafeFieldsCheck
7,com.dtt.sett.framework.utils,D:\Users\Lenovo\Desktop\PMD-main\case_test\sonar\StaticMultithreadedUnsafeFields\smp\CommUtil.java,3,65,Field shortMonthFormat has the same name as a method,Error Prone,AvoidFieldNameMatchingMethodName
8,com.dtt.sett.framework.utils,D:\Users\Lenovo\Desktop\PMD-main\case_test\sonar\StaticMultithreadedUnsafeFields\smp\CommUtil.java,2,65,Non-thread-safe fields should not be static,Sonar,StaticMultithreadedUnsafeFieldsCheck
9,com.dtt.sett.framework.utils,D:\Users\Lenovo\Desktop\PMD-main\case_test\sonar\StaticMultithreadedUnsafeFields\smp\CommUtil.java,3,66,Field dateFormat has the same name as a method,Error Prone,AvoidFieldNameMatchingMethodName
10,com.dtt.sett.framework.utils,D:\Users\Lenovo\Desktop\PMD-main\case_test\sonar\StaticMultithreadedUnsafeFields\smp\CommUtil.java,2,66,Non-thread-safe fields should not be static,Sonar,StaticMultithreadedUnsafeFieldsCheck
11,com.dtt.sett.framework.utils,D:\Users\Lenovo\Desktop\PMD-main\case_test\sonar\StaticMultithreadedUnsafeFields\smp\CommUtil.java,3,67,Field shortDateFormat has the same name as a method,Error Prone,AvoidFieldNameMatchingMethodName
12,com.dtt.sett.framework.utils,D:\Users\Lenovo\Desktop\PMD-main\case_test\sonar\StaticMultithreadedUnsafeFields\smp\CommUtil.java,2,67,Non-thread-safe fields should not be static,Sonar,StaticMultithreadedUnsafeFieldsCheck
13,com.dtt.sett.framework.utils,D:\Users\Lenovo\Desktop\PMD-main\case_test\sonar\StaticMultithreadedUnsafeFields\smp\CommUtil.java,3,68,Field chartFormat has the same name as a method,Error Prone,AvoidFieldNameMatchingMethodName
14,com.dtt.sett.framework.utils,D:\Users\Lenovo\Desktop\PMD-main\case_test\sonar\StaticMultithreadedUnsafeFields\smp\CommUtil.java,2,68,Non-thread-safe fields should not be static,Sonar,StaticMultithreadedUnsafeFieldsCheck
15,com.dtt.sett.framework.utils,D:\Users\Lenovo\Desktop\PMD-main\case_test\sonar\StaticMultithreadedUnsafeFields\smp\CommUtil.java,3,102,Avoid printStackTrace(); use a logger call instead.,Best Practices,AvoidPrintStackTrace
16,com.dtt.sett.framework.utils,D:\Users\Lenovo\Desktop\PMD-main\case_test\sonar\StaticMultithreadedUnsafeFields\smp\CommUtil.java,3,131,Avoid printStackTrace(); use a logger call instead.,Best Practices,AvoidPrintStackTrace
17,com.dtt.sett.framework.utils,D:\Users\Lenovo\Desktop\PMD-main\case_test\sonar\StaticMultithreadedUnsafeFields\smp\CommUtil.java,3,152,Avoid printStackTrace(); use a logger call instead.,Best Practices,AvoidPrintStackTrace
18,com.dtt.sett.framework.utils,D:\Users\Lenovo\Desktop\PMD-main\case_test\sonar\StaticMultithreadedUnsafeFields\smp\CommUtil.java,3,174,Avoid printStackTrace(); use a logger call instead.,Best Practices,AvoidPrintStackTrace
19,com.dtt.sett.framework.utils,D:\Users\Lenovo\Desktop\PMD-main\case_test\sonar\StaticMultithreadedUnsafeFields\smp\CommUtil.java,3,196,Avoid printStackTrace(); use a logger call instead.,Best Practices,AvoidPrintStackTrace
20,com.dtt.sett.framework.utils,D:\Users\Lenovo\Desktop\PMD-main\case_test\sonar\StaticMultithreadedUnsafeFields\smp\CommUtil.java,3,419,Avoid printStackTrace(); use a logger call instead.,Best Practices,AvoidPrintStackTrace
21,com.dtt.sett.framework.utils,D:\Users\Lenovo\Desktop\PMD-main\case_test\sonar\StaticMultithreadedUnsafeFields\smp\CommUtil.java,3,860,Avoid printStackTrace(); use a logger call instead.,Best Practices,AvoidPrintStackTrace
22,com.dtt.sett.framework.utils,D:\Users\Lenovo\Desktop\PMD-main\case_test\sonar\StaticMultithreadedUnsafeFields\smp\CommUtil.java,3,867,Avoid printStackTrace(); use a logger call instead.,Best Practices,AvoidPrintStackTrace
23,com.dtt.sett.framework.utils,D:\Users\Lenovo\Desktop\PMD-main\case_test\sonar\StaticMultithreadedUnsafeFields\smp\CommUtil.java,3,952,Avoid printStackTrace(); use a logger call instead.,Best Practices,AvoidPrintStackTrace
24,com.dtt.sett.framework.utils,D:\Users\Lenovo\Desktop\PMD-main\case_test\sonar\StaticMultithreadedUnsafeFields\smp\CommUtil.java,3,1330,Avoid printStackTrace(); use a logger call instead.,Best Practices,AvoidPrintStackTrace
25,com.dtt.sett.framework.utils,D:\Users\Lenovo\Desktop\PMD-main\case_test\sonar\StaticMultithreadedUnsafeFields\smp\CommUtil.java,3,1337,Avoid printStackTrace(); use a logger call instead.,Best Practices,AvoidPrintStackTrace
1,com.dtt.sett.utils,D:\Users\Lenovo\Desktop\PMD-main\case_test\sonar\StaticMultithreadedUnsafeFields\smp\ConsBaseDaoUtil.java,3,138,Ensure that resources like this Connection object are closed after use,Error Prone,CloseResource
2,com.dtt.sett.utils,D:\Users\Lenovo\Desktop\PMD-main\case_test\sonar\StaticMultithreadedUnsafeFields\smp\ConsBaseDaoUtil.java,3,140,Ensure that resources like this ResultSet object are closed after use,Error Prone,CloseResource
3,com.dtt.sett.utils,D:\Users\Lenovo\Desktop\PMD-main\case_test\sonar\StaticMultithreadedUnsafeFields\smp\ConsBaseDaoUtil.java,3,225,Ensure that resources like this Connection object are closed after use,Error Prone,CloseResource
4,com.dtt.sett.utils,D:\Users\Lenovo\Desktop\PMD-main\case_test\sonar\StaticMultithreadedUnsafeFields\smp\ConsBaseDaoUtil.java,2,258,public static fields should be constant,Sonar,PublicStaticFieldShouldBeFinalCheck
5,com.dtt.sett.utils,D:\Users\Lenovo\Desktop\PMD-main\case_test\sonar\StaticMultithreadedUnsafeFields\smp\ConsBaseDaoUtil.java,2,463,Non-thread-safe fields should not be static,Sonar,StaticMultithreadedUnsafeFieldsCheck
1,com.dtt.sett.webservice.cons,D:\Users\Lenovo\Desktop\PMD-main\case_test\sonar\StaticMultithreadedUnsafeFields\smp\ImportAPInvMatchRecInfoClient.java,2,44,Non-thread-safe fields should not be static,Sonar,StaticMultithreadedUnsafeFieldsCheck
1,com.dtt.sett.webservice.cons,D:\Users\Lenovo\Desktop\PMD-main\case_test\sonar\StaticMultithreadedUnsafeFields\smp\ImportAPInvMatchRecInfoClientForWeb.java,2,46,Non-thread-safe fields should not be static,Sonar,StaticMultithreadedUnsafeFieldsCheck
1,com.dtt.sett.webservice.cons,D:\Users\Lenovo\Desktop\PMD-main\case_test\sonar\StaticMultithreadedUnsafeFields\smp\InquiryPoHeaderInfoClient.java,2,116,Non-thread-safe fields should not be static,Sonar,StaticMultithreadedUnsafeFieldsCheck
1,com.dtt.smp.synergy.controller.pay,D:\Users\Lenovo\Desktop\PMD-main\case_test\sonar\StaticMultithreadedUnsafeFields\smp\PaymentManagementController.java,2,40,Non-thread-safe fields should not be static,Sonar,StaticMultithreadedUnsafeFieldsCheck
2,com.dtt.smp.synergy.controller.pay,D:\Users\Lenovo\Desktop\PMD-main\case_test\sonar\StaticMultithreadedUnsafeFields\smp\PaymentManagementController.java,2,41,Non-thread-safe fields should not be static,Sonar,StaticMultithreadedUnsafeFieldsCheck
1,com.dtt.sett.framework.common.service,D:\Users\Lenovo\Desktop\PMD-main\case_test\sonar\StaticMultithreadedUnsafeFields\smp\SMPLogServiceImpl.java,2,31,Non-thread-safe fields should not be static,Sonar,StaticMultithreadedUnsafeFieldsCheck
1,com.ai.utils,D:\Users\Lenovo\Desktop\PMD-main\case_test\sonar\StaticMultithreadedUnsafeFields\zqyyfjzone\HaoKaoSignUtil.java,2,18,Non-thread-safe fields should not be static,Sonar,StaticMultithreadedUnsafeFieldsCheck
2,com.ai.utils,D:\Users\Lenovo\Desktop\PMD-main\case_test\sonar\StaticMultithreadedUnsafeFields\zqyyfjzone\HaoKaoSignUtil.java,2,19,Non-thread-safe fields should not be static,Sonar,StaticMultithreadedUnsafeFieldsCheck
1,com.ai.template.cmd,D:\Users\Lenovo\Desktop\PMD-main\case_test\sonar\StaticMultithreadedUnsafeFields\zqyyfjzone\ICommandHelper.java,2,31,Non-thread-safe fields should not be static,Sonar,StaticMultithreadedUnsafeFieldsCheck
2,com.ai.template.cmd,D:\Users\Lenovo\Desktop\PMD-main\case_test\sonar\StaticMultithreadedUnsafeFields\zqyyfjzone\ICommandHelper.java,3,136,Avoid printStackTrace(); use a logger call instead.,Best Practices,AvoidPrintStackTrace
3,com.ai.template.cmd,D:\Users\Lenovo\Desktop\PMD-main\case_test\sonar\StaticMultithreadedUnsafeFields\zqyyfjzone\ICommandHelper.java,3,186,Avoid printStackTrace(); use a logger call instead.,Best Practices,AvoidPrintStackTrace
4,com.ai.template.cmd,D:\Users\Lenovo\Desktop\PMD-main\case_test\sonar\StaticMultithreadedUnsafeFields\zqyyfjzone\ICommandHelper.java,3,195,Avoid printStackTrace(); use a logger call instead.,Best Practices,AvoidPrintStackTrace
5,com.ai.template.cmd,D:\Users\Lenovo\Desktop\PMD-main\case_test\sonar\StaticMultithreadedUnsafeFields\zqyyfjzone\ICommandHelper.java,3,204,Avoid printStackTrace(); use a logger call instead.,Best Practices,AvoidPrintStackTrace
1,com.ai.utils,D:\Users\Lenovo\Desktop\PMD-main\case_test\sonar\StaticMultithreadedUnsafeFields\zqyyfjzone\OperHttpUtils.java,2,36,Non-thread-safe fields should not be static,Sonar,StaticMultithreadedUnsafeFieldsCheck
2,com.ai.utils,D:\Users\Lenovo\Desktop\PMD-main\case_test\sonar\StaticMultithreadedUnsafeFields\zqyyfjzone\OperHttpUtils.java,2,38,Non-thread-safe fields should not be static,Sonar,StaticMultithreadedUnsafeFieldsCheck
3,com.ai.utils,D:\Users\Lenovo\Desktop\PMD-main\case_test\sonar\StaticMultithreadedUnsafeFields\zqyyfjzone\OperHttpUtils.java,3,266,Avoid printStackTrace(); use a logger call instead.,Best Practices,AvoidPrintStackTrace
4,com.ai.utils,D:\Users\Lenovo\Desktop\PMD-main\case_test\sonar\StaticMultithreadedUnsafeFields\zqyyfjzone\OperHttpUtils.java,3,308,Avoid printStackTrace(); use a logger call instead.,Best Practices,AvoidPrintStackTrace
1,com.ai.gcrm.service.sys.impl,D:\Users\Lenovo\Desktop\PMD-main\case_test\sonar\StaticMultithreadedUnsafeFields\zqyyfjzone\SysIntfLogSVImpl.java,2,39,Non-thread-safe fields should not be static,Sonar,StaticMultithreadedUnsafeFieldsCheck
2,com.ai.gcrm.service.sys.impl,D:\Users\Lenovo\Desktop\PMD-main\case_test\sonar\StaticMultithreadedUnsafeFields\zqyyfjzone\SysIntfLogSVImpl.java,3,57,Ensure that resources like this Connection object are closed after use,Error Prone,CloseResource
3,com.ai.gcrm.service.sys.impl,D:\Users\Lenovo\Desktop\PMD-main\case_test\sonar\StaticMultithreadedUnsafeFields\zqyyfjzone\SysIntfLogSVImpl.java,3,132,Ensure that resources like this Connection object are closed after use,Error Prone,CloseResource
4,com.ai.gcrm.service.sys.impl,D:\Users\Lenovo\Desktop\PMD-main\case_test\sonar\StaticMultithreadedUnsafeFields\zqyyfjzone\SysIntfLogSVImpl.java,3,258,Avoid empty if statements,Error Prone,EmptyIfStmt
5,com.ai.gcrm.service.sys.impl,D:\Users\Lenovo\Desktop\PMD-main\case_test\sonar\StaticMultithreadedUnsafeFields\zqyyfjzone\SysIntfLogSVImpl.java,3,352,Avoid empty if statements,Error Prone,EmptyIfStmt
6,com.ai.gcrm.service.sys.impl,D:\Users\Lenovo\Desktop\PMD-main\case_test\sonar\StaticMultithreadedUnsafeFields\zqyyfjzone\SysIntfLogSVImpl.java,3,418,Avoid empty if statements,Error Prone,EmptyIfStmt
1,,D:\Users\Lenovo\Desktop\PMD-main\case_test\sonar\SwitchCasesWithoutBreakCheck\SwitchCasesWithoutBreakCheck.java,2,12,Switch cases should end with an unconditional break statement,Sonar,SwitchCasesWithoutBreakCheck
2,,D:\Users\Lenovo\Desktop\PMD-main\case_test\sonar\SwitchCasesWithoutBreakCheck\SwitchCasesWithoutBreakCheck.java,2,16,Switch cases should end with an unconditional break statement,Sonar,SwitchCasesWithoutBreakCheck
3,,D:\Users\Lenovo\Desktop\PMD-main\case_test\sonar\SwitchCasesWithoutBreakCheck\SwitchCasesWithoutBreakCheck.java,2,22,Switch cases should end with an unconditional break statement,Sonar,SwitchCasesWithoutBreakCheck
4,,D:\Users\Lenovo\Desktop\PMD-main\case_test\sonar\SwitchCasesWithoutBreakCheck\SwitchCasesWithoutBreakCheck.java,2,24,Switch cases should end with an unconditional break statement,Sonar,SwitchCasesWithoutBreakCheck
5,,D:\Users\Lenovo\Desktop\PMD-main\case_test\sonar\SwitchCasesWithoutBreakCheck\SwitchCasesWithoutBreakCheck.java,2,26,Switch cases should end with an unconditional break statement,Sonar,SwitchCasesWithoutBreakCheck
6,,D:\Users\Lenovo\Desktop\PMD-main\case_test\sonar\SwitchCasesWithoutBreakCheck\SwitchCasesWithoutBreakCheck.java,2,41,Switch cases should end with an unconditional break statement,Sonar,SwitchCasesWithoutBreakCheck
7,,D:\Users\Lenovo\Desktop\PMD-main\case_test\sonar\SwitchCasesWithoutBreakCheck\SwitchCasesWithoutBreakCheck.java,2,47,Switch cases should end with an unconditional break statement,Sonar,SwitchCasesWithoutBreakCheck
8,,D:\Users\Lenovo\Desktop\PMD-main\case_test\sonar\SwitchCasesWithoutBreakCheck\SwitchCasesWithoutBreakCheck.java,2,67,Switch cases should end with an unconditional break statement,Sonar,SwitchCasesWithoutBreakCheck
9,,D:\Users\Lenovo\Desktop\PMD-main\case_test\sonar\SwitchCasesWithoutBreakCheck\SwitchCasesWithoutBreakCheck.java,2,70,Switch cases should end with an unconditional break statement,Sonar,SwitchCasesWithoutBreakCheck
10,,D:\Users\Lenovo\Desktop\PMD-main\case_test\sonar\SwitchCasesWithoutBreakCheck\SwitchCasesWithoutBreakCheck.java,2,87,Switch cases should end with an unconditional break statement,Sonar,SwitchCasesWithoutBreakCheck
11,,D:\Users\Lenovo\Desktop\PMD-main\case_test\sonar\SwitchCasesWithoutBreakCheck\SwitchCasesWithoutBreakCheck.java,2,107,Switch cases should end with an unconditional break statement,Sonar,SwitchCasesWithoutBreakCheck
12,,D:\Users\Lenovo\Desktop\PMD-main\case_test\sonar\SwitchCasesWithoutBreakCheck\SwitchCasesWithoutBreakCheck.java,2,111,Switch cases should end with an unconditional break statement,Sonar,SwitchCasesWithoutBreakCheck
13,,D:\Users\Lenovo\Desktop\PMD-main\case_test\sonar\SwitchCasesWithoutBreakCheck\SwitchCasesWithoutBreakCheck.java,2,120,Switch cases should end with an unconditional break statement,Sonar,SwitchCasesWithoutBreakCheck
14,,D:\Users\Lenovo\Desktop\PMD-main\case_test\sonar\SwitchCasesWithoutBreakCheck\SwitchCasesWithoutBreakCheck.java,2,124,Switch cases should end with an unconditional break statement,Sonar,SwitchCasesWithoutBreakCheck
15,,D:\Users\Lenovo\Desktop\PMD-main\case_test\sonar\SwitchCasesWithoutBreakCheck\SwitchCasesWithoutBreakCheck.java,2,140,Switch cases should end with an unconditional break statement,Sonar,SwitchCasesWithoutBreakCheck
16,,D:\Users\Lenovo\Desktop\PMD-main\case_test\sonar\SwitchCasesWithoutBreakCheck\SwitchCasesWithoutBreakCheck.java,2,181,Switch cases should end with an unconditional break statement,Sonar,SwitchCasesWithoutBreakCheck
17,,D:\Users\Lenovo\Desktop\PMD-main\case_test\sonar\SwitchCasesWithoutBreakCheck\SwitchCasesWithoutBreakCheck.java,2,186,Switch cases should end with an unconditional break statement,Sonar,SwitchCasesWithoutBreakCheck
18,,D:\Users\Lenovo\Desktop\PMD-main\case_test\sonar\SwitchCasesWithoutBreakCheck\SwitchCasesWithoutBreakCheck.java,2,194,Switch cases should end with an unconditional break statement,Sonar,SwitchCasesWithoutBreakCheck
19,,D:\Users\Lenovo\Desktop\PMD-main\case_test\sonar\SwitchCasesWithoutBreakCheck\SwitchCasesWithoutBreakCheck.java,2,199,Switch cases should end with an unconditional break statement,Sonar,SwitchCasesWithoutBreakCheck
20,,D:\Users\Lenovo\Desktop\PMD-main\case_test\sonar\SwitchCasesWithoutBreakCheck\SwitchCasesWithoutBreakCheck.java,2,212,Switch cases should end with an unconditional break statement,Sonar,SwitchCasesWithoutBreakCheck
21,,D:\Users\Lenovo\Desktop\PMD-main\case_test\sonar\SwitchCasesWithoutBreakCheck\SwitchCasesWithoutBreakCheck.java,2,215,Switch cases should end with an unconditional break statement,Sonar,SwitchCasesWithoutBreakCheck
22,,D:\Users\Lenovo\Desktop\PMD-main\case_test\sonar\SwitchCasesWithoutBreakCheck\SwitchCasesWithoutBreakCheck.java,2,218,Switch cases should end with an unconditional break statement,Sonar,SwitchCasesWithoutBreakCheck
23,,D:\Users\Lenovo\Desktop\PMD-main\case_test\sonar\SwitchCasesWithoutBreakCheck\SwitchCasesWithoutBreakCheck.java,2,221,Switch cases should end with an unconditional break statement,Sonar,SwitchCasesWithoutBreakCheck
24,,D:\Users\Lenovo\Desktop\PMD-main\case_test\sonar\SwitchCasesWithoutBreakCheck\SwitchCasesWithoutBreakCheck.java,2,224,Switch cases should end with an unconditional break statement,Sonar,SwitchCasesWithoutBreakCheck
25,,D:\Users\Lenovo\Desktop\PMD-main\case_test\sonar\SwitchCasesWithoutBreakCheck\SwitchCasesWithoutBreakCheck.java,2,227,Switch cases should end with an unconditional break statement,Sonar,SwitchCasesWithoutBreakCheck
1,,D:\Users\Lenovo\Desktop\PMD-main\case_test\sonar\SynchronizationOnStringOrBoxedCheck\SynchronizationOnStringOrBoxedCheck.java,1,10,Synchronization should not be based on Strings or boxed primitives,Sonar,SynchronizationOnStringOrBoxedCheck
2,,D:\Users\Lenovo\Desktop\PMD-main\case_test\sonar\SynchronizationOnStringOrBoxedCheck\SynchronizationOnStringOrBoxedCheck.java,1,13,Synchronization should not be based on Strings or boxed primitives,Sonar,SynchronizationOnStringOrBoxedCheck
3,,D:\Users\Lenovo\Desktop\PMD-main\case_test\sonar\SynchronizationOnStringOrBoxedCheck\SynchronizationOnStringOrBoxedCheck.java,1,16,Synchronization should not be based on Strings or boxed primitives,Sonar,SynchronizationOnStringOrBoxedCheck
4,,D:\Users\Lenovo\Desktop\PMD-main\case_test\sonar\SynchronizationOnStringOrBoxedCheck\SynchronizationOnStringOrBoxedCheck.java,1,19,Synchronization should not be based on Strings or boxed primitives,Sonar,SynchronizationOnStringOrBoxedCheck
5,,D:\Users\Lenovo\Desktop\PMD-main\case_test\sonar\SynchronizationOnStringOrBoxedCheck\SynchronizationOnStringOrBoxedCheck.java,1,22,Synchronization should not be based on Strings or boxed primitives,Sonar,SynchronizationOnStringOrBoxedCheck
6,,D:\Users\Lenovo\Desktop\PMD-main\case_test\sonar\SynchronizationOnStringOrBoxedCheck\SynchronizationOnStringOrBoxedCheck.java,1,25,Synchronization should not be based on Strings or boxed primitives,Sonar,SynchronizationOnStringOrBoxedCheck
7,,D:\Users\Lenovo\Desktop\PMD-main\case_test\sonar\SynchronizationOnStringOrBoxedCheck\SynchronizationOnStringOrBoxedCheck.java,1,28,Synchronization should not be based on Strings or boxed primitives,Sonar,SynchronizationOnStringOrBoxedCheck
1,,D:\Users\Lenovo\Desktop\PMD-main\case_test\sonar\SynchronizedLockCheck\SynchronizedLockCheck.java,1,8,Lock objects should not be synchronized,Sonar,SynchronizedLockCheck
2,,D:\Users\Lenovo\Desktop\PMD-main\case_test\sonar\SynchronizedLockCheck\SynchronizedLockCheck.java,1,10,Lock objects should not be synchronized,Sonar,SynchronizedLockCheck
1,com.dtt.sett.controller.sttl,D:\Users\Lenovo\Desktop\PMD-main\case_test\sonar\SystemExitCalledCheck\SettleCommonServiceImplClient.java,3,31,Avoid printStackTrace(); use a logger call instead.,Best Practices,AvoidPrintStackTrace
2,com.dtt.sett.controller.sttl,D:\Users\Lenovo\Desktop\PMD-main\case_test\sonar\SystemExitCalledCheck\SettleCommonServiceImplClient.java,2,38,Exit methods should not be called,Sonar,SystemExitCalledCheck
3,com.dtt.sett.controller.sttl,D:\Users\Lenovo\Desktop\PMD-main\case_test\sonar\SystemExitCalledCheck\SettleCommonServiceImplClient.java,3,63,Avoid printStackTrace(); use a logger call instead.,Best Practices,AvoidPrintStackTrace
4,com.dtt.sett.controller.sttl,D:\Users\Lenovo\Desktop\PMD-main\case_test\sonar\SystemExitCalledCheck\SettleCommonServiceImplClient.java,2,70,Exit methods should not be called,Sonar,SystemExitCalledCheck
5,com.dtt.sett.controller.sttl,D:\Users\Lenovo\Desktop\PMD-main\case_test\sonar\SystemExitCalledCheck\SettleCommonServiceImplClient.java,3,96,Avoid printStackTrace(); use a logger call instead.,Best Practices,AvoidPrintStackTrace
6,com.dtt.sett.controller.sttl,D:\Users\Lenovo\Desktop\PMD-main\case_test\sonar\SystemExitCalledCheck\SettleCommonServiceImplClient.java,2,103,Exit methods should not be called,Sonar,SystemExitCalledCheck
1,,D:\Users\Lenovo\Desktop\PMD-main\case_test\sonar\SystemExitCalledCheck\SystemExitCalledCheck.java,2,3,Exit methods should not be called,Sonar,SystemExitCalledCheck
2,,D:\Users\Lenovo\Desktop\PMD-main\case_test\sonar\SystemExitCalledCheck\SystemExitCalledCheck.java,2,7,Exit methods should not be called,Sonar,SystemExitCalledCheck
3,,D:\Users\Lenovo\Desktop\PMD-main\case_test\sonar\SystemExitCalledCheck\SystemExitCalledCheck.java,2,8,Exit methods should not be called,Sonar,SystemExitCalledCheck
4,,D:\Users\Lenovo\Desktop\PMD-main\case_test\sonar\SystemExitCalledCheck\SystemExitCalledCheck.java,2,9,Execution of the Garbage Collector should be triggered only by the JVM,Sonar,GarbageCollectorCalledCheck
5,,D:\Users\Lenovo\Desktop\PMD-main\case_test\sonar\SystemExitCalledCheck\SystemExitCalledCheck.java,2,12,Exit methods should not be called,Sonar,SystemExitCalledCheck
6,,D:\Users\Lenovo\Desktop\PMD-main\case_test\sonar\SystemExitCalledCheck\SystemExitCalledCheck.java,2,16,Exit methods should not be called,Sonar,SystemExitCalledCheck
7,,D:\Users\Lenovo\Desktop\PMD-main\case_test\sonar\SystemExitCalledCheck\SystemExitCalledCheck.java,2,25,Exit methods should not be called,Sonar,SystemExitCalledCheck
8,,D:\Users\Lenovo\Desktop\PMD-main\case_test\sonar\SystemExitCalledCheck\SystemExitCalledCheck.java,2,26,Exit methods should not be called,Sonar,SystemExitCalledCheck
9,,D:\Users\Lenovo\Desktop\PMD-main\case_test\sonar\SystemExitCalledCheck\SystemExitCalledCheck.java,2,34,Exit methods should not be called,Sonar,SystemExitCalledCheck
10,,D:\Users\Lenovo\Desktop\PMD-main\case_test\sonar\SystemExitCalledCheck\SystemExitCalledCheck.java,2,39,Exit methods should not be called,Sonar,SystemExitCalledCheck
1,,D:\Users\Lenovo\Desktop\PMD-main\case_test\sonar\ThreadAsRunnableArgumentCheck\ThreadAsRunnableArgumentCheck.java,2,9, Threads should not be used where Runnables are expected,Sonar,ThreadAsRunnableArgumentCheck
2,,D:\Users\Lenovo\Desktop\PMD-main\case_test\sonar\ThreadAsRunnableArgumentCheck\ThreadAsRunnableArgumentCheck.java,2,11, Threads should not be used where Runnables are expected,Sonar,ThreadAsRunnableArgumentCheck
3,,D:\Users\Lenovo\Desktop\PMD-main\case_test\sonar\ThreadAsRunnableArgumentCheck\ThreadAsRunnableArgumentCheck.java,2,14, Threads should not be used where Runnables are expected,Sonar,ThreadAsRunnableArgumentCheck
4,,D:\Users\Lenovo\Desktop\PMD-main\case_test\sonar\ThreadAsRunnableArgumentCheck\ThreadAsRunnableArgumentCheck.java,2,25, Threads should not be used where Runnables are expected,Sonar,ThreadAsRunnableArgumentCheck
5,,D:\Users\Lenovo\Desktop\PMD-main\case_test\sonar\ThreadAsRunnableArgumentCheck\ThreadAsRunnableArgumentCheck.java,2,26, Threads should not be used where Runnables are expected,Sonar,ThreadAsRunnableArgumentCheck
6,,D:\Users\Lenovo\Desktop\PMD-main\case_test\sonar\ThreadAsRunnableArgumentCheck\ThreadAsRunnableArgumentCheck.java,2,27, Threads should not be used where Runnables are expected,Sonar,ThreadAsRunnableArgumentCheck
7,,D:\Users\Lenovo\Desktop\PMD-main\case_test\sonar\ThreadAsRunnableArgumentCheck\ThreadAsRunnableArgumentCheck.java,2,29, Threads should not be used where Runnables are expected,Sonar,ThreadAsRunnableArgumentCheck
8,,D:\Users\Lenovo\Desktop\PMD-main\case_test\sonar\ThreadAsRunnableArgumentCheck\ThreadAsRunnableArgumentCheck.java,2,30, Threads should not be used where Runnables are expected,Sonar,ThreadAsRunnableArgumentCheck
1,,D:\Users\Lenovo\Desktop\PMD-main\case_test\sonar\ThreadRunCheck\ThreadRunCheck.java,2,7,Thread.run() should not be called directly,Sonar,ThreadRunCheck
2,,D:\Users\Lenovo\Desktop\PMD-main\case_test\sonar\ThreadRunCheck\ThreadRunCheck.java,2,14,Thread.run() should not be called directly,Sonar,ThreadRunCheck
3,,D:\Users\Lenovo\Desktop\PMD-main\case_test\sonar\ThreadRunCheck\ThreadRunCheck.java,2,24,Thread.run() should not be called directly,Sonar,ThreadRunCheck
4,,D:\Users\Lenovo\Desktop\PMD-main\case_test\sonar\ThreadRunCheck\ThreadRunCheck.java,2,30,Thread.run() should not be called directly,Sonar,ThreadRunCheck
1,,D:\Users\Lenovo\Desktop\PMD-main\case_test\sonar\ThreadSleepCheck\ThreadSleepCheck.java,2,8,wait(...) should be used instead of Thread.sleep(...) when a lock is held,Sonar,ThreadSleepCheck
2,,D:\Users\Lenovo\Desktop\PMD-main\case_test\sonar\ThreadSleepCheck\ThreadSleepCheck.java,2,9,wait(...) should be used instead of Thread.sleep(...) when a lock is held,Sonar,ThreadSleepCheck
3,,D:\Users\Lenovo\Desktop\PMD-main\case_test\sonar\ThreadSleepCheck\ThreadSleepCheck.java,2,16,wait(...) should be used instead of Thread.sleep(...) when a lock is held,Sonar,ThreadSleepCheck
4,,D:\Users\Lenovo\Desktop\PMD-main\case_test\sonar\ThreadSleepCheck\ThreadSleepCheck.java,2,17,wait(...) should be used instead of Thread.sleep(...) when a lock is held,Sonar,ThreadSleepCheck
1,,D:\Users\Lenovo\Desktop\PMD-main\case_test\sonar\ThreadWaitCallCheck\ThreadWaitCallCheck.java,1,13,Methods wait(...) notify() and notifyAll() should not be called on Thread instances,Sonar,ThreadWaitCallCheck
2,,D:\Users\Lenovo\Desktop\PMD-main\case_test\sonar\ThreadWaitCallCheck\ThreadWaitCallCheck.java,1,14,Methods wait(...) notify() and notifyAll() should not be called on Thread instances,Sonar,ThreadWaitCallCheck
3,,D:\Users\Lenovo\Desktop\PMD-main\case_test\sonar\ThreadWaitCallCheck\ThreadWaitCallCheck.java,1,15,Methods wait(...) notify() and notifyAll() should not be called on Thread instances,Sonar,ThreadWaitCallCheck
4,,D:\Users\Lenovo\Desktop\PMD-main\case_test\sonar\ThreadWaitCallCheck\ThreadWaitCallCheck.java,1,16,Methods wait(...) notify() and notifyAll() should not be called on Thread instances,Sonar,ThreadWaitCallCheck
5,,D:\Users\Lenovo\Desktop\PMD-main\case_test\sonar\ThreadWaitCallCheck\ThreadWaitCallCheck.java,1,17,Methods wait(...) notify() and notifyAll() should not be called on Thread instances,Sonar,ThreadWaitCallCheck
1,,D:\Users\Lenovo\Desktop\PMD-main\case_test\sonar\ToStringReturningNullCheck\ToStringReturningNullCheck.java,2,18,toString() and clone() methods should not return null,Sonar,ToStringReturningNullCheck
2,,D:\Users\Lenovo\Desktop\PMD-main\case_test\sonar\ToStringReturningNullCheck\ToStringReturningNullCheck.java,2,24,toString() and clone() methods should not return null,Sonar,ToStringReturningNullCheck
1,,D:\Users\Lenovo\Desktop\PMD-main\case_test\sonar\TransactionalMethodVisibilityCheck\TransactionalMethodVisibilityCheck.java,2,19,Non-public methods should not be @Transactional,Sonar,TransactionalMethodVisibilityCheck
2,,D:\Users\Lenovo\Desktop\PMD-main\case_test\sonar\TransactionalMethodVisibilityCheck\TransactionalMethodVisibilityCheck.java,2,22,Non-public methods should not be @Transactional,Sonar,TransactionalMethodVisibilityCheck
3,,D:\Users\Lenovo\Desktop\PMD-main\case_test\sonar\TransactionalMethodVisibilityCheck\TransactionalMethodVisibilityCheck.java,2,25,Non-public methods should not be @Transactional,Sonar,TransactionalMethodVisibilityCheck
4,,D:\Users\Lenovo\Desktop\PMD-main\case_test\sonar\TransactionalMethodVisibilityCheck\TransactionalMethodVisibilityCheck.java,2,31,Non-public methods should not be @Transactional,Sonar,TransactionalMethodVisibilityCheck
1,,D:\Users\Lenovo\Desktop\PMD-main\case_test\sonar\URLHashCodeAndEqualsCheck\URLHashCodeAndEqualsCheck.java,2,9,URL.hashCode and URL.equals should be avoided,Sonar,URLHashCodeAndEqualsCheck
2,,D:\Users\Lenovo\Desktop\PMD-main\case_test\sonar\URLHashCodeAndEqualsCheck\URLHashCodeAndEqualsCheck.java,2,10,URL.hashCode and URL.equals should be avoided,Sonar,URLHashCodeAndEqualsCheck
3,,D:\Users\Lenovo\Desktop\PMD-main\case_test\sonar\URLHashCodeAndEqualsCheck\URLHashCodeAndEqualsCheck.java,2,13,URL.hashCode and URL.equals should be avoided,Sonar,URLHashCodeAndEqualsCheck
4,,D:\Users\Lenovo\Desktop\PMD-main\case_test\sonar\URLHashCodeAndEqualsCheck\URLHashCodeAndEqualsCheck.java,2,14,URL.hashCode and URL.equals should be avoided,Sonar,URLHashCodeAndEqualsCheck
1,,D:\Users\Lenovo\Desktop\PMD-main\case_test\sonar\UnusedReturnedDataCheck\UnusedReturnedDataCheck.java,1,10,read and readLine return values should be used,Sonar,UnusedReturnedDataCheck
2,,D:\Users\Lenovo\Desktop\PMD-main\case_test\sonar\UnusedReturnedDataCheck\UnusedReturnedDataCheck.java,1,11,read and readLine return values should be used,Sonar,UnusedReturnedDataCheck
3,,D:\Users\Lenovo\Desktop\PMD-main\case_test\sonar\UnusedReturnedDataCheck\UnusedReturnedDataCheck.java,1,19,read and readLine return values should be used,Sonar,UnusedReturnedDataCheck
4,,D:\Users\Lenovo\Desktop\PMD-main\case_test\sonar\UnusedReturnedDataCheck\UnusedReturnedDataCheck.java,1,24,read and readLine return values should be used,Sonar,UnusedReturnedDataCheck
5,,D:\Users\Lenovo\Desktop\PMD-main\case_test\sonar\UnusedReturnedDataCheck\UnusedReturnedDataCheck.java,1,29,read and readLine return values should be used,Sonar,UnusedReturnedDataCheck
6,,D:\Users\Lenovo\Desktop\PMD-main\case_test\sonar\UnusedReturnedDataCheck\UnusedReturnedDataCheck.java,1,35,read and readLine return values should be used,Sonar,UnusedReturnedDataCheck
7,,D:\Users\Lenovo\Desktop\PMD-main\case_test\sonar\UnusedReturnedDataCheck\UnusedReturnedDataCheck.java,1,36,read and readLine return values should be used,Sonar,UnusedReturnedDataCheck
8,,D:\Users\Lenovo\Desktop\PMD-main\case_test\sonar\UnusedReturnedDataCheck\UnusedReturnedDataCheck.java,1,38,read and readLine return values should be used,Sonar,UnusedReturnedDataCheck
9,,D:\Users\Lenovo\Desktop\PMD-main\case_test\sonar\UnusedReturnedDataCheck\UnusedReturnedDataCheck.java,1,44,read and readLine return values should be used,Sonar,UnusedReturnedDataCheck
10,,D:\Users\Lenovo\Desktop\PMD-main\case_test\sonar\UnusedReturnedDataCheck\UnusedReturnedDataCheck.java,1,50,read and readLine return values should be used,Sonar,UnusedReturnedDataCheck
11,,D:\Users\Lenovo\Desktop\PMD-main\case_test\sonar\UnusedReturnedDataCheck\UnusedReturnedDataCheck.java,1,52,read and readLine return values should be used,Sonar,UnusedReturnedDataCheck
12,,D:\Users\Lenovo\Desktop\PMD-main\case_test\sonar\UnusedReturnedDataCheck\UnusedReturnedDataCheck.java,1,55,read and readLine return values should be used,Sonar,UnusedReturnedDataCheck
13,,D:\Users\Lenovo\Desktop\PMD-main\case_test\sonar\UnusedReturnedDataCheck\UnusedReturnedDataCheck.java,1,57,read and readLine return values should be used,Sonar,UnusedReturnedDataCheck
14,,D:\Users\Lenovo\Desktop\PMD-main\case_test\sonar\UnusedReturnedDataCheck\UnusedReturnedDataCheck.java,1,62,read and readLine return values should be used,Sonar,UnusedReturnedDataCheck
15,,D:\Users\Lenovo\Desktop\PMD-main\case_test\sonar\UnusedReturnedDataCheck\UnusedReturnedDataCheck.java,1,64,read and readLine return values should be used,Sonar,UnusedReturnedDataCheck
16,,D:\Users\Lenovo\Desktop\PMD-main\case_test\sonar\UnusedReturnedDataCheck\UnusedReturnedDataCheck.java,1,68,read and readLine return values should be used,Sonar,UnusedReturnedDataCheck
17,,D:\Users\Lenovo\Desktop\PMD-main\case_test\sonar\UnusedReturnedDataCheck\UnusedReturnedDataCheck.java,1,71,read and readLine return values should be used,Sonar,UnusedReturnedDataCheck
18,,D:\Users\Lenovo\Desktop\PMD-main\case_test\sonar\UnusedReturnedDataCheck\UnusedReturnedDataCheck.java,1,72,read and readLine return values should be used,Sonar,UnusedReturnedDataCheck
19,,D:\Users\Lenovo\Desktop\PMD-main\case_test\sonar\UnusedReturnedDataCheck\UnusedReturnedDataCheck.java,1,74,read and readLine return values should be used,Sonar,UnusedReturnedDataCheck
20,,D:\Users\Lenovo\Desktop\PMD-main\case_test\sonar\UnusedReturnedDataCheck\UnusedReturnedDataCheck.java,3,76,Avoid empty if statements,Error Prone,EmptyIfStmt
21,,D:\Users\Lenovo\Desktop\PMD-main\case_test\sonar\UnusedReturnedDataCheck\UnusedReturnedDataCheck.java,1,76,read and readLine return values should be used,Sonar,UnusedReturnedDataCheck
22,,D:\Users\Lenovo\Desktop\PMD-main\case_test\sonar\UnusedReturnedDataCheck\UnusedReturnedDataCheck.java,3,78,Avoid empty if statements,Error Prone,EmptyIfStmt
23,,D:\Users\Lenovo\Desktop\PMD-main\case_test\sonar\UnusedReturnedDataCheck\UnusedReturnedDataCheck.java,1,83,read and readLine return values should be used,Sonar,UnusedReturnedDataCheck
24,,D:\Users\Lenovo\Desktop\PMD-main\case_test\sonar\UnusedReturnedDataCheck\UnusedReturnedDataCheck.java,1,85,read and readLine return values should be used,Sonar,UnusedReturnedDataCheck
25,,D:\Users\Lenovo\Desktop\PMD-main\case_test\sonar\UnusedReturnedDataCheck\UnusedReturnedDataCheck.java,1,87,read and readLine return values should be used,Sonar,UnusedReturnedDataCheck
26,,D:\Users\Lenovo\Desktop\PMD-main\case_test\sonar\UnusedReturnedDataCheck\UnusedReturnedDataCheck.java,1,91,read and readLine return values should be used,Sonar,UnusedReturnedDataCheck
27,,D:\Users\Lenovo\Desktop\PMD-main\case_test\sonar\UnusedReturnedDataCheck\UnusedReturnedDataCheck.java,1,94,read and readLine return values should be used,Sonar,UnusedReturnedDataCheck
1,,D:\Users\Lenovo\Desktop\PMD-main\case_test\sonar\UselessIncrementCheck\UselessIncrementCheck.java,2,2,public static fields should be constant,Sonar,PublicStaticFieldShouldBeFinalCheck
2,,D:\Users\Lenovo\Desktop\PMD-main\case_test\sonar\UselessIncrementCheck\UselessIncrementCheck.java,2,3,public static fields should be constant,Sonar,PublicStaticFieldShouldBeFinalCheck
3,,D:\Users\Lenovo\Desktop\PMD-main\case_test\sonar\UselessIncrementCheck\UselessIncrementCheck.java,2,13,Values should not be uselessly incremented,Sonar,UselessIncrementCheck
4,,D:\Users\Lenovo\Desktop\PMD-main\case_test\sonar\UselessIncrementCheck\UselessIncrementCheck.java,2,14,Instance methods should not write to static fields,Sonar,StaticFieldUpateCheck
5,,D:\Users\Lenovo\Desktop\PMD-main\case_test\sonar\UselessIncrementCheck\UselessIncrementCheck.java,2,14,Values should not be uselessly incremented,Sonar,UselessIncrementCheck
6,,D:\Users\Lenovo\Desktop\PMD-main\case_test\sonar\UselessIncrementCheck\UselessIncrementCheck.java,2,15,Instance methods should not write to static fields,Sonar,StaticFieldUpateCheck
7,,D:\Users\Lenovo\Desktop\PMD-main\case_test\sonar\UselessIncrementCheck\UselessIncrementCheck.java,2,16,Values should not be uselessly incremented,Sonar,UselessIncrementCheck
8,,D:\Users\Lenovo\Desktop\PMD-main\case_test\sonar\UselessIncrementCheck\UselessIncrementCheck.java,2,23,Instance methods should not write to static fields,Sonar,StaticFieldUpateCheck
1,,D:\Users\Lenovo\Desktop\PMD-main\case_test\sonar\WaitInSynchronizeCheck\WaitInSynchronizeCheck.java,1,4,Synchronization should not be based on Strings or boxed primitives,Sonar,SynchronizationOnStringOrBoxedCheck
2,,D:\Users\Lenovo\Desktop\PMD-main\case_test\sonar\WaitInSynchronizeCheck\WaitInSynchronizeCheck.java,2,20,Object.wait(...) and Condition.await(...) should be called inside a while loop,Sonar,WaitInWhileLoopCheck
3,,D:\Users\Lenovo\Desktop\PMD-main\case_test\sonar\WaitInSynchronizeCheck\WaitInSynchronizeCheck.java,2,20,"wait, notify and notifyAll should only be called when a lock is obviously held on an object",Sonar,WaitInSynchronizeCheck
4,,D:\Users\Lenovo\Desktop\PMD-main\case_test\sonar\WaitInSynchronizeCheck\WaitInSynchronizeCheck.java,2,21,"wait, notify and notifyAll should only be called when a lock is obviously held on an object",Sonar,WaitInSynchronizeCheck
5,,D:\Users\Lenovo\Desktop\PMD-main\case_test\sonar\WaitInSynchronizeCheck\WaitInSynchronizeCheck.java,2,22,"wait, notify and notifyAll should only be called when a lock is obviously held on an object",Sonar,WaitInSynchronizeCheck
6,,D:\Users\Lenovo\Desktop\PMD-main\case_test\sonar\WaitInSynchronizeCheck\WaitInSynchronizeCheck.java,2,23,"wait, notify and notifyAll should only be called when a lock is obviously held on an object",Sonar,WaitInSynchronizeCheck
7,,D:\Users\Lenovo\Desktop\PMD-main\case_test\sonar\WaitInSynchronizeCheck\WaitInSynchronizeCheck.java,2,24,"wait, notify and notifyAll should only be called when a lock is obviously held on an object",Sonar,WaitInSynchronizeCheck
8,,D:\Users\Lenovo\Desktop\PMD-main\case_test\sonar\WaitInSynchronizeCheck\WaitInSynchronizeCheck.java,2,32,"wait, notify and notifyAll should only be called when a lock is obviously held on an object",Sonar,WaitInSynchronizeCheck
1,,D:\Users\Lenovo\Desktop\PMD-main\case_test\sonar\WaitInWhileLoopCheck\WaitInWhileLoopCheck.java,2,10,Object.wait(...) and Condition.await(...) should be called inside a while loop,Sonar,WaitInWhileLoopCheck
2,,D:\Users\Lenovo\Desktop\PMD-main\case_test\sonar\WaitInWhileLoopCheck\WaitInWhileLoopCheck.java,2,11,Object.wait(...) and Condition.await(...) should be called inside a while loop,Sonar,WaitInWhileLoopCheck
1,,D:\Users\Lenovo\Desktop\PMD-main\case_test\sonar\WaitOnConditionCheck\WaitOnConditionCheck.java,1,8,Object.wait(...) should never be called on objects that implement java.util.concurrent.locks.Condition,Sonar,WaitOnConditionCheck
2,,D:\Users\Lenovo\Desktop\PMD-main\case_test\sonar\WaitOnConditionCheck\WaitOnConditionCheck.java,1,9,Object.wait(...) should never be called on objects that implement java.util.concurrent.locks.Condition,Sonar,WaitOnConditionCheck
3,,D:\Users\Lenovo\Desktop\PMD-main\case_test\sonar\WaitOnConditionCheck\WaitOnConditionCheck.java,1,10,Object.wait(...) should never be called on objects that implement java.util.concurrent.locks.Condition,Sonar,WaitOnConditionCheck
4,,D:\Users\Lenovo\Desktop\PMD-main\case_test\sonar\WaitOnConditionCheck\WaitOnConditionCheck.java,2,13,Object.wait(...) and Condition.await(...) should be called inside a while loop,Sonar,WaitInWhileLoopCheck
5,,D:\Users\Lenovo\Desktop\PMD-main\case_test\sonar\WaitOnConditionCheck\WaitOnConditionCheck.java,1,13,Object.wait(...) should never be called on objects that implement java.util.concurrent.locks.Condition,Sonar,WaitOnConditionCheck
6,,D:\Users\Lenovo\Desktop\PMD-main\case_test\sonar\WaitOnConditionCheck\WaitOnConditionCheck.java,2,13,"wait, notify and notifyAll should only be called when a lock is obviously held on an object",Sonar,WaitInSynchronizeCheck
1,net.sourceforge.pmd.lang.apex,D:\Users\Lenovo\Desktop\PMD-main\pmd-apex\src\main\java\net\sourceforge\pmd\lang\apex\ApexLanguageModule.java,2,14,Mutable fields should not be public static,Sonar,PublicStaticMutableMembersCheck
1,net.sourceforge.pmd.lang.apex.ast,D:\Users\Lenovo\Desktop\PMD-main\pmd-apex\src\main\java\net\sourceforge\pmd\lang\apex\ast\TestAccessEvaluator.java,3,59,Field hasInternalSfdc has the same name as a method,Error Prone,AvoidFieldNameMatchingMethodName
2,net.sourceforge.pmd.lang.apex.ast,D:\Users\Lenovo\Desktop\PMD-main\pmd-apex\src\main\java\net\sourceforge\pmd\lang\apex\ast\TestAccessEvaluator.java,3,60,Field isRunningTests has the same name as a method,Error Prone,AvoidFieldNameMatchingMethodName
3,net.sourceforge.pmd.lang.apex.ast,D:\Users\Lenovo\Desktop\PMD-main\pmd-apex\src\main\java\net\sourceforge\pmd\lang\apex\ast\TestAccessEvaluator.java,3,61,Field hasPrivateApi has the same name as a method,Error Prone,AvoidFieldNameMatchingMethodName
4,net.sourceforge.pmd.lang.apex.ast,D:\Users\Lenovo\Desktop\PMD-main\pmd-apex\src\main\java\net\sourceforge\pmd\lang\apex\ast\TestAccessEvaluator.java,3,62,Field isTrustedApplication has the same name as a method,Error Prone,AvoidFieldNameMatchingMethodName
5,net.sourceforge.pmd.lang.apex.ast,D:\Users\Lenovo\Desktop\PMD-main\pmd-apex\src\main\java\net\sourceforge\pmd\lang\apex\ast\TestAccessEvaluator.java,3,63,Field hasLocalizedTranslation has the same name as a method,Error Prone,AvoidFieldNameMatchingMethodName
6,net.sourceforge.pmd.lang.apex.ast,D:\Users\Lenovo\Desktop\PMD-main\pmd-apex\src\main\java\net\sourceforge\pmd\lang\apex\ast\TestAccessEvaluator.java,3,64,Field isSfdc has the same name as a method,Error Prone,AvoidFieldNameMatchingMethodName
7,net.sourceforge.pmd.lang.apex.ast,D:\Users\Lenovo\Desktop\PMD-main\pmd-apex\src\main\java\net\sourceforge\pmd\lang\apex\ast\TestAccessEvaluator.java,3,65,Field isReallyRunningTests has the same name as a method,Error Prone,AvoidFieldNameMatchingMethodName
8,net.sourceforge.pmd.lang.apex.ast,D:\Users\Lenovo\Desktop\PMD-main\pmd-apex\src\main\java\net\sourceforge\pmd\lang\apex\ast\TestAccessEvaluator.java,3,67,Field hasRemoteActionPerm has the same name as a method,Error Prone,AvoidFieldNameMatchingMethodName
9,net.sourceforge.pmd.lang.apex.ast,D:\Users\Lenovo\Desktop\PMD-main\pmd-apex\src\main\java\net\sourceforge\pmd\lang\apex\ast\TestAccessEvaluator.java,3,68,Field hasPersonAccountApiAvailable has the same name as a method,Error Prone,AvoidFieldNameMatchingMethodName
1,net.sourceforge.pmd,D:\Users\Lenovo\Desktop\PMD-main\pmd-core\src\main\java\net\sourceforge\pmd\Report.java,3,47,Field metrics has the same name as a method,Error Prone,AvoidFieldNameMatchingMethodName
2,net.sourceforge.pmd,D:\Users\Lenovo\Desktop\PMD-main\pmd-core\src\main\java\net\sourceforge\pmd\Report.java,3,49,Field errors has the same name as a method,Error Prone,AvoidFieldNameMatchingMethodName
3,net.sourceforge.pmd,D:\Users\Lenovo\Desktop\PMD-main\pmd-core\src\main\java\net\sourceforge\pmd\Report.java,3,50,Field configErrors has the same name as a method,Error Prone,AvoidFieldNameMatchingMethodName
4,net.sourceforge.pmd,D:\Users\Lenovo\Desktop\PMD-main\pmd-core\src\main\java\net\sourceforge\pmd\Report.java,3,52,Field start has the same name as a method,Error Prone,AvoidFieldNameMatchingMethodName
5,net.sourceforge.pmd,D:\Users\Lenovo\Desktop\PMD-main\pmd-core\src\main\java\net\sourceforge\pmd\Report.java,3,53,Field end has the same name as a method,Error Prone,AvoidFieldNameMatchingMethodName
6,net.sourceforge.pmd,D:\Users\Lenovo\Desktop\PMD-main\pmd-core\src\main\java\net\sourceforge\pmd\Report.java,3,108,Field rule has the same name as a method,Error Prone,AvoidFieldNameMatchingMethodName
7,net.sourceforge.pmd,D:\Users\Lenovo\Desktop\PMD-main\pmd-core\src\main\java\net\sourceforge\pmd\Report.java,3,109,Field issue has the same name as a method,Error Prone,AvoidFieldNameMatchingMethodName
1,net.sourceforge.pmd,D:\Users\Lenovo\Desktop\PMD-main\pmd-core\src\main\java\net\sourceforge\pmd\RuleSet.java,2,135,Avoid comparing class names directly. Use instanceof or Class.isAssignableFrom() instead.,Sonar,ClassComparedByNameCheck
2,net.sourceforge.pmd,D:\Users\Lenovo\Desktop\PMD-main\pmd-core\src\main\java\net\sourceforge\pmd\RuleSet.java,2,162,Avoid comparing class names directly. Use instanceof or Class.isAssignableFrom() instead.,Sonar,ClassComparedByNameCheck
3,net.sourceforge.pmd,D:\Users\Lenovo\Desktop\PMD-main\pmd-core\src\main\java\net\sourceforge\pmd\RuleSet.java,2,193,Avoid comparing class names directly. Use instanceof or Class.isAssignableFrom() instead.,Sonar,ClassComparedByNameCheck
4,net.sourceforge.pmd,D:\Users\Lenovo\Desktop\PMD-main\pmd-core\src\main\java\net\sourceforge\pmd\RuleSet.java,2,304,Collection methods with O(n) performance should be used carefully,Sonar,CollectionMethodsWithLinearComplexityCheck
5,net.sourceforge.pmd,D:\Users\Lenovo\Desktop\PMD-main\pmd-core\src\main\java\net\sourceforge\pmd\RuleSet.java,2,372,Collection methods with O(n) performance should be used carefully,Sonar,CollectionMethodsWithLinearComplexityCheck
6,net.sourceforge.pmd,D:\Users\Lenovo\Desktop\PMD-main\pmd-core\src\main\java\net\sourceforge\pmd\RuleSet.java,2,571,Avoid comparing class names directly. Use instanceof or Class.isAssignableFrom() instead.,Sonar,ClassComparedByNameCheck
1,net.sourceforge.pmd,D:\Users\Lenovo\Desktop\PMD-main\pmd-core\src\main\java\net\sourceforge\pmd\RuleSetFactory.java,3,384,Avoid printStackTrace(); use a logger call instead.,Best Practices,AvoidPrintStackTrace
2,net.sourceforge.pmd,D:\Users\Lenovo\Desktop\PMD-main\pmd-core\src\main\java\net\sourceforge\pmd\RuleSetFactory.java,3,387,Avoid printStackTrace(); use a logger call instead.,Best Practices,AvoidPrintStackTrace
1,net.sourceforge.pmd.ant.internal,D:\Users\Lenovo\Desktop\PMD-main\pmd-core\src\main\java\net\sourceforge\pmd\ant\internal\PMDTaskImpl.java,1,172,.equals() should not be used to test the values of Atomic classes,Sonar,EqualsOnAtomicClassCheck
2,net.sourceforge.pmd.ant.internal,D:\Users\Lenovo\Desktop\PMD-main\pmd-core\src\main\java\net\sourceforge\pmd\ant\internal\PMDTaskImpl.java,2,236,Use a logger to log this exception.,Sonar,PrintStackTraceCalledWithoutArgumentCheck
3,net.sourceforge.pmd.ant.internal,D:\Users\Lenovo\Desktop\PMD-main\pmd-core\src\main\java\net\sourceforge\pmd\ant\internal\PMDTaskImpl.java,3,238,Avoid printStackTrace(); use a logger call instead.,Best Practices,AvoidPrintStackTrace
1,net.sourceforge.pmd.cli,D:\Users\Lenovo\Desktop\PMD-main\pmd-core\src\main\java\net\sourceforge\pmd\cli\PMDCommandLineInterface.java,2,170,Exit methods should not be called,Sonar,SystemExitCalledCheck
1,net.sourceforge.pmd.cpd,D:\Users\Lenovo\Desktop\PMD-main\pmd-core\src\main\java\net\sourceforge\pmd\cpd\AnyTokenizer.java,3,39,Avoid printStackTrace(); use a logger call instead.,Best Practices,AvoidPrintStackTrace
1,net.sourceforge.pmd.cpd,D:\Users\Lenovo\Desktop\PMD-main\pmd-core\src\main\java\net\sourceforge\pmd\cpd\CPDCommandLineInterface.java,2,41,Exit methods should not be called,Sonar,SystemExitCalledCheck
2,net.sourceforge.pmd.cpd,D:\Users\Lenovo\Desktop\PMD-main\pmd-core\src\main\java\net\sourceforge\pmd\cpd\CPDCommandLineInterface.java,3,105,Avoid printStackTrace(); use a logger call instead.,Best Practices,AvoidPrintStackTrace
1,net.sourceforge.pmd.cpd,D:\Users\Lenovo\Desktop\PMD-main\pmd-core\src\main\java\net\sourceforge\pmd\cpd\CPDTask.java,3,102,Avoid printStackTrace(); use a logger call instead.,Best Practices,AvoidPrintStackTrace
1,net.sourceforge.pmd.cpd,D:\Users\Lenovo\Desktop\PMD-main\pmd-core\src\main\java\net\sourceforge\pmd\cpd\GUI.java,3,186,Field label has the same name as a method,Error Prone,AvoidFieldNameMatchingMethodName
2,net.sourceforge.pmd.cpd,D:\Users\Lenovo\Desktop\PMD-main\pmd-core\src\main\java\net\sourceforge\pmd\cpd\GUI.java,3,187,Field alignment has the same name as a method,Error Prone,AvoidFieldNameMatchingMethodName
3,net.sourceforge.pmd.cpd,D:\Users\Lenovo\Desktop\PMD-main\pmd-core\src\main\java\net\sourceforge\pmd\cpd\GUI.java,3,188,Field width has the same name as a method,Error Prone,AvoidFieldNameMatchingMethodName
4,net.sourceforge.pmd.cpd,D:\Users\Lenovo\Desktop\PMD-main\pmd-core\src\main\java\net\sourceforge\pmd\cpd\GUI.java,3,189,Field sorter has the same name as a method,Error Prone,AvoidFieldNameMatchingMethodName
5,net.sourceforge.pmd.cpd,D:\Users\Lenovo\Desktop\PMD-main\pmd-core\src\main\java\net\sourceforge\pmd\cpd\GUI.java,2,233,Exit methods should not be called,Sonar,SystemExitCalledCheck
6,net.sourceforge.pmd.cpd,D:\Users\Lenovo\Desktop\PMD-main\pmd-core\src\main\java\net\sourceforge\pmd\cpd\GUI.java,3,286,Avoid printStackTrace(); use a logger call instead.,Best Practices,AvoidPrintStackTrace
7,net.sourceforge.pmd.cpd,D:\Users\Lenovo\Desktop\PMD-main\pmd-core\src\main\java\net\sourceforge\pmd\cpd\GUI.java,2,563,Collection methods with O(n) performance should be used carefully,Sonar,CollectionMethodsWithLinearComplexityCheck
8,net.sourceforge.pmd.cpd,D:\Users\Lenovo\Desktop\PMD-main\pmd-core\src\main\java\net\sourceforge\pmd\cpd\GUI.java,3,710,Avoid printStackTrace(); use a logger call instead.,Best Practices,AvoidPrintStackTrace
9,net.sourceforge.pmd.cpd,D:\Users\Lenovo\Desktop\PMD-main\pmd-core\src\main\java\net\sourceforge\pmd\cpd\GUI.java,3,763,Field sortColumn has the same name as a method,Error Prone,AvoidFieldNameMatchingMethodName
10,net.sourceforge.pmd.cpd,D:\Users\Lenovo\Desktop\PMD-main\pmd-core\src\main\java\net\sourceforge\pmd\cpd\GUI.java,3,764,Field sortDescending has the same name as a method,Error Prone,AvoidFieldNameMatchingMethodName
1,net.sourceforge.pmd.cpd,D:\Users\Lenovo\Desktop\PMD-main\pmd-core\src\main\java\net\sourceforge\pmd\cpd\LanguageFactory.java,2,26,public static fields should be constant,Sonar,PublicStaticFieldShouldBeFinalCheck
2,net.sourceforge.pmd.cpd,D:\Users\Lenovo\Desktop\PMD-main\pmd-core\src\main\java\net\sourceforge\pmd\cpd\LanguageFactory.java,2,29,Mutable fields should not be public static,Sonar,PublicStaticMutableMembersCheck
1,net.sourceforge.pmd.cpd,D:\Users\Lenovo\Desktop\PMD-main\pmd-core\src\main\java\net\sourceforge\pmd\cpd\MatchAlgorithm.java,3,20,Field matches has the same name as a method,Error Prone,AvoidFieldNameMatchingMethodName
1,net.sourceforge.pmd.cpd,D:\Users\Lenovo\Desktop\PMD-main\pmd-core\src\main\java\net\sourceforge\pmd\cpd\SourceCode.java,3,63,Avoid printStackTrace(); use a logger call instead.,Best Practices,AvoidPrintStackTrace
2,net.sourceforge.pmd.cpd,D:\Users\Lenovo\Desktop\PMD-main\pmd-core\src\main\java\net\sourceforge\pmd\cpd\SourceCode.java,3,88,Avoid printStackTrace(); use a logger call instead.,Best Practices,AvoidPrintStackTrace
1,net.sourceforge.pmd.cpd,D:\Users\Lenovo\Desktop\PMD-main\pmd-core\src\main\java\net\sourceforge\pmd\cpd\TokenEntry.java,3,21,Field hashCode has the same name as a method,Error Prone,AvoidFieldNameMatchingMethodName
1,net.sourceforge.pmd.dcd,D:\Users\Lenovo\Desktop\PMD-main\pmd-core\src\main\java\net\sourceforge\pmd\dcd\UsageNodeVisitor.java,2,146,Avoid comparing class names directly. Use instanceof or Class.isAssignableFrom() instead.,Sonar,ClassComparedByNameCheck
1,net.sourceforge.pmd.dcd.graph,D:\Users\Lenovo\Desktop\PMD-main\pmd-core\src\main\java\net\sourceforge\pmd\dcd\graph\MemberNode.java,2,91,equals method overrides should accept Object parameters,Sonar,MethodNamedEqualsCheck
1,net.sourceforge.pmd.dcd.graph,D:\Users\Lenovo\Desktop\PMD-main\pmd-core\src\main\java\net\sourceforge\pmd\dcd\graph\UsageGraphBuilder.java,3,37,Field INDEX has the same name as a method,Error Prone,AvoidFieldNameMatchingMethodName
1,net.sourceforge.pmd.lang.ast.xpath,D:\Users\Lenovo\Desktop\PMD-main\pmd-core\src\main\java\net\sourceforge\pmd\lang\ast\xpath\Attribute.java,3,82,Avoid printStackTrace(); use a logger call instead.,Best Practices,AvoidPrintStackTrace
1,net.sourceforge.pmd.lang.dfa.pathfinder,D:\Users\Lenovo\Desktop\PMD-main\pmd-core\src\main\java\net\sourceforge\pmd\lang\dfa\pathfinder\CurrentPath.java,2,36,Collection methods with O(n) performance should be used carefully,Sonar,CollectionMethodsWithLinearComplexityCheck
1,net.sourceforge.pmd.lang.rule,D:\Users\Lenovo\Desktop\PMD-main\pmd-core\src\main\java\net\sourceforge\pmd\lang\rule\AbstractRule.java,3,41,Field usesDFA has the same name as a method,Error Prone,AvoidFieldNameMatchingMethodName
2,net.sourceforge.pmd.lang.rule,D:\Users\Lenovo\Desktop\PMD-main\pmd-core\src\main\java\net\sourceforge\pmd\lang\rule\AbstractRule.java,3,42,Field usesTypeResolution has the same name as a method,Error Prone,AvoidFieldNameMatchingMethodName
3,net.sourceforge.pmd.lang.rule,D:\Users\Lenovo\Desktop\PMD-main\pmd-core\src\main\java\net\sourceforge\pmd\lang\rule\AbstractRule.java,3,43,Field usesMultifile has the same name as a method,Error Prone,AvoidFieldNameMatchingMethodName
4,net.sourceforge.pmd.lang.rule,D:\Users\Lenovo\Desktop\PMD-main\pmd-core\src\main\java\net\sourceforge\pmd\lang\rule\AbstractRule.java,2,328,Collection methods with O(n) performance should be used carefully,Sonar,CollectionMethodsWithLinearComplexityCheck
5,net.sourceforge.pmd.lang.rule,D:\Users\Lenovo\Desktop\PMD-main\pmd-core\src\main\java\net\sourceforge\pmd\lang\rule\AbstractRule.java,2,426,Avoid comparing class names directly. Use instanceof or Class.isAssignableFrom() instead.,Sonar,ClassComparedByNameCheck
1,net.sourceforge.pmd.properties,D:\Users\Lenovo\Desktop\PMD-main\pmd-core\src\main\java\net\sourceforge\pmd\properties\AbstractMultiValueProperty.java,3,32,Field defaultValue has the same name as a method,Error Prone,AvoidFieldNameMatchingMethodName
2,net.sourceforge.pmd.properties,D:\Users\Lenovo\Desktop\PMD-main\pmd-core\src\main\java\net\sourceforge\pmd\properties\AbstractMultiValueProperty.java,3,33,Field multiValueDelimiter has the same name as a method,Error Prone,AvoidFieldNameMatchingMethodName
1,net.sourceforge.pmd.properties,D:\Users\Lenovo\Desktop\PMD-main\pmd-core\src\main\java\net\sourceforge\pmd\properties\AbstractProperty.java,3,29,Field name has the same name as a method,Error Prone,AvoidFieldNameMatchingMethodName
2,net.sourceforge.pmd.properties,D:\Users\Lenovo\Desktop\PMD-main\pmd-core\src\main\java\net\sourceforge\pmd\properties\AbstractProperty.java,3,30,Field description has the same name as a method,Error Prone,AvoidFieldNameMatchingMethodName
3,net.sourceforge.pmd.properties,D:\Users\Lenovo\Desktop\PMD-main\pmd-core\src\main\java\net\sourceforge\pmd\properties\AbstractProperty.java,3,31,Field uiOrder has the same name as a method,Error Prone,AvoidFieldNameMatchingMethodName
4,net.sourceforge.pmd.properties,D:\Users\Lenovo\Desktop\PMD-main\pmd-core\src\main\java\net\sourceforge\pmd\properties\AbstractProperty.java,3,32,Field isDefinedExternally has the same name as a method,Error Prone,AvoidFieldNameMatchingMethodName
1,net.sourceforge.pmd.properties,D:\Users\Lenovo\Desktop\PMD-main\pmd-core\src\main\java\net\sourceforge\pmd\properties\AbstractPropertySource.java,2,120,Collection methods with O(n) performance should be used carefully,Sonar,CollectionMethodsWithLinearComplexityCheck
1,net.sourceforge.pmd.properties,D:\Users\Lenovo\Desktop\PMD-main\pmd-core\src\main\java\net\sourceforge\pmd\properties\AbstractSingleValueProperty.java,3,22,Field defaultValue has the same name as a method,Error Prone,AvoidFieldNameMatchingMethodName
1,net.sourceforge.pmd.properties,D:\Users\Lenovo\Desktop\PMD-main\pmd-core\src\main\java\net\sourceforge\pmd\properties\EnumeratedMultiProperty.java,3,178,Field mappings has the same name as a method,Error Prone,AvoidFieldNameMatchingMethodName
1,net.sourceforge.pmd.properties,D:\Users\Lenovo\Desktop\PMD-main\pmd-core\src\main\java\net\sourceforge\pmd\properties\EnumeratedProperty.java,3,152,Field mappings has the same name as a method,Error Prone,AvoidFieldNameMatchingMethodName
1,net.sourceforge.pmd.properties,D:\Users\Lenovo\Desktop\PMD-main\pmd-core\src\main\java\net\sourceforge\pmd\properties\GenericMultiValuePropertyDescriptor.java,3,28,Field type has the same name as a method,Error Prone,AvoidFieldNameMatchingMethodName
1,net.sourceforge.pmd.properties,D:\Users\Lenovo\Desktop\PMD-main\pmd-core\src\main\java\net\sourceforge\pmd\properties\GenericPropertyDescriptor.java,3,22,Field type has the same name as a method,Error Prone,AvoidFieldNameMatchingMethodName
1,net.sourceforge.pmd.properties,D:\Users\Lenovo\Desktop\PMD-main\pmd-core\src\main\java\net\sourceforge\pmd\properties\PropertyBuilder.java,3,60,Field defaultValue has the same name as a method,Error Prone,AvoidFieldNameMatchingMethodName
1,net.sourceforge.pmd.properties.builders,D:\Users\Lenovo\Desktop\PMD-main\pmd-core\src\main\java\net\sourceforge\pmd\properties\builders\MultiValuePropertyBuilder.java,3,26,Field defaultValues has the same name as a method,Error Prone,AvoidFieldNameMatchingMethodName
1,net.sourceforge.pmd.properties.builders,D:\Users\Lenovo\Desktop\PMD-main\pmd-core\src\main\java\net\sourceforge\pmd\properties\builders\PropertyDescriptorBuilder.java,3,31,Field uiOrder has the same name as a method,Error Prone,AvoidFieldNameMatchingMethodName
1,net.sourceforge.pmd.properties.builders,D:\Users\Lenovo\Desktop\PMD-main\pmd-core\src\main\java\net\sourceforge\pmd\properties\builders\PropertyDescriptorBuilderConversionWrapper.java,3,37,Field valueType has the same name as a method,Error Prone,AvoidFieldNameMatchingMethodName
1,net.sourceforge.pmd.properties.builders,D:\Users\Lenovo\Desktop\PMD-main\pmd-core\src\main\java\net\sourceforge\pmd\properties\builders\SinglePackagedPropertyBuilder.java,3,20,Field legalPackageNames has the same name as a method,Error Prone,AvoidFieldNameMatchingMethodName
1,net.sourceforge.pmd.properties.builders,D:\Users\Lenovo\Desktop\PMD-main\pmd-core\src\main\java\net\sourceforge\pmd\properties\builders\SingleValuePropertyBuilder.java,3,18,Field defaultValue has the same name as a method,Error Prone,AvoidFieldNameMatchingMethodName
1,net.sourceforge.pmd.properties.modules,D:\Users\Lenovo\Desktop\PMD-main\pmd-core\src\main\java\net\sourceforge\pmd\properties\modules\MethodPropertyModule.java,2,24,Mutable fields should not be public static,Sonar,PublicStaticMutableMembersCheck
1,net.sourceforge.pmd.properties.modules,D:\Users\Lenovo\Desktop\PMD-main\pmd-core\src\main\java\net\sourceforge\pmd\properties\modules\PackagedPropertyModule.java,3,32,Field legalPackageNames has the same name as a method,Error Prone,AvoidFieldNameMatchingMethodName
1,net.sourceforge.pmd.renderers,D:\Users\Lenovo\Desktop\PMD-main\pmd-core\src\main\java\net\sourceforge\pmd\renderers\AbstractIncrementingRenderer.java,2,53,Mutable fields should not be public static,Sonar,PublicStaticMutableMembersCheck
2,net.sourceforge.pmd.renderers,D:\Users\Lenovo\Desktop\PMD-main\pmd-core\src\main\java\net\sourceforge\pmd\renderers\AbstractIncrementingRenderer.java,2,53,public static fields should be constant,Sonar,PublicStaticFieldShouldBeFinalCheck
3,net.sourceforge.pmd.renderers,D:\Users\Lenovo\Desktop\PMD-main\pmd-core\src\main\java\net\sourceforge\pmd\renderers\AbstractIncrementingRenderer.java,3,106,Ensure that resources like this Connection object are closed after use,Error Prone,CloseResource
1,net.sourceforge.pmd.renderers,D:\Users\Lenovo\Desktop\PMD-main\pmd-core\src\main\java\net\sourceforge\pmd\renderers\CSVRenderer.java,3,34,Field csvWriter has the same name as a method,Error Prone,AvoidFieldNameMatchingMethodName
1,net.sourceforge.pmd.renderers,D:\Users\Lenovo\Desktop\PMD-main\pmd-core\src\main\java\net\sourceforge\pmd\renderers\CodeClimateRenderer.java,2,35,Mutable fields should not be public static,Sonar,PublicStaticMutableMembersCheck
1,net.sourceforge.pmd.renderers,D:\Users\Lenovo\Desktop\PMD-main\pmd-core\src\main\java\net\sourceforge\pmd\renderers\RendererFactory.java,2,46,Mutable fields should not be public static,Sonar,PublicStaticMutableMembersCheck
1,net.sourceforge.pmd.renderers,D:\Users\Lenovo\Desktop\PMD-main\pmd-core\src\main\java\net\sourceforge\pmd\renderers\S3FileUploader.java,3,59,Avoid printStackTrace(); use a logger call instead.,Best Practices,AvoidPrintStackTrace
2,net.sourceforge.pmd.renderers,D:\Users\Lenovo\Desktop\PMD-main\pmd-core\src\main\java\net\sourceforge\pmd\renderers\S3FileUploader.java,3,72,Avoid printStackTrace(); use a logger call instead.,Best Practices,AvoidPrintStackTrace
3,net.sourceforge.pmd.renderers,D:\Users\Lenovo\Desktop\PMD-main\pmd-core\src\main\java\net\sourceforge\pmd\renderers\S3FileUploader.java,3,89,Avoid printStackTrace(); use a logger call instead.,Best Practices,AvoidPrintStackTrace
1,net.sourceforge.pmd.renderers,D:\Users\Lenovo\Desktop\PMD-main\pmd-core\src\main\java\net\sourceforge\pmd\renderers\TextColorRenderer.java,3,200,Avoid printStackTrace(); use a logger call instead.,Best Practices,AvoidPrintStackTrace
1,net.sourceforge.pmd.renderers,D:\Users\Lenovo\Desktop\PMD-main\pmd-core\src\main\java\net\sourceforge\pmd\renderers\XSLTRenderer.java,3,108,Avoid printStackTrace(); use a logger call instead.,Best Practices,AvoidPrintStackTrace
2,net.sourceforge.pmd.renderers,D:\Users\Lenovo\Desktop\PMD-main\pmd-core\src\main\java\net\sourceforge\pmd\renderers\XSLTRenderer.java,3,138,Avoid printStackTrace(); use a logger call instead.,Best Practices,AvoidPrintStackTrace
3,net.sourceforge.pmd.renderers,D:\Users\Lenovo\Desktop\PMD-main\pmd-core\src\main\java\net\sourceforge\pmd\renderers\XSLTRenderer.java,3,147,Avoid printStackTrace(); use a logger call instead.,Best Practices,AvoidPrintStackTrace
1,net.sourceforge.pmd.renderers.util,D:\Users\Lenovo\Desktop\PMD-main\pmd-core\src\main\java\net\sourceforge\pmd\renderers\util\ScriptRunner.java,3,156,Avoid empty if statements,Error Prone,EmptyIfStmt
2,net.sourceforge.pmd.renderers.util,D:\Users\Lenovo\Desktop\PMD-main\pmd-core\src\main\java\net\sourceforge\pmd\renderers\util\ScriptRunner.java,3,163,Avoid empty if statements,Error Prone,EmptyIfStmt
3,net.sourceforge.pmd.renderers.util,D:\Users\Lenovo\Desktop\PMD-main\pmd-core\src\main\java\net\sourceforge\pmd\renderers\util\ScriptRunner.java,3,218,Ensure that resources like this Statement object are closed after use,Error Prone,CloseResource
4,net.sourceforge.pmd.renderers.util,D:\Users\Lenovo\Desktop\PMD-main\pmd-core\src\main\java\net\sourceforge\pmd\renderers\util\ScriptRunner.java,3,239,Ensure that resources like this ResultSet object are closed after use,Error Prone,CloseResource
1,net.sourceforge.pmd.rules,D:\Users\Lenovo\Desktop\PMD-main\pmd-core\src\main\java\net\sourceforge\pmd\rules\RuleBuilder.java,3,34,Field language has the same name as a method,Error Prone,AvoidFieldNameMatchingMethodName
2,net.sourceforge.pmd.rules,D:\Users\Lenovo\Desktop\PMD-main\pmd-core\src\main\java\net\sourceforge\pmd\rules\RuleBuilder.java,3,37,Field since has the same name as a method,Error Prone,AvoidFieldNameMatchingMethodName
3,net.sourceforge.pmd.rules,D:\Users\Lenovo\Desktop\PMD-main\pmd-core\src\main\java\net\sourceforge\pmd\rules\RuleBuilder.java,3,38,Field message has the same name as a method,Error Prone,AvoidFieldNameMatchingMethodName
4,net.sourceforge.pmd.rules,D:\Users\Lenovo\Desktop\PMD-main\pmd-core\src\main\java\net\sourceforge\pmd\rules\RuleBuilder.java,3,39,Field externalInfoUrl has the same name as a method,Error Prone,AvoidFieldNameMatchingMethodName
5,net.sourceforge.pmd.rules,D:\Users\Lenovo\Desktop\PMD-main\pmd-core\src\main\java\net\sourceforge\pmd\rules\RuleBuilder.java,3,40,Field description has the same name as a method,Error Prone,AvoidFieldNameMatchingMethodName
6,net.sourceforge.pmd.rules,D:\Users\Lenovo\Desktop\PMD-main\pmd-core\src\main\java\net\sourceforge\pmd\rules\RuleBuilder.java,3,42,Field priority has the same name as a method,Error Prone,AvoidFieldNameMatchingMethodName
1,net.sourceforge.pmd.util,D:\Users\Lenovo\Desktop\PMD-main\pmd-core\src\main\java\net\sourceforge\pmd\util\CollectionUtil.java,2,363,Inappropriate Collection calls should not be made,Sonar,CollectionInappropriateCallsCheck
1,net.sourceforge.pmd.util,D:\Users\Lenovo\Desktop\PMD-main\pmd-core\src\main\java\net\sourceforge\pmd\util\EmptyIterator.java,3,19,Field INSTANCE has the same name as a method,Error Prone,AvoidFieldNameMatchingMethodName
1,net.sourceforge.pmd.util,D:\Users\Lenovo\Desktop\PMD-main\pmd-core\src\main\java\net\sourceforge\pmd\util\FileIterable.java,2,37,The Object.finalize() method should not be overriden,Sonar,ObjectFinalizeOverridenCheck
2,net.sourceforge.pmd.util,D:\Users\Lenovo\Desktop\PMD-main\pmd-core\src\main\java\net\sourceforge\pmd\util\FileIterable.java,3,55,Field hasNext has the same name as a method,Error Prone,AvoidFieldNameMatchingMethodName
1,net.sourceforge.pmd.util,D:\Users\Lenovo\Desktop\PMD-main\pmd-core\src\main\java\net\sourceforge\pmd\util\ResourceLoader.java,3,27,Avoid printStackTrace(); use a logger call instead.,Best Practices,AvoidPrintStackTrace
1,net.sourceforge.pmd.util.database,D:\Users\Lenovo\Desktop\PMD-main\pmd-core\src\main\java\net\sourceforge\pmd\util\database\DBType.java,3,205,Avoid printStackTrace(); use a logger call instead.,Best Practices,AvoidPrintStackTrace
2,net.sourceforge.pmd.util.database,D:\Users\Lenovo\Desktop\PMD-main\pmd-core\src\main\java\net\sourceforge\pmd\util\database\DBType.java,3,206,Avoid printStackTrace(); use a logger call instead.,Best Practices,AvoidPrintStackTrace
1,net.sourceforge.pmd.util.datasource,D:\Users\Lenovo\Desktop\PMD-main\pmd-core\src\main\java\net\sourceforge\pmd\util\datasource\ZipDataSource.java,2,77,Avoid comparing class names directly. Use instanceof or Class.isAssignableFrom() instead.,Sonar,ClassComparedByNameCheck
2,net.sourceforge.pmd.util.datasource,D:\Users\Lenovo\Desktop\PMD-main\pmd-core\src\main\java\net\sourceforge\pmd\util\datasource\ZipDataSource.java,2,84,Avoid comparing class names directly. Use instanceof or Class.isAssignableFrom() instead.,Sonar,ClassComparedByNameCheck
1,net.sourceforge.pmd.util.designer,D:\Users\Lenovo\Desktop\PMD-main\pmd-core\src\main\java\net\sourceforge\pmd\util\designer\Designer.java,3,579,Avoid printStackTrace(); use a logger call instead.,Best Practices,AvoidPrintStackTrace
2,net.sourceforge.pmd.util.designer,D:\Users\Lenovo\Desktop\PMD-main\pmd-core\src\main\java\net\sourceforge\pmd\util\designer\Designer.java,3,955,Avoid printStackTrace(); use a logger call instead.,Best Practices,AvoidPrintStackTrace
3,net.sourceforge.pmd.util.designer,D:\Users\Lenovo\Desktop\PMD-main\pmd-core\src\main\java\net\sourceforge\pmd\util\designer\Designer.java,3,1019,Avoid printStackTrace(); use a logger call instead.,Best Practices,AvoidPrintStackTrace
4,net.sourceforge.pmd.util.designer,D:\Users\Lenovo\Desktop\PMD-main\pmd-core\src\main\java\net\sourceforge\pmd\util\designer\Designer.java,3,1057,Avoid printStackTrace(); use a logger call instead.,Best Practices,AvoidPrintStackTrace
1,net.sourceforge.pmd.util.filter,D:\Users\Lenovo\Desktop\PMD-main\pmd-core\src\main\java\net\sourceforge\pmd\util\filter\AbstractDelegateFilter.java,3,15,Field filter has the same name as a method,Error Prone,AvoidFieldNameMatchingMethodName
1,net.sourceforge.pmd.util.log,D:\Users\Lenovo\Desktop\PMD-main\pmd-core\src\main\java\net\sourceforge\pmd\util\log\AntLogHandler.java,2,58,Avoid comparing class names directly. Use instanceof or Class.isAssignableFrom() instead.,Sonar,ClassComparedByNameCheck
1,net.sourceforge.pmd.util.viewer.model,D:\Users\Lenovo\Desktop\PMD-main\pmd-core\src\main\java\net\sourceforge\pmd\util\viewer\model\ASTModel.java,2,105,Collection methods with O(n) performance should be used carefully,Sonar,CollectionMethodsWithLinearComplexityCheck
1,net.sourceforge.pmd.util.viewer.model,D:\Users\Lenovo\Desktop\PMD-main\pmd-core\src\main\java\net\sourceforge\pmd\util\viewer\model\SimpleNodeTreeNodeAdapter.java,3,25,Field children has the same name as a method,Error Prone,AvoidFieldNameMatchingMethodName
1,net.sourceforge.pmd.util.viewer.model,D:\Users\Lenovo\Desktop\PMD-main\pmd-core\src\main\java\net\sourceforge\pmd\util\viewer\model\ViewerModel.java,2,133,Collection methods with O(n) performance should be used carefully,Sonar,CollectionMethodsWithLinearComplexityCheck
1,net.sourceforge.pmd,D:\Users\Lenovo\Desktop\PMD-main\pmd-core\src\test\java\net\sourceforge\pmd\RuleSetSchemaTest.java,2,110,Non-thread-safe fields should not be static,Sonar,StaticMultithreadedUnsafeFieldsCheck
1,net.sourceforge.pmd,D:\Users\Lenovo\Desktop\PMD-main\pmd-core\src\test\java\net\sourceforge\pmd\RuleSetTest.java,2,198,Identical expressions should not be used on both sides of a binary operator,Sonar,IdenticalOperandOnBinaryExpressionCheck
1,net.sourceforge.pmd.cpd,D:\Users\Lenovo\Desktop\PMD-main\pmd-core\src\test\java\net\sourceforge\pmd\cpd\XMLRendererTest.java,3,50,Avoid printStackTrace(); use a logger call instead.,Best Practices,AvoidPrintStackTrace
2,net.sourceforge.pmd.cpd,D:\Users\Lenovo\Desktop\PMD-main\pmd-core\src\test\java\net\sourceforge\pmd\cpd\XMLRendererTest.java,3,92,Avoid printStackTrace(); use a logger call instead.,Best Practices,AvoidPrintStackTrace
3,net.sourceforge.pmd.cpd,D:\Users\Lenovo\Desktop\PMD-main\pmd-core\src\test\java\net\sourceforge\pmd\cpd\XMLRendererTest.java,3,124,Avoid printStackTrace(); use a logger call instead.,Best Practices,AvoidPrintStackTrace
1,net.sourceforge.pmd.processor,D:\Users\Lenovo\Desktop\PMD-main\pmd-core\src\test\java\net\sourceforge\pmd\processor\MultiThreadProcessorTest.java,2,109,public static fields should be constant,Sonar,PublicStaticFieldShouldBeFinalCheck
1,net.sourceforge.pmd.properties,D:\Users\Lenovo\Desktop\PMD-main\pmd-core\src\test\java\net\sourceforge\pmd\properties\BooleanPropertyTest.java,2,43,Null should not be returned from a Boolean method,Sonar,BooleanMethodReturnCheck
1,net.sourceforge.pmd.properties,D:\Users\Lenovo\Desktop\PMD-main\pmd-core\src\test\java\net\sourceforge\pmd\properties\DoublePropertyTest.java,3,20,Field MIN has the same name as a method,Error Prone,AvoidFieldNameMatchingMethodName
2,net.sourceforge.pmd.properties,D:\Users\Lenovo\Desktop\PMD-main\pmd-core\src\test\java\net\sourceforge\pmd\properties\DoublePropertyTest.java,3,21,Field MAX has the same name as a method,Error Prone,AvoidFieldNameMatchingMethodName
1,net.sourceforge.pmd.properties,D:\Users\Lenovo\Desktop\PMD-main\pmd-core\src\test\java\net\sourceforge\pmd\properties\FloatPropertyTest.java,3,20,Field MIN has the same name as a method,Error Prone,AvoidFieldNameMatchingMethodName
2,net.sourceforge.pmd.properties,D:\Users\Lenovo\Desktop\PMD-main\pmd-core\src\test\java\net\sourceforge\pmd\properties\FloatPropertyTest.java,3,21,Field MAX has the same name as a method,Error Prone,AvoidFieldNameMatchingMethodName
1,net.sourceforge.pmd.properties,D:\Users\Lenovo\Desktop\PMD-main\pmd-core\src\test\java\net\sourceforge\pmd\properties\IntegerPropertyTest.java,3,21,Field MIN has the same name as a method,Error Prone,AvoidFieldNameMatchingMethodName
2,net.sourceforge.pmd.properties,D:\Users\Lenovo\Desktop\PMD-main\pmd-core\src\test\java\net\sourceforge\pmd\properties\IntegerPropertyTest.java,3,22,Field MAX has the same name as a method,Error Prone,AvoidFieldNameMatchingMethodName
1,net.sourceforge.pmd.properties,D:\Users\Lenovo\Desktop\PMD-main\pmd-core\src\test\java\net\sourceforge\pmd\properties\LongPropertyTest.java,3,16,Field MIN has the same name as a method,Error Prone,AvoidFieldNameMatchingMethodName
2,net.sourceforge.pmd.properties,D:\Users\Lenovo\Desktop\PMD-main\pmd-core\src\test\java\net\sourceforge\pmd\properties\LongPropertyTest.java,3,17,Field MAX has the same name as a method,Error Prone,AvoidFieldNameMatchingMethodName
1,net.sourceforge.pmd.util.database,D:\Users\Lenovo\Desktop\PMD-main\pmd-core\src\test\java\net\sourceforge\pmd\util\database\DBMSMetadataTest.java,3,129,Ensure that resources like this Connection object are closed after use,Error Prone,CloseResource
2,net.sourceforge.pmd.util.database,D:\Users\Lenovo\Desktop\PMD-main\pmd-core\src\test\java\net\sourceforge\pmd\util\database\DBMSMetadataTest.java,3,131,Ensure that resources like this Connection object are closed after use,Error Prone,CloseResource
3,net.sourceforge.pmd.util.database,D:\Users\Lenovo\Desktop\PMD-main\pmd-core\src\test\java\net\sourceforge\pmd\util\database\DBMSMetadataTest.java,3,152,Ensure that resources like this Connection object are closed after use,Error Prone,CloseResource
4,net.sourceforge.pmd.util.database,D:\Users\Lenovo\Desktop\PMD-main\pmd-core\src\test\java\net\sourceforge\pmd\util\database\DBMSMetadataTest.java,3,154,Ensure that resources like this Connection object are closed after use,Error Prone,CloseResource
5,net.sourceforge.pmd.util.database,D:\Users\Lenovo\Desktop\PMD-main\pmd-core\src\test\java\net\sourceforge\pmd\util\database\DBMSMetadataTest.java,3,220,Ensure that resources like this Connection object are closed after use,Error Prone,CloseResource
6,net.sourceforge.pmd.util.database,D:\Users\Lenovo\Desktop\PMD-main\pmd-core\src\test\java\net\sourceforge\pmd\util\database\DBMSMetadataTest.java,3,222,Ensure that resources like this Connection object are closed after use,Error Prone,CloseResource
7,net.sourceforge.pmd.util.database,D:\Users\Lenovo\Desktop\PMD-main\pmd-core\src\test\java\net\sourceforge\pmd\util\database\DBMSMetadataTest.java,3,225,Ensure that resources like this ResultSet object are closed after use,Error Prone,CloseResource
8,net.sourceforge.pmd.util.database,D:\Users\Lenovo\Desktop\PMD-main\pmd-core\src\test\java\net\sourceforge\pmd\util\database\DBMSMetadataTest.java,3,228,Ensure that resources like this ResultSet object are closed after use,Error Prone,CloseResource
9,net.sourceforge.pmd.util.database,D:\Users\Lenovo\Desktop\PMD-main\pmd-core\src\test\java\net\sourceforge\pmd\util\database\DBMSMetadataTest.java,3,238,Ensure that resources like this ResultSet object are closed after use,Error Prone,CloseResource
10,net.sourceforge.pmd.util.database,D:\Users\Lenovo\Desktop\PMD-main\pmd-core\src\test\java\net\sourceforge\pmd\util\database\DBMSMetadataTest.java,3,241,Ensure that resources like this ResultSet object are closed after use,Error Prone,CloseResource
11,net.sourceforge.pmd.util.database,D:\Users\Lenovo\Desktop\PMD-main\pmd-core\src\test\java\net\sourceforge\pmd\util\database\DBMSMetadataTest.java,3,268,Ensure that resources like this Connection object are closed after use,Error Prone,CloseResource
12,net.sourceforge.pmd.util.database,D:\Users\Lenovo\Desktop\PMD-main\pmd-core\src\test\java\net\sourceforge\pmd\util\database\DBMSMetadataTest.java,3,270,Ensure that resources like this Connection object are closed after use,Error Prone,CloseResource
1,net.sourceforge.pmd.lang.ast,D:\Users\Lenovo\Desktop\PMD-main\pmd-core\target\generated-sources\javacc\net\sourceforge\pmd\lang\ast\JavaCharStream.java,3,127,A catch statement should never catch throwable since it includes errors.,Error Prone,AvoidCatchingThrowable
1,net.sourceforge.pmd.lang.ast,D:\Users\Lenovo\Desktop\PMD-main\pmd-core\target\generated-sources\javacc\net\sourceforge\pmd\lang\ast\SimpleCharStream.java,3,77,A catch statement should never catch throwable since it includes errors.,Error Prone,AvoidCatchingThrowable
1,net.sourceforge.pmd.lang.cpp.ast,D:\Users\Lenovo\Desktop\PMD-main\pmd-cpp\target\generated-sources\javacc\net\sourceforge\pmd\lang\cpp\ast\CppParserConstants.java,2,274,Mutable fields should not be public static,Sonar,PublicStaticMutableMembersCheck
1,net.sourceforge.pmd.lang.cpp.ast,D:\Users\Lenovo\Desktop\PMD-main\pmd-cpp\target\generated-sources\javacc\net\sourceforge\pmd\lang\cpp\ast\CppParserTokenManager.java,2,1596,Mutable fields should not be public static,Sonar,PublicStaticMutableMembersCheck
2,net.sourceforge.pmd.lang.cpp.ast,D:\Users\Lenovo\Desktop\PMD-main\pmd-cpp\target\generated-sources\javacc\net\sourceforge\pmd\lang\cpp\ast\CppParserTokenManager.java,2,1622,Mutable fields should not be public static,Sonar,PublicStaticMutableMembersCheck
3,net.sourceforge.pmd.lang.cpp.ast,D:\Users\Lenovo\Desktop\PMD-main\pmd-cpp\target\generated-sources\javacc\net\sourceforge\pmd\lang\cpp\ast\CppParserTokenManager.java,2,1630,Mutable fields should not be public static,Sonar,PublicStaticMutableMembersCheck
4,net.sourceforge.pmd.lang.cpp.ast,D:\Users\Lenovo\Desktop\PMD-main\pmd-cpp\target\generated-sources\javacc\net\sourceforge\pmd\lang\cpp\ast\CppParserTokenManager.java,2,1830,Multiline blocks should be enclosed in curly braces,Sonar,MultilineBlocksCurlyBracesCheck
5,net.sourceforge.pmd.lang.cpp.ast,D:\Users\Lenovo\Desktop\PMD-main\pmd-cpp\target\generated-sources\javacc\net\sourceforge\pmd\lang\cpp\ast\CppParserTokenManager.java,2,1835,Multiline blocks should be enclosed in curly braces,Sonar,MultilineBlocksCurlyBracesCheck
6,net.sourceforge.pmd.lang.cpp.ast,D:\Users\Lenovo\Desktop\PMD-main\pmd-cpp\target\generated-sources\javacc\net\sourceforge\pmd\lang\cpp\ast\CppParserTokenManager.java,3,1895,A non-case label was present in a switch statement,Error Prone,NonCaseLabelInSwitchStatement
1,net.sourceforge.pmd.cpd,D:\Users\Lenovo\Desktop\PMD-main\pmd-cs\src\main\java\net\sourceforge\pmd\cpd\CsTokenizer.java,3,68,Avoid printStackTrace(); use a logger call instead.,Best Practices,AvoidPrintStackTrace
2,net.sourceforge.pmd.cpd,D:\Users\Lenovo\Desktop\PMD-main\pmd-cs\src\main\java\net\sourceforge\pmd\cpd\CsTokenizer.java,3,287,Avoid printStackTrace(); use a logger call instead.,Best Practices,AvoidPrintStackTrace
1,net.sourceforge.pmd.docs,D:\Users\Lenovo\Desktop\PMD-main\pmd-doc\src\main\java\net\sourceforge\pmd\docs\DeadLinksChecker.java,2,83,Exit methods should not be called,Sonar,SystemExitCalledCheck
2,net.sourceforge.pmd.docs,D:\Users\Lenovo\Desktop\PMD-main\pmd-doc\src\main\java\net\sourceforge\pmd\docs\DeadLinksChecker.java,3,211,Avoid printStackTrace(); use a logger call instead.,Best Practices,AvoidPrintStackTrace
1,net.sourceforge.pmd.fix,D:\Users\Lenovo\Desktop\PMD-main\pmd-java\src\main\java\net\sourceforge\pmd\fix\FixClassTypeResolver.java,3,318,Avoid empty if statements,Error Prone,EmptyIfStmt
2,net.sourceforge.pmd.fix,D:\Users\Lenovo\Desktop\PMD-main\pmd-java\src\main\java\net\sourceforge\pmd\fix\FixClassTypeResolver.java,3,450,Avoid empty if statements,Error Prone,EmptyIfStmt
3,net.sourceforge.pmd.fix,D:\Users\Lenovo\Desktop\PMD-main\pmd-java\src\main\java\net\sourceforge\pmd\fix\FixClassTypeResolver.java,3,462,Avoid empty if statements,Error Prone,EmptyIfStmt
4,net.sourceforge.pmd.fix,D:\Users\Lenovo\Desktop\PMD-main\pmd-java\src\main\java\net\sourceforge\pmd\fix\FixClassTypeResolver.java,3,724,A catch statement should never catch throwable since it includes errors.,Error Prone,AvoidCatchingThrowable
1,net.sourceforge.pmd.lang.java.ast,D:\Users\Lenovo\Desktop\PMD-main\pmd-java\src\main\java\net\sourceforge\pmd\lang\java\ast\ASTAssignmentOperator.java,3,18,Field isCompound has the same name as a method,Error Prone,AvoidFieldNameMatchingMethodName
1,net.sourceforge.pmd.lang.java.ast,D:\Users\Lenovo\Desktop\PMD-main\pmd-java\src\main\java\net\sourceforge\pmd\lang\java\ast\ASTBlock.java,3,10,Field containsComment has the same name as a method,Error Prone,AvoidFieldNameMatchingMethodName
1,net.sourceforge.pmd.lang.java.ast,D:\Users\Lenovo\Desktop\PMD-main\pmd-java\src\main\java\net\sourceforge\pmd\lang\java\ast\ASTBooleanLiteral.java,3,10,Field isTrue has the same name as a method,Error Prone,AvoidFieldNameMatchingMethodName
1,net.sourceforge.pmd.lang.java.ast,D:\Users\Lenovo\Desktop\PMD-main\pmd-java\src\main\java\net\sourceforge\pmd\lang\java\ast\ASTClassOrInterfaceDeclaration.java,3,32,Field isLocal has the same name as a method,Error Prone,AvoidFieldNameMatchingMethodName
2,net.sourceforge.pmd.lang.java.ast,D:\Users\Lenovo\Desktop\PMD-main\pmd-java\src\main\java\net\sourceforge\pmd\lang\java\ast\ASTClassOrInterfaceDeclaration.java,3,35,Field isInterface has the same name as a method,Error Prone,AvoidFieldNameMatchingMethodName
1,net.sourceforge.pmd.lang.java.ast,D:\Users\Lenovo\Desktop\PMD-main\pmd-java\src\main\java\net\sourceforge\pmd\lang\java\ast\ASTConstructorDeclaration.java,3,11,Field containsComment has the same name as a method,Error Prone,AvoidFieldNameMatchingMethodName
1,net.sourceforge.pmd.lang.java.ast,D:\Users\Lenovo\Desktop\PMD-main\pmd-java\src\main\java\net\sourceforge\pmd\lang\java\ast\ASTFormalParameter.java,3,24,Field isVarargs has the same name as a method,Error Prone,AvoidFieldNameMatchingMethodName
1,net.sourceforge.pmd.lang.java.ast,D:\Users\Lenovo\Desktop\PMD-main\pmd-java\src\main\java\net\sourceforge\pmd\lang\java\ast\ASTIfStatement.java,3,23,Field hasElse has the same name as a method,Error Prone,AvoidFieldNameMatchingMethodName
1,net.sourceforge.pmd.lang.java.ast,D:\Users\Lenovo\Desktop\PMD-main\pmd-java\src\main\java\net\sourceforge\pmd\lang\java\ast\ASTImportDeclaration.java,3,29,Field isImportOnDemand has the same name as a method,Error Prone,AvoidFieldNameMatchingMethodName
2,net.sourceforge.pmd.lang.java.ast,D:\Users\Lenovo\Desktop\PMD-main\pmd-java\src\main\java\net\sourceforge\pmd\lang\java\ast\ASTImportDeclaration.java,3,30,Field isStatic has the same name as a method,Error Prone,AvoidFieldNameMatchingMethodName
1,net.sourceforge.pmd.lang.java.ast,D:\Users\Lenovo\Desktop\PMD-main\pmd-java\src\main\java\net\sourceforge\pmd\lang\java\ast\ASTInitializer.java,3,10,Field isStatic has the same name as a method,Error Prone,AvoidFieldNameMatchingMethodName
1,net.sourceforge.pmd.lang.java.ast,D:\Users\Lenovo\Desktop\PMD-main\pmd-java\src\main\java\net\sourceforge\pmd\lang\java\ast\ASTPrimaryPrefix.java,3,10,Field usesThisModifier has the same name as a method,Error Prone,AvoidFieldNameMatchingMethodName
2,net.sourceforge.pmd.lang.java.ast,D:\Users\Lenovo\Desktop\PMD-main\pmd-java\src\main\java\net\sourceforge\pmd\lang\java\ast\ASTPrimaryPrefix.java,3,11,Field usesSuperModifier has the same name as a method,Error Prone,AvoidFieldNameMatchingMethodName
1,net.sourceforge.pmd.lang.java.ast,D:\Users\Lenovo\Desktop\PMD-main\pmd-java\src\main\java\net\sourceforge\pmd\lang\java\ast\ASTPrimarySuffix.java,3,10,Field isArguments has the same name as a method,Error Prone,AvoidFieldNameMatchingMethodName
2,net.sourceforge.pmd.lang.java.ast,D:\Users\Lenovo\Desktop\PMD-main\pmd-java\src\main\java\net\sourceforge\pmd\lang\java\ast\ASTPrimarySuffix.java,3,11,Field isArrayDereference has the same name as a method,Error Prone,AvoidFieldNameMatchingMethodName
1,net.sourceforge.pmd.lang.java.ast,D:\Users\Lenovo\Desktop\PMD-main\pmd-java\src\main\java\net\sourceforge\pmd\lang\java\ast\ASTSwitchLabel.java,3,24,Field isDefault has the same name as a method,Error Prone,AvoidFieldNameMatchingMethodName
1,net.sourceforge.pmd.lang.java.ast,D:\Users\Lenovo\Desktop\PMD-main\pmd-java\src\main\java\net\sourceforge\pmd\lang\java\ast\AbstractJavaNode.java,3,14,Field comment has the same name as a method,Error Prone,AvoidFieldNameMatchingMethodName
1,net.sourceforge.pmd.lang.java.ast,D:\Users\Lenovo\Desktop\PMD-main\pmd-java\src\main\java\net\sourceforge\pmd\lang\java\ast\JavaQualifiedName.java,3,38,Field toString has the same name as a method,Error Prone,AvoidFieldNameMatchingMethodName
2,net.sourceforge.pmd.lang.java.ast,D:\Users\Lenovo\Desktop\PMD-main\pmd-java\src\main\java\net\sourceforge\pmd\lang\java\ast\JavaQualifiedName.java,3,39,Field hashCode has the same name as a method,Error Prone,AvoidFieldNameMatchingMethodName
1,net.sourceforge.pmd.lang.java.ast,D:\Users\Lenovo\Desktop\PMD-main\pmd-java\src\main\java\net\sourceforge\pmd\lang\java\ast\JavadocElement.java,3,12,Field tag has the same name as a method,Error Prone,AvoidFieldNameMatchingMethodName
1,net.sourceforge.pmd.lang.java.dfa,D:\Users\Lenovo\Desktop\PMD-main\pmd-java\src\main\java\net\sourceforge\pmd\lang\java\dfa\StatementAndBraceFinder.java,3,77,Avoid printStackTrace(); use a logger call instead.,Best Practices,AvoidPrintStackTrace
1,net.sourceforge.pmd.lang.java.multifile.signature,D:\Users\Lenovo\Desktop\PMD-main\pmd-java\src\main\java\net\sourceforge\pmd\lang\java\multifile\signature\JavaFieldSigMask.java,3,14,Field coverFinal has the same name as a method,Error Prone,AvoidFieldNameMatchingMethodName
2,net.sourceforge.pmd.lang.java.multifile.signature,D:\Users\Lenovo\Desktop\PMD-main\pmd-java\src\main\java\net\sourceforge\pmd\lang\java\multifile\signature\JavaFieldSigMask.java,3,15,Field coverStatic has the same name as a method,Error Prone,AvoidFieldNameMatchingMethodName
1,net.sourceforge.pmd.lang.java.multifile.signature,D:\Users\Lenovo\Desktop\PMD-main\pmd-java\src\main\java\net\sourceforge\pmd\lang\java\multifile\signature\JavaOperationSigMask.java,3,21,Field coverAbstract has the same name as a method,Error Prone,AvoidFieldNameMatchingMethodName
1,net.sourceforge.pmd.lang.java.qname,D:\Users\Lenovo\Desktop\PMD-main\pmd-java\src\main\java\net\sourceforge\pmd\lang\java\qname\JavaOperationQualifiedName.java,3,23,Field isLambda has the same name as a method,Error Prone,AvoidFieldNameMatchingMethodName
1,net.sourceforge.pmd.lang.java.rule,D:\Users\Lenovo\Desktop\PMD-main\pmd-java\src\main\java\net\sourceforge\pmd\lang\java\rule\AbstractJUnitRule.java,3,27,Field isJUnit3Class has the same name as a method,Error Prone,AvoidFieldNameMatchingMethodName
2,net.sourceforge.pmd.lang.java.rule,D:\Users\Lenovo\Desktop\PMD-main\pmd-java\src\main\java\net\sourceforge\pmd\lang\java\rule\AbstractJUnitRule.java,3,28,Field isJUnit4Class has the same name as a method,Error Prone,AvoidFieldNameMatchingMethodName
3,net.sourceforge.pmd.lang.java.rule,D:\Users\Lenovo\Desktop\PMD-main\pmd-java\src\main\java\net\sourceforge\pmd\lang\java\rule\AbstractJUnitRule.java,3,29,Field isJUnit5Class has the same name as a method,Error Prone,AvoidFieldNameMatchingMethodName
1,net.sourceforge.pmd.lang.java.rule,D:\Users\Lenovo\Desktop\PMD-main\pmd-java\src\main\java\net\sourceforge\pmd\lang\java\rule\AbstractLombokAwareRule.java,2,60,Short-circuit logic should be used in boolean contexts,Sonar,NonShortCircuitLogicCheck
1,net.sourceforge.pmd.lang.java.rule,D:\Users\Lenovo\Desktop\PMD-main\pmd-java\src\main\java\net\sourceforge\pmd\lang\java\rule\AbstractPoorMethodCall.java,2,95,Avoid comparing class names directly. Use instanceof or Class.isAssignableFrom() instead.,Sonar,ClassComparedByNameCheck
1,net.sourceforge.pmd.lang.java.rule.bestpractices,D:\Users\Lenovo\Desktop\PMD-main\pmd-java\src\main\java\net\sourceforge\pmd\lang\java\rule\bestpractices\AccessorMethodGenerationRule.java,2,118,Collection methods with O(n) performance should be used carefully,Sonar,CollectionMethodsWithLinearComplexityCheck
1,net.sourceforge.pmd.lang.java.rule.bestpractices,D:\Users\Lenovo\Desktop\PMD-main\pmd-java\src\main\java\net\sourceforge\pmd\lang\java\rule\bestpractices\CheckResultSetRule.java,2,55,Avoid comparing class names directly. Use instanceof or Class.isAssignableFrom() instead.,Sonar,ClassComparedByNameCheck
1,net.sourceforge.pmd.lang.java.rule.bestpractices,D:\Users\Lenovo\Desktop\PMD-main\pmd-java\src\main\java\net\sourceforge\pmd\lang\java\rule\bestpractices\ForLoopCanBeForeachRule.java,2,364,Avoid comparing class names directly. Use instanceof or Class.isAssignableFrom() instead.,Sonar,ClassComparedByNameCheck
1,net.sourceforge.pmd.lang.java.rule.bestpractices,D:\Users\Lenovo\Desktop\PMD-main\pmd-java\src\main\java\net\sourceforge\pmd\lang\java\rule\bestpractices\LooseCouplingRule.java,1,53,Reflection should not be used to check non-runtime annotations,Sonar,ReflectionOnNonRuntimeAnnotationCheck
1,net.sourceforge.pmd.lang.java.rule.bestpractices,D:\Users\Lenovo\Desktop\PMD-main\pmd-java\src\main\java\net\sourceforge\pmd\lang\java\rule\bestpractices\MissingOverrideRule.java,2,171,Avoid comparing class names directly. Use instanceof or Class.isAssignableFrom() instead.,Sonar,ClassComparedByNameCheck
2,net.sourceforge.pmd.lang.java.rule.bestpractices,D:\Users\Lenovo\Desktop\PMD-main\pmd-java\src\main\java\net\sourceforge\pmd\lang\java\rule\bestpractices\MissingOverrideRule.java,1,216,Reflection should not be used to check non-runtime annotations,Sonar,ReflectionOnNonRuntimeAnnotationCheck
1,net.sourceforge.pmd.lang.java.rule.bestpractices,D:\Users\Lenovo\Desktop\PMD-main\pmd-java\src\main\java\net\sourceforge\pmd\lang\java\rule\bestpractices\UseCollectionIsEmptyRule.java,2,93,Avoid comparing class names directly. Use instanceof or Class.isAssignableFrom() instead.,Sonar,ClassComparedByNameCheck
1,net.sourceforge.pmd.lang.java.rule.codestyle,D:\Users\Lenovo\Desktop\PMD-main\pmd-java\src\main\java\net\sourceforge\pmd\lang\java\rule\codestyle\LinguisticNamingRule.java,2,115,Inappropriate Collection calls should not be made,Sonar,CollectionInappropriateCallsCheck
1,net.sourceforge.pmd.lang.java.rule.codestyle,D:\Users\Lenovo\Desktop\PMD-main\pmd-java\src\main\java\net\sourceforge\pmd\lang\java\rule\codestyle\UnnecessaryLocalBeforeReturnRule.java,2,133,Avoid comparing class names directly. Use instanceof or Class.isAssignableFrom() instead.,Sonar,ClassComparedByNameCheck
1,net.sourceforge.pmd.lang.java.rule.constant,D:\Users\Lenovo\Desktop\PMD-main\pmd-java\src\main\java\net\sourceforge\pmd\lang\java\rule\constant\UndefineMagicConstantRule.java,3,65,Avoid printStackTrace(); use a logger call instead.,Best Practices,AvoidPrintStackTrace
1,net.sourceforge.pmd.lang.java.rule.design,D:\Users\Lenovo\Desktop\PMD-main\pmd-java\src\main\java\net\sourceforge\pmd\lang\java\rule\design\GenericClassCounterRule.java,2,90,Instance methods should not write to static fields,Sonar,StaticFieldUpateCheck
1,net.sourceforge.pmd.lang.java.rule.errorprone,D:\Users\Lenovo\Desktop\PMD-main\pmd-java\src\main\java\net\sourceforge\pmd\lang\java\rule\errorprone\AvoidCallingFinalizeRule.java,2,60,Avoid comparing class names directly. Use instanceof or Class.isAssignableFrom() instead.,Sonar,ClassComparedByNameCheck
1,net.sourceforge.pmd.lang.java.rule.errorprone,D:\Users\Lenovo\Desktop\PMD-main\pmd-java\src\main\java\net\sourceforge\pmd\lang\java\rule\errorprone\ConstructorCallsOverridableMethodRule.java,2,636,Collection methods with O(n) performance should be used carefully,Sonar,CollectionMethodsWithLinearComplexityCheck
1,net.sourceforge.pmd.lang.java.rule.exception,D:\Users\Lenovo\Desktop\PMD-main\pmd-java\src\main\java\net\sourceforge\pmd\lang\java\rule\exception\MethodReturnWrapperTypeRule.java,2,97,Avoid comparing class names directly. Use instanceof or Class.isAssignableFrom() instead.,Sonar,ClassComparedByNameCheck
1,net.sourceforge.pmd.lang.java.rule.oop,D:\Users\Lenovo\Desktop\PMD-main\pmd-java\src\main\java\net\sourceforge\pmd\lang\java\rule\oop\StringConcatRule.java,3,129,Avoid printStackTrace(); use a logger call instead.,Best Practices,AvoidPrintStackTrace
1,net.sourceforge.pmd.lang.java.rule.orm,D:\Users\Lenovo\Desktop\PMD-main\pmd-java\src\main\java\net\sourceforge\pmd\lang\java\rule\orm\IbatisMethodQueryForListRule.java,2,157,Avoid comparing class names directly. Use instanceof or Class.isAssignableFrom() instead.,Sonar,ClassComparedByNameCheck
2,net.sourceforge.pmd.lang.java.rule.orm,D:\Users\Lenovo\Desktop\PMD-main\pmd-java\src\main\java\net\sourceforge\pmd\lang\java\rule\orm\IbatisMethodQueryForListRule.java,2,159,Avoid comparing class names directly. Use instanceof or Class.isAssignableFrom() instead.,Sonar,ClassComparedByNameCheck
3,net.sourceforge.pmd.lang.java.rule.orm,D:\Users\Lenovo\Desktop\PMD-main\pmd-java\src\main\java\net\sourceforge\pmd\lang\java\rule\orm\IbatisMethodQueryForListRule.java,2,161,Avoid comparing class names directly. Use instanceof or Class.isAssignableFrom() instead.,Sonar,ClassComparedByNameCheck
1,net.sourceforge.pmd.lang.java.rule.other,D:\Users\Lenovo\Desktop\PMD-main\pmd-java\src\main\java\net\sourceforge\pmd\lang\java\rule\other\UseRightCaseForDateFormatRule.java,3,78,Avoid empty if statements,Error Prone,EmptyIfStmt
1,net.sourceforge.pmd.lang.java.rule.performance,D:\Users\Lenovo\Desktop\PMD-main\pmd-java\src\main\java\net\sourceforge\pmd\lang\java\rule\performance\ConsecutiveLiteralAppendsRule.java,3,157,Avoid empty if statements,Error Prone,EmptyIfStmt
1,net.sourceforge.pmd.lang.java.rule.performance,D:\Users\Lenovo\Desktop\PMD-main\pmd-java\src\main\java\net\sourceforge\pmd\lang\java\rule\performance\StringToStringRule.java,2,21,Identical expressions should not be used on both sides of a binary operator,Sonar,IdenticalOperandOnBinaryExpressionCheck
1,net.sourceforge.pmd.lang.java.rule.set,D:\Users\Lenovo\Desktop\PMD-main\pmd-java\src\main\java\net\sourceforge\pmd\lang\java\rule\set\ClassCastExceptionWithSubListToArrayListRule.java,3,60,Avoid printStackTrace(); use a logger call instead.,Best Practices,AvoidPrintStackTrace
1,net.sourceforge.pmd.lang.java.rule.set,D:\Users\Lenovo\Desktop\PMD-main\pmd-java\src\main\java\net\sourceforge\pmd\lang\java\rule\set\ClassCastExceptionWithToArrayRule.java,3,80,Avoid printStackTrace(); use a logger call instead.,Best Practices,AvoidPrintStackTrace
1,net.sourceforge.pmd.lang.java.rule.set,D:\Users\Lenovo\Desktop\PMD-main\pmd-java\src\main\java\net\sourceforge\pmd\lang\java\rule\set\CollectionInitShouldAssignCapacityRule.java,3,51,Avoid printStackTrace(); use a logger call instead.,Best Practices,AvoidPrintStackTrace
1,net.sourceforge.pmd.lang.java.rule.set,D:\Users\Lenovo\Desktop\PMD-main\pmd-java\src\main\java\net\sourceforge\pmd\lang\java\rule\set\ConcurrentExceptionWithModifyOriginSubListRule.java,3,78,Avoid printStackTrace(); use a logger call instead.,Best Practices,AvoidPrintStackTrace
1,net.sourceforge.pmd.lang.java.rule.set,D:\Users\Lenovo\Desktop\PMD-main\pmd-java\src\main\java\net\sourceforge\pmd\lang\java\rule\set\DontModifyInForeachCircleRule.java,3,73,Avoid printStackTrace(); use a logger call instead.,Best Practices,AvoidPrintStackTrace
1,net.sourceforge.pmd.lang.java.rule.set,D:\Users\Lenovo\Desktop\PMD-main\pmd-java\src\main\java\net\sourceforge\pmd\lang\java\rule\set\UnsupportedExceptionWithModifyAsListRule.java,3,90,Avoid printStackTrace(); use a logger call instead.,Best Practices,AvoidPrintStackTrace
1,net.sourceforge.pmd.lang.java.rule.sonar.bug,D:\Users\Lenovo\Desktop\PMD-main\pmd-java\src\main\java\net\sourceforge\pmd\lang\java\rule\sonar\bug\AbsOnNegativeCheckRule.java,2,175,Avoid comparing class names directly. Use instanceof or Class.isAssignableFrom() instead.,Sonar,ClassComparedByNameCheck
1,net.sourceforge.pmd.lang.java.rule.sonar.bug,D:\Users\Lenovo\Desktop\PMD-main\pmd-java\src\main\java\net\sourceforge\pmd\lang\java\rule\sonar\bug\BigDecimalDoubleConstructorCheckRule.java,2,20,Avoid comparing class names directly. Use instanceof or Class.isAssignableFrom() instead.,Sonar,ClassComparedByNameCheck
1,net.sourceforge.pmd.lang.java.rule.sonar.bug,D:\Users\Lenovo\Desktop\PMD-main\pmd-java\src\main\java\net\sourceforge\pmd\lang\java\rule\sonar\bug\CustomSerializationMethodCheckRule.java,2,39,Avoid comparing class names directly. Use instanceof or Class.isAssignableFrom() instead.,Sonar,ClassComparedByNameCheck
1,net.sourceforge.pmd.lang.java.rule.sonar.bug,D:\Users\Lenovo\Desktop\PMD-main\pmd-java\src\main\java\net\sourceforge\pmd\lang\java\rule\sonar\bug\EqualsArgumentTypeCheckRule.java,2,37,Avoid comparing class names directly. Use instanceof or Class.isAssignableFrom() instead.,Sonar,ClassComparedByNameCheck
2,net.sourceforge.pmd.lang.java.rule.sonar.bug,D:\Users\Lenovo\Desktop\PMD-main\pmd-java\src\main\java\net\sourceforge\pmd\lang\java\rule\sonar\bug\EqualsArgumentTypeCheckRule.java,2,57,Avoid comparing class names directly. Use instanceof or Class.isAssignableFrom() instead.,Sonar,ClassComparedByNameCheck
3,net.sourceforge.pmd.lang.java.rule.sonar.bug,D:\Users\Lenovo\Desktop\PMD-main\pmd-java\src\main\java\net\sourceforge\pmd\lang\java\rule\sonar\bug\EqualsArgumentTypeCheckRule.java,2,83,Avoid comparing class names directly. Use instanceof or Class.isAssignableFrom() instead.,Sonar,ClassComparedByNameCheck
4,net.sourceforge.pmd.lang.java.rule.sonar.bug,D:\Users\Lenovo\Desktop\PMD-main\pmd-java\src\main\java\net\sourceforge\pmd\lang\java\rule\sonar\bug\EqualsArgumentTypeCheckRule.java,2,110,Avoid comparing class names directly. Use instanceof or Class.isAssignableFrom() instead.,Sonar,ClassComparedByNameCheck
1,net.sourceforge.pmd.lang.java.rule.sonar.bug,D:\Users\Lenovo\Desktop\PMD-main\pmd-java\src\main\java\net\sourceforge\pmd\lang\java\rule\sonar\bug\ForLoopFalseConditionCheckRule.java,2,24,Avoid comparing class names directly. Use instanceof or Class.isAssignableFrom() instead.,Sonar,ClassComparedByNameCheck
2,net.sourceforge.pmd.lang.java.rule.sonar.bug,D:\Users\Lenovo\Desktop\PMD-main\pmd-java\src\main\java\net\sourceforge\pmd\lang\java\rule\sonar\bug\ForLoopFalseConditionCheckRule.java,2,29,Avoid comparing class names directly. Use instanceof or Class.isAssignableFrom() instead.,Sonar,ClassComparedByNameCheck
1,net.sourceforge.pmd.lang.java.rule.sonar.bug,D:\Users\Lenovo\Desktop\PMD-main\pmd-java\src\main\java\net\sourceforge\pmd\lang\java\rule\sonar\bug\IdenticalOperandOnBinaryExpressionCheckRule.java,2,138,Avoid comparing class names directly. Use instanceof or Class.isAssignableFrom() instead.,Sonar,ClassComparedByNameCheck
2,net.sourceforge.pmd.lang.java.rule.sonar.bug,D:\Users\Lenovo\Desktop\PMD-main\pmd-java\src\main\java\net\sourceforge\pmd\lang\java\rule\sonar\bug\IdenticalOperandOnBinaryExpressionCheckRule.java,2,170,Avoid comparing class names directly. Use instanceof or Class.isAssignableFrom() instead.,Sonar,ClassComparedByNameCheck
3,net.sourceforge.pmd.lang.java.rule.sonar.bug,D:\Users\Lenovo\Desktop\PMD-main\pmd-java\src\main\java\net\sourceforge\pmd\lang\java\rule\sonar\bug\IdenticalOperandOnBinaryExpressionCheckRule.java,2,170,Avoid comparing class names directly. Use instanceof or Class.isAssignableFrom() instead.,Sonar,ClassComparedByNameCheck
1,net.sourceforge.pmd.lang.java.rule.sonar.bug,D:\Users\Lenovo\Desktop\PMD-main\pmd-java\src\main\java\net\sourceforge\pmd\lang\java\rule\sonar\bug\IgnoredStreamReturnValueCheckRule.java,3,117,Avoid empty if statements,Error Prone,EmptyIfStmt
2,net.sourceforge.pmd.lang.java.rule.sonar.bug,D:\Users\Lenovo\Desktop\PMD-main\pmd-java\src\main\java\net\sourceforge\pmd\lang\java\rule\sonar\bug\IgnoredStreamReturnValueCheckRule.java,3,124,Avoid empty if statements,Error Prone,EmptyIfStmt
3,net.sourceforge.pmd.lang.java.rule.sonar.bug,D:\Users\Lenovo\Desktop\PMD-main\pmd-java\src\main\java\net\sourceforge\pmd\lang\java\rule\sonar\bug\IgnoredStreamReturnValueCheckRule.java,3,207,Field callSite has the same name as a method,Error Prone,AvoidFieldNameMatchingMethodName
4,net.sourceforge.pmd.lang.java.rule.sonar.bug,D:\Users\Lenovo\Desktop\PMD-main\pmd-java\src\main\java\net\sourceforge\pmd\lang\java\rule\sonar\bug\IgnoredStreamReturnValueCheckRule.java,3,208,Field typeDefinition has the same name as a method,Error Prone,AvoidFieldNameMatchingMethodName
5,net.sourceforge.pmd.lang.java.rule.sonar.bug,D:\Users\Lenovo\Desktop\PMD-main\pmd-java\src\main\java\net\sourceforge\pmd\lang\java\rule\sonar\bug\IgnoredStreamReturnValueCheckRule.java,2,293,Avoid comparing class names directly. Use instanceof or Class.isAssignableFrom() instead.,Sonar,ClassComparedByNameCheck
6,net.sourceforge.pmd.lang.java.rule.sonar.bug,D:\Users\Lenovo\Desktop\PMD-main\pmd-java\src\main\java\net\sourceforge\pmd\lang\java\rule\sonar\bug\IgnoredStreamReturnValueCheckRule.java,2,296,Avoid comparing class names directly. Use instanceof or Class.isAssignableFrom() instead.,Sonar,ClassComparedByNameCheck
1,net.sourceforge.pmd.lang.java.rule.sonar.bug,D:\Users\Lenovo\Desktop\PMD-main\pmd-java\src\main\java\net\sourceforge\pmd\lang\java\rule\sonar\bug\InnerClassOfNonSerializableCheckRule.java,2,29,Avoid comparing class names directly. Use instanceof or Class.isAssignableFrom() instead.,Sonar,ClassComparedByNameCheck
2,net.sourceforge.pmd.lang.java.rule.sonar.bug,D:\Users\Lenovo\Desktop\PMD-main\pmd-java\src\main\java\net\sourceforge\pmd\lang\java\rule\sonar\bug\InnerClassOfNonSerializableCheckRule.java,2,51,Avoid comparing class names directly. Use instanceof or Class.isAssignableFrom() instead.,Sonar,ClassComparedByNameCheck
1,net.sourceforge.pmd.lang.java.rule.sonar.bug,D:\Users\Lenovo\Desktop\PMD-main\pmd-java\src\main\java\net\sourceforge\pmd\lang\java\rule\sonar\bug\InvalidDateValuesCheckRule.java,3,62,Avoid empty if statements,Error Prone,EmptyIfStmt
2,net.sourceforge.pmd.lang.java.rule.sonar.bug,D:\Users\Lenovo\Desktop\PMD-main\pmd-java\src\main\java\net\sourceforge\pmd\lang\java\rule\sonar\bug\InvalidDateValuesCheckRule.java,3,68,Avoid empty if statements,Error Prone,EmptyIfStmt
3,net.sourceforge.pmd.lang.java.rule.sonar.bug,D:\Users\Lenovo\Desktop\PMD-main\pmd-java\src\main\java\net\sourceforge\pmd\lang\java\rule\sonar\bug\InvalidDateValuesCheckRule.java,3,84,Avoid empty if statements,Error Prone,EmptyIfStmt
4,net.sourceforge.pmd.lang.java.rule.sonar.bug,D:\Users\Lenovo\Desktop\PMD-main\pmd-java\src\main\java\net\sourceforge\pmd\lang\java\rule\sonar\bug\InvalidDateValuesCheckRule.java,2,101,Avoid comparing class names directly. Use instanceof or Class.isAssignableFrom() instead.,Sonar,ClassComparedByNameCheck
5,net.sourceforge.pmd.lang.java.rule.sonar.bug,D:\Users\Lenovo\Desktop\PMD-main\pmd-java\src\main\java\net\sourceforge\pmd\lang\java\rule\sonar\bug\InvalidDateValuesCheckRule.java,2,209,Avoid comparing class names directly. Use instanceof or Class.isAssignableFrom() instead.,Sonar,ClassComparedByNameCheck
6,net.sourceforge.pmd.lang.java.rule.sonar.bug,D:\Users\Lenovo\Desktop\PMD-main\pmd-java\src\main\java\net\sourceforge\pmd\lang\java\rule\sonar\bug\InvalidDateValuesCheckRule.java,2,270,Avoid comparing class names directly. Use instanceof or Class.isAssignableFrom() instead.,Sonar,ClassComparedByNameCheck
7,net.sourceforge.pmd.lang.java.rule.sonar.bug,D:\Users\Lenovo\Desktop\PMD-main\pmd-java\src\main\java\net\sourceforge\pmd\lang\java\rule\sonar\bug\InvalidDateValuesCheckRule.java,2,270,Avoid comparing class names directly. Use instanceof or Class.isAssignableFrom() instead.,Sonar,ClassComparedByNameCheck
1,net.sourceforge.pmd.lang.java.rule.sonar.bug,D:\Users\Lenovo\Desktop\PMD-main\pmd-java\src\main\java\net\sourceforge\pmd\lang\java\rule\sonar\bug\LocksNotUnlockedCheckRule.java,3,127,Avoid empty if statements,Error Prone,EmptyIfStmt
2,net.sourceforge.pmd.lang.java.rule.sonar.bug,D:\Users\Lenovo\Desktop\PMD-main\pmd-java\src\main\java\net\sourceforge\pmd\lang\java\rule\sonar\bug\LocksNotUnlockedCheckRule.java,2,147,Avoid comparing class names directly. Use instanceof or Class.isAssignableFrom() instead.,Sonar,ClassComparedByNameCheck
3,net.sourceforge.pmd.lang.java.rule.sonar.bug,D:\Users\Lenovo\Desktop\PMD-main\pmd-java\src\main\java\net\sourceforge\pmd\lang\java\rule\sonar\bug\LocksNotUnlockedCheckRule.java,2,147,Avoid comparing class names directly. Use instanceof or Class.isAssignableFrom() instead.,Sonar,ClassComparedByNameCheck
1,net.sourceforge.pmd.lang.java.rule.sonar.bug,D:\Users\Lenovo\Desktop\PMD-main\pmd-java\src\main\java\net\sourceforge\pmd\lang\java\rule\sonar\bug\NonSerializableWriteCheckRule.java,2,40,Avoid comparing class names directly. Use instanceof or Class.isAssignableFrom() instead.,Sonar,ClassComparedByNameCheck
1,net.sourceforge.pmd.lang.java.rule.sonar.bug,D:\Users\Lenovo\Desktop\PMD-main\pmd-java\src\main\java\net\sourceforge\pmd\lang\java\rule\sonar\bug\PrintfFailCheckRule.java,2,244,Avoid comparing class names directly. Use instanceof or Class.isAssignableFrom() instead.,Sonar,ClassComparedByNameCheck
2,net.sourceforge.pmd.lang.java.rule.sonar.bug,D:\Users\Lenovo\Desktop\PMD-main\pmd-java\src\main\java\net\sourceforge\pmd\lang\java\rule\sonar\bug\PrintfFailCheckRule.java,2,245,Avoid comparing class names directly. Use instanceof or Class.isAssignableFrom() instead.,Sonar,ClassComparedByNameCheck
3,net.sourceforge.pmd.lang.java.rule.sonar.bug,D:\Users\Lenovo\Desktop\PMD-main\pmd-java\src\main\java\net\sourceforge\pmd\lang\java\rule\sonar\bug\PrintfFailCheckRule.java,2,246,Avoid comparing class names directly. Use instanceof or Class.isAssignableFrom() instead.,Sonar,ClassComparedByNameCheck
4,net.sourceforge.pmd.lang.java.rule.sonar.bug,D:\Users\Lenovo\Desktop\PMD-main\pmd-java\src\main\java\net\sourceforge\pmd\lang\java\rule\sonar\bug\PrintfFailCheckRule.java,2,247,Avoid comparing class names directly. Use instanceof or Class.isAssignableFrom() instead.,Sonar,ClassComparedByNameCheck
5,net.sourceforge.pmd.lang.java.rule.sonar.bug,D:\Users\Lenovo\Desktop\PMD-main\pmd-java\src\main\java\net\sourceforge\pmd\lang\java\rule\sonar\bug\PrintfFailCheckRule.java,2,251,Avoid comparing class names directly. Use instanceof or Class.isAssignableFrom() instead.,Sonar,ClassComparedByNameCheck
1,net.sourceforge.pmd.lang.java.rule.sonar.bug,D:\Users\Lenovo\Desktop\PMD-main\pmd-java\src\main\java\net\sourceforge\pmd\lang\java\rule\sonar\bug\SerializableObjectInSessionCheckRule.java,2,73,Avoid comparing class names directly. Use instanceof or Class.isAssignableFrom() instead.,Sonar,ClassComparedByNameCheck
1,net.sourceforge.pmd.lang.java.rule.sonar.bug,D:\Users\Lenovo\Desktop\PMD-main\pmd-java\src\main\java\net\sourceforge\pmd\lang\java\rule\sonar\bug\SerializableSuperConstructorCheckRule.java,2,122,Avoid comparing class names directly. Use instanceof or Class.isAssignableFrom() instead.,Sonar,ClassComparedByNameCheck
2,net.sourceforge.pmd.lang.java.rule.sonar.bug,D:\Users\Lenovo\Desktop\PMD-main\pmd-java\src\main\java\net\sourceforge\pmd\lang\java\rule\sonar\bug\SerializableSuperConstructorCheckRule.java,2,131,Avoid comparing class names directly. Use instanceof or Class.isAssignableFrom() instead.,Sonar,ClassComparedByNameCheck
1,net.sourceforge.pmd.lang.java.rule.sonar.bug,D:\Users\Lenovo\Desktop\PMD-main\pmd-java\src\main\java\net\sourceforge\pmd\lang\java\rule\sonar\bug\StaticMultithreadedUnsafeFieldsCheckRule.java,2,112,Collection methods with O(n) performance should be used carefully,Sonar,CollectionMethodsWithLinearComplexityCheck
2,net.sourceforge.pmd.lang.java.rule.sonar.bug,D:\Users\Lenovo\Desktop\PMD-main\pmd-java\src\main\java\net\sourceforge\pmd\lang\java\rule\sonar\bug\StaticMultithreadedUnsafeFieldsCheckRule.java,2,117,Collection methods with O(n) performance should be used carefully,Sonar,CollectionMethodsWithLinearComplexityCheck
3,net.sourceforge.pmd.lang.java.rule.sonar.bug,D:\Users\Lenovo\Desktop\PMD-main\pmd-java\src\main\java\net\sourceforge\pmd\lang\java\rule\sonar\bug\StaticMultithreadedUnsafeFieldsCheckRule.java,2,128,Avoid comparing class names directly. Use instanceof or Class.isAssignableFrom() instead.,Sonar,ClassComparedByNameCheck
4,net.sourceforge.pmd.lang.java.rule.sonar.bug,D:\Users\Lenovo\Desktop\PMD-main\pmd-java\src\main\java\net\sourceforge\pmd\lang\java\rule\sonar\bug\StaticMultithreadedUnsafeFieldsCheckRule.java,2,140,Avoid comparing class names directly. Use instanceof or Class.isAssignableFrom() instead.,Sonar,ClassComparedByNameCheck
1,net.sourceforge.pmd.lang.java.rule.sonar.bug,D:\Users\Lenovo\Desktop\PMD-main\pmd-java\src\main\java\net\sourceforge\pmd\lang\java\rule\sonar\bug\ThreadSleepCheckRule.java,2,30,Avoid comparing class names directly. Use instanceof or Class.isAssignableFrom() instead.,Sonar,ClassComparedByNameCheck
1,net.sourceforge.pmd.lang.java.rule.sonar.bug,D:\Users\Lenovo\Desktop\PMD-main\pmd-java\src\main\java\net\sourceforge\pmd\lang\java\rule\sonar\bug\ThreadWaitCallCheckRule.java,2,54,Avoid comparing class names directly. Use instanceof or Class.isAssignableFrom() instead.,Sonar,ClassComparedByNameCheck
1,net.sourceforge.pmd.lang.java.rule.sonar.codesmell,D:\Users\Lenovo\Desktop\PMD-main\pmd-java\src\main\java\net\sourceforge\pmd\lang\java\rule\sonar\codesmell\CatchIllegalMonitorStateExceptionCheckRule.java,2,24,Avoid comparing class names directly. Use instanceof or Class.isAssignableFrom() instead.,Sonar,ClassComparedByNameCheck
1,net.sourceforge.pmd.lang.java.rule.sonar.codesmell,D:\Users\Lenovo\Desktop\PMD-main\pmd-java\src\main\java\net\sourceforge\pmd\lang\java\rule\sonar\codesmell\GarbageCollectorCalledCheckRule.java,2,41,Identical expressions should not be used on both sides of a binary operator,Sonar,IdenticalOperandOnBinaryExpressionCheck
1,net.sourceforge.pmd.lang.java.rule.sonar.codesmell,D:\Users\Lenovo\Desktop\PMD-main\pmd-java\src\main\java\net\sourceforge\pmd\lang\java\rule\sonar\codesmell\NonShortCircuitLogicCheckRule.java,2,37,Avoid comparing class names directly. Use instanceof or Class.isAssignableFrom() instead.,Sonar,ClassComparedByNameCheck
2,net.sourceforge.pmd.lang.java.rule.sonar.codesmell,D:\Users\Lenovo\Desktop\PMD-main\pmd-java\src\main\java\net\sourceforge\pmd\lang\java\rule\sonar\codesmell\NonShortCircuitLogicCheckRule.java,2,37,Avoid comparing class names directly. Use instanceof or Class.isAssignableFrom() instead.,Sonar,ClassComparedByNameCheck
3,net.sourceforge.pmd.lang.java.rule.sonar.codesmell,D:\Users\Lenovo\Desktop\PMD-main\pmd-java\src\main\java\net\sourceforge\pmd\lang\java\rule\sonar\codesmell\NonShortCircuitLogicCheckRule.java,2,58,Avoid comparing class names directly. Use instanceof or Class.isAssignableFrom() instead.,Sonar,ClassComparedByNameCheck
4,net.sourceforge.pmd.lang.java.rule.sonar.codesmell,D:\Users\Lenovo\Desktop\PMD-main\pmd-java\src\main\java\net\sourceforge\pmd\lang\java\rule\sonar\codesmell\NonShortCircuitLogicCheckRule.java,2,58,Avoid comparing class names directly. Use instanceof or Class.isAssignableFrom() instead.,Sonar,ClassComparedByNameCheck
5,net.sourceforge.pmd.lang.java.rule.sonar.codesmell,D:\Users\Lenovo\Desktop\PMD-main\pmd-java\src\main\java\net\sourceforge\pmd\lang\java\rule\sonar\codesmell\NonShortCircuitLogicCheckRule.java,2,81,Avoid comparing class names directly. Use instanceof or Class.isAssignableFrom() instead.,Sonar,ClassComparedByNameCheck
6,net.sourceforge.pmd.lang.java.rule.sonar.codesmell,D:\Users\Lenovo\Desktop\PMD-main\pmd-java\src\main\java\net\sourceforge\pmd\lang\java\rule\sonar\codesmell\NonShortCircuitLogicCheckRule.java,2,81,Avoid comparing class names directly. Use instanceof or Class.isAssignableFrom() instead.,Sonar,ClassComparedByNameCheck
7,net.sourceforge.pmd.lang.java.rule.sonar.codesmell,D:\Users\Lenovo\Desktop\PMD-main\pmd-java\src\main\java\net\sourceforge\pmd\lang\java\rule\sonar\codesmell\NonShortCircuitLogicCheckRule.java,2,115,Avoid comparing class names directly. Use instanceof or Class.isAssignableFrom() instead.,Sonar,ClassComparedByNameCheck
8,net.sourceforge.pmd.lang.java.rule.sonar.codesmell,D:\Users\Lenovo\Desktop\PMD-main\pmd-java\src\main\java\net\sourceforge\pmd\lang\java\rule\sonar\codesmell\NonShortCircuitLogicCheckRule.java,2,115,Avoid comparing class names directly. Use instanceof or Class.isAssignableFrom() instead.,Sonar,ClassComparedByNameCheck
9,net.sourceforge.pmd.lang.java.rule.sonar.codesmell,D:\Users\Lenovo\Desktop\PMD-main\pmd-java\src\main\java\net\sourceforge\pmd\lang\java\rule\sonar\codesmell\NonShortCircuitLogicCheckRule.java,2,138,Avoid comparing class names directly. Use instanceof or Class.isAssignableFrom() instead.,Sonar,ClassComparedByNameCheck
10,net.sourceforge.pmd.lang.java.rule.sonar.codesmell,D:\Users\Lenovo\Desktop\PMD-main\pmd-java\src\main\java\net\sourceforge\pmd\lang\java\rule\sonar\codesmell\NonShortCircuitLogicCheckRule.java,2,138,Avoid comparing class names directly. Use instanceof or Class.isAssignableFrom() instead.,Sonar,ClassComparedByNameCheck
11,net.sourceforge.pmd.lang.java.rule.sonar.codesmell,D:\Users\Lenovo\Desktop\PMD-main\pmd-java\src\main\java\net\sourceforge\pmd\lang\java\rule\sonar\codesmell\NonShortCircuitLogicCheckRule.java,2,161,Avoid comparing class names directly. Use instanceof or Class.isAssignableFrom() instead.,Sonar,ClassComparedByNameCheck
12,net.sourceforge.pmd.lang.java.rule.sonar.codesmell,D:\Users\Lenovo\Desktop\PMD-main\pmd-java\src\main\java\net\sourceforge\pmd\lang\java\rule\sonar\codesmell\NonShortCircuitLogicCheckRule.java,2,161,Avoid comparing class names directly. Use instanceof or Class.isAssignableFrom() instead.,Sonar,ClassComparedByNameCheck
1,net.sourceforge.pmd.lang.java.rule.sonar.codesmell,D:\Users\Lenovo\Desktop\PMD-main\pmd-java\src\main\java\net\sourceforge\pmd\lang\java\rule\sonar\codesmell\WaitOnConditionCheckRule.java,2,67,Avoid comparing class names directly. Use instanceof or Class.isAssignableFrom() instead.,Sonar,ClassComparedByNameCheck
1,net.sourceforge.pmd.lang.java.rule.sonar.vulnerability,D:\Users\Lenovo\Desktop\PMD-main\pmd-java\src\main\java\net\sourceforge\pmd\lang\java\rule\sonar\vulnerability\FileCreateTempFileCheckRule.java,2,23,Avoid comparing class names directly. Use instanceof or Class.isAssignableFrom() instead.,Sonar,ClassComparedByNameCheck
1,net.sourceforge.pmd.lang.java.rule.sonar.vulnerability,D:\Users\Lenovo\Desktop\PMD-main\pmd-java\src\main\java\net\sourceforge\pmd\lang\java\rule\sonar\vulnerability\RSAUsesOAEPCheckRule.java,2,20,Avoid comparing class names directly. Use instanceof or Class.isAssignableFrom() instead.,Sonar,ClassComparedByNameCheck
2,net.sourceforge.pmd.lang.java.rule.sonar.vulnerability,D:\Users\Lenovo\Desktop\PMD-main\pmd-java\src\main\java\net\sourceforge\pmd\lang\java\rule\sonar\vulnerability\RSAUsesOAEPCheckRule.java,2,28,Cryptographic RSA algorithms should always incorporate OAEP (Optimal Asymmetric Encryption Padding),Sonar,RSAUsesOAEPCheck
1,net.sourceforge.pmd.lang.java.rule.sonar.vulnerability,D:\Users\Lenovo\Desktop\PMD-main\pmd-java\src\main\java\net\sourceforge\pmd\lang\java\rule\sonar\vulnerability\SQLInjectionCheckRule.java,3,169,Avoid empty if statements,Error Prone,EmptyIfStmt
2,net.sourceforge.pmd.lang.java.rule.sonar.vulnerability,D:\Users\Lenovo\Desktop\PMD-main\pmd-java\src\main\java\net\sourceforge\pmd\lang\java\rule\sonar\vulnerability\SQLInjectionCheckRule.java,3,373,Field callSite has the same name as a method,Error Prone,AvoidFieldNameMatchingMethodName
3,net.sourceforge.pmd.lang.java.rule.sonar.vulnerability,D:\Users\Lenovo\Desktop\PMD-main\pmd-java\src\main\java\net\sourceforge\pmd\lang\java\rule\sonar\vulnerability\SQLInjectionCheckRule.java,3,374,Field typeDefinition has the same name as a method,Error Prone,AvoidFieldNameMatchingMethodName
4,net.sourceforge.pmd.lang.java.rule.sonar.vulnerability,D:\Users\Lenovo\Desktop\PMD-main\pmd-java\src\main\java\net\sourceforge\pmd\lang\java\rule\sonar\vulnerability\SQLInjectionCheckRule.java,2,459,Avoid comparing class names directly. Use instanceof or Class.isAssignableFrom() instead.,Sonar,ClassComparedByNameCheck
5,net.sourceforge.pmd.lang.java.rule.sonar.vulnerability,D:\Users\Lenovo\Desktop\PMD-main\pmd-java\src\main\java\net\sourceforge\pmd\lang\java\rule\sonar\vulnerability\SQLInjectionCheckRule.java,2,462,Avoid comparing class names directly. Use instanceof or Class.isAssignableFrom() instead.,Sonar,ClassComparedByNameCheck
1,net.sourceforge.pmd.lang.java.symboltable,D:\Users\Lenovo\Desktop\PMD-main\pmd-java\src\main\java\net\sourceforge\pmd\lang\java\symboltable\DeclarationFinderFunction.java,2,44,Avoid comparing class names directly. Use instanceof or Class.isAssignableFrom() instead.,Sonar,ClassComparedByNameCheck
1,net.sourceforge.pmd.lang.java.symboltable,D:\Users\Lenovo\Desktop\PMD-main\pmd-java\src\main\java\net\sourceforge\pmd\lang\java\symboltable\JavaNameOccurrence.java,3,28,Field isMethodOrConstructorInvocation has the same name as a method,Error Prone,AvoidFieldNameMatchingMethodName
1,net.sourceforge.pmd.lang.java.symboltable,D:\Users\Lenovo\Desktop\PMD-main\pmd-java\src\main\java\net\sourceforge\pmd\lang\java\symboltable\Search.java,2,53,Inappropriate Collection calls should not be made,Sonar,CollectionInappropriateCallsCheck
1,net.sourceforge.pmd.lang.java.symboltable,D:\Users\Lenovo\Desktop\PMD-main\pmd-java\src\main\java\net\sourceforge\pmd\lang\java\symboltable\TypeSet.java,3,25,Field hasAuxclasspath has the same name as a method,Error Prone,AvoidFieldNameMatchingMethodName
1,net.sourceforge.pmd.lang.java.typeresolution,D:\Users\Lenovo\Desktop\PMD-main\pmd-java\src\main\java\net\sourceforge\pmd\lang\java\typeresolution\ClassTypeResolver.java,2,1292,Avoid comparing class names directly. Use instanceof or Class.isAssignableFrom() instead.,Sonar,ClassComparedByNameCheck
2,net.sourceforge.pmd.lang.java.typeresolution,D:\Users\Lenovo\Desktop\PMD-main\pmd-java\src\main\java\net\sourceforge\pmd\lang\java\typeresolution\ClassTypeResolver.java,2,1292,Avoid comparing class names directly. Use instanceof or Class.isAssignableFrom() instead.,Sonar,ClassComparedByNameCheck
3,net.sourceforge.pmd.lang.java.typeresolution,D:\Users\Lenovo\Desktop\PMD-main\pmd-java\src\main\java\net\sourceforge\pmd\lang\java\typeresolution\ClassTypeResolver.java,2,1293,Avoid comparing class names directly. Use instanceof or Class.isAssignableFrom() instead.,Sonar,ClassComparedByNameCheck
4,net.sourceforge.pmd.lang.java.typeresolution,D:\Users\Lenovo\Desktop\PMD-main\pmd-java\src\main\java\net\sourceforge\pmd\lang\java\typeresolution\ClassTypeResolver.java,2,1316,Avoid comparing class names directly. Use instanceof or Class.isAssignableFrom() instead.,Sonar,ClassComparedByNameCheck
5,net.sourceforge.pmd.lang.java.typeresolution,D:\Users\Lenovo\Desktop\PMD-main\pmd-java\src\main\java\net\sourceforge\pmd\lang\java\typeresolution\ClassTypeResolver.java,2,1316,Avoid comparing class names directly. Use instanceof or Class.isAssignableFrom() instead.,Sonar,ClassComparedByNameCheck
6,net.sourceforge.pmd.lang.java.typeresolution,D:\Users\Lenovo\Desktop\PMD-main\pmd-java\src\main\java\net\sourceforge\pmd\lang\java\typeresolution\ClassTypeResolver.java,2,1318,Avoid comparing class names directly. Use instanceof or Class.isAssignableFrom() instead.,Sonar,ClassComparedByNameCheck
7,net.sourceforge.pmd.lang.java.typeresolution,D:\Users\Lenovo\Desktop\PMD-main\pmd-java\src\main\java\net\sourceforge\pmd\lang\java\typeresolution\ClassTypeResolver.java,2,1318,Avoid comparing class names directly. Use instanceof or Class.isAssignableFrom() instead.,Sonar,ClassComparedByNameCheck
8,net.sourceforge.pmd.lang.java.typeresolution,D:\Users\Lenovo\Desktop\PMD-main\pmd-java\src\main\java\net\sourceforge\pmd\lang\java\typeresolution\ClassTypeResolver.java,2,1320,Avoid comparing class names directly. Use instanceof or Class.isAssignableFrom() instead.,Sonar,ClassComparedByNameCheck
9,net.sourceforge.pmd.lang.java.typeresolution,D:\Users\Lenovo\Desktop\PMD-main\pmd-java\src\main\java\net\sourceforge\pmd\lang\java\typeresolution\ClassTypeResolver.java,2,1320,Avoid comparing class names directly. Use instanceof or Class.isAssignableFrom() instead.,Sonar,ClassComparedByNameCheck
10,net.sourceforge.pmd.lang.java.typeresolution,D:\Users\Lenovo\Desktop\PMD-main\pmd-java\src\main\java\net\sourceforge\pmd\lang\java\typeresolution\ClassTypeResolver.java,2,1322,Avoid comparing class names directly. Use instanceof or Class.isAssignableFrom() instead.,Sonar,ClassComparedByNameCheck
11,net.sourceforge.pmd.lang.java.typeresolution,D:\Users\Lenovo\Desktop\PMD-main\pmd-java\src\main\java\net\sourceforge\pmd\lang\java\typeresolution\ClassTypeResolver.java,2,1322,Avoid comparing class names directly. Use instanceof or Class.isAssignableFrom() instead.,Sonar,ClassComparedByNameCheck
12,net.sourceforge.pmd.lang.java.typeresolution,D:\Users\Lenovo\Desktop\PMD-main\pmd-java\src\main\java\net\sourceforge\pmd\lang\java\typeresolution\ClassTypeResolver.java,2,1324,Avoid comparing class names directly. Use instanceof or Class.isAssignableFrom() instead.,Sonar,ClassComparedByNameCheck
13,net.sourceforge.pmd.lang.java.typeresolution,D:\Users\Lenovo\Desktop\PMD-main\pmd-java\src\main\java\net\sourceforge\pmd\lang\java\typeresolution\ClassTypeResolver.java,2,1324,Avoid comparing class names directly. Use instanceof or Class.isAssignableFrom() instead.,Sonar,ClassComparedByNameCheck
14,net.sourceforge.pmd.lang.java.typeresolution,D:\Users\Lenovo\Desktop\PMD-main\pmd-java\src\main\java\net\sourceforge\pmd\lang\java\typeresolution\ClassTypeResolver.java,2,1334,Avoid comparing class names directly. Use instanceof or Class.isAssignableFrom() instead.,Sonar,ClassComparedByNameCheck
15,net.sourceforge.pmd.lang.java.typeresolution,D:\Users\Lenovo\Desktop\PMD-main\pmd-java\src\main\java\net\sourceforge\pmd\lang\java\typeresolution\ClassTypeResolver.java,2,1335,Avoid comparing class names directly. Use instanceof or Class.isAssignableFrom() instead.,Sonar,ClassComparedByNameCheck
1,net.sourceforge.pmd.lang.java.typeresolution,D:\Users\Lenovo\Desktop\PMD-main\pmd-java\src\main\java\net\sourceforge\pmd\lang\java\typeresolution\MethodType.java,2,128,Avoid comparing class names directly. Use instanceof or Class.isAssignableFrom() instead.,Sonar,ClassComparedByNameCheck
1,net.sourceforge.pmd.lang.java.typeresolution,D:\Users\Lenovo\Desktop\PMD-main\pmd-java\src\main\java\net\sourceforge\pmd\lang\java\typeresolution\MethodTypeResolution.java,2,564,Avoid comparing class names directly. Use instanceof or Class.isAssignableFrom() instead.,Sonar,ClassComparedByNameCheck
1,net.sourceforge.pmd.lang.java.typeresolution.typedefinition,D:\Users\Lenovo\Desktop\PMD-main\pmd-java\src\main\java\net\sourceforge\pmd\lang\java\typeresolution\typedefinition\JavaTypeDefinitionSimple.java,3,33,Field isGeneric has the same name as a method,Error Prone,AvoidFieldNameMatchingMethodName
2,net.sourceforge.pmd.lang.java.typeresolution.typedefinition,D:\Users\Lenovo\Desktop\PMD-main\pmd-java\src\main\java\net\sourceforge\pmd\lang\java\typeresolution\typedefinition\JavaTypeDefinitionSimple.java,3,34,Field isRawType has the same name as a method,Error Prone,AvoidFieldNameMatchingMethodName
1,net.sourceforge.pmd.lang.java.typeresolution.typeinference,D:\Users\Lenovo\Desktop\PMD-main\pmd-java\src\main\java\net\sourceforge\pmd\lang\java\typeresolution\typeinference\BoundOrConstraint.java,3,20,Field ruleType has the same name as a method,Error Prone,AvoidFieldNameMatchingMethodName
1,net.sourceforge.pmd.lang.java.util,D:\Users\Lenovo\Desktop\PMD-main\pmd-java\src\main\java\net\sourceforge\pmd\lang\java\util\SpiLoader.java,3,46,A catch statement should never catch throwable since it includes errors.,Error Prone,AvoidCatchingThrowable
1,net.sourceforge.pmd.jaxen,D:\Users\Lenovo\Desktop\PMD-main\pmd-java\src\test\java\net\sourceforge\pmd\jaxen\DocumentNavigatorTest.java,3,83,A catch statement should never catch throwable since it includes errors.,Error Prone,AvoidCatchingThrowable
2,net.sourceforge.pmd.jaxen,D:\Users\Lenovo\Desktop\PMD-main\pmd-java\src\test\java\net\sourceforge\pmd\jaxen\DocumentNavigatorTest.java,3,84,Avoid printStackTrace(); use a logger call instead.,Best Practices,AvoidPrintStackTrace
1,net.sourceforge.pmd.lang.java.dfa,D:\Users\Lenovo\Desktop\PMD-main\pmd-java\src\test\java\net\sourceforge\pmd\lang\java\dfa\AcceptanceTest.java,3,202,Field TEST1 has the same name as a method,Error Prone,AvoidFieldNameMatchingMethodName
2,net.sourceforge.pmd.lang.java.dfa,D:\Users\Lenovo\Desktop\PMD-main\pmd-java\src\test\java\net\sourceforge\pmd\lang\java\dfa\AcceptanceTest.java,3,208,Field TEST2 has the same name as a method,Error Prone,AvoidFieldNameMatchingMethodName
3,net.sourceforge.pmd.lang.java.dfa,D:\Users\Lenovo\Desktop\PMD-main\pmd-java\src\test\java\net\sourceforge\pmd\lang\java\dfa\AcceptanceTest.java,3,214,Field TEST3 has the same name as a method,Error Prone,AvoidFieldNameMatchingMethodName
4,net.sourceforge.pmd.lang.java.dfa,D:\Users\Lenovo\Desktop\PMD-main\pmd-java\src\test\java\net\sourceforge\pmd\lang\java\dfa\AcceptanceTest.java,3,219,Field TEST4 has the same name as a method,Error Prone,AvoidFieldNameMatchingMethodName
5,net.sourceforge.pmd.lang.java.dfa,D:\Users\Lenovo\Desktop\PMD-main\pmd-java\src\test\java\net\sourceforge\pmd\lang\java\dfa\AcceptanceTest.java,3,224,Field TEST6 has the same name as a method,Error Prone,AvoidFieldNameMatchingMethodName
6,net.sourceforge.pmd.lang.java.dfa,D:\Users\Lenovo\Desktop\PMD-main\pmd-java\src\test\java\net\sourceforge\pmd\lang\java\dfa\AcceptanceTest.java,3,227,Field TEST7 has the same name as a method,Error Prone,AvoidFieldNameMatchingMethodName
7,net.sourceforge.pmd.lang.java.dfa,D:\Users\Lenovo\Desktop\PMD-main\pmd-java\src\test\java\net\sourceforge\pmd\lang\java\dfa\AcceptanceTest.java,3,232,Field TEST8 has the same name as a method,Error Prone,AvoidFieldNameMatchingMethodName
8,net.sourceforge.pmd.lang.java.dfa,D:\Users\Lenovo\Desktop\PMD-main\pmd-java\src\test\java\net\sourceforge\pmd\lang\java\dfa\AcceptanceTest.java,3,235,Field TEST9 has the same name as a method,Error Prone,AvoidFieldNameMatchingMethodName
9,net.sourceforge.pmd.lang.java.dfa,D:\Users\Lenovo\Desktop\PMD-main\pmd-java\src\test\java\net\sourceforge\pmd\lang\java\dfa\AcceptanceTest.java,3,238,Field TEST10 has the same name as a method,Error Prone,AvoidFieldNameMatchingMethodName
10,net.sourceforge.pmd.lang.java.dfa,D:\Users\Lenovo\Desktop\PMD-main\pmd-java\src\test\java\net\sourceforge\pmd\lang\java\dfa\AcceptanceTest.java,3,241,Field TEST11 has the same name as a method,Error Prone,AvoidFieldNameMatchingMethodName
11,net.sourceforge.pmd.lang.java.dfa,D:\Users\Lenovo\Desktop\PMD-main\pmd-java\src\test\java\net\sourceforge\pmd\lang\java\dfa\AcceptanceTest.java,3,245,Field TEST12 has the same name as a method,Error Prone,AvoidFieldNameMatchingMethodName
12,net.sourceforge.pmd.lang.java.dfa,D:\Users\Lenovo\Desktop\PMD-main\pmd-java\src\test\java\net\sourceforge\pmd\lang\java\dfa\AcceptanceTest.java,3,250,Field TEST13 has the same name as a method,Error Prone,AvoidFieldNameMatchingMethodName
13,net.sourceforge.pmd.lang.java.dfa,D:\Users\Lenovo\Desktop\PMD-main\pmd-java\src\test\java\net\sourceforge\pmd\lang\java\dfa\AcceptanceTest.java,3,256,Field TEST14 has the same name as a method,Error Prone,AvoidFieldNameMatchingMethodName
14,net.sourceforge.pmd.lang.java.dfa,D:\Users\Lenovo\Desktop\PMD-main\pmd-java\src\test\java\net\sourceforge\pmd\lang\java\dfa\AcceptanceTest.java,3,261,Field TEST15 has the same name as a method,Error Prone,AvoidFieldNameMatchingMethodName
15,net.sourceforge.pmd.lang.java.dfa,D:\Users\Lenovo\Desktop\PMD-main\pmd-java\src\test\java\net\sourceforge\pmd\lang\java\dfa\AcceptanceTest.java,3,266,Field TEST16 has the same name as a method,Error Prone,AvoidFieldNameMatchingMethodName
16,net.sourceforge.pmd.lang.java.dfa,D:\Users\Lenovo\Desktop\PMD-main\pmd-java\src\test\java\net\sourceforge\pmd\lang\java\dfa\AcceptanceTest.java,3,273,Field TEST17 has the same name as a method,Error Prone,AvoidFieldNameMatchingMethodName
17,net.sourceforge.pmd.lang.java.dfa,D:\Users\Lenovo\Desktop\PMD-main\pmd-java\src\test\java\net\sourceforge\pmd\lang\java\dfa\AcceptanceTest.java,3,280,Field TEST18 has the same name as a method,Error Prone,AvoidFieldNameMatchingMethodName
18,net.sourceforge.pmd.lang.java.dfa,D:\Users\Lenovo\Desktop\PMD-main\pmd-java\src\test\java\net\sourceforge\pmd\lang\java\dfa\AcceptanceTest.java,3,286,Field TEST19 has the same name as a method,Error Prone,AvoidFieldNameMatchingMethodName
19,net.sourceforge.pmd.lang.java.dfa,D:\Users\Lenovo\Desktop\PMD-main\pmd-java\src\test\java\net\sourceforge\pmd\lang\java\dfa\AcceptanceTest.java,3,292,Field TEST20 has the same name as a method,Error Prone,AvoidFieldNameMatchingMethodName
20,net.sourceforge.pmd.lang.java.dfa,D:\Users\Lenovo\Desktop\PMD-main\pmd-java\src\test\java\net\sourceforge\pmd\lang\java\dfa\AcceptanceTest.java,3,299,Field TEST21 has the same name as a method,Error Prone,AvoidFieldNameMatchingMethodName
21,net.sourceforge.pmd.lang.java.dfa,D:\Users\Lenovo\Desktop\PMD-main\pmd-java\src\test\java\net\sourceforge\pmd\lang\java\dfa\AcceptanceTest.java,3,306,Field TEST22 has the same name as a method,Error Prone,AvoidFieldNameMatchingMethodName
22,net.sourceforge.pmd.lang.java.dfa,D:\Users\Lenovo\Desktop\PMD-main\pmd-java\src\test\java\net\sourceforge\pmd\lang\java\dfa\AcceptanceTest.java,3,313,Field TEST23 has the same name as a method,Error Prone,AvoidFieldNameMatchingMethodName
23,net.sourceforge.pmd.lang.java.dfa,D:\Users\Lenovo\Desktop\PMD-main\pmd-java\src\test\java\net\sourceforge\pmd\lang\java\dfa\AcceptanceTest.java,3,320,Field TEST24 has the same name as a method,Error Prone,AvoidFieldNameMatchingMethodName
24,net.sourceforge.pmd.lang.java.dfa,D:\Users\Lenovo\Desktop\PMD-main\pmd-java\src\test\java\net\sourceforge\pmd\lang\java\dfa\AcceptanceTest.java,3,326,Field TEST25 has the same name as a method,Error Prone,AvoidFieldNameMatchingMethodName
25,net.sourceforge.pmd.lang.java.dfa,D:\Users\Lenovo\Desktop\PMD-main\pmd-java\src\test\java\net\sourceforge\pmd\lang\java\dfa\AcceptanceTest.java,3,332,Field TEST26 has the same name as a method,Error Prone,AvoidFieldNameMatchingMethodName
26,net.sourceforge.pmd.lang.java.dfa,D:\Users\Lenovo\Desktop\PMD-main\pmd-java\src\test\java\net\sourceforge\pmd\lang\java\dfa\AcceptanceTest.java,3,338,Field TEST27 has the same name as a method,Error Prone,AvoidFieldNameMatchingMethodName
27,net.sourceforge.pmd.lang.java.dfa,D:\Users\Lenovo\Desktop\PMD-main\pmd-java\src\test\java\net\sourceforge\pmd\lang\java\dfa\AcceptanceTest.java,3,344,Field TEST28 has the same name as a method,Error Prone,AvoidFieldNameMatchingMethodName
28,net.sourceforge.pmd.lang.java.dfa,D:\Users\Lenovo\Desktop\PMD-main\pmd-java\src\test\java\net\sourceforge\pmd\lang\java\dfa\AcceptanceTest.java,3,351,Field TEST29 has the same name as a method,Error Prone,AvoidFieldNameMatchingMethodName
29,net.sourceforge.pmd.lang.java.dfa,D:\Users\Lenovo\Desktop\PMD-main\pmd-java\src\test\java\net\sourceforge\pmd\lang\java\dfa\AcceptanceTest.java,3,357,Field TEST30 has the same name as a method,Error Prone,AvoidFieldNameMatchingMethodName
1,net.sourceforge.pmd.lang.java.dfa,D:\Users\Lenovo\Desktop\PMD-main\pmd-java\src\test\java\net\sourceforge\pmd\lang\java\dfa\GeneralFiddlingTest.java,3,56,Field TEST1 has the same name as a method,Error Prone,AvoidFieldNameMatchingMethodName
1,net.sourceforge.pmd.lang.java.metrics.testdata,D:\Users\Lenovo\Desktop\PMD-main\pmd-java\src\test\java\net\sourceforge\pmd\lang\java\metrics\testdata\GetterDetection.java,3,14,Field value has the same name as a method,Error Prone,AvoidFieldNameMatchingMethodName
1,net.sourceforge.pmd.lang.java.metrics.testdata,D:\Users\Lenovo\Desktop\PMD-main\pmd-java\src\test\java\net\sourceforge\pmd\lang\java\metrics\testdata\SetterDetection.java,3,13,Field value has the same name as a method,Error Prone,AvoidFieldNameMatchingMethodName
2,net.sourceforge.pmd.lang.java.metrics.testdata,D:\Users\Lenovo\Desktop\PMD-main\pmd-java\src\test\java\net\sourceforge\pmd\lang\java\metrics\testdata\SetterDetection.java,3,14,Field speed has the same name as a method,Error Prone,AvoidFieldNameMatchingMethodName
3,net.sourceforge.pmd.lang.java.metrics.testdata,D:\Users\Lenovo\Desktop\PMD-main\pmd-java\src\test\java\net\sourceforge\pmd\lang\java\metrics\testdata\SetterDetection.java,3,15,Field mutX has the same name as a method,Error Prone,AvoidFieldNameMatchingMethodName
4,net.sourceforge.pmd.lang.java.metrics.testdata,D:\Users\Lenovo\Desktop\PMD-main\pmd-java\src\test\java\net\sourceforge\pmd\lang\java\metrics\testdata\SetterDetection.java,3,16,Field bool has the same name as a method,Error Prone,AvoidFieldNameMatchingMethodName
1,,D:\Users\Lenovo\Desktop\PMD-main\pmd-java\src\test\java\net\sourceforge\pmd\lang\java\rule\checks\ToStringReturningNullCheck.java,2,15,toString() and clone() methods should not return null,Sonar,ToStringReturningNullCheck
2,,D:\Users\Lenovo\Desktop\PMD-main\pmd-java\src\test\java\net\sourceforge\pmd\lang\java\rule\checks\ToStringReturningNullCheck.java,2,21,toString() and clone() methods should not return null,Sonar,ToStringReturningNullCheck
1,net.sourceforge.pmd.lang.java.symboltable,D:\Users\Lenovo\Desktop\PMD-main\pmd-java\src\test\java\net\sourceforge\pmd\lang\java\symboltable\ClassScopeTest.java,2,75,Inappropriate Collection calls should not be made,Sonar,CollectionInappropriateCallsCheck
2,net.sourceforge.pmd.lang.java.symboltable,D:\Users\Lenovo\Desktop\PMD-main\pmd-java\src\test\java\net\sourceforge\pmd\lang\java\symboltable\ClassScopeTest.java,2,88,Inappropriate Collection calls should not be made,Sonar,CollectionInappropriateCallsCheck
1,net.sourceforge.pmd.typeresolution,D:\Users\Lenovo\Desktop\PMD-main\pmd-java\src\test\java\net\sourceforge\pmd\typeresolution\ClassTypeResolverTest.java,1,169,Reflection should not be used to check non-runtime annotations,Sonar,ReflectionOnNonRuntimeAnnotationCheck
1,net.sourceforge.pmd.typeresolution,D:\Users\Lenovo\Desktop\PMD-main\pmd-java\src\test\java\net\sourceforge\pmd\typeresolution\PMDASMClassLoaderTest.java,2,112,Execution of the Garbage Collector should be triggered only by the JVM,Sonar,GarbageCollectorCalledCheck
1,net.sourceforge.pmd.typeresolution.testdata,D:\Users\Lenovo\Desktop\PMD-main\pmd-java\src\test\java\net\sourceforge\pmd\typeresolution\testdata\FieldAccess.java,2,21,public static fields should be constant,Sonar,PublicStaticFieldShouldBeFinalCheck
1,net.sourceforge.pmd.typeresolution.testdata,D:\Users\Lenovo\Desktop\PMD-main\pmd-java\src\test\java\net\sourceforge\pmd\typeresolution\testdata\FieldAccessStatic.java,2,15,public static fields should be constant,Sonar,PublicStaticFieldShouldBeFinalCheck
2,net.sourceforge.pmd.typeresolution.testdata,D:\Users\Lenovo\Desktop\PMD-main\pmd-java\src\test\java\net\sourceforge\pmd\typeresolution\testdata\FieldAccessStatic.java,2,46,Instance methods should not write to static fields,Sonar,StaticFieldUpateCheck
1,net.sourceforge.pmd.typeresolution.testdata,D:\Users\Lenovo\Desktop\PMD-main\pmd-java\src\test\java\net\sourceforge\pmd\typeresolution\testdata\MethodStaticAccess.java,2,15,public static fields should be constant,Sonar,PublicStaticFieldShouldBeFinalCheck
1,net.sourceforge.pmd.typeresolution.testdata,D:\Users\Lenovo\Desktop\PMD-main\pmd-java\src\test\java\net\sourceforge\pmd\typeresolution\testdata\Operators.java,2,18,Short-circuit logic should be used in boolean contexts,Sonar,NonShortCircuitLogicCheck
2,net.sourceforge.pmd.typeresolution.testdata,D:\Users\Lenovo\Desktop\PMD-main\pmd-java\src\test\java\net\sourceforge\pmd\typeresolution\testdata\Operators.java,2,19,Short-circuit logic should be used in boolean contexts,Sonar,NonShortCircuitLogicCheck
3,net.sourceforge.pmd.typeresolution.testdata,D:\Users\Lenovo\Desktop\PMD-main\pmd-java\src\test\java\net\sourceforge\pmd\typeresolution\testdata\Operators.java,2,25,Identical expressions should not be used on both sides of a binary operator,Sonar,IdenticalOperandOnBinaryExpressionCheck
4,net.sourceforge.pmd.typeresolution.testdata,D:\Users\Lenovo\Desktop\PMD-main\pmd-java\src\test\java\net\sourceforge\pmd\typeresolution\testdata\Operators.java,2,26,Identical expressions should not be used on both sides of a binary operator,Sonar,IdenticalOperandOnBinaryExpressionCheck
5,net.sourceforge.pmd.typeresolution.testdata,D:\Users\Lenovo\Desktop\PMD-main\pmd-java\src\test\java\net\sourceforge\pmd\typeresolution\testdata\Operators.java,2,46,Identical expressions should not be used on both sides of a binary operator,Sonar,IdenticalOperandOnBinaryExpressionCheck
1,net.sourceforge.pmd.typeresolution.testdata.dummytypes,D:\Users\Lenovo\Desktop\PMD-main\pmd-java\src\test\java\net\sourceforge\pmd\typeresolution\testdata\dummytypes\StaticMembers.java,2,8,public static fields should be constant,Sonar,PublicStaticFieldShouldBeFinalCheck
2,net.sourceforge.pmd.typeresolution.testdata.dummytypes,D:\Users\Lenovo\Desktop\PMD-main\pmd-java\src\test\java\net\sourceforge\pmd\typeresolution\testdata\dummytypes\StaticMembers.java,2,9,public static fields should be constant,Sonar,PublicStaticFieldShouldBeFinalCheck
3,net.sourceforge.pmd.typeresolution.testdata.dummytypes,D:\Users\Lenovo\Desktop\PMD-main\pmd-java\src\test\java\net\sourceforge\pmd\typeresolution\testdata\dummytypes\StaticMembers.java,2,10,public static fields should be constant,Sonar,PublicStaticFieldShouldBeFinalCheck
4,net.sourceforge.pmd.typeresolution.testdata.dummytypes,D:\Users\Lenovo\Desktop\PMD-main\pmd-java\src\test\java\net\sourceforge\pmd\typeresolution\testdata\dummytypes\StaticMembers.java,2,11,public static fields should be constant,Sonar,PublicStaticFieldShouldBeFinalCheck
1,net.sourceforge.pmd.typeresolution.testdata.dummytypes,D:\Users\Lenovo\Desktop\PMD-main\pmd-java\src\test\java\net\sourceforge\pmd\typeresolution\testdata\dummytypes\StaticSuper.java,2,8,public static fields should be constant,Sonar,PublicStaticFieldShouldBeFinalCheck
1,,D:\Users\Lenovo\Desktop\PMD-main\pmd-java\src\test\resources\net\sourceforge\pmd\ast\ParserCornerCases.java,3,213,Avoid empty if statements,Error Prone,EmptyIfStmt
2,,D:\Users\Lenovo\Desktop\PMD-main\pmd-java\src\test\resources\net\sourceforge\pmd\ast\ParserCornerCases.java,2,217,Avoid comparing class names directly. Use instanceof or Class.isAssignableFrom() instead.,Sonar,ClassComparedByNameCheck
3,,D:\Users\Lenovo\Desktop\PMD-main\pmd-java\src\test\resources\net\sourceforge\pmd\ast\ParserCornerCases.java,3,217,Avoid empty if statements,Error Prone,EmptyIfStmt
4,,D:\Users\Lenovo\Desktop\PMD-main\pmd-java\src\test\resources\net\sourceforge\pmd\ast\ParserCornerCases.java,3,221,Avoid empty if statements,Error Prone,EmptyIfStmt
1,,D:\Users\Lenovo\Desktop\PMD-main\pmd-java\src\test\resources\net\sourceforge\pmd\ast\ParserCornerCases17.java,3,170,Avoid printStackTrace(); use a logger call instead.,Best Practices,AvoidPrintStackTrace
1,,D:\Users\Lenovo\Desktop\PMD-main\pmd-java\src\test\resources\net\sourceforge\pmd\cli\EmptyIfStatement.java,3,11,Avoid empty if statements,Error Prone,EmptyIfStmt
1,net.sourceforge.pmd.lang.java.ast,D:\Users\Lenovo\Desktop\PMD-main\pmd-java\target\generated-sources\javacc\net\sourceforge\pmd\lang\java\ast\JJTJavaParserState.java,2,53,Collection methods with O(n) performance should be used carefully,Sonar,CollectionMethodsWithLinearComplexityCheck
2,net.sourceforge.pmd.lang.java.ast,D:\Users\Lenovo\Desktop\PMD-main\pmd-java\target\generated-sources\javacc\net\sourceforge\pmd\lang\java\ast\JJTJavaParserState.java,2,55,Collection methods with O(n) performance should be used carefully,Sonar,CollectionMethodsWithLinearComplexityCheck
3,net.sourceforge.pmd.lang.java.ast,D:\Users\Lenovo\Desktop\PMD-main\pmd-java\target\generated-sources\javacc\net\sourceforge\pmd\lang\java\ast\JJTJavaParserState.java,2,74,Collection methods with O(n) performance should be used carefully,Sonar,CollectionMethodsWithLinearComplexityCheck
4,net.sourceforge.pmd.lang.java.ast,D:\Users\Lenovo\Desktop\PMD-main\pmd-java\target\generated-sources\javacc\net\sourceforge\pmd\lang\java\ast\JJTJavaParserState.java,2,90,Collection methods with O(n) performance should be used carefully,Sonar,CollectionMethodsWithLinearComplexityCheck
5,net.sourceforge.pmd.lang.java.ast,D:\Users\Lenovo\Desktop\PMD-main\pmd-java\target\generated-sources\javacc\net\sourceforge\pmd\lang\java\ast\JJTJavaParserState.java,2,110,Collection methods with O(n) performance should be used carefully,Sonar,CollectionMethodsWithLinearComplexityCheck
6,net.sourceforge.pmd.lang.java.ast,D:\Users\Lenovo\Desktop\PMD-main\pmd-java\target\generated-sources\javacc\net\sourceforge\pmd\lang\java\ast\JJTJavaParserState.java,2,120,Collection methods with O(n) performance should be used carefully,Sonar,CollectionMethodsWithLinearComplexityCheck
1,net.sourceforge.pmd.lang.java.ast,D:\Users\Lenovo\Desktop\PMD-main\pmd-java\target\generated-sources\javacc\net\sourceforge\pmd\lang\java\ast\JavaParser.java,3,359,A catch statement should never catch throwable since it includes errors.,Error Prone,AvoidCatchingThrowable
2,net.sourceforge.pmd.lang.java.ast,D:\Users\Lenovo\Desktop\PMD-main\pmd-java\target\generated-sources\javacc\net\sourceforge\pmd\lang\java\ast\JavaParser.java,3,395,Avoid empty if statements,Error Prone,EmptyIfStmt
3,net.sourceforge.pmd.lang.java.ast,D:\Users\Lenovo\Desktop\PMD-main\pmd-java\target\generated-sources\javacc\net\sourceforge\pmd\lang\java\ast\JavaParser.java,3,426,A catch statement should never catch throwable since it includes errors.,Error Prone,AvoidCatchingThrowable
4,net.sourceforge.pmd.lang.java.ast,D:\Users\Lenovo\Desktop\PMD-main\pmd-java\target\generated-sources\javacc\net\sourceforge\pmd\lang\java\ast\JavaParser.java,3,477,A catch statement should never catch throwable since it includes errors.,Error Prone,AvoidCatchingThrowable
5,net.sourceforge.pmd.lang.java.ast,D:\Users\Lenovo\Desktop\PMD-main\pmd-java\target\generated-sources\javacc\net\sourceforge\pmd\lang\java\ast\JavaParser.java,3,609,A catch statement should never catch throwable since it includes errors.,Error Prone,AvoidCatchingThrowable
6,net.sourceforge.pmd.lang.java.ast,D:\Users\Lenovo\Desktop\PMD-main\pmd-java\target\generated-sources\javacc\net\sourceforge\pmd\lang\java\ast\JavaParser.java,3,707,A catch statement should never catch throwable since it includes errors.,Error Prone,AvoidCatchingThrowable
7,net.sourceforge.pmd.lang.java.ast,D:\Users\Lenovo\Desktop\PMD-main\pmd-java\target\generated-sources\javacc\net\sourceforge\pmd\lang\java\ast\JavaParser.java,3,776,A catch statement should never catch throwable since it includes errors.,Error Prone,AvoidCatchingThrowable
8,net.sourceforge.pmd.lang.java.ast,D:\Users\Lenovo\Desktop\PMD-main\pmd-java\target\generated-sources\javacc\net\sourceforge\pmd\lang\java\ast\JavaParser.java,3,844,A catch statement should never catch throwable since it includes errors.,Error Prone,AvoidCatchingThrowable
9,net.sourceforge.pmd.lang.java.ast,D:\Users\Lenovo\Desktop\PMD-main\pmd-java\target\generated-sources\javacc\net\sourceforge\pmd\lang\java\ast\JavaParser.java,3,893,A catch statement should never catch throwable since it includes errors.,Error Prone,AvoidCatchingThrowable
10,net.sourceforge.pmd.lang.java.ast,D:\Users\Lenovo\Desktop\PMD-main\pmd-java\target\generated-sources\javacc\net\sourceforge\pmd\lang\java\ast\JavaParser.java,3,927,A non-case label was present in a switch statement,Error Prone,NonCaseLabelInSwitchStatement
11,net.sourceforge.pmd.lang.java.ast,D:\Users\Lenovo\Desktop\PMD-main\pmd-java\target\generated-sources\javacc\net\sourceforge\pmd\lang\java\ast\JavaParser.java,3,940,A non-case label was present in a switch statement,Error Prone,NonCaseLabelInSwitchStatement
12,net.sourceforge.pmd.lang.java.ast,D:\Users\Lenovo\Desktop\PMD-main\pmd-java\target\generated-sources\javacc\net\sourceforge\pmd\lang\java\ast\JavaParser.java,3,948,A non-case label was present in a switch statement,Error Prone,NonCaseLabelInSwitchStatement
13,net.sourceforge.pmd.lang.java.ast,D:\Users\Lenovo\Desktop\PMD-main\pmd-java\target\generated-sources\javacc\net\sourceforge\pmd\lang\java\ast\JavaParser.java,3,978,A non-case label was present in a switch statement,Error Prone,NonCaseLabelInSwitchStatement
14,net.sourceforge.pmd.lang.java.ast,D:\Users\Lenovo\Desktop\PMD-main\pmd-java\target\generated-sources\javacc\net\sourceforge\pmd\lang\java\ast\JavaParser.java,3,997,A catch statement should never catch throwable since it includes errors.,Error Prone,AvoidCatchingThrowable
15,net.sourceforge.pmd.lang.java.ast,D:\Users\Lenovo\Desktop\PMD-main\pmd-java\target\generated-sources\javacc\net\sourceforge\pmd\lang\java\ast\JavaParser.java,3,1044,A catch statement should never catch throwable since it includes errors.,Error Prone,AvoidCatchingThrowable
16,net.sourceforge.pmd.lang.java.ast,D:\Users\Lenovo\Desktop\PMD-main\pmd-java\target\generated-sources\javacc\net\sourceforge\pmd\lang\java\ast\JavaParser.java,3,1090,A catch statement should never catch throwable since it includes errors.,Error Prone,AvoidCatchingThrowable
17,net.sourceforge.pmd.lang.java.ast,D:\Users\Lenovo\Desktop\PMD-main\pmd-java\target\generated-sources\javacc\net\sourceforge\pmd\lang\java\ast\JavaParser.java,3,1141,A catch statement should never catch throwable since it includes errors.,Error Prone,AvoidCatchingThrowable
18,net.sourceforge.pmd.lang.java.ast,D:\Users\Lenovo\Desktop\PMD-main\pmd-java\target\generated-sources\javacc\net\sourceforge\pmd\lang\java\ast\JavaParser.java,3,1209,A catch statement should never catch throwable since it includes errors.,Error Prone,AvoidCatchingThrowable
19,net.sourceforge.pmd.lang.java.ast,D:\Users\Lenovo\Desktop\PMD-main\pmd-java\target\generated-sources\javacc\net\sourceforge\pmd\lang\java\ast\JavaParser.java,3,1249,A catch statement should never catch throwable since it includes errors.,Error Prone,AvoidCatchingThrowable
20,net.sourceforge.pmd.lang.java.ast,D:\Users\Lenovo\Desktop\PMD-main\pmd-java\target\generated-sources\javacc\net\sourceforge\pmd\lang\java\ast\JavaParser.java,3,1309,A catch statement should never catch throwable since it includes errors.,Error Prone,AvoidCatchingThrowable
21,net.sourceforge.pmd.lang.java.ast,D:\Users\Lenovo\Desktop\PMD-main\pmd-java\target\generated-sources\javacc\net\sourceforge\pmd\lang\java\ast\JavaParser.java,3,1354,A catch statement should never catch throwable since it includes errors.,Error Prone,AvoidCatchingThrowable
22,net.sourceforge.pmd.lang.java.ast,D:\Users\Lenovo\Desktop\PMD-main\pmd-java\target\generated-sources\javacc\net\sourceforge\pmd\lang\java\ast\JavaParser.java,3,1393,A catch statement should never catch throwable since it includes errors.,Error Prone,AvoidCatchingThrowable
23,net.sourceforge.pmd.lang.java.ast,D:\Users\Lenovo\Desktop\PMD-main\pmd-java\target\generated-sources\javacc\net\sourceforge\pmd\lang\java\ast\JavaParser.java,3,1437,A non-case label was present in a switch statement,Error Prone,NonCaseLabelInSwitchStatement
24,net.sourceforge.pmd.lang.java.ast,D:\Users\Lenovo\Desktop\PMD-main\pmd-java\target\generated-sources\javacc\net\sourceforge\pmd\lang\java\ast\JavaParser.java,3,1493,A catch statement should never catch throwable since it includes errors.,Error Prone,AvoidCatchingThrowable
25,net.sourceforge.pmd.lang.java.ast,D:\Users\Lenovo\Desktop\PMD-main\pmd-java\target\generated-sources\javacc\net\sourceforge\pmd\lang\java\ast\JavaParser.java,3,1547,A catch statement should never catch throwable since it includes errors.,Error Prone,AvoidCatchingThrowable
26,net.sourceforge.pmd.lang.java.ast,D:\Users\Lenovo\Desktop\PMD-main\pmd-java\target\generated-sources\javacc\net\sourceforge\pmd\lang\java\ast\JavaParser.java,3,1620,A catch statement should never catch throwable since it includes errors.,Error Prone,AvoidCatchingThrowable
27,net.sourceforge.pmd.lang.java.ast,D:\Users\Lenovo\Desktop\PMD-main\pmd-java\target\generated-sources\javacc\net\sourceforge\pmd\lang\java\ast\JavaParser.java,3,1667,A catch statement should never catch throwable since it includes errors.,Error Prone,AvoidCatchingThrowable
28,net.sourceforge.pmd.lang.java.ast,D:\Users\Lenovo\Desktop\PMD-main\pmd-java\target\generated-sources\javacc\net\sourceforge\pmd\lang\java\ast\JavaParser.java,3,1710,A non-case label was present in a switch statement,Error Prone,NonCaseLabelInSwitchStatement
29,net.sourceforge.pmd.lang.java.ast,D:\Users\Lenovo\Desktop\PMD-main\pmd-java\target\generated-sources\javacc\net\sourceforge\pmd\lang\java\ast\JavaParser.java,3,1729,A catch statement should never catch throwable since it includes errors.,Error Prone,AvoidCatchingThrowable
30,net.sourceforge.pmd.lang.java.ast,D:\Users\Lenovo\Desktop\PMD-main\pmd-java\target\generated-sources\javacc\net\sourceforge\pmd\lang\java\ast\JavaParser.java,3,1809,A catch statement should never catch throwable since it includes errors.,Error Prone,AvoidCatchingThrowable
31,net.sourceforge.pmd.lang.java.ast,D:\Users\Lenovo\Desktop\PMD-main\pmd-java\target\generated-sources\javacc\net\sourceforge\pmd\lang\java\ast\JavaParser.java,3,1879,A catch statement should never catch throwable since it includes errors.,Error Prone,AvoidCatchingThrowable
32,net.sourceforge.pmd.lang.java.ast,D:\Users\Lenovo\Desktop\PMD-main\pmd-java\target\generated-sources\javacc\net\sourceforge\pmd\lang\java\ast\JavaParser.java,3,1942,A catch statement should never catch throwable since it includes errors.,Error Prone,AvoidCatchingThrowable
33,net.sourceforge.pmd.lang.java.ast,D:\Users\Lenovo\Desktop\PMD-main\pmd-java\target\generated-sources\javacc\net\sourceforge\pmd\lang\java\ast\JavaParser.java,3,1981,A catch statement should never catch throwable since it includes errors.,Error Prone,AvoidCatchingThrowable
34,net.sourceforge.pmd.lang.java.ast,D:\Users\Lenovo\Desktop\PMD-main\pmd-java\target\generated-sources\javacc\net\sourceforge\pmd\lang\java\ast\JavaParser.java,3,2036,A catch statement should never catch throwable since it includes errors.,Error Prone,AvoidCatchingThrowable
35,net.sourceforge.pmd.lang.java.ast,D:\Users\Lenovo\Desktop\PMD-main\pmd-java\target\generated-sources\javacc\net\sourceforge\pmd\lang\java\ast\JavaParser.java,3,2075,A non-case label was present in a switch statement,Error Prone,NonCaseLabelInSwitchStatement
36,net.sourceforge.pmd.lang.java.ast,D:\Users\Lenovo\Desktop\PMD-main\pmd-java\target\generated-sources\javacc\net\sourceforge\pmd\lang\java\ast\JavaParser.java,3,2087,A non-case label was present in a switch statement,Error Prone,NonCaseLabelInSwitchStatement
37,net.sourceforge.pmd.lang.java.ast,D:\Users\Lenovo\Desktop\PMD-main\pmd-java\target\generated-sources\javacc\net\sourceforge\pmd\lang\java\ast\JavaParser.java,3,2101,A non-case label was present in a switch statement,Error Prone,NonCaseLabelInSwitchStatement
38,net.sourceforge.pmd.lang.java.ast,D:\Users\Lenovo\Desktop\PMD-main\pmd-java\target\generated-sources\javacc\net\sourceforge\pmd\lang\java\ast\JavaParser.java,3,2113,A non-case label was present in a switch statement,Error Prone,NonCaseLabelInSwitchStatement
39,net.sourceforge.pmd.lang.java.ast,D:\Users\Lenovo\Desktop\PMD-main\pmd-java\target\generated-sources\javacc\net\sourceforge\pmd\lang\java\ast\JavaParser.java,3,2130,A catch statement should never catch throwable since it includes errors.,Error Prone,AvoidCatchingThrowable
40,net.sourceforge.pmd.lang.java.ast,D:\Users\Lenovo\Desktop\PMD-main\pmd-java\target\generated-sources\javacc\net\sourceforge\pmd\lang\java\ast\JavaParser.java,3,2187,A catch statement should never catch throwable since it includes errors.,Error Prone,AvoidCatchingThrowable
41,net.sourceforge.pmd.lang.java.ast,D:\Users\Lenovo\Desktop\PMD-main\pmd-java\target\generated-sources\javacc\net\sourceforge\pmd\lang\java\ast\JavaParser.java,3,2247,A catch statement should never catch throwable since it includes errors.,Error Prone,AvoidCatchingThrowable
42,net.sourceforge.pmd.lang.java.ast,D:\Users\Lenovo\Desktop\PMD-main\pmd-java\target\generated-sources\javacc\net\sourceforge\pmd\lang\java\ast\JavaParser.java,3,2317,A catch statement should never catch throwable since it includes errors.,Error Prone,AvoidCatchingThrowable
43,net.sourceforge.pmd.lang.java.ast,D:\Users\Lenovo\Desktop\PMD-main\pmd-java\target\generated-sources\javacc\net\sourceforge\pmd\lang\java\ast\JavaParser.java,3,2371,A catch statement should never catch throwable since it includes errors.,Error Prone,AvoidCatchingThrowable
44,net.sourceforge.pmd.lang.java.ast,D:\Users\Lenovo\Desktop\PMD-main\pmd-java\target\generated-sources\javacc\net\sourceforge\pmd\lang\java\ast\JavaParser.java,3,2497,A catch statement should never catch throwable since it includes errors.,Error Prone,AvoidCatchingThrowable
45,net.sourceforge.pmd.lang.java.ast,D:\Users\Lenovo\Desktop\PMD-main\pmd-java\target\generated-sources\javacc\net\sourceforge\pmd\lang\java\ast\JavaParser.java,3,2597,A catch statement should never catch throwable since it includes errors.,Error Prone,AvoidCatchingThrowable
46,net.sourceforge.pmd.lang.java.ast,D:\Users\Lenovo\Desktop\PMD-main\pmd-java\target\generated-sources\javacc\net\sourceforge\pmd\lang\java\ast\JavaParser.java,3,2636,A catch statement should never catch throwable since it includes errors.,Error Prone,AvoidCatchingThrowable
47,net.sourceforge.pmd.lang.java.ast,D:\Users\Lenovo\Desktop\PMD-main\pmd-java\target\generated-sources\javacc\net\sourceforge\pmd\lang\java\ast\JavaParser.java,3,2781,A catch statement should never catch throwable since it includes errors.,Error Prone,AvoidCatchingThrowable
48,net.sourceforge.pmd.lang.java.ast,D:\Users\Lenovo\Desktop\PMD-main\pmd-java\target\generated-sources\javacc\net\sourceforge\pmd\lang\java\ast\JavaParser.java,3,2821,A catch statement should never catch throwable since it includes errors.,Error Prone,AvoidCatchingThrowable
49,net.sourceforge.pmd.lang.java.ast,D:\Users\Lenovo\Desktop\PMD-main\pmd-java\target\generated-sources\javacc\net\sourceforge\pmd\lang\java\ast\JavaParser.java,3,2861,A catch statement should never catch throwable since it includes errors.,Error Prone,AvoidCatchingThrowable
50,net.sourceforge.pmd.lang.java.ast,D:\Users\Lenovo\Desktop\PMD-main\pmd-java\target\generated-sources\javacc\net\sourceforge\pmd\lang\java\ast\JavaParser.java,3,2901,A catch statement should never catch throwable since it includes errors.,Error Prone,AvoidCatchingThrowable
51,net.sourceforge.pmd.lang.java.ast,D:\Users\Lenovo\Desktop\PMD-main\pmd-java\target\generated-sources\javacc\net\sourceforge\pmd\lang\java\ast\JavaParser.java,3,2941,A catch statement should never catch throwable since it includes errors.,Error Prone,AvoidCatchingThrowable
52,net.sourceforge.pmd.lang.java.ast,D:\Users\Lenovo\Desktop\PMD-main\pmd-java\target\generated-sources\javacc\net\sourceforge\pmd\lang\java\ast\JavaParser.java,3,2981,A catch statement should never catch throwable since it includes errors.,Error Prone,AvoidCatchingThrowable
53,net.sourceforge.pmd.lang.java.ast,D:\Users\Lenovo\Desktop\PMD-main\pmd-java\target\generated-sources\javacc\net\sourceforge\pmd\lang\java\ast\JavaParser.java,3,3034,A catch statement should never catch throwable since it includes errors.,Error Prone,AvoidCatchingThrowable
54,net.sourceforge.pmd.lang.java.ast,D:\Users\Lenovo\Desktop\PMD-main\pmd-java\target\generated-sources\javacc\net\sourceforge\pmd\lang\java\ast\JavaParser.java,3,3070,A catch statement should never catch throwable since it includes errors.,Error Prone,AvoidCatchingThrowable
55,net.sourceforge.pmd.lang.java.ast,D:\Users\Lenovo\Desktop\PMD-main\pmd-java\target\generated-sources\javacc\net\sourceforge\pmd\lang\java\ast\JavaParser.java,3,3131,A catch statement should never catch throwable since it includes errors.,Error Prone,AvoidCatchingThrowable
56,net.sourceforge.pmd.lang.java.ast,D:\Users\Lenovo\Desktop\PMD-main\pmd-java\target\generated-sources\javacc\net\sourceforge\pmd\lang\java\ast\JavaParser.java,3,3188,A catch statement should never catch throwable since it includes errors.,Error Prone,AvoidCatchingThrowable
57,net.sourceforge.pmd.lang.java.ast,D:\Users\Lenovo\Desktop\PMD-main\pmd-java\target\generated-sources\javacc\net\sourceforge\pmd\lang\java\ast\JavaParser.java,3,3241,A catch statement should never catch throwable since it includes errors.,Error Prone,AvoidCatchingThrowable
58,net.sourceforge.pmd.lang.java.ast,D:\Users\Lenovo\Desktop\PMD-main\pmd-java\target\generated-sources\javacc\net\sourceforge\pmd\lang\java\ast\JavaParser.java,3,3298,A catch statement should never catch throwable since it includes errors.,Error Prone,AvoidCatchingThrowable
59,net.sourceforge.pmd.lang.java.ast,D:\Users\Lenovo\Desktop\PMD-main\pmd-java\target\generated-sources\javacc\net\sourceforge\pmd\lang\java\ast\JavaParser.java,3,3361,A catch statement should never catch throwable since it includes errors.,Error Prone,AvoidCatchingThrowable
60,net.sourceforge.pmd.lang.java.ast,D:\Users\Lenovo\Desktop\PMD-main\pmd-java\target\generated-sources\javacc\net\sourceforge\pmd\lang\java\ast\JavaParser.java,3,3392,A catch statement should never catch throwable since it includes errors.,Error Prone,AvoidCatchingThrowable
61,net.sourceforge.pmd.lang.java.ast,D:\Users\Lenovo\Desktop\PMD-main\pmd-java\target\generated-sources\javacc\net\sourceforge\pmd\lang\java\ast\JavaParser.java,3,3423,A catch statement should never catch throwable since it includes errors.,Error Prone,AvoidCatchingThrowable
62,net.sourceforge.pmd.lang.java.ast,D:\Users\Lenovo\Desktop\PMD-main\pmd-java\target\generated-sources\javacc\net\sourceforge\pmd\lang\java\ast\JavaParser.java,3,3491,A catch statement should never catch throwable since it includes errors.,Error Prone,AvoidCatchingThrowable
63,net.sourceforge.pmd.lang.java.ast,D:\Users\Lenovo\Desktop\PMD-main\pmd-java\target\generated-sources\javacc\net\sourceforge\pmd\lang\java\ast\JavaParser.java,3,3543,A catch statement should never catch throwable since it includes errors.,Error Prone,AvoidCatchingThrowable
64,net.sourceforge.pmd.lang.java.ast,D:\Users\Lenovo\Desktop\PMD-main\pmd-java\target\generated-sources\javacc\net\sourceforge\pmd\lang\java\ast\JavaParser.java,3,3593,A non-case label was present in a switch statement,Error Prone,NonCaseLabelInSwitchStatement
65,net.sourceforge.pmd.lang.java.ast,D:\Users\Lenovo\Desktop\PMD-main\pmd-java\target\generated-sources\javacc\net\sourceforge\pmd\lang\java\ast\JavaParser.java,3,3606,A non-case label was present in a switch statement,Error Prone,NonCaseLabelInSwitchStatement
66,net.sourceforge.pmd.lang.java.ast,D:\Users\Lenovo\Desktop\PMD-main\pmd-java\target\generated-sources\javacc\net\sourceforge\pmd\lang\java\ast\JavaParser.java,3,3629,A catch statement should never catch throwable since it includes errors.,Error Prone,AvoidCatchingThrowable
67,net.sourceforge.pmd.lang.java.ast,D:\Users\Lenovo\Desktop\PMD-main\pmd-java\target\generated-sources\javacc\net\sourceforge\pmd\lang\java\ast\JavaParser.java,3,3664,A catch statement should never catch throwable since it includes errors.,Error Prone,AvoidCatchingThrowable
68,net.sourceforge.pmd.lang.java.ast,D:\Users\Lenovo\Desktop\PMD-main\pmd-java\target\generated-sources\javacc\net\sourceforge\pmd\lang\java\ast\JavaParser.java,3,3703,A catch statement should never catch throwable since it includes errors.,Error Prone,AvoidCatchingThrowable
69,net.sourceforge.pmd.lang.java.ast,D:\Users\Lenovo\Desktop\PMD-main\pmd-java\target\generated-sources\javacc\net\sourceforge\pmd\lang\java\ast\JavaParser.java,3,3750,A catch statement should never catch throwable since it includes errors.,Error Prone,AvoidCatchingThrowable
70,net.sourceforge.pmd.lang.java.ast,D:\Users\Lenovo\Desktop\PMD-main\pmd-java\target\generated-sources\javacc\net\sourceforge\pmd\lang\java\ast\JavaParser.java,3,3808,A catch statement should never catch throwable since it includes errors.,Error Prone,AvoidCatchingThrowable
71,net.sourceforge.pmd.lang.java.ast,D:\Users\Lenovo\Desktop\PMD-main\pmd-java\target\generated-sources\javacc\net\sourceforge\pmd\lang\java\ast\JavaParser.java,3,3909,A catch statement should never catch throwable since it includes errors.,Error Prone,AvoidCatchingThrowable
72,net.sourceforge.pmd.lang.java.ast,D:\Users\Lenovo\Desktop\PMD-main\pmd-java\target\generated-sources\javacc\net\sourceforge\pmd\lang\java\ast\JavaParser.java,3,3978,A non-case label was present in a switch statement,Error Prone,NonCaseLabelInSwitchStatement
73,net.sourceforge.pmd.lang.java.ast,D:\Users\Lenovo\Desktop\PMD-main\pmd-java\target\generated-sources\javacc\net\sourceforge\pmd\lang\java\ast\JavaParser.java,3,4011,A catch statement should never catch throwable since it includes errors.,Error Prone,AvoidCatchingThrowable
74,net.sourceforge.pmd.lang.java.ast,D:\Users\Lenovo\Desktop\PMD-main\pmd-java\target\generated-sources\javacc\net\sourceforge\pmd\lang\java\ast\JavaParser.java,3,4047,A catch statement should never catch throwable since it includes errors.,Error Prone,AvoidCatchingThrowable
75,net.sourceforge.pmd.lang.java.ast,D:\Users\Lenovo\Desktop\PMD-main\pmd-java\target\generated-sources\javacc\net\sourceforge\pmd\lang\java\ast\JavaParser.java,3,4130,A catch statement should never catch throwable since it includes errors.,Error Prone,AvoidCatchingThrowable
76,net.sourceforge.pmd.lang.java.ast,D:\Users\Lenovo\Desktop\PMD-main\pmd-java\target\generated-sources\javacc\net\sourceforge\pmd\lang\java\ast\JavaParser.java,3,4226,A catch statement should never catch throwable since it includes errors.,Error Prone,AvoidCatchingThrowable
77,net.sourceforge.pmd.lang.java.ast,D:\Users\Lenovo\Desktop\PMD-main\pmd-java\target\generated-sources\javacc\net\sourceforge\pmd\lang\java\ast\JavaParser.java,3,4303,A catch statement should never catch throwable since it includes errors.,Error Prone,AvoidCatchingThrowable
78,net.sourceforge.pmd.lang.java.ast,D:\Users\Lenovo\Desktop\PMD-main\pmd-java\target\generated-sources\javacc\net\sourceforge\pmd\lang\java\ast\JavaParser.java,3,4386,A catch statement should never catch throwable since it includes errors.,Error Prone,AvoidCatchingThrowable
79,net.sourceforge.pmd.lang.java.ast,D:\Users\Lenovo\Desktop\PMD-main\pmd-java\target\generated-sources\javacc\net\sourceforge\pmd\lang\java\ast\JavaParser.java,3,4429,A catch statement should never catch throwable since it includes errors.,Error Prone,AvoidCatchingThrowable
80,net.sourceforge.pmd.lang.java.ast,D:\Users\Lenovo\Desktop\PMD-main\pmd-java\target\generated-sources\javacc\net\sourceforge\pmd\lang\java\ast\JavaParser.java,3,4512,A catch statement should never catch throwable since it includes errors.,Error Prone,AvoidCatchingThrowable
81,net.sourceforge.pmd.lang.java.ast,D:\Users\Lenovo\Desktop\PMD-main\pmd-java\target\generated-sources\javacc\net\sourceforge\pmd\lang\java\ast\JavaParser.java,3,4584,A non-case label was present in a switch statement,Error Prone,NonCaseLabelInSwitchStatement
82,net.sourceforge.pmd.lang.java.ast,D:\Users\Lenovo\Desktop\PMD-main\pmd-java\target\generated-sources\javacc\net\sourceforge\pmd\lang\java\ast\JavaParser.java,3,4606,A catch statement should never catch throwable since it includes errors.,Error Prone,AvoidCatchingThrowable
83,net.sourceforge.pmd.lang.java.ast,D:\Users\Lenovo\Desktop\PMD-main\pmd-java\target\generated-sources\javacc\net\sourceforge\pmd\lang\java\ast\JavaParser.java,3,4698,A catch statement should never catch throwable since it includes errors.,Error Prone,AvoidCatchingThrowable
84,net.sourceforge.pmd.lang.java.ast,D:\Users\Lenovo\Desktop\PMD-main\pmd-java\target\generated-sources\javacc\net\sourceforge\pmd\lang\java\ast\JavaParser.java,3,4731,A catch statement should never catch throwable since it includes errors.,Error Prone,AvoidCatchingThrowable
85,net.sourceforge.pmd.lang.java.ast,D:\Users\Lenovo\Desktop\PMD-main\pmd-java\target\generated-sources\javacc\net\sourceforge\pmd\lang\java\ast\JavaParser.java,3,4775,A catch statement should never catch throwable since it includes errors.,Error Prone,AvoidCatchingThrowable
86,net.sourceforge.pmd.lang.java.ast,D:\Users\Lenovo\Desktop\PMD-main\pmd-java\target\generated-sources\javacc\net\sourceforge\pmd\lang\java\ast\JavaParser.java,3,4829,A catch statement should never catch throwable since it includes errors.,Error Prone,AvoidCatchingThrowable
87,net.sourceforge.pmd.lang.java.ast,D:\Users\Lenovo\Desktop\PMD-main\pmd-java\target\generated-sources\javacc\net\sourceforge\pmd\lang\java\ast\JavaParser.java,3,4901,A catch statement should never catch throwable since it includes errors.,Error Prone,AvoidCatchingThrowable
88,net.sourceforge.pmd.lang.java.ast,D:\Users\Lenovo\Desktop\PMD-main\pmd-java\target\generated-sources\javacc\net\sourceforge\pmd\lang\java\ast\JavaParser.java,3,4990,A catch statement should never catch throwable since it includes errors.,Error Prone,AvoidCatchingThrowable
89,net.sourceforge.pmd.lang.java.ast,D:\Users\Lenovo\Desktop\PMD-main\pmd-java\target\generated-sources\javacc\net\sourceforge\pmd\lang\java\ast\JavaParser.java,3,5024,A catch statement should never catch throwable since it includes errors.,Error Prone,AvoidCatchingThrowable
90,net.sourceforge.pmd.lang.java.ast,D:\Users\Lenovo\Desktop\PMD-main\pmd-java\target\generated-sources\javacc\net\sourceforge\pmd\lang\java\ast\JavaParser.java,3,5056,A non-case label was present in a switch statement,Error Prone,NonCaseLabelInSwitchStatement
91,net.sourceforge.pmd.lang.java.ast,D:\Users\Lenovo\Desktop\PMD-main\pmd-java\target\generated-sources\javacc\net\sourceforge\pmd\lang\java\ast\JavaParser.java,3,5056,A non-case label was present in a switch statement,Error Prone,NonCaseLabelInSwitchStatement
92,net.sourceforge.pmd.lang.java.ast,D:\Users\Lenovo\Desktop\PMD-main\pmd-java\target\generated-sources\javacc\net\sourceforge\pmd\lang\java\ast\JavaParser.java,3,5072,A non-case label was present in a switch statement,Error Prone,NonCaseLabelInSwitchStatement
93,net.sourceforge.pmd.lang.java.ast,D:\Users\Lenovo\Desktop\PMD-main\pmd-java\target\generated-sources\javacc\net\sourceforge\pmd\lang\java\ast\JavaParser.java,3,5072,A non-case label was present in a switch statement,Error Prone,NonCaseLabelInSwitchStatement
94,net.sourceforge.pmd.lang.java.ast,D:\Users\Lenovo\Desktop\PMD-main\pmd-java\target\generated-sources\javacc\net\sourceforge\pmd\lang\java\ast\JavaParser.java,3,5082,A non-case label was present in a switch statement,Error Prone,NonCaseLabelInSwitchStatement
95,net.sourceforge.pmd.lang.java.ast,D:\Users\Lenovo\Desktop\PMD-main\pmd-java\target\generated-sources\javacc\net\sourceforge\pmd\lang\java\ast\JavaParser.java,3,5082,A non-case label was present in a switch statement,Error Prone,NonCaseLabelInSwitchStatement
96,net.sourceforge.pmd.lang.java.ast,D:\Users\Lenovo\Desktop\PMD-main\pmd-java\target\generated-sources\javacc\net\sourceforge\pmd\lang\java\ast\JavaParser.java,3,5091,A non-case label was present in a switch statement,Error Prone,NonCaseLabelInSwitchStatement
97,net.sourceforge.pmd.lang.java.ast,D:\Users\Lenovo\Desktop\PMD-main\pmd-java\target\generated-sources\javacc\net\sourceforge\pmd\lang\java\ast\JavaParser.java,3,5091,A non-case label was present in a switch statement,Error Prone,NonCaseLabelInSwitchStatement
98,net.sourceforge.pmd.lang.java.ast,D:\Users\Lenovo\Desktop\PMD-main\pmd-java\target\generated-sources\javacc\net\sourceforge\pmd\lang\java\ast\JavaParser.java,3,5135,A catch statement should never catch throwable since it includes errors.,Error Prone,AvoidCatchingThrowable
99,net.sourceforge.pmd.lang.java.ast,D:\Users\Lenovo\Desktop\PMD-main\pmd-java\target\generated-sources\javacc\net\sourceforge\pmd\lang\java\ast\JavaParser.java,3,5164,A catch statement should never catch throwable since it includes errors.,Error Prone,AvoidCatchingThrowable
100,net.sourceforge.pmd.lang.java.ast,D:\Users\Lenovo\Desktop\PMD-main\pmd-java\target\generated-sources\javacc\net\sourceforge\pmd\lang\java\ast\JavaParser.java,3,5192,A catch statement should never catch throwable since it includes errors.,Error Prone,AvoidCatchingThrowable
101,net.sourceforge.pmd.lang.java.ast,D:\Users\Lenovo\Desktop\PMD-main\pmd-java\target\generated-sources\javacc\net\sourceforge\pmd\lang\java\ast\JavaParser.java,3,5261,A catch statement should never catch throwable since it includes errors.,Error Prone,AvoidCatchingThrowable
102,net.sourceforge.pmd.lang.java.ast,D:\Users\Lenovo\Desktop\PMD-main\pmd-java\target\generated-sources\javacc\net\sourceforge\pmd\lang\java\ast\JavaParser.java,3,5281,A non-case label was present in a switch statement,Error Prone,NonCaseLabelInSwitchStatement
103,net.sourceforge.pmd.lang.java.ast,D:\Users\Lenovo\Desktop\PMD-main\pmd-java\target\generated-sources\javacc\net\sourceforge\pmd\lang\java\ast\JavaParser.java,3,5299,A catch statement should never catch throwable since it includes errors.,Error Prone,AvoidCatchingThrowable
104,net.sourceforge.pmd.lang.java.ast,D:\Users\Lenovo\Desktop\PMD-main\pmd-java\target\generated-sources\javacc\net\sourceforge\pmd\lang\java\ast\JavaParser.java,3,5334,A catch statement should never catch throwable since it includes errors.,Error Prone,AvoidCatchingThrowable
105,net.sourceforge.pmd.lang.java.ast,D:\Users\Lenovo\Desktop\PMD-main\pmd-java\target\generated-sources\javacc\net\sourceforge\pmd\lang\java\ast\JavaParser.java,3,5378,A catch statement should never catch throwable since it includes errors.,Error Prone,AvoidCatchingThrowable
106,net.sourceforge.pmd.lang.java.ast,D:\Users\Lenovo\Desktop\PMD-main\pmd-java\target\generated-sources\javacc\net\sourceforge\pmd\lang\java\ast\JavaParser.java,3,5412,A catch statement should never catch throwable since it includes errors.,Error Prone,AvoidCatchingThrowable
107,net.sourceforge.pmd.lang.java.ast,D:\Users\Lenovo\Desktop\PMD-main\pmd-java\target\generated-sources\javacc\net\sourceforge\pmd\lang\java\ast\JavaParser.java,3,5448,A catch statement should never catch throwable since it includes errors.,Error Prone,AvoidCatchingThrowable
108,net.sourceforge.pmd.lang.java.ast,D:\Users\Lenovo\Desktop\PMD-main\pmd-java\target\generated-sources\javacc\net\sourceforge\pmd\lang\java\ast\JavaParser.java,3,5508,A catch statement should never catch throwable since it includes errors.,Error Prone,AvoidCatchingThrowable
109,net.sourceforge.pmd.lang.java.ast,D:\Users\Lenovo\Desktop\PMD-main\pmd-java\target\generated-sources\javacc\net\sourceforge\pmd\lang\java\ast\JavaParser.java,3,5545,A catch statement should never catch throwable since it includes errors.,Error Prone,AvoidCatchingThrowable
110,net.sourceforge.pmd.lang.java.ast,D:\Users\Lenovo\Desktop\PMD-main\pmd-java\target\generated-sources\javacc\net\sourceforge\pmd\lang\java\ast\JavaParser.java,3,5588,A catch statement should never catch throwable since it includes errors.,Error Prone,AvoidCatchingThrowable
111,net.sourceforge.pmd.lang.java.ast,D:\Users\Lenovo\Desktop\PMD-main\pmd-java\target\generated-sources\javacc\net\sourceforge\pmd\lang\java\ast\JavaParser.java,3,5618,A catch statement should never catch throwable since it includes errors.,Error Prone,AvoidCatchingThrowable
112,net.sourceforge.pmd.lang.java.ast,D:\Users\Lenovo\Desktop\PMD-main\pmd-java\target\generated-sources\javacc\net\sourceforge\pmd\lang\java\ast\JavaParser.java,3,5663,A catch statement should never catch throwable since it includes errors.,Error Prone,AvoidCatchingThrowable
113,net.sourceforge.pmd.lang.java.ast,D:\Users\Lenovo\Desktop\PMD-main\pmd-java\target\generated-sources\javacc\net\sourceforge\pmd\lang\java\ast\JavaParser.java,3,5725,A catch statement should never catch throwable since it includes errors.,Error Prone,AvoidCatchingThrowable
114,net.sourceforge.pmd.lang.java.ast,D:\Users\Lenovo\Desktop\PMD-main\pmd-java\target\generated-sources\javacc\net\sourceforge\pmd\lang\java\ast\JavaParser.java,3,5757,A catch statement should never catch throwable since it includes errors.,Error Prone,AvoidCatchingThrowable
115,net.sourceforge.pmd.lang.java.ast,D:\Users\Lenovo\Desktop\PMD-main\pmd-java\target\generated-sources\javacc\net\sourceforge\pmd\lang\java\ast\JavaParser.java,3,5791,A catch statement should never catch throwable since it includes errors.,Error Prone,AvoidCatchingThrowable
116,net.sourceforge.pmd.lang.java.ast,D:\Users\Lenovo\Desktop\PMD-main\pmd-java\target\generated-sources\javacc\net\sourceforge\pmd\lang\java\ast\JavaParser.java,3,5850,A catch statement should never catch throwable since it includes errors.,Error Prone,AvoidCatchingThrowable
117,net.sourceforge.pmd.lang.java.ast,D:\Users\Lenovo\Desktop\PMD-main\pmd-java\target\generated-sources\javacc\net\sourceforge\pmd\lang\java\ast\JavaParser.java,3,5888,A catch statement should never catch throwable since it includes errors.,Error Prone,AvoidCatchingThrowable
118,net.sourceforge.pmd.lang.java.ast,D:\Users\Lenovo\Desktop\PMD-main\pmd-java\target\generated-sources\javacc\net\sourceforge\pmd\lang\java\ast\JavaParser.java,3,5928,A catch statement should never catch throwable since it includes errors.,Error Prone,AvoidCatchingThrowable
119,net.sourceforge.pmd.lang.java.ast,D:\Users\Lenovo\Desktop\PMD-main\pmd-java\target\generated-sources\javacc\net\sourceforge\pmd\lang\java\ast\JavaParser.java,3,6002,A catch statement should never catch throwable since it includes errors.,Error Prone,AvoidCatchingThrowable
120,net.sourceforge.pmd.lang.java.ast,D:\Users\Lenovo\Desktop\PMD-main\pmd-java\target\generated-sources\javacc\net\sourceforge\pmd\lang\java\ast\JavaParser.java,3,6036,A catch statement should never catch throwable since it includes errors.,Error Prone,AvoidCatchingThrowable
121,net.sourceforge.pmd.lang.java.ast,D:\Users\Lenovo\Desktop\PMD-main\pmd-java\target\generated-sources\javacc\net\sourceforge\pmd\lang\java\ast\JavaParser.java,3,6067,A catch statement should never catch throwable since it includes errors.,Error Prone,AvoidCatchingThrowable
122,net.sourceforge.pmd.lang.java.ast,D:\Users\Lenovo\Desktop\PMD-main\pmd-java\target\generated-sources\javacc\net\sourceforge\pmd\lang\java\ast\JavaParser.java,3,6110,A catch statement should never catch throwable since it includes errors.,Error Prone,AvoidCatchingThrowable
123,net.sourceforge.pmd.lang.java.ast,D:\Users\Lenovo\Desktop\PMD-main\pmd-java\target\generated-sources\javacc\net\sourceforge\pmd\lang\java\ast\JavaParser.java,3,6143,Avoid empty if statements,Error Prone,EmptyIfStmt
124,net.sourceforge.pmd.lang.java.ast,D:\Users\Lenovo\Desktop\PMD-main\pmd-java\target\generated-sources\javacc\net\sourceforge\pmd\lang\java\ast\JavaParser.java,3,6168,Avoid empty if statements,Error Prone,EmptyIfStmt
125,net.sourceforge.pmd.lang.java.ast,D:\Users\Lenovo\Desktop\PMD-main\pmd-java\target\generated-sources\javacc\net\sourceforge\pmd\lang\java\ast\JavaParser.java,3,6207,A catch statement should never catch throwable since it includes errors.,Error Prone,AvoidCatchingThrowable
126,net.sourceforge.pmd.lang.java.ast,D:\Users\Lenovo\Desktop\PMD-main\pmd-java\target\generated-sources\javacc\net\sourceforge\pmd\lang\java\ast\JavaParser.java,3,6252,A catch statement should never catch throwable since it includes errors.,Error Prone,AvoidCatchingThrowable
127,net.sourceforge.pmd.lang.java.ast,D:\Users\Lenovo\Desktop\PMD-main\pmd-java\target\generated-sources\javacc\net\sourceforge\pmd\lang\java\ast\JavaParser.java,3,6287,A catch statement should never catch throwable since it includes errors.,Error Prone,AvoidCatchingThrowable
128,net.sourceforge.pmd.lang.java.ast,D:\Users\Lenovo\Desktop\PMD-main\pmd-java\target\generated-sources\javacc\net\sourceforge\pmd\lang\java\ast\JavaParser.java,3,6325,A catch statement should never catch throwable since it includes errors.,Error Prone,AvoidCatchingThrowable
129,net.sourceforge.pmd.lang.java.ast,D:\Users\Lenovo\Desktop\PMD-main\pmd-java\target\generated-sources\javacc\net\sourceforge\pmd\lang\java\ast\JavaParser.java,3,6368,A catch statement should never catch throwable since it includes errors.,Error Prone,AvoidCatchingThrowable
130,net.sourceforge.pmd.lang.java.ast,D:\Users\Lenovo\Desktop\PMD-main\pmd-java\target\generated-sources\javacc\net\sourceforge\pmd\lang\java\ast\JavaParser.java,3,6401,A catch statement should never catch throwable since it includes errors.,Error Prone,AvoidCatchingThrowable
131,net.sourceforge.pmd.lang.java.ast,D:\Users\Lenovo\Desktop\PMD-main\pmd-java\target\generated-sources\javacc\net\sourceforge\pmd\lang\java\ast\JavaParser.java,3,6446,A catch statement should never catch throwable since it includes errors.,Error Prone,AvoidCatchingThrowable
132,net.sourceforge.pmd.lang.java.ast,D:\Users\Lenovo\Desktop\PMD-main\pmd-java\target\generated-sources\javacc\net\sourceforge\pmd\lang\java\ast\JavaParser.java,3,6500,A catch statement should never catch throwable since it includes errors.,Error Prone,AvoidCatchingThrowable
133,net.sourceforge.pmd.lang.java.ast,D:\Users\Lenovo\Desktop\PMD-main\pmd-java\target\generated-sources\javacc\net\sourceforge\pmd\lang\java\ast\JavaParser.java,3,6546,A catch statement should never catch throwable since it includes errors.,Error Prone,AvoidCatchingThrowable
134,net.sourceforge.pmd.lang.java.ast,D:\Users\Lenovo\Desktop\PMD-main\pmd-java\target\generated-sources\javacc\net\sourceforge\pmd\lang\java\ast\JavaParser.java,3,6613,A catch statement should never catch throwable since it includes errors.,Error Prone,AvoidCatchingThrowable
135,net.sourceforge.pmd.lang.java.ast,D:\Users\Lenovo\Desktop\PMD-main\pmd-java\target\generated-sources\javacc\net\sourceforge\pmd\lang\java\ast\JavaParser.java,3,6715,A catch statement should never catch throwable since it includes errors.,Error Prone,AvoidCatchingThrowable
136,net.sourceforge.pmd.lang.java.ast,D:\Users\Lenovo\Desktop\PMD-main\pmd-java\target\generated-sources\javacc\net\sourceforge\pmd\lang\java\ast\JavaParser.java,3,6762,A catch statement should never catch throwable since it includes errors.,Error Prone,AvoidCatchingThrowable
137,net.sourceforge.pmd.lang.java.ast,D:\Users\Lenovo\Desktop\PMD-main\pmd-java\target\generated-sources\javacc\net\sourceforge\pmd\lang\java\ast\JavaParser.java,3,6793,A catch statement should never catch throwable since it includes errors.,Error Prone,AvoidCatchingThrowable
138,net.sourceforge.pmd.lang.java.ast,D:\Users\Lenovo\Desktop\PMD-main\pmd-java\target\generated-sources\javacc\net\sourceforge\pmd\lang\java\ast\JavaParser.java,3,6842,Avoid empty if statements,Error Prone,EmptyIfStmt
139,net.sourceforge.pmd.lang.java.ast,D:\Users\Lenovo\Desktop\PMD-main\pmd-java\target\generated-sources\javacc\net\sourceforge\pmd\lang\java\ast\JavaParser.java,3,6877,A catch statement should never catch throwable since it includes errors.,Error Prone,AvoidCatchingThrowable
140,net.sourceforge.pmd.lang.java.ast,D:\Users\Lenovo\Desktop\PMD-main\pmd-java\target\generated-sources\javacc\net\sourceforge\pmd\lang\java\ast\JavaParser.java,3,6907,Avoid empty if statements,Error Prone,EmptyIfStmt
141,net.sourceforge.pmd.lang.java.ast,D:\Users\Lenovo\Desktop\PMD-main\pmd-java\target\generated-sources\javacc\net\sourceforge\pmd\lang\java\ast\JavaParser.java,3,6937,Avoid empty if statements,Error Prone,EmptyIfStmt
142,net.sourceforge.pmd.lang.java.ast,D:\Users\Lenovo\Desktop\PMD-main\pmd-java\target\generated-sources\javacc\net\sourceforge\pmd\lang\java\ast\JavaParser.java,3,6967,Avoid empty if statements,Error Prone,EmptyIfStmt
143,net.sourceforge.pmd.lang.java.ast,D:\Users\Lenovo\Desktop\PMD-main\pmd-java\target\generated-sources\javacc\net\sourceforge\pmd\lang\java\ast\JavaParser.java,3,6997,Avoid empty if statements,Error Prone,EmptyIfStmt
144,net.sourceforge.pmd.lang.java.ast,D:\Users\Lenovo\Desktop\PMD-main\pmd-java\target\generated-sources\javacc\net\sourceforge\pmd\lang\java\ast\JavaParser.java,3,7008,Avoid empty if statements,Error Prone,EmptyIfStmt
145,net.sourceforge.pmd.lang.java.ast,D:\Users\Lenovo\Desktop\PMD-main\pmd-java\target\generated-sources\javacc\net\sourceforge\pmd\lang\java\ast\JavaParser.java,3,7017,Avoid empty if statements,Error Prone,EmptyIfStmt
146,net.sourceforge.pmd.lang.java.ast,D:\Users\Lenovo\Desktop\PMD-main\pmd-java\target\generated-sources\javacc\net\sourceforge\pmd\lang\java\ast\JavaParser.java,3,7043,A catch statement should never catch throwable since it includes errors.,Error Prone,AvoidCatchingThrowable
1,net.sourceforge.pmd.lang.java.ast,D:\Users\Lenovo\Desktop\PMD-main\pmd-java\target\generated-sources\javacc\net\sourceforge\pmd\lang\java\ast\JavaParserConstants.java,2,256,Mutable fields should not be public static,Sonar,PublicStaticMutableMembersCheck
1,net.sourceforge.pmd.lang.java.ast,D:\Users\Lenovo\Desktop\PMD-main\pmd-java\target\generated-sources\javacc\net\sourceforge\pmd\lang\java\ast\JavaParserTokenManager.java,2,2142,Mutable fields should not be public static,Sonar,PublicStaticMutableMembersCheck
2,net.sourceforge.pmd.lang.java.ast,D:\Users\Lenovo\Desktop\PMD-main\pmd-java\target\generated-sources\javacc\net\sourceforge\pmd\lang\java\ast\JavaParserTokenManager.java,2,2168,Mutable fields should not be public static,Sonar,PublicStaticMutableMembersCheck
3,net.sourceforge.pmd.lang.java.ast,D:\Users\Lenovo\Desktop\PMD-main\pmd-java\target\generated-sources\javacc\net\sourceforge\pmd\lang\java\ast\JavaParserTokenManager.java,2,2175,Mutable fields should not be public static,Sonar,PublicStaticMutableMembersCheck
4,net.sourceforge.pmd.lang.java.ast,D:\Users\Lenovo\Desktop\PMD-main\pmd-java\target\generated-sources\javacc\net\sourceforge\pmd\lang\java\ast\JavaParserTokenManager.java,2,2361,Multiline blocks should be enclosed in curly braces,Sonar,MultilineBlocksCurlyBracesCheck
5,net.sourceforge.pmd.lang.java.ast,D:\Users\Lenovo\Desktop\PMD-main\pmd-java\target\generated-sources\javacc\net\sourceforge\pmd\lang\java\ast\JavaParserTokenManager.java,2,2366,Multiline blocks should be enclosed in curly braces,Sonar,MultilineBlocksCurlyBracesCheck
1,net.sourceforge.pmd.lang.java.ast,D:\Users\Lenovo\Desktop\PMD-main\pmd-java\target\generated-sources\javacc\net\sourceforge\pmd\lang\java\ast\JavaParserTreeConstants.java,2,129,Mutable fields should not be public static,Sonar,PublicStaticMutableMembersCheck
1,,D:\Users\Lenovo\Desktop\PMD-main\pmd-java\target\test-classes\net\sourceforge\pmd\ast\ParserCornerCases.java,3,213,Avoid empty if statements,Error Prone,EmptyIfStmt
2,,D:\Users\Lenovo\Desktop\PMD-main\pmd-java\target\test-classes\net\sourceforge\pmd\ast\ParserCornerCases.java,2,217,Avoid comparing class names directly. Use instanceof or Class.isAssignableFrom() instead.,Sonar,ClassComparedByNameCheck
3,,D:\Users\Lenovo\Desktop\PMD-main\pmd-java\target\test-classes\net\sourceforge\pmd\ast\ParserCornerCases.java,3,217,Avoid empty if statements,Error Prone,EmptyIfStmt
4,,D:\Users\Lenovo\Desktop\PMD-main\pmd-java\target\test-classes\net\sourceforge\pmd\ast\ParserCornerCases.java,3,221,Avoid empty if statements,Error Prone,EmptyIfStmt
1,,D:\Users\Lenovo\Desktop\PMD-main\pmd-java\target\test-classes\net\sourceforge\pmd\ast\ParserCornerCases17.java,3,170,Avoid printStackTrace(); use a logger call instead.,Best Practices,AvoidPrintStackTrace
1,,D:\Users\Lenovo\Desktop\PMD-main\pmd-java\target\test-classes\net\sourceforge\pmd\cli\EmptyIfStatement.java,3,11,Avoid empty if statements,Error Prone,EmptyIfStmt
1,net.sourceforge.pmd.lang.java.metrics.testdata,D:\Users\Lenovo\Desktop\PMD-main\pmd-java\target\test-classes\net\sourceforge\pmd\lang\java\metrics\testdata\GetterDetection.java,3,14,Field value has the same name as a method,Error Prone,AvoidFieldNameMatchingMethodName
1,net.sourceforge.pmd.lang.java.metrics.testdata,D:\Users\Lenovo\Desktop\PMD-main\pmd-java\target\test-classes\net\sourceforge\pmd\lang\java\metrics\testdata\SetterDetection.java,3,13,Field value has the same name as a method,Error Prone,AvoidFieldNameMatchingMethodName
2,net.sourceforge.pmd.lang.java.metrics.testdata,D:\Users\Lenovo\Desktop\PMD-main\pmd-java\target\test-classes\net\sourceforge\pmd\lang\java\metrics\testdata\SetterDetection.java,3,14,Field speed has the same name as a method,Error Prone,AvoidFieldNameMatchingMethodName
3,net.sourceforge.pmd.lang.java.metrics.testdata,D:\Users\Lenovo\Desktop\PMD-main\pmd-java\target\test-classes\net\sourceforge\pmd\lang\java\metrics\testdata\SetterDetection.java,3,15,Field mutX has the same name as a method,Error Prone,AvoidFieldNameMatchingMethodName
4,net.sourceforge.pmd.lang.java.metrics.testdata,D:\Users\Lenovo\Desktop\PMD-main\pmd-java\target\test-classes\net\sourceforge\pmd\lang\java\metrics\testdata\SetterDetection.java,3,16,Field bool has the same name as a method,Error Prone,AvoidFieldNameMatchingMethodName
1,net.sourceforge.pmd.typeresolution.testdata,D:\Users\Lenovo\Desktop\PMD-main\pmd-java\target\test-classes\net\sourceforge\pmd\typeresolution\testdata\FieldAccess.java,2,21,public static fields should be constant,Sonar,PublicStaticFieldShouldBeFinalCheck
1,net.sourceforge.pmd.typeresolution.testdata,D:\Users\Lenovo\Desktop\PMD-main\pmd-java\target\test-classes\net\sourceforge\pmd\typeresolution\testdata\FieldAccessStatic.java,2,15,public static fields should be constant,Sonar,PublicStaticFieldShouldBeFinalCheck
2,net.sourceforge.pmd.typeresolution.testdata,D:\Users\Lenovo\Desktop\PMD-main\pmd-java\target\test-classes\net\sourceforge\pmd\typeresolution\testdata\FieldAccessStatic.java,2,46,Instance methods should not write to static fields,Sonar,StaticFieldUpateCheck
1,net.sourceforge.pmd.typeresolution.testdata,D:\Users\Lenovo\Desktop\PMD-main\pmd-java\target\test-classes\net\sourceforge\pmd\typeresolution\testdata\MethodStaticAccess.java,2,15,public static fields should be constant,Sonar,PublicStaticFieldShouldBeFinalCheck
1,net.sourceforge.pmd.typeresolution.testdata,D:\Users\Lenovo\Desktop\PMD-main\pmd-java\target\test-classes\net\sourceforge\pmd\typeresolution\testdata\Operators.java,2,18,Short-circuit logic should be used in boolean contexts,Sonar,NonShortCircuitLogicCheck
2,net.sourceforge.pmd.typeresolution.testdata,D:\Users\Lenovo\Desktop\PMD-main\pmd-java\target\test-classes\net\sourceforge\pmd\typeresolution\testdata\Operators.java,2,19,Short-circuit logic should be used in boolean contexts,Sonar,NonShortCircuitLogicCheck
3,net.sourceforge.pmd.typeresolution.testdata,D:\Users\Lenovo\Desktop\PMD-main\pmd-java\target\test-classes\net\sourceforge\pmd\typeresolution\testdata\Operators.java,2,25,Identical expressions should not be used on both sides of a binary operator,Sonar,IdenticalOperandOnBinaryExpressionCheck
4,net.sourceforge.pmd.typeresolution.testdata,D:\Users\Lenovo\Desktop\PMD-main\pmd-java\target\test-classes\net\sourceforge\pmd\typeresolution\testdata\Operators.java,2,26,Identical expressions should not be used on both sides of a binary operator,Sonar,IdenticalOperandOnBinaryExpressionCheck
5,net.sourceforge.pmd.typeresolution.testdata,D:\Users\Lenovo\Desktop\PMD-main\pmd-java\target\test-classes\net\sourceforge\pmd\typeresolution\testdata\Operators.java,2,46,Identical expressions should not be used on both sides of a binary operator,Sonar,IdenticalOperandOnBinaryExpressionCheck
1,net.sourceforge.pmd.typeresolution.testdata,D:\Users\Lenovo\Desktop\PMD-main\pmd-java8\src\test\java\net\sourceforge\pmd\typeresolution\testdata\UsesRepeatableAnnotations.java,1,27,Reflection should not be used to check non-runtime annotations,Sonar,ReflectionOnNonRuntimeAnnotationCheck
1,net.sourceforge.pmd.typeresolution.testdata,D:\Users\Lenovo\Desktop\PMD-main\pmd-java8\target\test-classes\net\sourceforge\pmd\typeresolution\testdata\UsesRepeatableAnnotations.java,1,19,Reflection should not be used to check non-runtime annotations,Sonar,ReflectionOnNonRuntimeAnnotationCheck
2,net.sourceforge.pmd.typeresolution.testdata,D:\Users\Lenovo\Desktop\PMD-main\pmd-java8\target\test-classes\net\sourceforge\pmd\typeresolution\testdata\UsesRepeatableAnnotations.java,1,27,Reflection should not be used to check non-runtime annotations,Sonar,ReflectionOnNonRuntimeAnnotationCheck
1,net.sourceforge.pmd.lang.ecmascript5.ast,D:\Users\Lenovo\Desktop\PMD-main\pmd-javascript\target\generated-sources\javacc\net\sourceforge\pmd\lang\ecmascript5\ast\Ecmascript5ParserConstants.java,2,292,Mutable fields should not be public static,Sonar,PublicStaticMutableMembersCheck
1,net.sourceforge.pmd.lang.ecmascript5.ast,D:\Users\Lenovo\Desktop\PMD-main\pmd-javascript\target\generated-sources\javacc\net\sourceforge\pmd\lang\ecmascript5\ast\Ecmascript5ParserTokenManager.java,2,5344,Mutable fields should not be public static,Sonar,PublicStaticMutableMembersCheck
2,net.sourceforge.pmd.lang.ecmascript5.ast,D:\Users\Lenovo\Desktop\PMD-main\pmd-javascript\target\generated-sources\javacc\net\sourceforge\pmd\lang\ecmascript5\ast\Ecmascript5ParserTokenManager.java,2,5366,Mutable fields should not be public static,Sonar,PublicStaticMutableMembersCheck
3,net.sourceforge.pmd.lang.ecmascript5.ast,D:\Users\Lenovo\Desktop\PMD-main\pmd-javascript\target\generated-sources\javacc\net\sourceforge\pmd\lang\ecmascript5\ast\Ecmascript5ParserTokenManager.java,2,5375,Mutable fields should not be public static,Sonar,PublicStaticMutableMembersCheck
4,net.sourceforge.pmd.lang.ecmascript5.ast,D:\Users\Lenovo\Desktop\PMD-main\pmd-javascript\target\generated-sources\javacc\net\sourceforge\pmd\lang\ecmascript5\ast\Ecmascript5ParserTokenManager.java,2,5586,Multiline blocks should be enclosed in curly braces,Sonar,MultilineBlocksCurlyBracesCheck
5,net.sourceforge.pmd.lang.ecmascript5.ast,D:\Users\Lenovo\Desktop\PMD-main\pmd-javascript\target\generated-sources\javacc\net\sourceforge\pmd\lang\ecmascript5\ast\Ecmascript5ParserTokenManager.java,2,5591,Multiline blocks should be enclosed in curly braces,Sonar,MultilineBlocksCurlyBracesCheck
1,net.sourceforge.pmd.cpd,D:\Users\Lenovo\Desktop\PMD-main\pmd-jsp\src\main\java\net\sourceforge\pmd\cpd\JSPTokenizer.java,3,37,Avoid printStackTrace(); use a logger call instead.,Best Practices,AvoidPrintStackTrace
1,net.sourceforge.pmd.lang.jsp.rule.codestyle,D:\Users\Lenovo\Desktop\PMD-main\pmd-jsp\src\main\java\net\sourceforge\pmd\lang\jsp\rule\codestyle\DuplicateJspImportsRule.java,2,36,Avoid comparing class names directly. Use instanceof or Class.isAssignableFrom() instead.,Sonar,ClassComparedByNameCheck
1,net.sourceforge.pmd.lang.jsp.ast,D:\Users\Lenovo\Desktop\PMD-main\pmd-jsp\src\test\java\net\sourceforge\pmd\lang\jsp\ast\JspDocStyleTest.java,2,808,Avoid comparing class names directly. Use instanceof or Class.isAssignableFrom() instead.,Sonar,ClassComparedByNameCheck
1,net.sourceforge.pmd.lang.jsp.ast,D:\Users\Lenovo\Desktop\PMD-main\pmd-jsp\target\generated-sources\javacc\net\sourceforge\pmd\lang\jsp\ast\JJTJspParserState.java,2,53,Collection methods with O(n) performance should be used carefully,Sonar,CollectionMethodsWithLinearComplexityCheck
2,net.sourceforge.pmd.lang.jsp.ast,D:\Users\Lenovo\Desktop\PMD-main\pmd-jsp\target\generated-sources\javacc\net\sourceforge\pmd\lang\jsp\ast\JJTJspParserState.java,2,55,Collection methods with O(n) performance should be used carefully,Sonar,CollectionMethodsWithLinearComplexityCheck
3,net.sourceforge.pmd.lang.jsp.ast,D:\Users\Lenovo\Desktop\PMD-main\pmd-jsp\target\generated-sources\javacc\net\sourceforge\pmd\lang\jsp\ast\JJTJspParserState.java,2,74,Collection methods with O(n) performance should be used carefully,Sonar,CollectionMethodsWithLinearComplexityCheck
4,net.sourceforge.pmd.lang.jsp.ast,D:\Users\Lenovo\Desktop\PMD-main\pmd-jsp\target\generated-sources\javacc\net\sourceforge\pmd\lang\jsp\ast\JJTJspParserState.java,2,90,Collection methods with O(n) performance should be used carefully,Sonar,CollectionMethodsWithLinearComplexityCheck
5,net.sourceforge.pmd.lang.jsp.ast,D:\Users\Lenovo\Desktop\PMD-main\pmd-jsp\target\generated-sources\javacc\net\sourceforge\pmd\lang\jsp\ast\JJTJspParserState.java,2,110,Collection methods with O(n) performance should be used carefully,Sonar,CollectionMethodsWithLinearComplexityCheck
6,net.sourceforge.pmd.lang.jsp.ast,D:\Users\Lenovo\Desktop\PMD-main\pmd-jsp\target\generated-sources\javacc\net\sourceforge\pmd\lang\jsp\ast\JJTJspParserState.java,2,120,Collection methods with O(n) performance should be used carefully,Sonar,CollectionMethodsWithLinearComplexityCheck
1,net.sourceforge.pmd.lang.jsp.ast,D:\Users\Lenovo\Desktop\PMD-main\pmd-jsp\target\generated-sources\javacc\net\sourceforge\pmd\lang\jsp\ast\JspParser.java,3,60,A catch statement should never catch throwable since it includes errors.,Error Prone,AvoidCatchingThrowable
2,net.sourceforge.pmd.lang.jsp.ast,D:\Users\Lenovo\Desktop\PMD-main\pmd-jsp\target\generated-sources\javacc\net\sourceforge\pmd\lang\jsp\ast\JspParser.java,3,199,A catch statement should never catch throwable since it includes errors.,Error Prone,AvoidCatchingThrowable
3,net.sourceforge.pmd.lang.jsp.ast,D:\Users\Lenovo\Desktop\PMD-main\pmd-jsp\target\generated-sources\javacc\net\sourceforge\pmd\lang\jsp\ast\JspParser.java,3,284,A catch statement should never catch throwable since it includes errors.,Error Prone,AvoidCatchingThrowable
4,net.sourceforge.pmd.lang.jsp.ast,D:\Users\Lenovo\Desktop\PMD-main\pmd-jsp\target\generated-sources\javacc\net\sourceforge\pmd\lang\jsp\ast\JspParser.java,3,448,A catch statement should never catch throwable since it includes errors.,Error Prone,AvoidCatchingThrowable
5,net.sourceforge.pmd.lang.jsp.ast,D:\Users\Lenovo\Desktop\PMD-main\pmd-jsp\target\generated-sources\javacc\net\sourceforge\pmd\lang\jsp\ast\JspParser.java,3,730,A catch statement should never catch throwable since it includes errors.,Error Prone,AvoidCatchingThrowable
6,net.sourceforge.pmd.lang.jsp.ast,D:\Users\Lenovo\Desktop\PMD-main\pmd-jsp\target\generated-sources\javacc\net\sourceforge\pmd\lang\jsp\ast\JspParser.java,3,770,A catch statement should never catch throwable since it includes errors.,Error Prone,AvoidCatchingThrowable
7,net.sourceforge.pmd.lang.jsp.ast,D:\Users\Lenovo\Desktop\PMD-main\pmd-jsp\target\generated-sources\javacc\net\sourceforge\pmd\lang\jsp\ast\JspParser.java,3,809,A non-case label was present in a switch statement,Error Prone,NonCaseLabelInSwitchStatement
8,net.sourceforge.pmd.lang.jsp.ast,D:\Users\Lenovo\Desktop\PMD-main\pmd-jsp\target\generated-sources\javacc\net\sourceforge\pmd\lang\jsp\ast\JspParser.java,3,854,A non-case label was present in a switch statement,Error Prone,NonCaseLabelInSwitchStatement
9,net.sourceforge.pmd.lang.jsp.ast,D:\Users\Lenovo\Desktop\PMD-main\pmd-jsp\target\generated-sources\javacc\net\sourceforge\pmd\lang\jsp\ast\JspParser.java,3,899,A non-case label was present in a switch statement,Error Prone,NonCaseLabelInSwitchStatement
10,net.sourceforge.pmd.lang.jsp.ast,D:\Users\Lenovo\Desktop\PMD-main\pmd-jsp\target\generated-sources\javacc\net\sourceforge\pmd\lang\jsp\ast\JspParser.java,3,942,A catch statement should never catch throwable since it includes errors.,Error Prone,AvoidCatchingThrowable
11,net.sourceforge.pmd.lang.jsp.ast,D:\Users\Lenovo\Desktop\PMD-main\pmd-jsp\target\generated-sources\javacc\net\sourceforge\pmd\lang\jsp\ast\JspParser.java,3,1069,A catch statement should never catch throwable since it includes errors.,Error Prone,AvoidCatchingThrowable
12,net.sourceforge.pmd.lang.jsp.ast,D:\Users\Lenovo\Desktop\PMD-main\pmd-jsp\target\generated-sources\javacc\net\sourceforge\pmd\lang\jsp\ast\JspParser.java,3,1128,A catch statement should never catch throwable since it includes errors.,Error Prone,AvoidCatchingThrowable
13,net.sourceforge.pmd.lang.jsp.ast,D:\Users\Lenovo\Desktop\PMD-main\pmd-jsp\target\generated-sources\javacc\net\sourceforge\pmd\lang\jsp\ast\JspParser.java,3,1221,A non-case label was present in a switch statement,Error Prone,NonCaseLabelInSwitchStatement
14,net.sourceforge.pmd.lang.jsp.ast,D:\Users\Lenovo\Desktop\PMD-main\pmd-jsp\target\generated-sources\javacc\net\sourceforge\pmd\lang\jsp\ast\JspParser.java,3,1248,A catch statement should never catch throwable since it includes errors.,Error Prone,AvoidCatchingThrowable
15,net.sourceforge.pmd.lang.jsp.ast,D:\Users\Lenovo\Desktop\PMD-main\pmd-jsp\target\generated-sources\javacc\net\sourceforge\pmd\lang\jsp\ast\JspParser.java,3,1636,Field jj_ntk has the same name as a method,Error Prone,AvoidFieldNameMatchingMethodName
1,net.sourceforge.pmd.lang.jsp.ast,D:\Users\Lenovo\Desktop\PMD-main\pmd-jsp\target\generated-sources\javacc\net\sourceforge\pmd\lang\jsp\ast\JspParserConstants.java,2,220,Mutable fields should not be public static,Sonar,PublicStaticMutableMembersCheck
1,net.sourceforge.pmd.lang.jsp.ast,D:\Users\Lenovo\Desktop\PMD-main\pmd-jsp\target\generated-sources\javacc\net\sourceforge\pmd\lang\jsp\ast\JspParserTokenManager.java,2,4040,Mutable fields should not be public static,Sonar,PublicStaticMutableMembersCheck
2,net.sourceforge.pmd.lang.jsp.ast,D:\Users\Lenovo\Desktop\PMD-main\pmd-jsp\target\generated-sources\javacc\net\sourceforge\pmd\lang\jsp\ast\JspParserTokenManager.java,2,4051,Mutable fields should not be public static,Sonar,PublicStaticMutableMembersCheck
3,net.sourceforge.pmd.lang.jsp.ast,D:\Users\Lenovo\Desktop\PMD-main\pmd-jsp\target\generated-sources\javacc\net\sourceforge\pmd\lang\jsp\ast\JspParserTokenManager.java,2,4074,Mutable fields should not be public static,Sonar,PublicStaticMutableMembersCheck
4,net.sourceforge.pmd.lang.jsp.ast,D:\Users\Lenovo\Desktop\PMD-main\pmd-jsp\target\generated-sources\javacc\net\sourceforge\pmd\lang\jsp\ast\JspParserTokenManager.java,2,4342,Multiline blocks should be enclosed in curly braces,Sonar,MultilineBlocksCurlyBracesCheck
1,net.sourceforge.pmd.lang.jsp.ast,D:\Users\Lenovo\Desktop\PMD-main\pmd-jsp\target\generated-sources\javacc\net\sourceforge\pmd\lang\jsp\ast\JspParserTreeConstants.java,2,31,Mutable fields should not be public static,Sonar,PublicStaticMutableMembersCheck
1,net.sourceforge.pmd.lang.matlab.ast,D:\Users\Lenovo\Desktop\PMD-main\pmd-matlab\target\generated-sources\javacc\net\sourceforge\pmd\lang\matlab\ast\MatlabParserConstants.java,2,162,Mutable fields should not be public static,Sonar,PublicStaticMutableMembersCheck
1,net.sourceforge.pmd.lang.matlab.ast,D:\Users\Lenovo\Desktop\PMD-main\pmd-matlab\target\generated-sources\javacc\net\sourceforge\pmd\lang\matlab\ast\MatlabParserTokenManager.java,2,1759,Mutable fields should not be public static,Sonar,PublicStaticMutableMembersCheck
2,net.sourceforge.pmd.lang.matlab.ast,D:\Users\Lenovo\Desktop\PMD-main\pmd-matlab\target\generated-sources\javacc\net\sourceforge\pmd\lang\matlab\ast\MatlabParserTokenManager.java,2,1773,Mutable fields should not be public static,Sonar,PublicStaticMutableMembersCheck
3,net.sourceforge.pmd.lang.matlab.ast,D:\Users\Lenovo\Desktop\PMD-main\pmd-matlab\target\generated-sources\javacc\net\sourceforge\pmd\lang\matlab\ast\MatlabParserTokenManager.java,2,1780,Mutable fields should not be public static,Sonar,PublicStaticMutableMembersCheck
4,net.sourceforge.pmd.lang.matlab.ast,D:\Users\Lenovo\Desktop\PMD-main\pmd-matlab\target\generated-sources\javacc\net\sourceforge\pmd\lang\matlab\ast\MatlabParserTokenManager.java,2,1964,Multiline blocks should be enclosed in curly braces,Sonar,MultilineBlocksCurlyBracesCheck
5,net.sourceforge.pmd.lang.matlab.ast,D:\Users\Lenovo\Desktop\PMD-main\pmd-matlab\target\generated-sources\javacc\net\sourceforge\pmd\lang\matlab\ast\MatlabParserTokenManager.java,2,1969,Multiline blocks should be enclosed in curly braces,Sonar,MultilineBlocksCurlyBracesCheck
1,net.sourceforge.pmd.lang.objectivec.ast,D:\Users\Lenovo\Desktop\PMD-main\pmd-objectivec\target\generated-sources\javacc\net\sourceforge\pmd\lang\objectivec\ast\ObjectiveCParserConstants.java,2,332,Mutable fields should not be public static,Sonar,PublicStaticMutableMembersCheck
1,net.sourceforge.pmd.lang.objectivec.ast,D:\Users\Lenovo\Desktop\PMD-main\pmd-objectivec\target\generated-sources\javacc\net\sourceforge\pmd\lang\objectivec\ast\ObjectiveCParserTokenManager.java,2,6062,Mutable fields should not be public static,Sonar,PublicStaticMutableMembersCheck
2,net.sourceforge.pmd.lang.objectivec.ast,D:\Users\Lenovo\Desktop\PMD-main\pmd-objectivec\target\generated-sources\javacc\net\sourceforge\pmd\lang\objectivec\ast\ObjectiveCParserTokenManager.java,2,6103,Mutable fields should not be public static,Sonar,PublicStaticMutableMembersCheck
3,net.sourceforge.pmd.lang.objectivec.ast,D:\Users\Lenovo\Desktop\PMD-main\pmd-objectivec\target\generated-sources\javacc\net\sourceforge\pmd\lang\objectivec\ast\ObjectiveCParserTokenManager.java,2,6113,Mutable fields should not be public static,Sonar,PublicStaticMutableMembersCheck
4,net.sourceforge.pmd.lang.objectivec.ast,D:\Users\Lenovo\Desktop\PMD-main\pmd-objectivec\target\generated-sources\javacc\net\sourceforge\pmd\lang\objectivec\ast\ObjectiveCParserTokenManager.java,2,6322,Multiline blocks should be enclosed in curly braces,Sonar,MultilineBlocksCurlyBracesCheck
5,net.sourceforge.pmd.lang.objectivec.ast,D:\Users\Lenovo\Desktop\PMD-main\pmd-objectivec\target\generated-sources\javacc\net\sourceforge\pmd\lang\objectivec\ast\ObjectiveCParserTokenManager.java,2,6327,Multiline blocks should be enclosed in curly braces,Sonar,MultilineBlocksCurlyBracesCheck
1,net.sourceforge.pmd.lang.plsql.ast,D:\Users\Lenovo\Desktop\PMD-main\pmd-plsql\src\main\java\net\sourceforge\pmd\lang\plsql\ast\ASTIfStatement.java,3,19,Field hasElse has the same name as a method,Error Prone,AvoidFieldNameMatchingMethodName
1,net.sourceforge.pmd.lang.plsql.ast,D:\Users\Lenovo\Desktop\PMD-main\pmd-plsql\src\main\java\net\sourceforge\pmd\lang\plsql\ast\ASTPrimaryPrefix.java,3,25,Field usesSelfModifier has the same name as a method,Error Prone,AvoidFieldNameMatchingMethodName
1,net.sourceforge.pmd.lang.plsql.ast,D:\Users\Lenovo\Desktop\PMD-main\pmd-plsql\src\main\java\net\sourceforge\pmd\lang\plsql\ast\ASTPrimarySuffix.java,3,25,Field isArguments has the same name as a method,Error Prone,AvoidFieldNameMatchingMethodName
2,net.sourceforge.pmd.lang.plsql.ast,D:\Users\Lenovo\Desktop\PMD-main\pmd-plsql\src\main\java\net\sourceforge\pmd\lang\plsql\ast\ASTPrimarySuffix.java,3,26,Field isArrayDereference has the same name as a method,Error Prone,AvoidFieldNameMatchingMethodName
1,net.sourceforge.pmd.lang.plsql.dfa,D:\Users\Lenovo\Desktop\PMD-main\pmd-plsql\src\main\java\net\sourceforge\pmd\lang\plsql\dfa\StatementAndBraceFinder.java,3,96,Avoid printStackTrace(); use a logger call instead.,Best Practices,AvoidPrintStackTrace
2,net.sourceforge.pmd.lang.plsql.dfa,D:\Users\Lenovo\Desktop\PMD-main\pmd-plsql\src\main\java\net\sourceforge\pmd\lang\plsql\dfa\StatementAndBraceFinder.java,3,99,Avoid printStackTrace(); use a logger call instead.,Best Practices,AvoidPrintStackTrace
3,net.sourceforge.pmd.lang.plsql.dfa,D:\Users\Lenovo\Desktop\PMD-main\pmd-plsql\src\main\java\net\sourceforge\pmd\lang\plsql\dfa\StatementAndBraceFinder.java,3,782,Avoid empty if statements,Error Prone,EmptyIfStmt
1,net.sourceforge.pmd.lang.plsql.symboltable,D:\Users\Lenovo\Desktop\PMD-main\pmd-plsql\src\main\java\net\sourceforge\pmd\lang\plsql\symboltable\ClassScope.java,3,73,Avoid empty if statements,Error Prone,EmptyIfStmt
2,net.sourceforge.pmd.lang.plsql.symboltable,D:\Users\Lenovo\Desktop\PMD-main\pmd-plsql\src\main\java\net\sourceforge\pmd\lang\plsql\symboltable\ClassScope.java,3,87,Avoid empty if statements,Error Prone,EmptyIfStmt
1,net.sourceforge.pmd.lang.plsql.symboltable,D:\Users\Lenovo\Desktop\PMD-main\pmd-plsql\src\main\java\net\sourceforge\pmd\lang\plsql\symboltable\PLSQLNameOccurrence.java,3,19,Field isMethodOrConstructorInvocation has the same name as a method,Error Prone,AvoidFieldNameMatchingMethodName
1,net.sourceforge.pmd.lang.plsql.symboltable,D:\Users\Lenovo\Desktop\PMD-main\pmd-plsql\src\main\java\net\sourceforge\pmd\lang\plsql\symboltable\Search.java,2,53,Inappropriate Collection calls should not be made,Sonar,CollectionInappropriateCallsCheck
2,net.sourceforge.pmd.lang.plsql.symboltable,D:\Users\Lenovo\Desktop\PMD-main\pmd-plsql\src\main\java\net\sourceforge\pmd\lang\plsql\symboltable\Search.java,2,59,Inappropriate Collection calls should not be made,Sonar,CollectionInappropriateCallsCheck
1,net.sourceforge.pmd.lang.plsql.ast,D:\Users\Lenovo\Desktop\PMD-main\pmd-plsql\target\generated-sources\javacc\net\sourceforge\pmd\lang\plsql\ast\JJTPLSQLParserState.java,2,53,Collection methods with O(n) performance should be used carefully,Sonar,CollectionMethodsWithLinearComplexityCheck
2,net.sourceforge.pmd.lang.plsql.ast,D:\Users\Lenovo\Desktop\PMD-main\pmd-plsql\target\generated-sources\javacc\net\sourceforge\pmd\lang\plsql\ast\JJTPLSQLParserState.java,2,55,Collection methods with O(n) performance should be used carefully,Sonar,CollectionMethodsWithLinearComplexityCheck
3,net.sourceforge.pmd.lang.plsql.ast,D:\Users\Lenovo\Desktop\PMD-main\pmd-plsql\target\generated-sources\javacc\net\sourceforge\pmd\lang\plsql\ast\JJTPLSQLParserState.java,2,74,Collection methods with O(n) performance should be used carefully,Sonar,CollectionMethodsWithLinearComplexityCheck
4,net.sourceforge.pmd.lang.plsql.ast,D:\Users\Lenovo\Desktop\PMD-main\pmd-plsql\target\generated-sources\javacc\net\sourceforge\pmd\lang\plsql\ast\JJTPLSQLParserState.java,2,90,Collection methods with O(n) performance should be used carefully,Sonar,CollectionMethodsWithLinearComplexityCheck
5,net.sourceforge.pmd.lang.plsql.ast,D:\Users\Lenovo\Desktop\PMD-main\pmd-plsql\target\generated-sources\javacc\net\sourceforge\pmd\lang\plsql\ast\JJTPLSQLParserState.java,2,110,Collection methods with O(n) performance should be used carefully,Sonar,CollectionMethodsWithLinearComplexityCheck
6,net.sourceforge.pmd.lang.plsql.ast,D:\Users\Lenovo\Desktop\PMD-main\pmd-plsql\target\generated-sources\javacc\net\sourceforge\pmd\lang\plsql\ast\JJTPLSQLParserState.java,2,120,Collection methods with O(n) performance should be used carefully,Sonar,CollectionMethodsWithLinearComplexityCheck
1,net.sourceforge.pmd.lang.plsql.ast,D:\Users\Lenovo\Desktop\PMD-main\pmd-plsql\target\generated-sources\javacc\net\sourceforge\pmd\lang\plsql\ast\PLSQLParser.java,3,285,A catch statement should never catch throwable since it includes errors.,Error Prone,AvoidCatchingThrowable
2,net.sourceforge.pmd.lang.plsql.ast,D:\Users\Lenovo\Desktop\PMD-main\pmd-plsql\target\generated-sources\javacc\net\sourceforge\pmd\lang\plsql\ast\PLSQLParser.java,3,318,A catch statement should never catch throwable since it includes errors.,Error Prone,AvoidCatchingThrowable
3,net.sourceforge.pmd.lang.plsql.ast,D:\Users\Lenovo\Desktop\PMD-main\pmd-plsql\target\generated-sources\javacc\net\sourceforge\pmd\lang\plsql\ast\PLSQLParser.java,3,439,A catch statement should never catch throwable since it includes errors.,Error Prone,AvoidCatchingThrowable
4,net.sourceforge.pmd.lang.plsql.ast,D:\Users\Lenovo\Desktop\PMD-main\pmd-plsql\target\generated-sources\javacc\net\sourceforge\pmd\lang\plsql\ast\PLSQLParser.java,3,516,A catch statement should never catch throwable since it includes errors.,Error Prone,AvoidCatchingThrowable
5,net.sourceforge.pmd.lang.plsql.ast,D:\Users\Lenovo\Desktop\PMD-main\pmd-plsql\target\generated-sources\javacc\net\sourceforge\pmd\lang\plsql\ast\PLSQLParser.java,3,969,A catch statement should never catch throwable since it includes errors.,Error Prone,AvoidCatchingThrowable
6,net.sourceforge.pmd.lang.plsql.ast,D:\Users\Lenovo\Desktop\PMD-main\pmd-plsql\target\generated-sources\javacc\net\sourceforge\pmd\lang\plsql\ast\PLSQLParser.java,3,1476,A catch statement should never catch throwable since it includes errors.,Error Prone,AvoidCatchingThrowable
7,net.sourceforge.pmd.lang.plsql.ast,D:\Users\Lenovo\Desktop\PMD-main\pmd-plsql\target\generated-sources\javacc\net\sourceforge\pmd\lang\plsql\ast\PLSQLParser.java,3,1577,A non-case label was present in a switch statement,Error Prone,NonCaseLabelInSwitchStatement
8,net.sourceforge.pmd.lang.plsql.ast,D:\Users\Lenovo\Desktop\PMD-main\pmd-plsql\target\generated-sources\javacc\net\sourceforge\pmd\lang\plsql\ast\PLSQLParser.java,3,1577,A non-case label was present in a switch statement,Error Prone,NonCaseLabelInSwitchStatement
9,net.sourceforge.pmd.lang.plsql.ast,D:\Users\Lenovo\Desktop\PMD-main\pmd-plsql\target\generated-sources\javacc\net\sourceforge\pmd\lang\plsql\ast\PLSQLParser.java,3,2370,A catch statement should never catch throwable since it includes errors.,Error Prone,AvoidCatchingThrowable
10,net.sourceforge.pmd.lang.plsql.ast,D:\Users\Lenovo\Desktop\PMD-main\pmd-plsql\target\generated-sources\javacc\net\sourceforge\pmd\lang\plsql\ast\PLSQLParser.java,3,2449,A catch statement should never catch throwable since it includes errors.,Error Prone,AvoidCatchingThrowable
11,net.sourceforge.pmd.lang.plsql.ast,D:\Users\Lenovo\Desktop\PMD-main\pmd-plsql\target\generated-sources\javacc\net\sourceforge\pmd\lang\plsql\ast\PLSQLParser.java,3,2861,A catch statement should never catch throwable since it includes errors.,Error Prone,AvoidCatchingThrowable
12,net.sourceforge.pmd.lang.plsql.ast,D:\Users\Lenovo\Desktop\PMD-main\pmd-plsql\target\generated-sources\javacc\net\sourceforge\pmd\lang\plsql\ast\PLSQLParser.java,3,5214,A catch statement should never catch throwable since it includes errors.,Error Prone,AvoidCatchingThrowable
13,net.sourceforge.pmd.lang.plsql.ast,D:\Users\Lenovo\Desktop\PMD-main\pmd-plsql\target\generated-sources\javacc\net\sourceforge\pmd\lang\plsql\ast\PLSQLParser.java,3,5300,A non-case label was present in a switch statement,Error Prone,NonCaseLabelInSwitchStatement
14,net.sourceforge.pmd.lang.plsql.ast,D:\Users\Lenovo\Desktop\PMD-main\pmd-plsql\target\generated-sources\javacc\net\sourceforge\pmd\lang\plsql\ast\PLSQLParser.java,3,5777,A non-case label was present in a switch statement,Error Prone,NonCaseLabelInSwitchStatement
15,net.sourceforge.pmd.lang.plsql.ast,D:\Users\Lenovo\Desktop\PMD-main\pmd-plsql\target\generated-sources\javacc\net\sourceforge\pmd\lang\plsql\ast\PLSQLParser.java,3,5777,A non-case label was present in a switch statement,Error Prone,NonCaseLabelInSwitchStatement
16,net.sourceforge.pmd.lang.plsql.ast,D:\Users\Lenovo\Desktop\PMD-main\pmd-plsql\target\generated-sources\javacc\net\sourceforge\pmd\lang\plsql\ast\PLSQLParser.java,3,5777,A non-case label was present in a switch statement,Error Prone,NonCaseLabelInSwitchStatement
17,net.sourceforge.pmd.lang.plsql.ast,D:\Users\Lenovo\Desktop\PMD-main\pmd-plsql\target\generated-sources\javacc\net\sourceforge\pmd\lang\plsql\ast\PLSQLParser.java,3,5777,A non-case label was present in a switch statement,Error Prone,NonCaseLabelInSwitchStatement
18,net.sourceforge.pmd.lang.plsql.ast,D:\Users\Lenovo\Desktop\PMD-main\pmd-plsql\target\generated-sources\javacc\net\sourceforge\pmd\lang\plsql\ast\PLSQLParser.java,3,5819,A non-case label was present in a switch statement,Error Prone,NonCaseLabelInSwitchStatement
19,net.sourceforge.pmd.lang.plsql.ast,D:\Users\Lenovo\Desktop\PMD-main\pmd-plsql\target\generated-sources\javacc\net\sourceforge\pmd\lang\plsql\ast\PLSQLParser.java,3,5819,A non-case label was present in a switch statement,Error Prone,NonCaseLabelInSwitchStatement
20,net.sourceforge.pmd.lang.plsql.ast,D:\Users\Lenovo\Desktop\PMD-main\pmd-plsql\target\generated-sources\javacc\net\sourceforge\pmd\lang\plsql\ast\PLSQLParser.java,3,5819,A non-case label was present in a switch statement,Error Prone,NonCaseLabelInSwitchStatement
21,net.sourceforge.pmd.lang.plsql.ast,D:\Users\Lenovo\Desktop\PMD-main\pmd-plsql\target\generated-sources\javacc\net\sourceforge\pmd\lang\plsql\ast\PLSQLParser.java,3,6264,A non-case label was present in a switch statement,Error Prone,NonCaseLabelInSwitchStatement
22,net.sourceforge.pmd.lang.plsql.ast,D:\Users\Lenovo\Desktop\PMD-main\pmd-plsql\target\generated-sources\javacc\net\sourceforge\pmd\lang\plsql\ast\PLSQLParser.java,3,6264,A non-case label was present in a switch statement,Error Prone,NonCaseLabelInSwitchStatement
23,net.sourceforge.pmd.lang.plsql.ast,D:\Users\Lenovo\Desktop\PMD-main\pmd-plsql\target\generated-sources\javacc\net\sourceforge\pmd\lang\plsql\ast\PLSQLParser.java,3,6264,A non-case label was present in a switch statement,Error Prone,NonCaseLabelInSwitchStatement
24,net.sourceforge.pmd.lang.plsql.ast,D:\Users\Lenovo\Desktop\PMD-main\pmd-plsql\target\generated-sources\javacc\net\sourceforge\pmd\lang\plsql\ast\PLSQLParser.java,3,7064,A catch statement should never catch throwable since it includes errors.,Error Prone,AvoidCatchingThrowable
25,net.sourceforge.pmd.lang.plsql.ast,D:\Users\Lenovo\Desktop\PMD-main\pmd-plsql\target\generated-sources\javacc\net\sourceforge\pmd\lang\plsql\ast\PLSQLParser.java,3,7103,A catch statement should never catch throwable since it includes errors.,Error Prone,AvoidCatchingThrowable
26,net.sourceforge.pmd.lang.plsql.ast,D:\Users\Lenovo\Desktop\PMD-main\pmd-plsql\target\generated-sources\javacc\net\sourceforge\pmd\lang\plsql\ast\PLSQLParser.java,3,7502,A catch statement should never catch throwable since it includes errors.,Error Prone,AvoidCatchingThrowable
27,net.sourceforge.pmd.lang.plsql.ast,D:\Users\Lenovo\Desktop\PMD-main\pmd-plsql\target\generated-sources\javacc\net\sourceforge\pmd\lang\plsql\ast\PLSQLParser.java,3,7555,A catch statement should never catch throwable since it includes errors.,Error Prone,AvoidCatchingThrowable
28,net.sourceforge.pmd.lang.plsql.ast,D:\Users\Lenovo\Desktop\PMD-main\pmd-plsql\target\generated-sources\javacc\net\sourceforge\pmd\lang\plsql\ast\PLSQLParser.java,3,7638,A catch statement should never catch throwable since it includes errors.,Error Prone,AvoidCatchingThrowable
29,net.sourceforge.pmd.lang.plsql.ast,D:\Users\Lenovo\Desktop\PMD-main\pmd-plsql\target\generated-sources\javacc\net\sourceforge\pmd\lang\plsql\ast\PLSQLParser.java,3,8039,A non-case label was present in a switch statement,Error Prone,NonCaseLabelInSwitchStatement
30,net.sourceforge.pmd.lang.plsql.ast,D:\Users\Lenovo\Desktop\PMD-main\pmd-plsql\target\generated-sources\javacc\net\sourceforge\pmd\lang\plsql\ast\PLSQLParser.java,3,8063,A catch statement should never catch throwable since it includes errors.,Error Prone,AvoidCatchingThrowable
31,net.sourceforge.pmd.lang.plsql.ast,D:\Users\Lenovo\Desktop\PMD-main\pmd-plsql\target\generated-sources\javacc\net\sourceforge\pmd\lang\plsql\ast\PLSQLParser.java,3,8149,A catch statement should never catch throwable since it includes errors.,Error Prone,AvoidCatchingThrowable
32,net.sourceforge.pmd.lang.plsql.ast,D:\Users\Lenovo\Desktop\PMD-main\pmd-plsql\target\generated-sources\javacc\net\sourceforge\pmd\lang\plsql\ast\PLSQLParser.java,3,8181,A catch statement should never catch throwable since it includes errors.,Error Prone,AvoidCatchingThrowable
33,net.sourceforge.pmd.lang.plsql.ast,D:\Users\Lenovo\Desktop\PMD-main\pmd-plsql\target\generated-sources\javacc\net\sourceforge\pmd\lang\plsql\ast\PLSQLParser.java,3,8213,A catch statement should never catch throwable since it includes errors.,Error Prone,AvoidCatchingThrowable
34,net.sourceforge.pmd.lang.plsql.ast,D:\Users\Lenovo\Desktop\PMD-main\pmd-plsql\target\generated-sources\javacc\net\sourceforge\pmd\lang\plsql\ast\PLSQLParser.java,3,8581,A catch statement should never catch throwable since it includes errors.,Error Prone,AvoidCatchingThrowable
35,net.sourceforge.pmd.lang.plsql.ast,D:\Users\Lenovo\Desktop\PMD-main\pmd-plsql\target\generated-sources\javacc\net\sourceforge\pmd\lang\plsql\ast\PLSQLParser.java,3,8657,A catch statement should never catch throwable since it includes errors.,Error Prone,AvoidCatchingThrowable
36,net.sourceforge.pmd.lang.plsql.ast,D:\Users\Lenovo\Desktop\PMD-main\pmd-plsql\target\generated-sources\javacc\net\sourceforge\pmd\lang\plsql\ast\PLSQLParser.java,3,8746,A catch statement should never catch throwable since it includes errors.,Error Prone,AvoidCatchingThrowable
37,net.sourceforge.pmd.lang.plsql.ast,D:\Users\Lenovo\Desktop\PMD-main\pmd-plsql\target\generated-sources\javacc\net\sourceforge\pmd\lang\plsql\ast\PLSQLParser.java,3,9062,A catch statement should never catch throwable since it includes errors.,Error Prone,AvoidCatchingThrowable
38,net.sourceforge.pmd.lang.plsql.ast,D:\Users\Lenovo\Desktop\PMD-main\pmd-plsql\target\generated-sources\javacc\net\sourceforge\pmd\lang\plsql\ast\PLSQLParser.java,3,9243,A catch statement should never catch throwable since it includes errors.,Error Prone,AvoidCatchingThrowable
39,net.sourceforge.pmd.lang.plsql.ast,D:\Users\Lenovo\Desktop\PMD-main\pmd-plsql\target\generated-sources\javacc\net\sourceforge\pmd\lang\plsql\ast\PLSQLParser.java,3,9696,A non-case label was present in a switch statement,Error Prone,NonCaseLabelInSwitchStatement
40,net.sourceforge.pmd.lang.plsql.ast,D:\Users\Lenovo\Desktop\PMD-main\pmd-plsql\target\generated-sources\javacc\net\sourceforge\pmd\lang\plsql\ast\PLSQLParser.java,3,10099,A catch statement should never catch throwable since it includes errors.,Error Prone,AvoidCatchingThrowable
41,net.sourceforge.pmd.lang.plsql.ast,D:\Users\Lenovo\Desktop\PMD-main\pmd-plsql\target\generated-sources\javacc\net\sourceforge\pmd\lang\plsql\ast\PLSQLParser.java,2,10140,Multiline blocks should be enclosed in curly braces,Sonar,MultilineBlocksCurlyBracesCheck
42,net.sourceforge.pmd.lang.plsql.ast,D:\Users\Lenovo\Desktop\PMD-main\pmd-plsql\target\generated-sources\javacc\net\sourceforge\pmd\lang\plsql\ast\PLSQLParser.java,2,10167,Multiline blocks should be enclosed in curly braces,Sonar,MultilineBlocksCurlyBracesCheck
43,net.sourceforge.pmd.lang.plsql.ast,D:\Users\Lenovo\Desktop\PMD-main\pmd-plsql\target\generated-sources\javacc\net\sourceforge\pmd\lang\plsql\ast\PLSQLParser.java,2,10246,Multiline blocks should be enclosed in curly braces,Sonar,MultilineBlocksCurlyBracesCheck
44,net.sourceforge.pmd.lang.plsql.ast,D:\Users\Lenovo\Desktop\PMD-main\pmd-plsql\target\generated-sources\javacc\net\sourceforge\pmd\lang\plsql\ast\PLSQLParser.java,2,10295,Multiline blocks should be enclosed in curly braces,Sonar,MultilineBlocksCurlyBracesCheck
45,net.sourceforge.pmd.lang.plsql.ast,D:\Users\Lenovo\Desktop\PMD-main\pmd-plsql\target\generated-sources\javacc\net\sourceforge\pmd\lang\plsql\ast\PLSQLParser.java,3,10388,A catch statement should never catch throwable since it includes errors.,Error Prone,AvoidCatchingThrowable
46,net.sourceforge.pmd.lang.plsql.ast,D:\Users\Lenovo\Desktop\PMD-main\pmd-plsql\target\generated-sources\javacc\net\sourceforge\pmd\lang\plsql\ast\PLSQLParser.java,3,10469,A catch statement should never catch throwable since it includes errors.,Error Prone,AvoidCatchingThrowable
47,net.sourceforge.pmd.lang.plsql.ast,D:\Users\Lenovo\Desktop\PMD-main\pmd-plsql\target\generated-sources\javacc\net\sourceforge\pmd\lang\plsql\ast\PLSQLParser.java,3,10551,A non-case label was present in a switch statement,Error Prone,NonCaseLabelInSwitchStatement
48,net.sourceforge.pmd.lang.plsql.ast,D:\Users\Lenovo\Desktop\PMD-main\pmd-plsql\target\generated-sources\javacc\net\sourceforge\pmd\lang\plsql\ast\PLSQLParser.java,3,10664,A catch statement should never catch throwable since it includes errors.,Error Prone,AvoidCatchingThrowable
49,net.sourceforge.pmd.lang.plsql.ast,D:\Users\Lenovo\Desktop\PMD-main\pmd-plsql\target\generated-sources\javacc\net\sourceforge\pmd\lang\plsql\ast\PLSQLParser.java,3,10820,A catch statement should never catch throwable since it includes errors.,Error Prone,AvoidCatchingThrowable
50,net.sourceforge.pmd.lang.plsql.ast,D:\Users\Lenovo\Desktop\PMD-main\pmd-plsql\target\generated-sources\javacc\net\sourceforge\pmd\lang\plsql\ast\PLSQLParser.java,3,10879,A catch statement should never catch throwable since it includes errors.,Error Prone,AvoidCatchingThrowable
51,net.sourceforge.pmd.lang.plsql.ast,D:\Users\Lenovo\Desktop\PMD-main\pmd-plsql\target\generated-sources\javacc\net\sourceforge\pmd\lang\plsql\ast\PLSQLParser.java,3,10950,A catch statement should never catch throwable since it includes errors.,Error Prone,AvoidCatchingThrowable
52,net.sourceforge.pmd.lang.plsql.ast,D:\Users\Lenovo\Desktop\PMD-main\pmd-plsql\target\generated-sources\javacc\net\sourceforge\pmd\lang\plsql\ast\PLSQLParser.java,3,10997,A catch statement should never catch throwable since it includes errors.,Error Prone,AvoidCatchingThrowable
53,net.sourceforge.pmd.lang.plsql.ast,D:\Users\Lenovo\Desktop\PMD-main\pmd-plsql\target\generated-sources\javacc\net\sourceforge\pmd\lang\plsql\ast\PLSQLParser.java,3,11436,A catch statement should never catch throwable since it includes errors.,Error Prone,AvoidCatchingThrowable
54,net.sourceforge.pmd.lang.plsql.ast,D:\Users\Lenovo\Desktop\PMD-main\pmd-plsql\target\generated-sources\javacc\net\sourceforge\pmd\lang\plsql\ast\PLSQLParser.java,3,11478,A catch statement should never catch throwable since it includes errors.,Error Prone,AvoidCatchingThrowable
55,net.sourceforge.pmd.lang.plsql.ast,D:\Users\Lenovo\Desktop\PMD-main\pmd-plsql\target\generated-sources\javacc\net\sourceforge\pmd\lang\plsql\ast\PLSQLParser.java,3,11511,A catch statement should never catch throwable since it includes errors.,Error Prone,AvoidCatchingThrowable
56,net.sourceforge.pmd.lang.plsql.ast,D:\Users\Lenovo\Desktop\PMD-main\pmd-plsql\target\generated-sources\javacc\net\sourceforge\pmd\lang\plsql\ast\PLSQLParser.java,3,11553,A catch statement should never catch throwable since it includes errors.,Error Prone,AvoidCatchingThrowable
57,net.sourceforge.pmd.lang.plsql.ast,D:\Users\Lenovo\Desktop\PMD-main\pmd-plsql\target\generated-sources\javacc\net\sourceforge\pmd\lang\plsql\ast\PLSQLParser.java,3,12019,A catch statement should never catch throwable since it includes errors.,Error Prone,AvoidCatchingThrowable
58,net.sourceforge.pmd.lang.plsql.ast,D:\Users\Lenovo\Desktop\PMD-main\pmd-plsql\target\generated-sources\javacc\net\sourceforge\pmd\lang\plsql\ast\PLSQLParser.java,3,12063,A catch statement should never catch throwable since it includes errors.,Error Prone,AvoidCatchingThrowable
59,net.sourceforge.pmd.lang.plsql.ast,D:\Users\Lenovo\Desktop\PMD-main\pmd-plsql\target\generated-sources\javacc\net\sourceforge\pmd\lang\plsql\ast\PLSQLParser.java,3,12131,A catch statement should never catch throwable since it includes errors.,Error Prone,AvoidCatchingThrowable
60,net.sourceforge.pmd.lang.plsql.ast,D:\Users\Lenovo\Desktop\PMD-main\pmd-plsql\target\generated-sources\javacc\net\sourceforge\pmd\lang\plsql\ast\PLSQLParser.java,3,12189,A catch statement should never catch throwable since it includes errors.,Error Prone,AvoidCatchingThrowable
61,net.sourceforge.pmd.lang.plsql.ast,D:\Users\Lenovo\Desktop\PMD-main\pmd-plsql\target\generated-sources\javacc\net\sourceforge\pmd\lang\plsql\ast\PLSQLParser.java,3,12224,A catch statement should never catch throwable since it includes errors.,Error Prone,AvoidCatchingThrowable
62,net.sourceforge.pmd.lang.plsql.ast,D:\Users\Lenovo\Desktop\PMD-main\pmd-plsql\target\generated-sources\javacc\net\sourceforge\pmd\lang\plsql\ast\PLSQLParser.java,3,12282,A catch statement should never catch throwable since it includes errors.,Error Prone,AvoidCatchingThrowable
63,net.sourceforge.pmd.lang.plsql.ast,D:\Users\Lenovo\Desktop\PMD-main\pmd-plsql\target\generated-sources\javacc\net\sourceforge\pmd\lang\plsql\ast\PLSQLParser.java,3,12324,A catch statement should never catch throwable since it includes errors.,Error Prone,AvoidCatchingThrowable
64,net.sourceforge.pmd.lang.plsql.ast,D:\Users\Lenovo\Desktop\PMD-main\pmd-plsql\target\generated-sources\javacc\net\sourceforge\pmd\lang\plsql\ast\PLSQLParser.java,3,12374,A catch statement should never catch throwable since it includes errors.,Error Prone,AvoidCatchingThrowable
65,net.sourceforge.pmd.lang.plsql.ast,D:\Users\Lenovo\Desktop\PMD-main\pmd-plsql\target\generated-sources\javacc\net\sourceforge\pmd\lang\plsql\ast\PLSQLParser.java,3,12424,A catch statement should never catch throwable since it includes errors.,Error Prone,AvoidCatchingThrowable
66,net.sourceforge.pmd.lang.plsql.ast,D:\Users\Lenovo\Desktop\PMD-main\pmd-plsql\target\generated-sources\javacc\net\sourceforge\pmd\lang\plsql\ast\PLSQLParser.java,3,12513,A catch statement should never catch throwable since it includes errors.,Error Prone,AvoidCatchingThrowable
67,net.sourceforge.pmd.lang.plsql.ast,D:\Users\Lenovo\Desktop\PMD-main\pmd-plsql\target\generated-sources\javacc\net\sourceforge\pmd\lang\plsql\ast\PLSQLParser.java,3,12564,A catch statement should never catch throwable since it includes errors.,Error Prone,AvoidCatchingThrowable
68,net.sourceforge.pmd.lang.plsql.ast,D:\Users\Lenovo\Desktop\PMD-main\pmd-plsql\target\generated-sources\javacc\net\sourceforge\pmd\lang\plsql\ast\PLSQLParser.java,3,12811,A catch statement should never catch throwable since it includes errors.,Error Prone,AvoidCatchingThrowable
69,net.sourceforge.pmd.lang.plsql.ast,D:\Users\Lenovo\Desktop\PMD-main\pmd-plsql\target\generated-sources\javacc\net\sourceforge\pmd\lang\plsql\ast\PLSQLParser.java,3,12853,A catch statement should never catch throwable since it includes errors.,Error Prone,AvoidCatchingThrowable
70,net.sourceforge.pmd.lang.plsql.ast,D:\Users\Lenovo\Desktop\PMD-main\pmd-plsql\target\generated-sources\javacc\net\sourceforge\pmd\lang\plsql\ast\PLSQLParser.java,3,13261,A non-case label was present in a switch statement,Error Prone,NonCaseLabelInSwitchStatement
71,net.sourceforge.pmd.lang.plsql.ast,D:\Users\Lenovo\Desktop\PMD-main\pmd-plsql\target\generated-sources\javacc\net\sourceforge\pmd\lang\plsql\ast\PLSQLParser.java,3,13283,A catch statement should never catch throwable since it includes errors.,Error Prone,AvoidCatchingThrowable
72,net.sourceforge.pmd.lang.plsql.ast,D:\Users\Lenovo\Desktop\PMD-main\pmd-plsql\target\generated-sources\javacc\net\sourceforge\pmd\lang\plsql\ast\PLSQLParser.java,3,13322,A catch statement should never catch throwable since it includes errors.,Error Prone,AvoidCatchingThrowable
73,net.sourceforge.pmd.lang.plsql.ast,D:\Users\Lenovo\Desktop\PMD-main\pmd-plsql\target\generated-sources\javacc\net\sourceforge\pmd\lang\plsql\ast\PLSQLParser.java,3,13358,A catch statement should never catch throwable since it includes errors.,Error Prone,AvoidCatchingThrowable
74,net.sourceforge.pmd.lang.plsql.ast,D:\Users\Lenovo\Desktop\PMD-main\pmd-plsql\target\generated-sources\javacc\net\sourceforge\pmd\lang\plsql\ast\PLSQLParser.java,3,14601,A catch statement should never catch throwable since it includes errors.,Error Prone,AvoidCatchingThrowable
75,net.sourceforge.pmd.lang.plsql.ast,D:\Users\Lenovo\Desktop\PMD-main\pmd-plsql\target\generated-sources\javacc\net\sourceforge\pmd\lang\plsql\ast\PLSQLParser.java,3,15119,A catch statement should never catch throwable since it includes errors.,Error Prone,AvoidCatchingThrowable
76,net.sourceforge.pmd.lang.plsql.ast,D:\Users\Lenovo\Desktop\PMD-main\pmd-plsql\target\generated-sources\javacc\net\sourceforge\pmd\lang\plsql\ast\PLSQLParser.java,3,15184,A catch statement should never catch throwable since it includes errors.,Error Prone,AvoidCatchingThrowable
77,net.sourceforge.pmd.lang.plsql.ast,D:\Users\Lenovo\Desktop\PMD-main\pmd-plsql\target\generated-sources\javacc\net\sourceforge\pmd\lang\plsql\ast\PLSQLParser.java,3,15229,A catch statement should never catch throwable since it includes errors.,Error Prone,AvoidCatchingThrowable
78,net.sourceforge.pmd.lang.plsql.ast,D:\Users\Lenovo\Desktop\PMD-main\pmd-plsql\target\generated-sources\javacc\net\sourceforge\pmd\lang\plsql\ast\PLSQLParser.java,3,15298,A catch statement should never catch throwable since it includes errors.,Error Prone,AvoidCatchingThrowable
79,net.sourceforge.pmd.lang.plsql.ast,D:\Users\Lenovo\Desktop\PMD-main\pmd-plsql\target\generated-sources\javacc\net\sourceforge\pmd\lang\plsql\ast\PLSQLParser.java,3,15345,A non-case label was present in a switch statement,Error Prone,NonCaseLabelInSwitchStatement
80,net.sourceforge.pmd.lang.plsql.ast,D:\Users\Lenovo\Desktop\PMD-main\pmd-plsql\target\generated-sources\javacc\net\sourceforge\pmd\lang\plsql\ast\PLSQLParser.java,3,15739,A catch statement should never catch throwable since it includes errors.,Error Prone,AvoidCatchingThrowable
81,net.sourceforge.pmd.lang.plsql.ast,D:\Users\Lenovo\Desktop\PMD-main\pmd-plsql\target\generated-sources\javacc\net\sourceforge\pmd\lang\plsql\ast\PLSQLParser.java,3,16123,A catch statement should never catch throwable since it includes errors.,Error Prone,AvoidCatchingThrowable
82,net.sourceforge.pmd.lang.plsql.ast,D:\Users\Lenovo\Desktop\PMD-main\pmd-plsql\target\generated-sources\javacc\net\sourceforge\pmd\lang\plsql\ast\PLSQLParser.java,3,16190,A catch statement should never catch throwable since it includes errors.,Error Prone,AvoidCatchingThrowable
83,net.sourceforge.pmd.lang.plsql.ast,D:\Users\Lenovo\Desktop\PMD-main\pmd-plsql\target\generated-sources\javacc\net\sourceforge\pmd\lang\plsql\ast\PLSQLParser.java,3,16230,A catch statement should never catch throwable since it includes errors.,Error Prone,AvoidCatchingThrowable
84,net.sourceforge.pmd.lang.plsql.ast,D:\Users\Lenovo\Desktop\PMD-main\pmd-plsql\target\generated-sources\javacc\net\sourceforge\pmd\lang\plsql\ast\PLSQLParser.java,3,17459,A catch statement should never catch throwable since it includes errors.,Error Prone,AvoidCatchingThrowable
85,net.sourceforge.pmd.lang.plsql.ast,D:\Users\Lenovo\Desktop\PMD-main\pmd-plsql\target\generated-sources\javacc\net\sourceforge\pmd\lang\plsql\ast\PLSQLParser.java,3,18327,A catch statement should never catch throwable since it includes errors.,Error Prone,AvoidCatchingThrowable
86,net.sourceforge.pmd.lang.plsql.ast,D:\Users\Lenovo\Desktop\PMD-main\pmd-plsql\target\generated-sources\javacc\net\sourceforge\pmd\lang\plsql\ast\PLSQLParser.java,3,18389,A catch statement should never catch throwable since it includes errors.,Error Prone,AvoidCatchingThrowable
87,net.sourceforge.pmd.lang.plsql.ast,D:\Users\Lenovo\Desktop\PMD-main\pmd-plsql\target\generated-sources\javacc\net\sourceforge\pmd\lang\plsql\ast\PLSQLParser.java,3,20027,A catch statement should never catch throwable since it includes errors.,Error Prone,AvoidCatchingThrowable
88,net.sourceforge.pmd.lang.plsql.ast,D:\Users\Lenovo\Desktop\PMD-main\pmd-plsql\target\generated-sources\javacc\net\sourceforge\pmd\lang\plsql\ast\PLSQLParser.java,3,20077,A catch statement should never catch throwable since it includes errors.,Error Prone,AvoidCatchingThrowable
89,net.sourceforge.pmd.lang.plsql.ast,D:\Users\Lenovo\Desktop\PMD-main\pmd-plsql\target\generated-sources\javacc\net\sourceforge\pmd\lang\plsql\ast\PLSQLParser.java,3,20151,A catch statement should never catch throwable since it includes errors.,Error Prone,AvoidCatchingThrowable
90,net.sourceforge.pmd.lang.plsql.ast,D:\Users\Lenovo\Desktop\PMD-main\pmd-plsql\target\generated-sources\javacc\net\sourceforge\pmd\lang\plsql\ast\PLSQLParser.java,3,20184,A catch statement should never catch throwable since it includes errors.,Error Prone,AvoidCatchingThrowable
91,net.sourceforge.pmd.lang.plsql.ast,D:\Users\Lenovo\Desktop\PMD-main\pmd-plsql\target\generated-sources\javacc\net\sourceforge\pmd\lang\plsql\ast\PLSQLParser.java,3,20257,A catch statement should never catch throwable since it includes errors.,Error Prone,AvoidCatchingThrowable
92,net.sourceforge.pmd.lang.plsql.ast,D:\Users\Lenovo\Desktop\PMD-main\pmd-plsql\target\generated-sources\javacc\net\sourceforge\pmd\lang\plsql\ast\PLSQLParser.java,3,20303,A catch statement should never catch throwable since it includes errors.,Error Prone,AvoidCatchingThrowable
93,net.sourceforge.pmd.lang.plsql.ast,D:\Users\Lenovo\Desktop\PMD-main\pmd-plsql\target\generated-sources\javacc\net\sourceforge\pmd\lang\plsql\ast\PLSQLParser.java,3,20744,A non-case label was present in a switch statement,Error Prone,NonCaseLabelInSwitchStatement
94,net.sourceforge.pmd.lang.plsql.ast,D:\Users\Lenovo\Desktop\PMD-main\pmd-plsql\target\generated-sources\javacc\net\sourceforge\pmd\lang\plsql\ast\PLSQLParser.java,3,20766,A catch statement should never catch throwable since it includes errors.,Error Prone,AvoidCatchingThrowable
95,net.sourceforge.pmd.lang.plsql.ast,D:\Users\Lenovo\Desktop\PMD-main\pmd-plsql\target\generated-sources\javacc\net\sourceforge\pmd\lang\plsql\ast\PLSQLParser.java,3,20818,A catch statement should never catch throwable since it includes errors.,Error Prone,AvoidCatchingThrowable
96,net.sourceforge.pmd.lang.plsql.ast,D:\Users\Lenovo\Desktop\PMD-main\pmd-plsql\target\generated-sources\javacc\net\sourceforge\pmd\lang\plsql\ast\PLSQLParser.java,3,20851,A catch statement should never catch throwable since it includes errors.,Error Prone,AvoidCatchingThrowable
97,net.sourceforge.pmd.lang.plsql.ast,D:\Users\Lenovo\Desktop\PMD-main\pmd-plsql\target\generated-sources\javacc\net\sourceforge\pmd\lang\plsql\ast\PLSQLParser.java,3,20897,A catch statement should never catch throwable since it includes errors.,Error Prone,AvoidCatchingThrowable
98,net.sourceforge.pmd.lang.plsql.ast,D:\Users\Lenovo\Desktop\PMD-main\pmd-plsql\target\generated-sources\javacc\net\sourceforge\pmd\lang\plsql\ast\PLSQLParser.java,3,20941,A catch statement should never catch throwable since it includes errors.,Error Prone,AvoidCatchingThrowable
99,net.sourceforge.pmd.lang.plsql.ast,D:\Users\Lenovo\Desktop\PMD-main\pmd-plsql\target\generated-sources\javacc\net\sourceforge\pmd\lang\plsql\ast\PLSQLParser.java,3,20989,A catch statement should never catch throwable since it includes errors.,Error Prone,AvoidCatchingThrowable
100,net.sourceforge.pmd.lang.plsql.ast,D:\Users\Lenovo\Desktop\PMD-main\pmd-plsql\target\generated-sources\javacc\net\sourceforge\pmd\lang\plsql\ast\PLSQLParser.java,3,21404,A catch statement should never catch throwable since it includes errors.,Error Prone,AvoidCatchingThrowable
101,net.sourceforge.pmd.lang.plsql.ast,D:\Users\Lenovo\Desktop\PMD-main\pmd-plsql\target\generated-sources\javacc\net\sourceforge\pmd\lang\plsql\ast\PLSQLParser.java,3,21437,A catch statement should never catch throwable since it includes errors.,Error Prone,AvoidCatchingThrowable
102,net.sourceforge.pmd.lang.plsql.ast,D:\Users\Lenovo\Desktop\PMD-main\pmd-plsql\target\generated-sources\javacc\net\sourceforge\pmd\lang\plsql\ast\PLSQLParser.java,3,21474,A catch statement should never catch throwable since it includes errors.,Error Prone,AvoidCatchingThrowable
103,net.sourceforge.pmd.lang.plsql.ast,D:\Users\Lenovo\Desktop\PMD-main\pmd-plsql\target\generated-sources\javacc\net\sourceforge\pmd\lang\plsql\ast\PLSQLParser.java,3,21573,A catch statement should never catch throwable since it includes errors.,Error Prone,AvoidCatchingThrowable
104,net.sourceforge.pmd.lang.plsql.ast,D:\Users\Lenovo\Desktop\PMD-main\pmd-plsql\target\generated-sources\javacc\net\sourceforge\pmd\lang\plsql\ast\PLSQLParser.java,3,22007,A catch statement should never catch throwable since it includes errors.,Error Prone,AvoidCatchingThrowable
105,net.sourceforge.pmd.lang.plsql.ast,D:\Users\Lenovo\Desktop\PMD-main\pmd-plsql\target\generated-sources\javacc\net\sourceforge\pmd\lang\plsql\ast\PLSQLParser.java,3,22055,A catch statement should never catch throwable since it includes errors.,Error Prone,AvoidCatchingThrowable
106,net.sourceforge.pmd.lang.plsql.ast,D:\Users\Lenovo\Desktop\PMD-main\pmd-plsql\target\generated-sources\javacc\net\sourceforge\pmd\lang\plsql\ast\PLSQLParser.java,3,22088,A catch statement should never catch throwable since it includes errors.,Error Prone,AvoidCatchingThrowable
107,net.sourceforge.pmd.lang.plsql.ast,D:\Users\Lenovo\Desktop\PMD-main\pmd-plsql\target\generated-sources\javacc\net\sourceforge\pmd\lang\plsql\ast\PLSQLParser.java,3,22121,A catch statement should never catch throwable since it includes errors.,Error Prone,AvoidCatchingThrowable
108,net.sourceforge.pmd.lang.plsql.ast,D:\Users\Lenovo\Desktop\PMD-main\pmd-plsql\target\generated-sources\javacc\net\sourceforge\pmd\lang\plsql\ast\PLSQLParser.java,3,22185,A catch statement should never catch throwable since it includes errors.,Error Prone,AvoidCatchingThrowable
109,net.sourceforge.pmd.lang.plsql.ast,D:\Users\Lenovo\Desktop\PMD-main\pmd-plsql\target\generated-sources\javacc\net\sourceforge\pmd\lang\plsql\ast\PLSQLParser.java,3,22235,A non-case label was present in a switch statement,Error Prone,NonCaseLabelInSwitchStatement
110,net.sourceforge.pmd.lang.plsql.ast,D:\Users\Lenovo\Desktop\PMD-main\pmd-plsql\target\generated-sources\javacc\net\sourceforge\pmd\lang\plsql\ast\PLSQLParser.java,3,22235,A non-case label was present in a switch statement,Error Prone,NonCaseLabelInSwitchStatement
111,net.sourceforge.pmd.lang.plsql.ast,D:\Users\Lenovo\Desktop\PMD-main\pmd-plsql\target\generated-sources\javacc\net\sourceforge\pmd\lang\plsql\ast\PLSQLParser.java,3,22291,A catch statement should never catch throwable since it includes errors.,Error Prone,AvoidCatchingThrowable
112,net.sourceforge.pmd.lang.plsql.ast,D:\Users\Lenovo\Desktop\PMD-main\pmd-plsql\target\generated-sources\javacc\net\sourceforge\pmd\lang\plsql\ast\PLSQLParser.java,3,22356,A non-case label was present in a switch statement,Error Prone,NonCaseLabelInSwitchStatement
113,net.sourceforge.pmd.lang.plsql.ast,D:\Users\Lenovo\Desktop\PMD-main\pmd-plsql\target\generated-sources\javacc\net\sourceforge\pmd\lang\plsql\ast\PLSQLParser.java,3,22356,A non-case label was present in a switch statement,Error Prone,NonCaseLabelInSwitchStatement
114,net.sourceforge.pmd.lang.plsql.ast,D:\Users\Lenovo\Desktop\PMD-main\pmd-plsql\target\generated-sources\javacc\net\sourceforge\pmd\lang\plsql\ast\PLSQLParser.java,3,22384,A catch statement should never catch throwable since it includes errors.,Error Prone,AvoidCatchingThrowable
115,net.sourceforge.pmd.lang.plsql.ast,D:\Users\Lenovo\Desktop\PMD-main\pmd-plsql\target\generated-sources\javacc\net\sourceforge\pmd\lang\plsql\ast\PLSQLParser.java,3,22453,A catch statement should never catch throwable since it includes errors.,Error Prone,AvoidCatchingThrowable
116,net.sourceforge.pmd.lang.plsql.ast,D:\Users\Lenovo\Desktop\PMD-main\pmd-plsql\target\generated-sources\javacc\net\sourceforge\pmd\lang\plsql\ast\PLSQLParser.java,3,22548,A catch statement should never catch throwable since it includes errors.,Error Prone,AvoidCatchingThrowable
117,net.sourceforge.pmd.lang.plsql.ast,D:\Users\Lenovo\Desktop\PMD-main\pmd-plsql\target\generated-sources\javacc\net\sourceforge\pmd\lang\plsql\ast\PLSQLParser.java,3,23158,A catch statement should never catch throwable since it includes errors.,Error Prone,AvoidCatchingThrowable
118,net.sourceforge.pmd.lang.plsql.ast,D:\Users\Lenovo\Desktop\PMD-main\pmd-plsql\target\generated-sources\javacc\net\sourceforge\pmd\lang\plsql\ast\PLSQLParser.java,3,23583,A catch statement should never catch throwable since it includes errors.,Error Prone,AvoidCatchingThrowable
119,net.sourceforge.pmd.lang.plsql.ast,D:\Users\Lenovo\Desktop\PMD-main\pmd-plsql\target\generated-sources\javacc\net\sourceforge\pmd\lang\plsql\ast\PLSQLParser.java,3,23632,A catch statement should never catch throwable since it includes errors.,Error Prone,AvoidCatchingThrowable
120,net.sourceforge.pmd.lang.plsql.ast,D:\Users\Lenovo\Desktop\PMD-main\pmd-plsql\target\generated-sources\javacc\net\sourceforge\pmd\lang\plsql\ast\PLSQLParser.java,3,24079,A catch statement should never catch throwable since it includes errors.,Error Prone,AvoidCatchingThrowable
121,net.sourceforge.pmd.lang.plsql.ast,D:\Users\Lenovo\Desktop\PMD-main\pmd-plsql\target\generated-sources\javacc\net\sourceforge\pmd\lang\plsql\ast\PLSQLParser.java,3,24508,A catch statement should never catch throwable since it includes errors.,Error Prone,AvoidCatchingThrowable
122,net.sourceforge.pmd.lang.plsql.ast,D:\Users\Lenovo\Desktop\PMD-main\pmd-plsql\target\generated-sources\javacc\net\sourceforge\pmd\lang\plsql\ast\PLSQLParser.java,3,24935,A catch statement should never catch throwable since it includes errors.,Error Prone,AvoidCatchingThrowable
123,net.sourceforge.pmd.lang.plsql.ast,D:\Users\Lenovo\Desktop\PMD-main\pmd-plsql\target\generated-sources\javacc\net\sourceforge\pmd\lang\plsql\ast\PLSQLParser.java,3,24978,A catch statement should never catch throwable since it includes errors.,Error Prone,AvoidCatchingThrowable
124,net.sourceforge.pmd.lang.plsql.ast,D:\Users\Lenovo\Desktop\PMD-main\pmd-plsql\target\generated-sources\javacc\net\sourceforge\pmd\lang\plsql\ast\PLSQLParser.java,3,25415,A catch statement should never catch throwable since it includes errors.,Error Prone,AvoidCatchingThrowable
125,net.sourceforge.pmd.lang.plsql.ast,D:\Users\Lenovo\Desktop\PMD-main\pmd-plsql\target\generated-sources\javacc\net\sourceforge\pmd\lang\plsql\ast\PLSQLParser.java,3,25858,A catch statement should never catch throwable since it includes errors.,Error Prone,AvoidCatchingThrowable
126,net.sourceforge.pmd.lang.plsql.ast,D:\Users\Lenovo\Desktop\PMD-main\pmd-plsql\target\generated-sources\javacc\net\sourceforge\pmd\lang\plsql\ast\PLSQLParser.java,3,25907,A catch statement should never catch throwable since it includes errors.,Error Prone,AvoidCatchingThrowable
127,net.sourceforge.pmd.lang.plsql.ast,D:\Users\Lenovo\Desktop\PMD-main\pmd-plsql\target\generated-sources\javacc\net\sourceforge\pmd\lang\plsql\ast\PLSQLParser.java,3,25952,A catch statement should never catch throwable since it includes errors.,Error Prone,AvoidCatchingThrowable
128,net.sourceforge.pmd.lang.plsql.ast,D:\Users\Lenovo\Desktop\PMD-main\pmd-plsql\target\generated-sources\javacc\net\sourceforge\pmd\lang\plsql\ast\PLSQLParser.java,3,26010,A catch statement should never catch throwable since it includes errors.,Error Prone,AvoidCatchingThrowable
129,net.sourceforge.pmd.lang.plsql.ast,D:\Users\Lenovo\Desktop\PMD-main\pmd-plsql\target\generated-sources\javacc\net\sourceforge\pmd\lang\plsql\ast\PLSQLParser.java,3,26834,A catch statement should never catch throwable since it includes errors.,Error Prone,AvoidCatchingThrowable
130,net.sourceforge.pmd.lang.plsql.ast,D:\Users\Lenovo\Desktop\PMD-main\pmd-plsql\target\generated-sources\javacc\net\sourceforge\pmd\lang\plsql\ast\PLSQLParser.java,3,26901,A catch statement should never catch throwable since it includes errors.,Error Prone,AvoidCatchingThrowable
131,net.sourceforge.pmd.lang.plsql.ast,D:\Users\Lenovo\Desktop\PMD-main\pmd-plsql\target\generated-sources\javacc\net\sourceforge\pmd\lang\plsql\ast\PLSQLParser.java,3,26986,A non-case label was present in a switch statement,Error Prone,NonCaseLabelInSwitchStatement
132,net.sourceforge.pmd.lang.plsql.ast,D:\Users\Lenovo\Desktop\PMD-main\pmd-plsql\target\generated-sources\javacc\net\sourceforge\pmd\lang\plsql\ast\PLSQLParser.java,3,27014,A catch statement should never catch throwable since it includes errors.,Error Prone,AvoidCatchingThrowable
133,net.sourceforge.pmd.lang.plsql.ast,D:\Users\Lenovo\Desktop\PMD-main\pmd-plsql\target\generated-sources\javacc\net\sourceforge\pmd\lang\plsql\ast\PLSQLParser.java,3,27068,A catch statement should never catch throwable since it includes errors.,Error Prone,AvoidCatchingThrowable
134,net.sourceforge.pmd.lang.plsql.ast,D:\Users\Lenovo\Desktop\PMD-main\pmd-plsql\target\generated-sources\javacc\net\sourceforge\pmd\lang\plsql\ast\PLSQLParser.java,3,27132,A catch statement should never catch throwable since it includes errors.,Error Prone,AvoidCatchingThrowable
135,net.sourceforge.pmd.lang.plsql.ast,D:\Users\Lenovo\Desktop\PMD-main\pmd-plsql\target\generated-sources\javacc\net\sourceforge\pmd\lang\plsql\ast\PLSQLParser.java,3,27231,A catch statement should never catch throwable since it includes errors.,Error Prone,AvoidCatchingThrowable
136,net.sourceforge.pmd.lang.plsql.ast,D:\Users\Lenovo\Desktop\PMD-main\pmd-plsql\target\generated-sources\javacc\net\sourceforge\pmd\lang\plsql\ast\PLSQLParser.java,3,27283,A non-case label was present in a switch statement,Error Prone,NonCaseLabelInSwitchStatement
137,net.sourceforge.pmd.lang.plsql.ast,D:\Users\Lenovo\Desktop\PMD-main\pmd-plsql\target\generated-sources\javacc\net\sourceforge\pmd\lang\plsql\ast\PLSQLParser.java,3,27679,A catch statement should never catch throwable since it includes errors.,Error Prone,AvoidCatchingThrowable
138,net.sourceforge.pmd.lang.plsql.ast,D:\Users\Lenovo\Desktop\PMD-main\pmd-plsql\target\generated-sources\javacc\net\sourceforge\pmd\lang\plsql\ast\PLSQLParser.java,3,28480,A non-case label was present in a switch statement,Error Prone,NonCaseLabelInSwitchStatement
139,net.sourceforge.pmd.lang.plsql.ast,D:\Users\Lenovo\Desktop\PMD-main\pmd-plsql\target\generated-sources\javacc\net\sourceforge\pmd\lang\plsql\ast\PLSQLParser.java,3,28485,A non-case label was present in a switch statement,Error Prone,NonCaseLabelInSwitchStatement
140,net.sourceforge.pmd.lang.plsql.ast,D:\Users\Lenovo\Desktop\PMD-main\pmd-plsql\target\generated-sources\javacc\net\sourceforge\pmd\lang\plsql\ast\PLSQLParser.java,3,28485,A non-case label was present in a switch statement,Error Prone,NonCaseLabelInSwitchStatement
141,net.sourceforge.pmd.lang.plsql.ast,D:\Users\Lenovo\Desktop\PMD-main\pmd-plsql\target\generated-sources\javacc\net\sourceforge\pmd\lang\plsql\ast\PLSQLParser.java,3,30050,A catch statement should never catch throwable since it includes errors.,Error Prone,AvoidCatchingThrowable
142,net.sourceforge.pmd.lang.plsql.ast,D:\Users\Lenovo\Desktop\PMD-main\pmd-plsql\target\generated-sources\javacc\net\sourceforge\pmd\lang\plsql\ast\PLSQLParser.java,3,30880,A catch statement should never catch throwable since it includes errors.,Error Prone,AvoidCatchingThrowable
143,net.sourceforge.pmd.lang.plsql.ast,D:\Users\Lenovo\Desktop\PMD-main\pmd-plsql\target\generated-sources\javacc\net\sourceforge\pmd\lang\plsql\ast\PLSQLParser.java,3,30962,A catch statement should never catch throwable since it includes errors.,Error Prone,AvoidCatchingThrowable
144,net.sourceforge.pmd.lang.plsql.ast,D:\Users\Lenovo\Desktop\PMD-main\pmd-plsql\target\generated-sources\javacc\net\sourceforge\pmd\lang\plsql\ast\PLSQLParser.java,3,31393,A catch statement should never catch throwable since it includes errors.,Error Prone,AvoidCatchingThrowable
145,net.sourceforge.pmd.lang.plsql.ast,D:\Users\Lenovo\Desktop\PMD-main\pmd-plsql\target\generated-sources\javacc\net\sourceforge\pmd\lang\plsql\ast\PLSQLParser.java,3,31852,A catch statement should never catch throwable since it includes errors.,Error Prone,AvoidCatchingThrowable
146,net.sourceforge.pmd.lang.plsql.ast,D:\Users\Lenovo\Desktop\PMD-main\pmd-plsql\target\generated-sources\javacc\net\sourceforge\pmd\lang\plsql\ast\PLSQLParser.java,3,32291,A catch statement should never catch throwable since it includes errors.,Error Prone,AvoidCatchingThrowable
147,net.sourceforge.pmd.lang.plsql.ast,D:\Users\Lenovo\Desktop\PMD-main\pmd-plsql\target\generated-sources\javacc\net\sourceforge\pmd\lang\plsql\ast\PLSQLParser.java,3,32358,A catch statement should never catch throwable since it includes errors.,Error Prone,AvoidCatchingThrowable
148,net.sourceforge.pmd.lang.plsql.ast,D:\Users\Lenovo\Desktop\PMD-main\pmd-plsql\target\generated-sources\javacc\net\sourceforge\pmd\lang\plsql\ast\PLSQLParser.java,3,32394,A catch statement should never catch throwable since it includes errors.,Error Prone,AvoidCatchingThrowable
149,net.sourceforge.pmd.lang.plsql.ast,D:\Users\Lenovo\Desktop\PMD-main\pmd-plsql\target\generated-sources\javacc\net\sourceforge\pmd\lang\plsql\ast\PLSQLParser.java,3,32429,A catch statement should never catch throwable since it includes errors.,Error Prone,AvoidCatchingThrowable
150,net.sourceforge.pmd.lang.plsql.ast,D:\Users\Lenovo\Desktop\PMD-main\pmd-plsql\target\generated-sources\javacc\net\sourceforge\pmd\lang\plsql\ast\PLSQLParser.java,3,32884,A catch statement should never catch throwable since it includes errors.,Error Prone,AvoidCatchingThrowable
151,net.sourceforge.pmd.lang.plsql.ast,D:\Users\Lenovo\Desktop\PMD-main\pmd-plsql\target\generated-sources\javacc\net\sourceforge\pmd\lang\plsql\ast\PLSQLParser.java,3,32917,A catch statement should never catch throwable since it includes errors.,Error Prone,AvoidCatchingThrowable
152,net.sourceforge.pmd.lang.plsql.ast,D:\Users\Lenovo\Desktop\PMD-main\pmd-plsql\target\generated-sources\javacc\net\sourceforge\pmd\lang\plsql\ast\PLSQLParser.java,3,33334,A catch statement should never catch throwable since it includes errors.,Error Prone,AvoidCatchingThrowable
153,net.sourceforge.pmd.lang.plsql.ast,D:\Users\Lenovo\Desktop\PMD-main\pmd-plsql\target\generated-sources\javacc\net\sourceforge\pmd\lang\plsql\ast\PLSQLParser.java,3,33658,A catch statement should never catch throwable since it includes errors.,Error Prone,AvoidCatchingThrowable
154,net.sourceforge.pmd.lang.plsql.ast,D:\Users\Lenovo\Desktop\PMD-main\pmd-plsql\target\generated-sources\javacc\net\sourceforge\pmd\lang\plsql\ast\PLSQLParser.java,3,33982,A catch statement should never catch throwable since it includes errors.,Error Prone,AvoidCatchingThrowable
155,net.sourceforge.pmd.lang.plsql.ast,D:\Users\Lenovo\Desktop\PMD-main\pmd-plsql\target\generated-sources\javacc\net\sourceforge\pmd\lang\plsql\ast\PLSQLParser.java,3,34297,A catch statement should never catch throwable since it includes errors.,Error Prone,AvoidCatchingThrowable
156,net.sourceforge.pmd.lang.plsql.ast,D:\Users\Lenovo\Desktop\PMD-main\pmd-plsql\target\generated-sources\javacc\net\sourceforge\pmd\lang\plsql\ast\PLSQLParser.java,3,34330,A catch statement should never catch throwable since it includes errors.,Error Prone,AvoidCatchingThrowable
157,net.sourceforge.pmd.lang.plsql.ast,D:\Users\Lenovo\Desktop\PMD-main\pmd-plsql\target\generated-sources\javacc\net\sourceforge\pmd\lang\plsql\ast\PLSQLParser.java,3,34776,A non-case label was present in a switch statement,Error Prone,NonCaseLabelInSwitchStatement
158,net.sourceforge.pmd.lang.plsql.ast,D:\Users\Lenovo\Desktop\PMD-main\pmd-plsql\target\generated-sources\javacc\net\sourceforge\pmd\lang\plsql\ast\PLSQLParser.java,3,34776,A non-case label was present in a switch statement,Error Prone,NonCaseLabelInSwitchStatement
159,net.sourceforge.pmd.lang.plsql.ast,D:\Users\Lenovo\Desktop\PMD-main\pmd-plsql\target\generated-sources\javacc\net\sourceforge\pmd\lang\plsql\ast\PLSQLParser.java,3,34826,A catch statement should never catch throwable since it includes errors.,Error Prone,AvoidCatchingThrowable
160,net.sourceforge.pmd.lang.plsql.ast,D:\Users\Lenovo\Desktop\PMD-main\pmd-plsql\target\generated-sources\javacc\net\sourceforge\pmd\lang\plsql\ast\PLSQLParser.java,3,34892,A catch statement should never catch throwable since it includes errors.,Error Prone,AvoidCatchingThrowable
161,net.sourceforge.pmd.lang.plsql.ast,D:\Users\Lenovo\Desktop\PMD-main\pmd-plsql\target\generated-sources\javacc\net\sourceforge\pmd\lang\plsql\ast\PLSQLParser.java,3,34927,A non-case label was present in a switch statement,Error Prone,NonCaseLabelInSwitchStatement
162,net.sourceforge.pmd.lang.plsql.ast,D:\Users\Lenovo\Desktop\PMD-main\pmd-plsql\target\generated-sources\javacc\net\sourceforge\pmd\lang\plsql\ast\PLSQLParser.java,3,34977,A non-case label was present in a switch statement,Error Prone,NonCaseLabelInSwitchStatement
163,net.sourceforge.pmd.lang.plsql.ast,D:\Users\Lenovo\Desktop\PMD-main\pmd-plsql\target\generated-sources\javacc\net\sourceforge\pmd\lang\plsql\ast\PLSQLParser.java,3,35040,A non-case label was present in a switch statement,Error Prone,NonCaseLabelInSwitchStatement
164,net.sourceforge.pmd.lang.plsql.ast,D:\Users\Lenovo\Desktop\PMD-main\pmd-plsql\target\generated-sources\javacc\net\sourceforge\pmd\lang\plsql\ast\PLSQLParser.java,3,35062,A catch statement should never catch throwable since it includes errors.,Error Prone,AvoidCatchingThrowable
165,net.sourceforge.pmd.lang.plsql.ast,D:\Users\Lenovo\Desktop\PMD-main\pmd-plsql\target\generated-sources\javacc\net\sourceforge\pmd\lang\plsql\ast\PLSQLParser.java,3,35096,A catch statement should never catch throwable since it includes errors.,Error Prone,AvoidCatchingThrowable
166,net.sourceforge.pmd.lang.plsql.ast,D:\Users\Lenovo\Desktop\PMD-main\pmd-plsql\target\generated-sources\javacc\net\sourceforge\pmd\lang\plsql\ast\PLSQLParser.java,3,35129,A non-case label was present in a switch statement,Error Prone,NonCaseLabelInSwitchStatement
167,net.sourceforge.pmd.lang.plsql.ast,D:\Users\Lenovo\Desktop\PMD-main\pmd-plsql\target\generated-sources\javacc\net\sourceforge\pmd\lang\plsql\ast\PLSQLParser.java,3,35524,A non-case label was present in a switch statement,Error Prone,NonCaseLabelInSwitchStatement
168,net.sourceforge.pmd.lang.plsql.ast,D:\Users\Lenovo\Desktop\PMD-main\pmd-plsql\target\generated-sources\javacc\net\sourceforge\pmd\lang\plsql\ast\PLSQLParser.java,3,35537,A non-case label was present in a switch statement,Error Prone,NonCaseLabelInSwitchStatement
169,net.sourceforge.pmd.lang.plsql.ast,D:\Users\Lenovo\Desktop\PMD-main\pmd-plsql\target\generated-sources\javacc\net\sourceforge\pmd\lang\plsql\ast\PLSQLParser.java,3,35933,A non-case label was present in a switch statement,Error Prone,NonCaseLabelInSwitchStatement
170,net.sourceforge.pmd.lang.plsql.ast,D:\Users\Lenovo\Desktop\PMD-main\pmd-plsql\target\generated-sources\javacc\net\sourceforge\pmd\lang\plsql\ast\PLSQLParser.java,3,35944,A non-case label was present in a switch statement,Error Prone,NonCaseLabelInSwitchStatement
171,net.sourceforge.pmd.lang.plsql.ast,D:\Users\Lenovo\Desktop\PMD-main\pmd-plsql\target\generated-sources\javacc\net\sourceforge\pmd\lang\plsql\ast\PLSQLParser.java,3,36355,A catch statement should never catch throwable since it includes errors.,Error Prone,AvoidCatchingThrowable
172,net.sourceforge.pmd.lang.plsql.ast,D:\Users\Lenovo\Desktop\PMD-main\pmd-plsql\target\generated-sources\javacc\net\sourceforge\pmd\lang\plsql\ast\PLSQLParser.java,3,36476,A non-case label was present in a switch statement,Error Prone,NonCaseLabelInSwitchStatement
173,net.sourceforge.pmd.lang.plsql.ast,D:\Users\Lenovo\Desktop\PMD-main\pmd-plsql\target\generated-sources\javacc\net\sourceforge\pmd\lang\plsql\ast\PLSQLParser.java,3,36476,A non-case label was present in a switch statement,Error Prone,NonCaseLabelInSwitchStatement
174,net.sourceforge.pmd.lang.plsql.ast,D:\Users\Lenovo\Desktop\PMD-main\pmd-plsql\target\generated-sources\javacc\net\sourceforge\pmd\lang\plsql\ast\PLSQLParser.java,3,36495,A non-case label was present in a switch statement,Error Prone,NonCaseLabelInSwitchStatement
175,net.sourceforge.pmd.lang.plsql.ast,D:\Users\Lenovo\Desktop\PMD-main\pmd-plsql\target\generated-sources\javacc\net\sourceforge\pmd\lang\plsql\ast\PLSQLParser.java,3,36495,A non-case label was present in a switch statement,Error Prone,NonCaseLabelInSwitchStatement
176,net.sourceforge.pmd.lang.plsql.ast,D:\Users\Lenovo\Desktop\PMD-main\pmd-plsql\target\generated-sources\javacc\net\sourceforge\pmd\lang\plsql\ast\PLSQLParser.java,3,36577,A non-case label was present in a switch statement,Error Prone,NonCaseLabelInSwitchStatement
177,net.sourceforge.pmd.lang.plsql.ast,D:\Users\Lenovo\Desktop\PMD-main\pmd-plsql\target\generated-sources\javacc\net\sourceforge\pmd\lang\plsql\ast\PLSQLParser.java,3,36577,A non-case label was present in a switch statement,Error Prone,NonCaseLabelInSwitchStatement
178,net.sourceforge.pmd.lang.plsql.ast,D:\Users\Lenovo\Desktop\PMD-main\pmd-plsql\target\generated-sources\javacc\net\sourceforge\pmd\lang\plsql\ast\PLSQLParser.java,3,36905,A catch statement should never catch throwable since it includes errors.,Error Prone,AvoidCatchingThrowable
179,net.sourceforge.pmd.lang.plsql.ast,D:\Users\Lenovo\Desktop\PMD-main\pmd-plsql\target\generated-sources\javacc\net\sourceforge\pmd\lang\plsql\ast\PLSQLParser.java,3,36979,A catch statement should never catch throwable since it includes errors.,Error Prone,AvoidCatchingThrowable
180,net.sourceforge.pmd.lang.plsql.ast,D:\Users\Lenovo\Desktop\PMD-main\pmd-plsql\target\generated-sources\javacc\net\sourceforge\pmd\lang\plsql\ast\PLSQLParser.java,3,37176,A catch statement should never catch throwable since it includes errors.,Error Prone,AvoidCatchingThrowable
181,net.sourceforge.pmd.lang.plsql.ast,D:\Users\Lenovo\Desktop\PMD-main\pmd-plsql\target\generated-sources\javacc\net\sourceforge\pmd\lang\plsql\ast\PLSQLParser.java,3,37227,A non-case label was present in a switch statement,Error Prone,NonCaseLabelInSwitchStatement
182,net.sourceforge.pmd.lang.plsql.ast,D:\Users\Lenovo\Desktop\PMD-main\pmd-plsql\target\generated-sources\javacc\net\sourceforge\pmd\lang\plsql\ast\PLSQLParser.java,3,37249,A catch statement should never catch throwable since it includes errors.,Error Prone,AvoidCatchingThrowable
183,net.sourceforge.pmd.lang.plsql.ast,D:\Users\Lenovo\Desktop\PMD-main\pmd-plsql\target\generated-sources\javacc\net\sourceforge\pmd\lang\plsql\ast\PLSQLParser.java,3,37281,A catch statement should never catch throwable since it includes errors.,Error Prone,AvoidCatchingThrowable
184,net.sourceforge.pmd.lang.plsql.ast,D:\Users\Lenovo\Desktop\PMD-main\pmd-plsql\target\generated-sources\javacc\net\sourceforge\pmd\lang\plsql\ast\PLSQLParser.java,3,37313,A catch statement should never catch throwable since it includes errors.,Error Prone,AvoidCatchingThrowable
185,net.sourceforge.pmd.lang.plsql.ast,D:\Users\Lenovo\Desktop\PMD-main\pmd-plsql\target\generated-sources\javacc\net\sourceforge\pmd\lang\plsql\ast\PLSQLParser.java,3,37752,A catch statement should never catch throwable since it includes errors.,Error Prone,AvoidCatchingThrowable
186,net.sourceforge.pmd.lang.plsql.ast,D:\Users\Lenovo\Desktop\PMD-main\pmd-plsql\target\generated-sources\javacc\net\sourceforge\pmd\lang\plsql\ast\PLSQLParser.java,3,37828,A catch statement should never catch throwable since it includes errors.,Error Prone,AvoidCatchingThrowable
187,net.sourceforge.pmd.lang.plsql.ast,D:\Users\Lenovo\Desktop\PMD-main\pmd-plsql\target\generated-sources\javacc\net\sourceforge\pmd\lang\plsql\ast\PLSQLParser.java,3,37866,A catch statement should never catch throwable since it includes errors.,Error Prone,AvoidCatchingThrowable
188,net.sourceforge.pmd.lang.plsql.ast,D:\Users\Lenovo\Desktop\PMD-main\pmd-plsql\target\generated-sources\javacc\net\sourceforge\pmd\lang\plsql\ast\PLSQLParser.java,3,38317,A catch statement should never catch throwable since it includes errors.,Error Prone,AvoidCatchingThrowable
189,net.sourceforge.pmd.lang.plsql.ast,D:\Users\Lenovo\Desktop\PMD-main\pmd-plsql\target\generated-sources\javacc\net\sourceforge\pmd\lang\plsql\ast\PLSQLParser.java,3,38394,A catch statement should never catch throwable since it includes errors.,Error Prone,AvoidCatchingThrowable
190,net.sourceforge.pmd.lang.plsql.ast,D:\Users\Lenovo\Desktop\PMD-main\pmd-plsql\target\generated-sources\javacc\net\sourceforge\pmd\lang\plsql\ast\PLSQLParser.java,3,38844,A catch statement should never catch throwable since it includes errors.,Error Prone,AvoidCatchingThrowable
191,net.sourceforge.pmd.lang.plsql.ast,D:\Users\Lenovo\Desktop\PMD-main\pmd-plsql\target\generated-sources\javacc\net\sourceforge\pmd\lang\plsql\ast\PLSQLParser.java,3,38927,A catch statement should never catch throwable since it includes errors.,Error Prone,AvoidCatchingThrowable
192,net.sourceforge.pmd.lang.plsql.ast,D:\Users\Lenovo\Desktop\PMD-main\pmd-plsql\target\generated-sources\javacc\net\sourceforge\pmd\lang\plsql\ast\PLSQLParser.java,3,38975,A catch statement should never catch throwable since it includes errors.,Error Prone,AvoidCatchingThrowable
193,net.sourceforge.pmd.lang.plsql.ast,D:\Users\Lenovo\Desktop\PMD-main\pmd-plsql\target\generated-sources\javacc\net\sourceforge\pmd\lang\plsql\ast\PLSQLParser.java,3,39023,A catch statement should never catch throwable since it includes errors.,Error Prone,AvoidCatchingThrowable
194,net.sourceforge.pmd.lang.plsql.ast,D:\Users\Lenovo\Desktop\PMD-main\pmd-plsql\target\generated-sources\javacc\net\sourceforge\pmd\lang\plsql\ast\PLSQLParser.java,3,39090,A catch statement should never catch throwable since it includes errors.,Error Prone,AvoidCatchingThrowable
195,net.sourceforge.pmd.lang.plsql.ast,D:\Users\Lenovo\Desktop\PMD-main\pmd-plsql\target\generated-sources\javacc\net\sourceforge\pmd\lang\plsql\ast\PLSQLParser.java,3,39334,A catch statement should never catch throwable since it includes errors.,Error Prone,AvoidCatchingThrowable
196,net.sourceforge.pmd.lang.plsql.ast,D:\Users\Lenovo\Desktop\PMD-main\pmd-plsql\target\generated-sources\javacc\net\sourceforge\pmd\lang\plsql\ast\PLSQLParser.java,3,39400,A catch statement should never catch throwable since it includes errors.,Error Prone,AvoidCatchingThrowable
197,net.sourceforge.pmd.lang.plsql.ast,D:\Users\Lenovo\Desktop\PMD-main\pmd-plsql\target\generated-sources\javacc\net\sourceforge\pmd\lang\plsql\ast\PLSQLParser.java,3,39448,A catch statement should never catch throwable since it includes errors.,Error Prone,AvoidCatchingThrowable
198,net.sourceforge.pmd.lang.plsql.ast,D:\Users\Lenovo\Desktop\PMD-main\pmd-plsql\target\generated-sources\javacc\net\sourceforge\pmd\lang\plsql\ast\PLSQLParser.java,3,39519,A catch statement should never catch throwable since it includes errors.,Error Prone,AvoidCatchingThrowable
199,net.sourceforge.pmd.lang.plsql.ast,D:\Users\Lenovo\Desktop\PMD-main\pmd-plsql\target\generated-sources\javacc\net\sourceforge\pmd\lang\plsql\ast\PLSQLParser.java,3,39957,A catch statement should never catch throwable since it includes errors.,Error Prone,AvoidCatchingThrowable
200,net.sourceforge.pmd.lang.plsql.ast,D:\Users\Lenovo\Desktop\PMD-main\pmd-plsql\target\generated-sources\javacc\net\sourceforge\pmd\lang\plsql\ast\PLSQLParser.java,3,40377,A catch statement should never catch throwable since it includes errors.,Error Prone,AvoidCatchingThrowable
201,net.sourceforge.pmd.lang.plsql.ast,D:\Users\Lenovo\Desktop\PMD-main\pmd-plsql\target\generated-sources\javacc\net\sourceforge\pmd\lang\plsql\ast\PLSQLParser.java,3,40811,A catch statement should never catch throwable since it includes errors.,Error Prone,AvoidCatchingThrowable
202,net.sourceforge.pmd.lang.plsql.ast,D:\Users\Lenovo\Desktop\PMD-main\pmd-plsql\target\generated-sources\javacc\net\sourceforge\pmd\lang\plsql\ast\PLSQLParser.java,3,41340,A catch statement should never catch throwable since it includes errors.,Error Prone,AvoidCatchingThrowable
203,net.sourceforge.pmd.lang.plsql.ast,D:\Users\Lenovo\Desktop\PMD-main\pmd-plsql\target\generated-sources\javacc\net\sourceforge\pmd\lang\plsql\ast\PLSQLParser.java,3,42143,A non-case label was present in a switch statement,Error Prone,NonCaseLabelInSwitchStatement
204,net.sourceforge.pmd.lang.plsql.ast,D:\Users\Lenovo\Desktop\PMD-main\pmd-plsql\target\generated-sources\javacc\net\sourceforge\pmd\lang\plsql\ast\PLSQLParser.java,3,42162,A catch statement should never catch throwable since it includes errors.,Error Prone,AvoidCatchingThrowable
205,net.sourceforge.pmd.lang.plsql.ast,D:\Users\Lenovo\Desktop\PMD-main\pmd-plsql\target\generated-sources\javacc\net\sourceforge\pmd\lang\plsql\ast\PLSQLParser.java,3,42529,A non-case label was present in a switch statement,Error Prone,NonCaseLabelInSwitchStatement
206,net.sourceforge.pmd.lang.plsql.ast,D:\Users\Lenovo\Desktop\PMD-main\pmd-plsql\target\generated-sources\javacc\net\sourceforge\pmd\lang\plsql\ast\PLSQLParser.java,3,42529,A non-case label was present in a switch statement,Error Prone,NonCaseLabelInSwitchStatement
207,net.sourceforge.pmd.lang.plsql.ast,D:\Users\Lenovo\Desktop\PMD-main\pmd-plsql\target\generated-sources\javacc\net\sourceforge\pmd\lang\plsql\ast\PLSQLParser.java,3,42558,A catch statement should never catch throwable since it includes errors.,Error Prone,AvoidCatchingThrowable
208,net.sourceforge.pmd.lang.plsql.ast,D:\Users\Lenovo\Desktop\PMD-main\pmd-plsql\target\generated-sources\javacc\net\sourceforge\pmd\lang\plsql\ast\PLSQLParser.java,3,43026,A catch statement should never catch throwable since it includes errors.,Error Prone,AvoidCatchingThrowable
209,net.sourceforge.pmd.lang.plsql.ast,D:\Users\Lenovo\Desktop\PMD-main\pmd-plsql\target\generated-sources\javacc\net\sourceforge\pmd\lang\plsql\ast\PLSQLParser.java,3,43094,A catch statement should never catch throwable since it includes errors.,Error Prone,AvoidCatchingThrowable
210,net.sourceforge.pmd.lang.plsql.ast,D:\Users\Lenovo\Desktop\PMD-main\pmd-plsql\target\generated-sources\javacc\net\sourceforge\pmd\lang\plsql\ast\PLSQLParser.java,3,43290,A catch statement should never catch throwable since it includes errors.,Error Prone,AvoidCatchingThrowable
211,net.sourceforge.pmd.lang.plsql.ast,D:\Users\Lenovo\Desktop\PMD-main\pmd-plsql\target\generated-sources\javacc\net\sourceforge\pmd\lang\plsql\ast\PLSQLParser.java,3,43350,A catch statement should never catch throwable since it includes errors.,Error Prone,AvoidCatchingThrowable
212,net.sourceforge.pmd.lang.plsql.ast,D:\Users\Lenovo\Desktop\PMD-main\pmd-plsql\target\generated-sources\javacc\net\sourceforge\pmd\lang\plsql\ast\PLSQLParser.java,3,43399,A catch statement should never catch throwable since it includes errors.,Error Prone,AvoidCatchingThrowable
213,net.sourceforge.pmd.lang.plsql.ast,D:\Users\Lenovo\Desktop\PMD-main\pmd-plsql\target\generated-sources\javacc\net\sourceforge\pmd\lang\plsql\ast\PLSQLParser.java,3,44239,A catch statement should never catch throwable since it includes errors.,Error Prone,AvoidCatchingThrowable
214,net.sourceforge.pmd.lang.plsql.ast,D:\Users\Lenovo\Desktop\PMD-main\pmd-plsql\target\generated-sources\javacc\net\sourceforge\pmd\lang\plsql\ast\PLSQLParser.java,3,44284,A catch statement should never catch throwable since it includes errors.,Error Prone,AvoidCatchingThrowable
215,net.sourceforge.pmd.lang.plsql.ast,D:\Users\Lenovo\Desktop\PMD-main\pmd-plsql\target\generated-sources\javacc\net\sourceforge\pmd\lang\plsql\ast\PLSQLParser.java,3,44354,A catch statement should never catch throwable since it includes errors.,Error Prone,AvoidCatchingThrowable
216,net.sourceforge.pmd.lang.plsql.ast,D:\Users\Lenovo\Desktop\PMD-main\pmd-plsql\target\generated-sources\javacc\net\sourceforge\pmd\lang\plsql\ast\PLSQLParser.java,3,44390,A catch statement should never catch throwable since it includes errors.,Error Prone,AvoidCatchingThrowable
217,net.sourceforge.pmd.lang.plsql.ast,D:\Users\Lenovo\Desktop\PMD-main\pmd-plsql\target\generated-sources\javacc\net\sourceforge\pmd\lang\plsql\ast\PLSQLParser.java,3,44454,A non-case label was present in a switch statement,Error Prone,NonCaseLabelInSwitchStatement
218,net.sourceforge.pmd.lang.plsql.ast,D:\Users\Lenovo\Desktop\PMD-main\pmd-plsql\target\generated-sources\javacc\net\sourceforge\pmd\lang\plsql\ast\PLSQLParser.java,3,45179,A catch statement should never catch throwable since it includes errors.,Error Prone,AvoidCatchingThrowable
219,net.sourceforge.pmd.lang.plsql.ast,D:\Users\Lenovo\Desktop\PMD-main\pmd-plsql\target\generated-sources\javacc\net\sourceforge\pmd\lang\plsql\ast\PLSQLParser.java,3,45217,A catch statement should never catch throwable since it includes errors.,Error Prone,AvoidCatchingThrowable
220,net.sourceforge.pmd.lang.plsql.ast,D:\Users\Lenovo\Desktop\PMD-main\pmd-plsql\target\generated-sources\javacc\net\sourceforge\pmd\lang\plsql\ast\PLSQLParser.java,3,45251,A catch statement should never catch throwable since it includes errors.,Error Prone,AvoidCatchingThrowable
221,net.sourceforge.pmd.lang.plsql.ast,D:\Users\Lenovo\Desktop\PMD-main\pmd-plsql\target\generated-sources\javacc\net\sourceforge\pmd\lang\plsql\ast\PLSQLParser.java,3,45303,A non-case label was present in a switch statement,Error Prone,NonCaseLabelInSwitchStatement
222,net.sourceforge.pmd.lang.plsql.ast,D:\Users\Lenovo\Desktop\PMD-main\pmd-plsql\target\generated-sources\javacc\net\sourceforge\pmd\lang\plsql\ast\PLSQLParser.java,3,45342,A non-case label was present in a switch statement,Error Prone,NonCaseLabelInSwitchStatement
223,net.sourceforge.pmd.lang.plsql.ast,D:\Users\Lenovo\Desktop\PMD-main\pmd-plsql\target\generated-sources\javacc\net\sourceforge\pmd\lang\plsql\ast\PLSQLParser.java,3,45364,A catch statement should never catch throwable since it includes errors.,Error Prone,AvoidCatchingThrowable
224,net.sourceforge.pmd.lang.plsql.ast,D:\Users\Lenovo\Desktop\PMD-main\pmd-plsql\target\generated-sources\javacc\net\sourceforge\pmd\lang\plsql\ast\PLSQLParser.java,3,45477,A catch statement should never catch throwable since it includes errors.,Error Prone,AvoidCatchingThrowable
225,net.sourceforge.pmd.lang.plsql.ast,D:\Users\Lenovo\Desktop\PMD-main\pmd-plsql\target\generated-sources\javacc\net\sourceforge\pmd\lang\plsql\ast\PLSQLParser.java,3,45963,A non-case label was present in a switch statement,Error Prone,NonCaseLabelInSwitchStatement
226,net.sourceforge.pmd.lang.plsql.ast,D:\Users\Lenovo\Desktop\PMD-main\pmd-plsql\target\generated-sources\javacc\net\sourceforge\pmd\lang\plsql\ast\PLSQLParser.java,3,46409,A catch statement should never catch throwable since it includes errors.,Error Prone,AvoidCatchingThrowable
227,net.sourceforge.pmd.lang.plsql.ast,D:\Users\Lenovo\Desktop\PMD-main\pmd-plsql\target\generated-sources\javacc\net\sourceforge\pmd\lang\plsql\ast\PLSQLParser.java,3,46468,A catch statement should never catch throwable since it includes errors.,Error Prone,AvoidCatchingThrowable
228,net.sourceforge.pmd.lang.plsql.ast,D:\Users\Lenovo\Desktop\PMD-main\pmd-plsql\target\generated-sources\javacc\net\sourceforge\pmd\lang\plsql\ast\PLSQLParser.java,3,46511,A non-case label was present in a switch statement,Error Prone,NonCaseLabelInSwitchStatement
229,net.sourceforge.pmd.lang.plsql.ast,D:\Users\Lenovo\Desktop\PMD-main\pmd-plsql\target\generated-sources\javacc\net\sourceforge\pmd\lang\plsql\ast\PLSQLParser.java,3,46532,A non-case label was present in a switch statement,Error Prone,NonCaseLabelInSwitchStatement
230,net.sourceforge.pmd.lang.plsql.ast,D:\Users\Lenovo\Desktop\PMD-main\pmd-plsql\target\generated-sources\javacc\net\sourceforge\pmd\lang\plsql\ast\PLSQLParser.java,3,46553,A non-case label was present in a switch statement,Error Prone,NonCaseLabelInSwitchStatement
231,net.sourceforge.pmd.lang.plsql.ast,D:\Users\Lenovo\Desktop\PMD-main\pmd-plsql\target\generated-sources\javacc\net\sourceforge\pmd\lang\plsql\ast\PLSQLParser.java,3,46584,A catch statement should never catch throwable since it includes errors.,Error Prone,AvoidCatchingThrowable
232,net.sourceforge.pmd.lang.plsql.ast,D:\Users\Lenovo\Desktop\PMD-main\pmd-plsql\target\generated-sources\javacc\net\sourceforge\pmd\lang\plsql\ast\PLSQLParser.java,3,46618,A non-case label was present in a switch statement,Error Prone,NonCaseLabelInSwitchStatement
233,net.sourceforge.pmd.lang.plsql.ast,D:\Users\Lenovo\Desktop\PMD-main\pmd-plsql\target\generated-sources\javacc\net\sourceforge\pmd\lang\plsql\ast\PLSQLParser.java,3,46658,A catch statement should never catch throwable since it includes errors.,Error Prone,AvoidCatchingThrowable
234,net.sourceforge.pmd.lang.plsql.ast,D:\Users\Lenovo\Desktop\PMD-main\pmd-plsql\target\generated-sources\javacc\net\sourceforge\pmd\lang\plsql\ast\PLSQLParser.java,3,46719,A non-case label was present in a switch statement,Error Prone,NonCaseLabelInSwitchStatement
235,net.sourceforge.pmd.lang.plsql.ast,D:\Users\Lenovo\Desktop\PMD-main\pmd-plsql\target\generated-sources\javacc\net\sourceforge\pmd\lang\plsql\ast\PLSQLParser.java,3,46755,A catch statement should never catch throwable since it includes errors.,Error Prone,AvoidCatchingThrowable
236,net.sourceforge.pmd.lang.plsql.ast,D:\Users\Lenovo\Desktop\PMD-main\pmd-plsql\target\generated-sources\javacc\net\sourceforge\pmd\lang\plsql\ast\PLSQLParser.java,3,46820,A catch statement should never catch throwable since it includes errors.,Error Prone,AvoidCatchingThrowable
237,net.sourceforge.pmd.lang.plsql.ast,D:\Users\Lenovo\Desktop\PMD-main\pmd-plsql\target\generated-sources\javacc\net\sourceforge\pmd\lang\plsql\ast\PLSQLParser.java,3,46877,A catch statement should never catch throwable since it includes errors.,Error Prone,AvoidCatchingThrowable
238,net.sourceforge.pmd.lang.plsql.ast,D:\Users\Lenovo\Desktop\PMD-main\pmd-plsql\target\generated-sources\javacc\net\sourceforge\pmd\lang\plsql\ast\PLSQLParser.java,3,47535,A catch statement should never catch throwable since it includes errors.,Error Prone,AvoidCatchingThrowable
239,net.sourceforge.pmd.lang.plsql.ast,D:\Users\Lenovo\Desktop\PMD-main\pmd-plsql\target\generated-sources\javacc\net\sourceforge\pmd\lang\plsql\ast\PLSQLParser.java,3,47567,A catch statement should never catch throwable since it includes errors.,Error Prone,AvoidCatchingThrowable
240,net.sourceforge.pmd.lang.plsql.ast,D:\Users\Lenovo\Desktop\PMD-main\pmd-plsql\target\generated-sources\javacc\net\sourceforge\pmd\lang\plsql\ast\PLSQLParser.java,3,47654,A catch statement should never catch throwable since it includes errors.,Error Prone,AvoidCatchingThrowable
241,net.sourceforge.pmd.lang.plsql.ast,D:\Users\Lenovo\Desktop\PMD-main\pmd-plsql\target\generated-sources\javacc\net\sourceforge\pmd\lang\plsql\ast\PLSQLParser.java,3,48190,A non-case label was present in a switch statement,Error Prone,NonCaseLabelInSwitchStatement
242,net.sourceforge.pmd.lang.plsql.ast,D:\Users\Lenovo\Desktop\PMD-main\pmd-plsql\target\generated-sources\javacc\net\sourceforge\pmd\lang\plsql\ast\PLSQLParser.java,3,48190,A non-case label was present in a switch statement,Error Prone,NonCaseLabelInSwitchStatement
243,net.sourceforge.pmd.lang.plsql.ast,D:\Users\Lenovo\Desktop\PMD-main\pmd-plsql\target\generated-sources\javacc\net\sourceforge\pmd\lang\plsql\ast\PLSQLParser.java,3,48983,A catch statement should never catch throwable since it includes errors.,Error Prone,AvoidCatchingThrowable
244,net.sourceforge.pmd.lang.plsql.ast,D:\Users\Lenovo\Desktop\PMD-main\pmd-plsql\target\generated-sources\javacc\net\sourceforge\pmd\lang\plsql\ast\PLSQLParser.java,3,49227,A non-case label was present in a switch statement,Error Prone,NonCaseLabelInSwitchStatement
245,net.sourceforge.pmd.lang.plsql.ast,D:\Users\Lenovo\Desktop\PMD-main\pmd-plsql\target\generated-sources\javacc\net\sourceforge\pmd\lang\plsql\ast\PLSQLParser.java,3,49988,A non-case label was present in a switch statement,Error Prone,NonCaseLabelInSwitchStatement
246,net.sourceforge.pmd.lang.plsql.ast,D:\Users\Lenovo\Desktop\PMD-main\pmd-plsql\target\generated-sources\javacc\net\sourceforge\pmd\lang\plsql\ast\PLSQLParser.java,3,50098,A non-case label was present in a switch statement,Error Prone,NonCaseLabelInSwitchStatement
247,net.sourceforge.pmd.lang.plsql.ast,D:\Users\Lenovo\Desktop\PMD-main\pmd-plsql\target\generated-sources\javacc\net\sourceforge\pmd\lang\plsql\ast\PLSQLParser.java,3,50130,A catch statement should never catch throwable since it includes errors.,Error Prone,AvoidCatchingThrowable
248,net.sourceforge.pmd.lang.plsql.ast,D:\Users\Lenovo\Desktop\PMD-main\pmd-plsql\target\generated-sources\javacc\net\sourceforge\pmd\lang\plsql\ast\PLSQLParser.java,3,50198,A non-case label was present in a switch statement,Error Prone,NonCaseLabelInSwitchStatement
249,net.sourceforge.pmd.lang.plsql.ast,D:\Users\Lenovo\Desktop\PMD-main\pmd-plsql\target\generated-sources\javacc\net\sourceforge\pmd\lang\plsql\ast\PLSQLParser.java,3,50214,A non-case label was present in a switch statement,Error Prone,NonCaseLabelInSwitchStatement
250,net.sourceforge.pmd.lang.plsql.ast,D:\Users\Lenovo\Desktop\PMD-main\pmd-plsql\target\generated-sources\javacc\net\sourceforge\pmd\lang\plsql\ast\PLSQLParser.java,3,50214,A non-case label was present in a switch statement,Error Prone,NonCaseLabelInSwitchStatement
251,net.sourceforge.pmd.lang.plsql.ast,D:\Users\Lenovo\Desktop\PMD-main\pmd-plsql\target\generated-sources\javacc\net\sourceforge\pmd\lang\plsql\ast\PLSQLParser.java,3,50227,A non-case label was present in a switch statement,Error Prone,NonCaseLabelInSwitchStatement
252,net.sourceforge.pmd.lang.plsql.ast,D:\Users\Lenovo\Desktop\PMD-main\pmd-plsql\target\generated-sources\javacc\net\sourceforge\pmd\lang\plsql\ast\PLSQLParser.java,3,50227,A non-case label was present in a switch statement,Error Prone,NonCaseLabelInSwitchStatement
253,net.sourceforge.pmd.lang.plsql.ast,D:\Users\Lenovo\Desktop\PMD-main\pmd-plsql\target\generated-sources\javacc\net\sourceforge\pmd\lang\plsql\ast\PLSQLParser.java,3,50240,A non-case label was present in a switch statement,Error Prone,NonCaseLabelInSwitchStatement
254,net.sourceforge.pmd.lang.plsql.ast,D:\Users\Lenovo\Desktop\PMD-main\pmd-plsql\target\generated-sources\javacc\net\sourceforge\pmd\lang\plsql\ast\PLSQLParser.java,3,50240,A non-case label was present in a switch statement,Error Prone,NonCaseLabelInSwitchStatement
255,net.sourceforge.pmd.lang.plsql.ast,D:\Users\Lenovo\Desktop\PMD-main\pmd-plsql\target\generated-sources\javacc\net\sourceforge\pmd\lang\plsql\ast\PLSQLParser.java,3,50290,A non-case label was present in a switch statement,Error Prone,NonCaseLabelInSwitchStatement
256,net.sourceforge.pmd.lang.plsql.ast,D:\Users\Lenovo\Desktop\PMD-main\pmd-plsql\target\generated-sources\javacc\net\sourceforge\pmd\lang\plsql\ast\PLSQLParser.java,3,50295,A non-case label was present in a switch statement,Error Prone,NonCaseLabelInSwitchStatement
257,net.sourceforge.pmd.lang.plsql.ast,D:\Users\Lenovo\Desktop\PMD-main\pmd-plsql\target\generated-sources\javacc\net\sourceforge\pmd\lang\plsql\ast\PLSQLParser.java,3,50295,A non-case label was present in a switch statement,Error Prone,NonCaseLabelInSwitchStatement
258,net.sourceforge.pmd.lang.plsql.ast,D:\Users\Lenovo\Desktop\PMD-main\pmd-plsql\target\generated-sources\javacc\net\sourceforge\pmd\lang\plsql\ast\PLSQLParser.java,3,50308,A non-case label was present in a switch statement,Error Prone,NonCaseLabelInSwitchStatement
259,net.sourceforge.pmd.lang.plsql.ast,D:\Users\Lenovo\Desktop\PMD-main\pmd-plsql\target\generated-sources\javacc\net\sourceforge\pmd\lang\plsql\ast\PLSQLParser.java,3,50308,A non-case label was present in a switch statement,Error Prone,NonCaseLabelInSwitchStatement
260,net.sourceforge.pmd.lang.plsql.ast,D:\Users\Lenovo\Desktop\PMD-main\pmd-plsql\target\generated-sources\javacc\net\sourceforge\pmd\lang\plsql\ast\PLSQLParser.java,3,50321,A non-case label was present in a switch statement,Error Prone,NonCaseLabelInSwitchStatement
261,net.sourceforge.pmd.lang.plsql.ast,D:\Users\Lenovo\Desktop\PMD-main\pmd-plsql\target\generated-sources\javacc\net\sourceforge\pmd\lang\plsql\ast\PLSQLParser.java,3,50321,A non-case label was present in a switch statement,Error Prone,NonCaseLabelInSwitchStatement
262,net.sourceforge.pmd.lang.plsql.ast,D:\Users\Lenovo\Desktop\PMD-main\pmd-plsql\target\generated-sources\javacc\net\sourceforge\pmd\lang\plsql\ast\PLSQLParser.java,3,50378,A non-case label was present in a switch statement,Error Prone,NonCaseLabelInSwitchStatement
263,net.sourceforge.pmd.lang.plsql.ast,D:\Users\Lenovo\Desktop\PMD-main\pmd-plsql\target\generated-sources\javacc\net\sourceforge\pmd\lang\plsql\ast\PLSQLParser.java,3,50803,A non-case label was present in a switch statement,Error Prone,NonCaseLabelInSwitchStatement
264,net.sourceforge.pmd.lang.plsql.ast,D:\Users\Lenovo\Desktop\PMD-main\pmd-plsql\target\generated-sources\javacc\net\sourceforge\pmd\lang\plsql\ast\PLSQLParser.java,3,51246,A non-case label was present in a switch statement,Error Prone,NonCaseLabelInSwitchStatement
265,net.sourceforge.pmd.lang.plsql.ast,D:\Users\Lenovo\Desktop\PMD-main\pmd-plsql\target\generated-sources\javacc\net\sourceforge\pmd\lang\plsql\ast\PLSQLParser.java,3,51246,A non-case label was present in a switch statement,Error Prone,NonCaseLabelInSwitchStatement
266,net.sourceforge.pmd.lang.plsql.ast,D:\Users\Lenovo\Desktop\PMD-main\pmd-plsql\target\generated-sources\javacc\net\sourceforge\pmd\lang\plsql\ast\PLSQLParser.java,3,51317,A catch statement should never catch throwable since it includes errors.,Error Prone,AvoidCatchingThrowable
267,net.sourceforge.pmd.lang.plsql.ast,D:\Users\Lenovo\Desktop\PMD-main\pmd-plsql\target\generated-sources\javacc\net\sourceforge\pmd\lang\plsql\ast\PLSQLParser.java,3,51378,A catch statement should never catch throwable since it includes errors.,Error Prone,AvoidCatchingThrowable
268,net.sourceforge.pmd.lang.plsql.ast,D:\Users\Lenovo\Desktop\PMD-main\pmd-plsql\target\generated-sources\javacc\net\sourceforge\pmd\lang\plsql\ast\PLSQLParser.java,3,51410,A catch statement should never catch throwable since it includes errors.,Error Prone,AvoidCatchingThrowable
269,net.sourceforge.pmd.lang.plsql.ast,D:\Users\Lenovo\Desktop\PMD-main\pmd-plsql\target\generated-sources\javacc\net\sourceforge\pmd\lang\plsql\ast\PLSQLParser.java,3,51453,A non-case label was present in a switch statement,Error Prone,NonCaseLabelInSwitchStatement
270,net.sourceforge.pmd.lang.plsql.ast,D:\Users\Lenovo\Desktop\PMD-main\pmd-plsql\target\generated-sources\javacc\net\sourceforge\pmd\lang\plsql\ast\PLSQLParser.java,3,51891,A catch statement should never catch throwable since it includes errors.,Error Prone,AvoidCatchingThrowable
271,net.sourceforge.pmd.lang.plsql.ast,D:\Users\Lenovo\Desktop\PMD-main\pmd-plsql\target\generated-sources\javacc\net\sourceforge\pmd\lang\plsql\ast\PLSQLParser.java,3,52072,A non-case label was present in a switch statement,Error Prone,NonCaseLabelInSwitchStatement
272,net.sourceforge.pmd.lang.plsql.ast,D:\Users\Lenovo\Desktop\PMD-main\pmd-plsql\target\generated-sources\javacc\net\sourceforge\pmd\lang\plsql\ast\PLSQLParser.java,3,52149,A non-case label was present in a switch statement,Error Prone,NonCaseLabelInSwitchStatement
273,net.sourceforge.pmd.lang.plsql.ast,D:\Users\Lenovo\Desktop\PMD-main\pmd-plsql\target\generated-sources\javacc\net\sourceforge\pmd\lang\plsql\ast\PLSQLParser.java,3,52600,A non-case label was present in a switch statement,Error Prone,NonCaseLabelInSwitchStatement
274,net.sourceforge.pmd.lang.plsql.ast,D:\Users\Lenovo\Desktop\PMD-main\pmd-plsql\target\generated-sources\javacc\net\sourceforge\pmd\lang\plsql\ast\PLSQLParser.java,3,52695,A non-case label was present in a switch statement,Error Prone,NonCaseLabelInSwitchStatement
275,net.sourceforge.pmd.lang.plsql.ast,D:\Users\Lenovo\Desktop\PMD-main\pmd-plsql\target\generated-sources\javacc\net\sourceforge\pmd\lang\plsql\ast\PLSQLParser.java,3,52772,A catch statement should never catch throwable since it includes errors.,Error Prone,AvoidCatchingThrowable
276,net.sourceforge.pmd.lang.plsql.ast,D:\Users\Lenovo\Desktop\PMD-main\pmd-plsql\target\generated-sources\javacc\net\sourceforge\pmd\lang\plsql\ast\PLSQLParser.java,3,53261,A catch statement should never catch throwable since it includes errors.,Error Prone,AvoidCatchingThrowable
277,net.sourceforge.pmd.lang.plsql.ast,D:\Users\Lenovo\Desktop\PMD-main\pmd-plsql\target\generated-sources\javacc\net\sourceforge\pmd\lang\plsql\ast\PLSQLParser.java,3,54088,A catch statement should never catch throwable since it includes errors.,Error Prone,AvoidCatchingThrowable
278,net.sourceforge.pmd.lang.plsql.ast,D:\Users\Lenovo\Desktop\PMD-main\pmd-plsql\target\generated-sources\javacc\net\sourceforge\pmd\lang\plsql\ast\PLSQLParser.java,3,54594,A catch statement should never catch throwable since it includes errors.,Error Prone,AvoidCatchingThrowable
279,net.sourceforge.pmd.lang.plsql.ast,D:\Users\Lenovo\Desktop\PMD-main\pmd-plsql\target\generated-sources\javacc\net\sourceforge\pmd\lang\plsql\ast\PLSQLParser.java,3,54763,A catch statement should never catch throwable since it includes errors.,Error Prone,AvoidCatchingThrowable
280,net.sourceforge.pmd.lang.plsql.ast,D:\Users\Lenovo\Desktop\PMD-main\pmd-plsql\target\generated-sources\javacc\net\sourceforge\pmd\lang\plsql\ast\PLSQLParser.java,3,54805,A catch statement should never catch throwable since it includes errors.,Error Prone,AvoidCatchingThrowable
281,net.sourceforge.pmd.lang.plsql.ast,D:\Users\Lenovo\Desktop\PMD-main\pmd-plsql\target\generated-sources\javacc\net\sourceforge\pmd\lang\plsql\ast\PLSQLParser.java,3,56513,A catch statement should never catch throwable since it includes errors.,Error Prone,AvoidCatchingThrowable
282,net.sourceforge.pmd.lang.plsql.ast,D:\Users\Lenovo\Desktop\PMD-main\pmd-plsql\target\generated-sources\javacc\net\sourceforge\pmd\lang\plsql\ast\PLSQLParser.java,3,56863,A catch statement should never catch throwable since it includes errors.,Error Prone,AvoidCatchingThrowable
283,net.sourceforge.pmd.lang.plsql.ast,D:\Users\Lenovo\Desktop\PMD-main\pmd-plsql\target\generated-sources\javacc\net\sourceforge\pmd\lang\plsql\ast\PLSQLParser.java,3,57360,A catch statement should never catch throwable since it includes errors.,Error Prone,AvoidCatchingThrowable
1,net.sourceforge.pmd.lang.plsql.ast,D:\Users\Lenovo\Desktop\PMD-main\pmd-plsql\target\generated-sources\javacc\net\sourceforge\pmd\lang\plsql\ast\PLSQLParserConstants.java,2,926,Mutable fields should not be public static,Sonar,PublicStaticMutableMembersCheck
1,net.sourceforge.pmd.lang.plsql.ast,D:\Users\Lenovo\Desktop\PMD-main\pmd-plsql\target\generated-sources\javacc\net\sourceforge\pmd\lang\plsql\ast\PLSQLParserTokenManager.java,2,4517,Mutable fields should not be public static,Sonar,PublicStaticMutableMembersCheck
2,net.sourceforge.pmd.lang.plsql.ast,D:\Users\Lenovo\Desktop\PMD-main\pmd-plsql\target\generated-sources\javacc\net\sourceforge\pmd\lang\plsql\ast\PLSQLParserTokenManager.java,2,4557,Mutable fields should not be public static,Sonar,PublicStaticMutableMembersCheck
3,net.sourceforge.pmd.lang.plsql.ast,D:\Users\Lenovo\Desktop\PMD-main\pmd-plsql\target\generated-sources\javacc\net\sourceforge\pmd\lang\plsql\ast\PLSQLParserTokenManager.java,2,4565,Mutable fields should not be public static,Sonar,PublicStaticMutableMembersCheck
4,net.sourceforge.pmd.lang.plsql.ast,D:\Users\Lenovo\Desktop\PMD-main\pmd-plsql\target\generated-sources\javacc\net\sourceforge\pmd\lang\plsql\ast\PLSQLParserTokenManager.java,2,4779,Multiline blocks should be enclosed in curly braces,Sonar,MultilineBlocksCurlyBracesCheck
5,net.sourceforge.pmd.lang.plsql.ast,D:\Users\Lenovo\Desktop\PMD-main\pmd-plsql\target\generated-sources\javacc\net\sourceforge\pmd\lang\plsql\ast\PLSQLParserTokenManager.java,2,4784,Multiline blocks should be enclosed in curly braces,Sonar,MultilineBlocksCurlyBracesCheck
1,net.sourceforge.pmd.lang.plsql.ast,D:\Users\Lenovo\Desktop\PMD-main\pmd-plsql\target\generated-sources\javacc\net\sourceforge\pmd\lang\plsql\ast\PLSQLParserTreeConstants.java,2,226,Mutable fields should not be public static,Sonar,PublicStaticMutableMembersCheck
1,net.sourceforge.pmd.lang.python.ast,D:\Users\Lenovo\Desktop\PMD-main\pmd-python\target\generated-sources\javacc\net\sourceforge\pmd\lang\python\ast\PythonParserConstants.java,2,258,Mutable fields should not be public static,Sonar,PublicStaticMutableMembersCheck
1,net.sourceforge.pmd.lang.python.ast,D:\Users\Lenovo\Desktop\PMD-main\pmd-python\target\generated-sources\javacc\net\sourceforge\pmd\lang\python\ast\PythonParserTokenManager.java,2,3412,Mutable fields should not be public static,Sonar,PublicStaticMutableMembersCheck
2,net.sourceforge.pmd.lang.python.ast,D:\Users\Lenovo\Desktop\PMD-main\pmd-python\target\generated-sources\javacc\net\sourceforge\pmd\lang\python\ast\PythonParserTokenManager.java,2,3433,Mutable fields should not be public static,Sonar,PublicStaticMutableMembersCheck
3,net.sourceforge.pmd.lang.python.ast,D:\Users\Lenovo\Desktop\PMD-main\pmd-python\target\generated-sources\javacc\net\sourceforge\pmd\lang\python\ast\PythonParserTokenManager.java,2,3456,Mutable fields should not be public static,Sonar,PublicStaticMutableMembersCheck
4,net.sourceforge.pmd.lang.python.ast,D:\Users\Lenovo\Desktop\PMD-main\pmd-python\target\generated-sources\javacc\net\sourceforge\pmd\lang\python\ast\PythonParserTokenManager.java,2,3734,Multiline blocks should be enclosed in curly braces,Sonar,MultilineBlocksCurlyBracesCheck
5,net.sourceforge.pmd.lang.python.ast,D:\Users\Lenovo\Desktop\PMD-main\pmd-python\target\generated-sources\javacc\net\sourceforge\pmd\lang\python\ast\PythonParserTokenManager.java,2,3739,Multiline blocks should be enclosed in curly braces,Sonar,MultilineBlocksCurlyBracesCheck
1,org.sonar.plugins.scala.cpd,D:\Users\Lenovo\Desktop\PMD-main\pmd-scala\src\main\java\org\sonar\plugins\scala\cpd\ScalaTokenizer.java,3,57,Avoid printStackTrace(); use a logger call instead.,Best Practices,AvoidPrintStackTrace
1,net.sourceforge.pmd.testframework,D:\Users\Lenovo\Desktop\PMD-main\pmd-test\src\main\java\net\sourceforge\pmd\testframework\RuleTst.java,3,109,Avoid printStackTrace(); use a logger call instead.,Best Practices,AvoidPrintStackTrace
2,net.sourceforge.pmd.testframework,D:\Users\Lenovo\Desktop\PMD-main\pmd-test\src\main\java\net\sourceforge\pmd\testframework\RuleTst.java,3,150,Avoid printStackTrace(); use a logger call instead.,Best Practices,AvoidPrintStackTrace
1,net.sourceforge.pmd.testframework,D:\Users\Lenovo\Desktop\PMD-main\pmd-test\src\main\java\net\sourceforge\pmd\testframework\TestDescriptor.java,3,31,Field isRegressionTest has the same name as a method,Error Prone,AvoidFieldNameMatchingMethodName
1,net.sourceforge.pmd.cpd,D:\Users\Lenovo\Desktop\PMD-main\pmd-visualforce\src\main\java\net\sourceforge\pmd\cpd\VfTokenizer.java,3,42,Avoid printStackTrace(); use a logger call instead.,Best Practices,AvoidPrintStackTrace
1,net.sourceforge.pmd.lang.vf.ast,D:\Users\Lenovo\Desktop\PMD-main\pmd-visualforce\src\test\java\net\sourceforge\pmd\lang\vf\ast\VfDocStyleTest.java,2,662,Avoid comparing class names directly. Use instanceof or Class.isAssignableFrom() instead.,Sonar,ClassComparedByNameCheck
1,net.sourceforge.pmd.lang.vf.ast,D:\Users\Lenovo\Desktop\PMD-main\pmd-visualforce\target\generated-sources\javacc\net\sourceforge\pmd\lang\vf\ast\JJTVfParserState.java,2,53,Collection methods with O(n) performance should be used carefully,Sonar,CollectionMethodsWithLinearComplexityCheck
2,net.sourceforge.pmd.lang.vf.ast,D:\Users\Lenovo\Desktop\PMD-main\pmd-visualforce\target\generated-sources\javacc\net\sourceforge\pmd\lang\vf\ast\JJTVfParserState.java,2,55,Collection methods with O(n) performance should be used carefully,Sonar,CollectionMethodsWithLinearComplexityCheck
3,net.sourceforge.pmd.lang.vf.ast,D:\Users\Lenovo\Desktop\PMD-main\pmd-visualforce\target\generated-sources\javacc\net\sourceforge\pmd\lang\vf\ast\JJTVfParserState.java,2,74,Collection methods with O(n) performance should be used carefully,Sonar,CollectionMethodsWithLinearComplexityCheck
4,net.sourceforge.pmd.lang.vf.ast,D:\Users\Lenovo\Desktop\PMD-main\pmd-visualforce\target\generated-sources\javacc\net\sourceforge\pmd\lang\vf\ast\JJTVfParserState.java,2,90,Collection methods with O(n) performance should be used carefully,Sonar,CollectionMethodsWithLinearComplexityCheck
5,net.sourceforge.pmd.lang.vf.ast,D:\Users\Lenovo\Desktop\PMD-main\pmd-visualforce\target\generated-sources\javacc\net\sourceforge\pmd\lang\vf\ast\JJTVfParserState.java,2,110,Collection methods with O(n) performance should be used carefully,Sonar,CollectionMethodsWithLinearComplexityCheck
6,net.sourceforge.pmd.lang.vf.ast,D:\Users\Lenovo\Desktop\PMD-main\pmd-visualforce\target\generated-sources\javacc\net\sourceforge\pmd\lang\vf\ast\JJTVfParserState.java,2,120,Collection methods with O(n) performance should be used carefully,Sonar,CollectionMethodsWithLinearComplexityCheck
1,net.sourceforge.pmd.lang.vf.ast,D:\Users\Lenovo\Desktop\PMD-main\pmd-visualforce\target\generated-sources\javacc\net\sourceforge\pmd\lang\vf\ast\VfParser.java,3,62,A catch statement should never catch throwable since it includes errors.,Error Prone,AvoidCatchingThrowable
2,net.sourceforge.pmd.lang.vf.ast,D:\Users\Lenovo\Desktop\PMD-main\pmd-visualforce\target\generated-sources\javacc\net\sourceforge\pmd\lang\vf\ast\VfParser.java,3,171,A catch statement should never catch throwable since it includes errors.,Error Prone,AvoidCatchingThrowable
3,net.sourceforge.pmd.lang.vf.ast,D:\Users\Lenovo\Desktop\PMD-main\pmd-visualforce\target\generated-sources\javacc\net\sourceforge\pmd\lang\vf\ast\VfParser.java,3,375,A catch statement should never catch throwable since it includes errors.,Error Prone,AvoidCatchingThrowable
4,net.sourceforge.pmd.lang.vf.ast,D:\Users\Lenovo\Desktop\PMD-main\pmd-visualforce\target\generated-sources\javacc\net\sourceforge\pmd\lang\vf\ast\VfParser.java,3,434,A non-case label was present in a switch statement,Error Prone,NonCaseLabelInSwitchStatement
5,net.sourceforge.pmd.lang.vf.ast,D:\Users\Lenovo\Desktop\PMD-main\pmd-visualforce\target\generated-sources\javacc\net\sourceforge\pmd\lang\vf\ast\VfParser.java,3,481,A non-case label was present in a switch statement,Error Prone,NonCaseLabelInSwitchStatement
6,net.sourceforge.pmd.lang.vf.ast,D:\Users\Lenovo\Desktop\PMD-main\pmd-visualforce\target\generated-sources\javacc\net\sourceforge\pmd\lang\vf\ast\VfParser.java,3,528,A non-case label was present in a switch statement,Error Prone,NonCaseLabelInSwitchStatement
7,net.sourceforge.pmd.lang.vf.ast,D:\Users\Lenovo\Desktop\PMD-main\pmd-visualforce\target\generated-sources\javacc\net\sourceforge\pmd\lang\vf\ast\VfParser.java,3,578,A catch statement should never catch throwable since it includes errors.,Error Prone,AvoidCatchingThrowable
8,net.sourceforge.pmd.lang.vf.ast,D:\Users\Lenovo\Desktop\PMD-main\pmd-visualforce\target\generated-sources\javacc\net\sourceforge\pmd\lang\vf\ast\VfParser.java,3,954,A non-case label was present in a switch statement,Error Prone,NonCaseLabelInSwitchStatement
9,net.sourceforge.pmd.lang.vf.ast,D:\Users\Lenovo\Desktop\PMD-main\pmd-visualforce\target\generated-sources\javacc\net\sourceforge\pmd\lang\vf\ast\VfParser.java,3,984,A non-case label was present in a switch statement,Error Prone,NonCaseLabelInSwitchStatement
10,net.sourceforge.pmd.lang.vf.ast,D:\Users\Lenovo\Desktop\PMD-main\pmd-visualforce\target\generated-sources\javacc\net\sourceforge\pmd\lang\vf\ast\VfParser.java,3,1021,A catch statement should never catch throwable since it includes errors.,Error Prone,AvoidCatchingThrowable
11,net.sourceforge.pmd.lang.vf.ast,D:\Users\Lenovo\Desktop\PMD-main\pmd-visualforce\target\generated-sources\javacc\net\sourceforge\pmd\lang\vf\ast\VfParser.java,3,1067,A catch statement should never catch throwable since it includes errors.,Error Prone,AvoidCatchingThrowable
12,net.sourceforge.pmd.lang.vf.ast,D:\Users\Lenovo\Desktop\PMD-main\pmd-visualforce\target\generated-sources\javacc\net\sourceforge\pmd\lang\vf\ast\VfParser.java,3,1119,A catch statement should never catch throwable since it includes errors.,Error Prone,AvoidCatchingThrowable
13,net.sourceforge.pmd.lang.vf.ast,D:\Users\Lenovo\Desktop\PMD-main\pmd-visualforce\target\generated-sources\javacc\net\sourceforge\pmd\lang\vf\ast\VfParser.java,3,1200,A catch statement should never catch throwable since it includes errors.,Error Prone,AvoidCatchingThrowable
14,net.sourceforge.pmd.lang.vf.ast,D:\Users\Lenovo\Desktop\PMD-main\pmd-visualforce\target\generated-sources\javacc\net\sourceforge\pmd\lang\vf\ast\VfParser.java,3,1355,A catch statement should never catch throwable since it includes errors.,Error Prone,AvoidCatchingThrowable
15,net.sourceforge.pmd.lang.vf.ast,D:\Users\Lenovo\Desktop\PMD-main\pmd-visualforce\target\generated-sources\javacc\net\sourceforge\pmd\lang\vf\ast\VfParser.java,3,1407,A catch statement should never catch throwable since it includes errors.,Error Prone,AvoidCatchingThrowable
16,net.sourceforge.pmd.lang.vf.ast,D:\Users\Lenovo\Desktop\PMD-main\pmd-visualforce\target\generated-sources\javacc\net\sourceforge\pmd\lang\vf\ast\VfParser.java,3,1521,A catch statement should never catch throwable since it includes errors.,Error Prone,AvoidCatchingThrowable
17,net.sourceforge.pmd.lang.vf.ast,D:\Users\Lenovo\Desktop\PMD-main\pmd-visualforce\target\generated-sources\javacc\net\sourceforge\pmd\lang\vf\ast\VfParser.java,3,1554,A catch statement should never catch throwable since it includes errors.,Error Prone,AvoidCatchingThrowable
18,net.sourceforge.pmd.lang.vf.ast,D:\Users\Lenovo\Desktop\PMD-main\pmd-visualforce\target\generated-sources\javacc\net\sourceforge\pmd\lang\vf\ast\VfParser.java,3,1591,A non-case label was present in a switch statement,Error Prone,NonCaseLabelInSwitchStatement
19,net.sourceforge.pmd.lang.vf.ast,D:\Users\Lenovo\Desktop\PMD-main\pmd-visualforce\target\generated-sources\javacc\net\sourceforge\pmd\lang\vf\ast\VfParser.java,3,1623,A non-case label was present in a switch statement,Error Prone,NonCaseLabelInSwitchStatement
20,net.sourceforge.pmd.lang.vf.ast,D:\Users\Lenovo\Desktop\PMD-main\pmd-visualforce\target\generated-sources\javacc\net\sourceforge\pmd\lang\vf\ast\VfParser.java,3,1655,A non-case label was present in a switch statement,Error Prone,NonCaseLabelInSwitchStatement
21,net.sourceforge.pmd.lang.vf.ast,D:\Users\Lenovo\Desktop\PMD-main\pmd-visualforce\target\generated-sources\javacc\net\sourceforge\pmd\lang\vf\ast\VfParser.java,3,1693,A catch statement should never catch throwable since it includes errors.,Error Prone,AvoidCatchingThrowable
22,net.sourceforge.pmd.lang.vf.ast,D:\Users\Lenovo\Desktop\PMD-main\pmd-visualforce\target\generated-sources\javacc\net\sourceforge\pmd\lang\vf\ast\VfParser.java,3,1755,A catch statement should never catch throwable since it includes errors.,Error Prone,AvoidCatchingThrowable
23,net.sourceforge.pmd.lang.vf.ast,D:\Users\Lenovo\Desktop\PMD-main\pmd-visualforce\target\generated-sources\javacc\net\sourceforge\pmd\lang\vf\ast\VfParser.java,3,1814,A catch statement should never catch throwable since it includes errors.,Error Prone,AvoidCatchingThrowable
24,net.sourceforge.pmd.lang.vf.ast,D:\Users\Lenovo\Desktop\PMD-main\pmd-visualforce\target\generated-sources\javacc\net\sourceforge\pmd\lang\vf\ast\VfParser.java,3,1905,A non-case label was present in a switch statement,Error Prone,NonCaseLabelInSwitchStatement
25,net.sourceforge.pmd.lang.vf.ast,D:\Users\Lenovo\Desktop\PMD-main\pmd-visualforce\target\generated-sources\javacc\net\sourceforge\pmd\lang\vf\ast\VfParser.java,3,1939,A catch statement should never catch throwable since it includes errors.,Error Prone,AvoidCatchingThrowable
26,net.sourceforge.pmd.lang.vf.ast,D:\Users\Lenovo\Desktop\PMD-main\pmd-visualforce\target\generated-sources\javacc\net\sourceforge\pmd\lang\vf\ast\VfParser.java,3,2934,Field jj_ntk has the same name as a method,Error Prone,AvoidFieldNameMatchingMethodName
1,net.sourceforge.pmd.lang.vf.ast,D:\Users\Lenovo\Desktop\PMD-main\pmd-visualforce\target\generated-sources\javacc\net\sourceforge\pmd\lang\vf\ast\VfParserConstants.java,2,288,Mutable fields should not be public static,Sonar,PublicStaticMutableMembersCheck
1,net.sourceforge.pmd.lang.vf.ast,D:\Users\Lenovo\Desktop\PMD-main\pmd-visualforce\target\generated-sources\javacc\net\sourceforge\pmd\lang\vf\ast\VfParserTokenManager.java,2,5300,Mutable fields should not be public static,Sonar,PublicStaticMutableMembersCheck
2,net.sourceforge.pmd.lang.vf.ast,D:\Users\Lenovo\Desktop\PMD-main\pmd-visualforce\target\generated-sources\javacc\net\sourceforge\pmd\lang\vf\ast\VfParserTokenManager.java,2,5313,Mutable fields should not be public static,Sonar,PublicStaticMutableMembersCheck
3,net.sourceforge.pmd.lang.vf.ast,D:\Users\Lenovo\Desktop\PMD-main\pmd-visualforce\target\generated-sources\javacc\net\sourceforge\pmd\lang\vf\ast\VfParserTokenManager.java,2,5338,Mutable fields should not be public static,Sonar,PublicStaticMutableMembersCheck
4,net.sourceforge.pmd.lang.vf.ast,D:\Users\Lenovo\Desktop\PMD-main\pmd-visualforce\target\generated-sources\javacc\net\sourceforge\pmd\lang\vf\ast\VfParserTokenManager.java,2,5625,Multiline blocks should be enclosed in curly braces,Sonar,MultilineBlocksCurlyBracesCheck
1,net.sourceforge.pmd.lang.vf.ast,D:\Users\Lenovo\Desktop\PMD-main\pmd-visualforce\target\generated-sources\javacc\net\sourceforge\pmd\lang\vf\ast\VfParserTreeConstants.java,2,27,Mutable fields should not be public static,Sonar,PublicStaticMutableMembersCheck
1,net.sourceforge.pmd.lang.vm.ast,D:\Users\Lenovo\Desktop\PMD-main\pmd-vm\src\main\java\net\sourceforge\pmd\lang\vm\ast\ASTReference.java,3,38,Field literal has the same name as a method,Error Prone,AvoidFieldNameMatchingMethodName
1,net.sourceforge.pmd.lang.vm.ast,D:\Users\Lenovo\Desktop\PMD-main\pmd-vm\target\generated-sources\javacc\net\sourceforge\pmd\lang\vm\ast\JJTVmParserState.java,2,53,Collection methods with O(n) performance should be used carefully,Sonar,CollectionMethodsWithLinearComplexityCheck
2,net.sourceforge.pmd.lang.vm.ast,D:\Users\Lenovo\Desktop\PMD-main\pmd-vm\target\generated-sources\javacc\net\sourceforge\pmd\lang\vm\ast\JJTVmParserState.java,2,55,Collection methods with O(n) performance should be used carefully,Sonar,CollectionMethodsWithLinearComplexityCheck
3,net.sourceforge.pmd.lang.vm.ast,D:\Users\Lenovo\Desktop\PMD-main\pmd-vm\target\generated-sources\javacc\net\sourceforge\pmd\lang\vm\ast\JJTVmParserState.java,2,74,Collection methods with O(n) performance should be used carefully,Sonar,CollectionMethodsWithLinearComplexityCheck
4,net.sourceforge.pmd.lang.vm.ast,D:\Users\Lenovo\Desktop\PMD-main\pmd-vm\target\generated-sources\javacc\net\sourceforge\pmd\lang\vm\ast\JJTVmParserState.java,2,90,Collection methods with O(n) performance should be used carefully,Sonar,CollectionMethodsWithLinearComplexityCheck
5,net.sourceforge.pmd.lang.vm.ast,D:\Users\Lenovo\Desktop\PMD-main\pmd-vm\target\generated-sources\javacc\net\sourceforge\pmd\lang\vm\ast\JJTVmParserState.java,2,110,Collection methods with O(n) performance should be used carefully,Sonar,CollectionMethodsWithLinearComplexityCheck
6,net.sourceforge.pmd.lang.vm.ast,D:\Users\Lenovo\Desktop\PMD-main\pmd-vm\target\generated-sources\javacc\net\sourceforge\pmd\lang\vm\ast\JJTVmParserState.java,2,120,Collection methods with O(n) performance should be used carefully,Sonar,CollectionMethodsWithLinearComplexityCheck
1,net.sourceforge.pmd.lang.vm.ast,D:\Users\Lenovo\Desktop\PMD-main\pmd-vm\target\generated-sources\javacc\net\sourceforge\pmd\lang\vm\ast\VmParser.java,3,257,A catch statement should never catch throwable since it includes errors.,Error Prone,AvoidCatchingThrowable
2,net.sourceforge.pmd.lang.vm.ast,D:\Users\Lenovo\Desktop\PMD-main\pmd-vm\target\generated-sources\javacc\net\sourceforge\pmd\lang\vm\ast\VmParser.java,3,754,Avoid empty if statements,Error Prone,EmptyIfStmt
3,net.sourceforge.pmd.lang.vm.ast,D:\Users\Lenovo\Desktop\PMD-main\pmd-vm\target\generated-sources\javacc\net\sourceforge\pmd\lang\vm\ast\VmParser.java,3,769,Avoid empty if statements,Error Prone,EmptyIfStmt
4,net.sourceforge.pmd.lang.vm.ast,D:\Users\Lenovo\Desktop\PMD-main\pmd-vm\target\generated-sources\javacc\net\sourceforge\pmd\lang\vm\ast\VmParser.java,3,855,A catch statement should never catch throwable since it includes errors.,Error Prone,AvoidCatchingThrowable
5,net.sourceforge.pmd.lang.vm.ast,D:\Users\Lenovo\Desktop\PMD-main\pmd-vm\target\generated-sources\javacc\net\sourceforge\pmd\lang\vm\ast\VmParser.java,3,903,A catch statement should never catch throwable since it includes errors.,Error Prone,AvoidCatchingThrowable
6,net.sourceforge.pmd.lang.vm.ast,D:\Users\Lenovo\Desktop\PMD-main\pmd-vm\target\generated-sources\javacc\net\sourceforge\pmd\lang\vm\ast\VmParser.java,3,978,A catch statement should never catch throwable since it includes errors.,Error Prone,AvoidCatchingThrowable
7,net.sourceforge.pmd.lang.vm.ast,D:\Users\Lenovo\Desktop\PMD-main\pmd-vm\target\generated-sources\javacc\net\sourceforge\pmd\lang\vm\ast\VmParser.java,3,1018,A non-case label was present in a switch statement,Error Prone,NonCaseLabelInSwitchStatement
8,net.sourceforge.pmd.lang.vm.ast,D:\Users\Lenovo\Desktop\PMD-main\pmd-vm\target\generated-sources\javacc\net\sourceforge\pmd\lang\vm\ast\VmParser.java,3,1037,A catch statement should never catch throwable since it includes errors.,Error Prone,AvoidCatchingThrowable
9,net.sourceforge.pmd.lang.vm.ast,D:\Users\Lenovo\Desktop\PMD-main\pmd-vm\target\generated-sources\javacc\net\sourceforge\pmd\lang\vm\ast\VmParser.java,3,1130,A catch statement should never catch throwable since it includes errors.,Error Prone,AvoidCatchingThrowable
10,net.sourceforge.pmd.lang.vm.ast,D:\Users\Lenovo\Desktop\PMD-main\pmd-vm\target\generated-sources\javacc\net\sourceforge\pmd\lang\vm\ast\VmParser.java,3,1283,A non-case label was present in a switch statement,Error Prone,NonCaseLabelInSwitchStatement
11,net.sourceforge.pmd.lang.vm.ast,D:\Users\Lenovo\Desktop\PMD-main\pmd-vm\target\generated-sources\javacc\net\sourceforge\pmd\lang\vm\ast\VmParser.java,3,1302,A catch statement should never catch throwable since it includes errors.,Error Prone,AvoidCatchingThrowable
12,net.sourceforge.pmd.lang.vm.ast,D:\Users\Lenovo\Desktop\PMD-main\pmd-vm\target\generated-sources\javacc\net\sourceforge\pmd\lang\vm\ast\VmParser.java,3,1332,A catch statement should never catch throwable since it includes errors.,Error Prone,AvoidCatchingThrowable
13,net.sourceforge.pmd.lang.vm.ast,D:\Users\Lenovo\Desktop\PMD-main\pmd-vm\target\generated-sources\javacc\net\sourceforge\pmd\lang\vm\ast\VmParser.java,3,1362,A non-case label was present in a switch statement,Error Prone,NonCaseLabelInSwitchStatement
14,net.sourceforge.pmd.lang.vm.ast,D:\Users\Lenovo\Desktop\PMD-main\pmd-vm\target\generated-sources\javacc\net\sourceforge\pmd\lang\vm\ast\VmParser.java,3,1374,A non-case label was present in a switch statement,Error Prone,NonCaseLabelInSwitchStatement
15,net.sourceforge.pmd.lang.vm.ast,D:\Users\Lenovo\Desktop\PMD-main\pmd-vm\target\generated-sources\javacc\net\sourceforge\pmd\lang\vm\ast\VmParser.java,3,1395,A non-case label was present in a switch statement,Error Prone,NonCaseLabelInSwitchStatement
16,net.sourceforge.pmd.lang.vm.ast,D:\Users\Lenovo\Desktop\PMD-main\pmd-vm\target\generated-sources\javacc\net\sourceforge\pmd\lang\vm\ast\VmParser.java,3,1412,A non-case label was present in a switch statement,Error Prone,NonCaseLabelInSwitchStatement
17,net.sourceforge.pmd.lang.vm.ast,D:\Users\Lenovo\Desktop\PMD-main\pmd-vm\target\generated-sources\javacc\net\sourceforge\pmd\lang\vm\ast\VmParser.java,3,1424,A non-case label was present in a switch statement,Error Prone,NonCaseLabelInSwitchStatement
18,net.sourceforge.pmd.lang.vm.ast,D:\Users\Lenovo\Desktop\PMD-main\pmd-vm\target\generated-sources\javacc\net\sourceforge\pmd\lang\vm\ast\VmParser.java,3,1445,A non-case label was present in a switch statement,Error Prone,NonCaseLabelInSwitchStatement
19,net.sourceforge.pmd.lang.vm.ast,D:\Users\Lenovo\Desktop\PMD-main\pmd-vm\target\generated-sources\javacc\net\sourceforge\pmd\lang\vm\ast\VmParser.java,3,1465,A catch statement should never catch throwable since it includes errors.,Error Prone,AvoidCatchingThrowable
20,net.sourceforge.pmd.lang.vm.ast,D:\Users\Lenovo\Desktop\PMD-main\pmd-vm\target\generated-sources\javacc\net\sourceforge\pmd\lang\vm\ast\VmParser.java,3,1666,A catch statement should never catch throwable since it includes errors.,Error Prone,AvoidCatchingThrowable
21,net.sourceforge.pmd.lang.vm.ast,D:\Users\Lenovo\Desktop\PMD-main\pmd-vm\target\generated-sources\javacc\net\sourceforge\pmd\lang\vm\ast\VmParser.java,3,1686,A catch statement should never catch throwable since it includes errors.,Error Prone,AvoidCatchingThrowable
22,net.sourceforge.pmd.lang.vm.ast,D:\Users\Lenovo\Desktop\PMD-main\pmd-vm\target\generated-sources\javacc\net\sourceforge\pmd\lang\vm\ast\VmParser.java,3,1763,A catch statement should never catch throwable since it includes errors.,Error Prone,AvoidCatchingThrowable
23,net.sourceforge.pmd.lang.vm.ast,D:\Users\Lenovo\Desktop\PMD-main\pmd-vm\target\generated-sources\javacc\net\sourceforge\pmd\lang\vm\ast\VmParser.java,3,1784,A non-case label was present in a switch statement,Error Prone,NonCaseLabelInSwitchStatement
24,net.sourceforge.pmd.lang.vm.ast,D:\Users\Lenovo\Desktop\PMD-main\pmd-vm\target\generated-sources\javacc\net\sourceforge\pmd\lang\vm\ast\VmParser.java,3,1810,A catch statement should never catch throwable since it includes errors.,Error Prone,AvoidCatchingThrowable
25,net.sourceforge.pmd.lang.vm.ast,D:\Users\Lenovo\Desktop\PMD-main\pmd-vm\target\generated-sources\javacc\net\sourceforge\pmd\lang\vm\ast\VmParser.java,3,1876,A catch statement should never catch throwable since it includes errors.,Error Prone,AvoidCatchingThrowable
26,net.sourceforge.pmd.lang.vm.ast,D:\Users\Lenovo\Desktop\PMD-main\pmd-vm\target\generated-sources\javacc\net\sourceforge\pmd\lang\vm\ast\VmParser.java,3,1895,A catch statement should never catch throwable since it includes errors.,Error Prone,AvoidCatchingThrowable
27,net.sourceforge.pmd.lang.vm.ast,D:\Users\Lenovo\Desktop\PMD-main\pmd-vm\target\generated-sources\javacc\net\sourceforge\pmd\lang\vm\ast\VmParser.java,3,1972,A catch statement should never catch throwable since it includes errors.,Error Prone,AvoidCatchingThrowable
28,net.sourceforge.pmd.lang.vm.ast,D:\Users\Lenovo\Desktop\PMD-main\pmd-vm\target\generated-sources\javacc\net\sourceforge\pmd\lang\vm\ast\VmParser.java,3,1991,A catch statement should never catch throwable since it includes errors.,Error Prone,AvoidCatchingThrowable
29,net.sourceforge.pmd.lang.vm.ast,D:\Users\Lenovo\Desktop\PMD-main\pmd-vm\target\generated-sources\javacc\net\sourceforge\pmd\lang\vm\ast\VmParser.java,3,2057,A catch statement should never catch throwable since it includes errors.,Error Prone,AvoidCatchingThrowable
30,net.sourceforge.pmd.lang.vm.ast,D:\Users\Lenovo\Desktop\PMD-main\pmd-vm\target\generated-sources\javacc\net\sourceforge\pmd\lang\vm\ast\VmParser.java,3,2090,A catch statement should never catch throwable since it includes errors.,Error Prone,AvoidCatchingThrowable
31,net.sourceforge.pmd.lang.vm.ast,D:\Users\Lenovo\Desktop\PMD-main\pmd-vm\target\generated-sources\javacc\net\sourceforge\pmd\lang\vm\ast\VmParser.java,3,2120,A catch statement should never catch throwable since it includes errors.,Error Prone,AvoidCatchingThrowable
32,net.sourceforge.pmd.lang.vm.ast,D:\Users\Lenovo\Desktop\PMD-main\pmd-vm\target\generated-sources\javacc\net\sourceforge\pmd\lang\vm\ast\VmParser.java,3,2159,A catch statement should never catch throwable since it includes errors.,Error Prone,AvoidCatchingThrowable
33,net.sourceforge.pmd.lang.vm.ast,D:\Users\Lenovo\Desktop\PMD-main\pmd-vm\target\generated-sources\javacc\net\sourceforge\pmd\lang\vm\ast\VmParser.java,3,2199,A catch statement should never catch throwable since it includes errors.,Error Prone,AvoidCatchingThrowable
34,net.sourceforge.pmd.lang.vm.ast,D:\Users\Lenovo\Desktop\PMD-main\pmd-vm\target\generated-sources\javacc\net\sourceforge\pmd\lang\vm\ast\VmParser.java,3,2242,A catch statement should never catch throwable since it includes errors.,Error Prone,AvoidCatchingThrowable
35,net.sourceforge.pmd.lang.vm.ast,D:\Users\Lenovo\Desktop\PMD-main\pmd-vm\target\generated-sources\javacc\net\sourceforge\pmd\lang\vm\ast\VmParser.java,3,2269,A catch statement should never catch throwable since it includes errors.,Error Prone,AvoidCatchingThrowable
36,net.sourceforge.pmd.lang.vm.ast,D:\Users\Lenovo\Desktop\PMD-main\pmd-vm\target\generated-sources\javacc\net\sourceforge\pmd\lang\vm\ast\VmParser.java,3,2320,A catch statement should never catch throwable since it includes errors.,Error Prone,AvoidCatchingThrowable
37,net.sourceforge.pmd.lang.vm.ast,D:\Users\Lenovo\Desktop\PMD-main\pmd-vm\target\generated-sources\javacc\net\sourceforge\pmd\lang\vm\ast\VmParser.java,3,2347,A catch statement should never catch throwable since it includes errors.,Error Prone,AvoidCatchingThrowable
38,net.sourceforge.pmd.lang.vm.ast,D:\Users\Lenovo\Desktop\PMD-main\pmd-vm\target\generated-sources\javacc\net\sourceforge\pmd\lang\vm\ast\VmParser.java,3,2374,A catch statement should never catch throwable since it includes errors.,Error Prone,AvoidCatchingThrowable
39,net.sourceforge.pmd.lang.vm.ast,D:\Users\Lenovo\Desktop\PMD-main\pmd-vm\target\generated-sources\javacc\net\sourceforge\pmd\lang\vm\ast\VmParser.java,3,2401,A catch statement should never catch throwable since it includes errors.,Error Prone,AvoidCatchingThrowable
40,net.sourceforge.pmd.lang.vm.ast,D:\Users\Lenovo\Desktop\PMD-main\pmd-vm\target\generated-sources\javacc\net\sourceforge\pmd\lang\vm\ast\VmParser.java,3,2450,A catch statement should never catch throwable since it includes errors.,Error Prone,AvoidCatchingThrowable
41,net.sourceforge.pmd.lang.vm.ast,D:\Users\Lenovo\Desktop\PMD-main\pmd-vm\target\generated-sources\javacc\net\sourceforge\pmd\lang\vm\ast\VmParser.java,3,2477,A catch statement should never catch throwable since it includes errors.,Error Prone,AvoidCatchingThrowable
42,net.sourceforge.pmd.lang.vm.ast,D:\Users\Lenovo\Desktop\PMD-main\pmd-vm\target\generated-sources\javacc\net\sourceforge\pmd\lang\vm\ast\VmParser.java,3,2527,A catch statement should never catch throwable since it includes errors.,Error Prone,AvoidCatchingThrowable
43,net.sourceforge.pmd.lang.vm.ast,D:\Users\Lenovo\Desktop\PMD-main\pmd-vm\target\generated-sources\javacc\net\sourceforge\pmd\lang\vm\ast\VmParser.java,3,2554,A catch statement should never catch throwable since it includes errors.,Error Prone,AvoidCatchingThrowable
44,net.sourceforge.pmd.lang.vm.ast,D:\Users\Lenovo\Desktop\PMD-main\pmd-vm\target\generated-sources\javacc\net\sourceforge\pmd\lang\vm\ast\VmParser.java,3,2581,A catch statement should never catch throwable since it includes errors.,Error Prone,AvoidCatchingThrowable
45,net.sourceforge.pmd.lang.vm.ast,D:\Users\Lenovo\Desktop\PMD-main\pmd-vm\target\generated-sources\javacc\net\sourceforge\pmd\lang\vm\ast\VmParser.java,3,2625,A catch statement should never catch throwable since it includes errors.,Error Prone,AvoidCatchingThrowable
46,net.sourceforge.pmd.lang.vm.ast,D:\Users\Lenovo\Desktop\PMD-main\pmd-vm\target\generated-sources\javacc\net\sourceforge\pmd\lang\vm\ast\VmParser.java,3,3540,Field jj_ntk has the same name as a method,Error Prone,AvoidFieldNameMatchingMethodName
1,net.sourceforge.pmd.lang.vm.ast,D:\Users\Lenovo\Desktop\PMD-main\pmd-vm\target\generated-sources\javacc\net\sourceforge\pmd\lang\vm\ast\VmParserConstants.java,2,178,Mutable fields should not be public static,Sonar,PublicStaticMutableMembersCheck
1,net.sourceforge.pmd.lang.vm.ast,D:\Users\Lenovo\Desktop\PMD-main\pmd-vm\target\generated-sources\javacc\net\sourceforge\pmd\lang\vm\ast\VmParserTokenManager.java,2,44,Collection methods with O(n) performance should be used carefully,Sonar,CollectionMethodsWithLinearComplexityCheck
2,net.sourceforge.pmd.lang.vm.ast,D:\Users\Lenovo\Desktop\PMD-main\pmd-vm\target\generated-sources\javacc\net\sourceforge\pmd\lang\vm\ast\VmParserTokenManager.java,2,5242,Mutable fields should not be public static,Sonar,PublicStaticMutableMembersCheck
3,net.sourceforge.pmd.lang.vm.ast,D:\Users\Lenovo\Desktop\PMD-main\pmd-vm\target\generated-sources\javacc\net\sourceforge\pmd\lang\vm\ast\VmParserTokenManager.java,2,5251,Mutable fields should not be public static,Sonar,PublicStaticMutableMembersCheck
4,net.sourceforge.pmd.lang.vm.ast,D:\Users\Lenovo\Desktop\PMD-main\pmd-vm\target\generated-sources\javacc\net\sourceforge\pmd\lang\vm\ast\VmParserTokenManager.java,2,5267,Mutable fields should not be public static,Sonar,PublicStaticMutableMembersCheck
5,net.sourceforge.pmd.lang.vm.ast,D:\Users\Lenovo\Desktop\PMD-main\pmd-vm\target\generated-sources\javacc\net\sourceforge\pmd\lang\vm\ast\VmParserTokenManager.java,2,5519,Multiline blocks should be enclosed in curly braces,Sonar,MultilineBlocksCurlyBracesCheck
6,net.sourceforge.pmd.lang.vm.ast,D:\Users\Lenovo\Desktop\PMD-main\pmd-vm\target\generated-sources\javacc\net\sourceforge\pmd\lang\vm\ast\VmParserTokenManager.java,2,5524,Multiline blocks should be enclosed in curly braces,Sonar,MultilineBlocksCurlyBracesCheck
1,net.sourceforge.pmd.lang.vm.ast,D:\Users\Lenovo\Desktop\PMD-main\pmd-vm\target\generated-sources\javacc\net\sourceforge\pmd\lang\vm\ast\VmParserTreeConstants.java,2,51,Mutable fields should not be public static,Sonar,PublicStaticMutableMembersCheck
