id,category,qualifiedName,file_path,not_aosp,old_aosp,isIntrusive,intrusiveModify,refactor
13071,Variable,android.app.ActivityThread.mPurgeIdler,core/java/android/app/ActivityThread.java,1,-1,0,{},[]
13072,Variable,android.app.ActivityThread.mPurgeIdlerScheduled,core/java/android/app/ActivityThread.java,1,-1,0,{},[]
13612,Variable,android.app.ActivityThread.H.PURGE_RESOURCES,core/java/android/app/ActivityThread.java,1,-1,0,{},[]
19039,Variable,android.app.AppOpsManager.MODE_ASK,core/java/android/app/AppOpsManager.java,1,-1,0,{},[]
19129,Variable,android.app.AppOpsManager.OP_BLUETOOTH_CHANGE,core/java/android/app/AppOpsManager.java,1,-1,0,{},[]
19130,Variable,android.app.AppOpsManager.OP_BOOT_COMPLETED,core/java/android/app/AppOpsManager.java,1,-1,0,{},[]
19131,Variable,android.app.AppOpsManager.OP_NFC_CHANGE,core/java/android/app/AppOpsManager.java,1,-1,0,{},[]
19132,Variable,android.app.AppOpsManager.OP_DATA_CONNECT_CHANGE,core/java/android/app/AppOpsManager.java,1,-1,0,{},[]
19133,Variable,android.app.AppOpsManager.OP_SU,core/java/android/app/AppOpsManager.java,1,-1,0,{},[]
19213,Variable,android.app.AppOpsManager.OPSTR_BLUETOOTH_CHANGE,core/java/android/app/AppOpsManager.java,1,-1,0,{},[]
19214,Variable,android.app.AppOpsManager.OPSTR_BOOT_COMPLETED,core/java/android/app/AppOpsManager.java,1,-1,0,{},[]
19215,Variable,android.app.AppOpsManager.OPSTR_NFC_CHANGE,core/java/android/app/AppOpsManager.java,1,-1,0,{},[]
19216,Variable,android.app.AppOpsManager.OPSTR_DATA_CONNECT_CHANGE,core/java/android/app/AppOpsManager.java,1,-1,0,{},[]
19217,Variable,android.app.AppOpsManager.OPSTR_SU,core/java/android/app/AppOpsManager.java,1,-1,0,{},[]
19226,Variable,android.app.AppOpsManager.sOpDefaultStrictMode,core/java/android/app/AppOpsManager.java,1,-1,0,{},[]
19227,Variable,android.app.AppOpsManager.sOpStrictMode,core/java/android/app/AppOpsManager.java,1,-1,0,{},[]
19231,Variable,android.app.AppOpsManager.sNameToOp,core/java/android/app/AppOpsManager.java,1,-1,0,{},[]
19232,Variable,android.app.AppOpsManager.PRIVACY_GUARD_OP_STATES,core/java/android/app/AppOpsManager.java,1,-1,0,{},[]
19235,Variable,android.app.AppOpsManager.i,core/java/android/app/AppOpsManager.java,1,-1,0,{},[]
19299,Variable,android.app.AppOpsManager.OpEntry.mAllowedCount,core/java/android/app/AppOpsManager.java,1,-1,0,{},[]
19300,Variable,android.app.AppOpsManager.OpEntry.mIgnoredCount,core/java/android/app/AppOpsManager.java,1,-1,0,{},[]
23353,Variable,android.app.DownloadManager.PAUSED_MANUAL,core/java/android/app/DownloadManager.java,1,-1,0,{},[]
31659,Variable,android.app.ResourcesManager.ENABLE_APK_ASSETS_CACHE,core/java/android/app/ResourcesManager.java,1,-1,0,{},[]
34134,Variable,android.app.StatusBarManager.CAMERA_LAUNCH_SOURCE_SCREEN_GESTURE,core/java/android/app/StatusBarManager.java,1,-1,0,{},[]
36781,Variable,android.app.WaitResult.INVALID_DELAY,core/java/android/app/WaitResult.java,1,-1,0,{},[]
39211,Variable,android.bluetooth.BluetoothCodecConfig.CHANNEL_MODE_DUAL_CHANNEL,core/java/android/bluetooth/BluetoothCodecConfig.java,1,-1,0,{},[]
46786,Variable,android.content.Context.BIND_ADJUST_BELOW_PERCEPTIBLE,core/java/android/content/Context.java,1,-1,0,{},[]
50234,Variable,android.content.pm.ApplicationInfo.hiddenUntilInstalled,core/java/android/content/pm/ApplicationInfo.java,1,-1,0,{},[]
52300,Variable,android.content.pm.PackageManager.MATCH_HIDDEN_UNTIL_INSTALLED_COMPONENTS,core/java/android/content/pm/PackageManager.java,1,-1,0,{},[]
57039,Variable,android.content.res.AssetManager.LINEAGE_APK_PATH,core/java/android/content/res/AssetManager.java,1,-1,0,{},[]
62149,Variable,android.database.sqlite.SQLiteCompatibilityWalFlags.sTruncateSize,core/java/android/database/sqlite/SQLiteCompatibilityWalFlags.java,1,-1,0,{},[]
63447,Variable,android.database.sqlite.SQLiteGlobal.SYNC_MODE_FULL,core/java/android/database/sqlite/SQLiteGlobal.java,1,-1,0,{},[]
63451,Variable,android.database.sqlite.SQLiteGlobal.sDefaultSyncMode,core/java/android/database/sqlite/SQLiteGlobal.java,1,-1,0,{},[]
65565,Variable,android.hardware.Camera.CAMERA_MSG_STATS_DATA,core/java/android/hardware/Camera.java,1,-1,0,{},[]
65566,Variable,android.hardware.Camera.CAMERA_MSG_META_DATA,core/java/android/hardware/Camera.java,1,-1,0,{},[]
65591,Variable,android.hardware.Camera.EACCESS,core/java/android/hardware/Camera.java,1,-1,0,{},[]
65592,Variable,android.hardware.Camera.ENODEV,core/java/android/hardware/Camera.java,1,-1,0,{},[]
65593,Variable,android.hardware.Camera.EBUSY,core/java/android/hardware/Camera.java,1,-1,0,{},[]
65594,Variable,android.hardware.Camera.EINVAL,core/java/android/hardware/Camera.java,1,-1,0,{},[]
65595,Variable,android.hardware.Camera.ENOSYS,core/java/android/hardware/Camera.java,1,-1,0,{},[]
65596,Variable,android.hardware.Camera.EUSERS,core/java/android/hardware/Camera.java,1,-1,0,{},[]
65597,Variable,android.hardware.Camera.EOPNOTSUPP,core/java/android/hardware/Camera.java,1,-1,0,{},[]
65598,Variable,android.hardware.Camera.mCameraDataCallback,core/java/android/hardware/Camera.java,1,-1,0,{},[]
65599,Variable,android.hardware.Camera.mCameraMetaDataCallback,core/java/android/hardware/Camera.java,1,-1,0,{},[]
65626,Variable,android.hardware.Camera.CameraInfo.CAMERA_SUPPORT_MODE_ZSL,core/java/android/hardware/Camera.java,1,-1,0,{},[]
65627,Variable,android.hardware.Camera.CameraInfo.CAMERA_SUPPORT_MODE_NONZSL,core/java/android/hardware/Camera.java,1,-1,0,{},[]
65994,Variable,android.hardware.Camera.Parameters.WHITE_BALANCE_MANUAL_CCT,core/java/android/hardware/Camera.java,1,-1,0,{},[]
66013,Variable,android.hardware.Camera.Parameters.SCENE_MODE_ASD,core/java/android/hardware/Camera.java,1,-1,0,{},[]
66029,Variable,android.hardware.Camera.Parameters.SCENE_MODE_BACKLIGHT,core/java/android/hardware/Camera.java,1,-1,0,{},[]
66030,Variable,android.hardware.Camera.Parameters.SCENE_MODE_FLOWERS,core/java/android/hardware/Camera.java,1,-1,0,{},[]
66037,Variable,android.hardware.Camera.Parameters.FOCUS_MODE_NORMAL,core/java/android/hardware/Camera.java,1,-1,0,{},[]
66041,Variable,android.hardware.Camera.Parameters.FOCUS_MODE_MANUAL_POSITION,core/java/android/hardware/Camera.java,1,-1,0,{},[]
66049,Variable,android.hardware.Camera.Parameters.PIXEL_FORMAT_YUV420SP_ADRENO,core/java/android/hardware/Camera.java,1,-1,0,{},[]
66055,Variable,android.hardware.Camera.Parameters.PIXEL_FORMAT_RAW,core/java/android/hardware/Camera.java,1,-1,0,{},[]
66056,Variable,android.hardware.Camera.Parameters.PIXEL_FORMAT_YV12,core/java/android/hardware/Camera.java,1,-1,0,{},[]
66057,Variable,android.hardware.Camera.Parameters.PIXEL_FORMAT_NV12,core/java/android/hardware/Camera.java,1,-1,0,{},[]
66319,Variable,android.hardware.Camera.Parameters.KEY_QC_HFR_SIZE,core/java/android/hardware/Camera.java,1,-1,0,{},[]
66320,Variable,android.hardware.Camera.Parameters.KEY_QC_PREVIEW_FRAME_RATE_MODE,core/java/android/hardware/Camera.java,1,-1,0,{},[]
66321,Variable,android.hardware.Camera.Parameters.KEY_QC_PREVIEW_FRAME_RATE_AUTO_MODE,core/java/android/hardware/Camera.java,1,-1,0,{},[]
66322,Variable,android.hardware.Camera.Parameters.KEY_QC_PREVIEW_FRAME_RATE_FIXED_MODE,core/java/android/hardware/Camera.java,1,-1,0,{},[]
66323,Variable,android.hardware.Camera.Parameters.KEY_QC_GPS_LATITUDE_REF,core/java/android/hardware/Camera.java,1,-1,0,{},[]
66324,Variable,android.hardware.Camera.Parameters.KEY_QC_GPS_LONGITUDE_REF,core/java/android/hardware/Camera.java,1,-1,0,{},[]
66325,Variable,android.hardware.Camera.Parameters.KEY_QC_GPS_ALTITUDE_REF,core/java/android/hardware/Camera.java,1,-1,0,{},[]
66326,Variable,android.hardware.Camera.Parameters.KEY_QC_GPS_STATUS,core/java/android/hardware/Camera.java,1,-1,0,{},[]
66327,Variable,android.hardware.Camera.Parameters.KEY_QC_EXIF_DATETIME,core/java/android/hardware/Camera.java,1,-1,0,{},[]
66328,Variable,android.hardware.Camera.Parameters.KEY_QC_TOUCH_AF_AEC,core/java/android/hardware/Camera.java,1,-1,0,{},[]
66329,Variable,android.hardware.Camera.Parameters.KEY_QC_TOUCH_INDEX_AEC,core/java/android/hardware/Camera.java,1,-1,0,{},[]
66330,Variable,android.hardware.Camera.Parameters.KEY_QC_TOUCH_INDEX_AF,core/java/android/hardware/Camera.java,1,-1,0,{},[]
66331,Variable,android.hardware.Camera.Parameters.KEY_QC_MANUAL_FOCUS_POSITION,core/java/android/hardware/Camera.java,1,-1,0,{},[]
66332,Variable,android.hardware.Camera.Parameters.KEY_QC_MANUAL_FOCUS_POS_TYPE,core/java/android/hardware/Camera.java,1,-1,0,{},[]
66333,Variable,android.hardware.Camera.Parameters.KEY_QC_SCENE_DETECT,core/java/android/hardware/Camera.java,1,-1,0,{},[]
66334,Variable,android.hardware.Camera.Parameters.KEY_QC_ISO_MODE,core/java/android/hardware/Camera.java,1,-1,0,{},[]
66335,Variable,android.hardware.Camera.Parameters.KEY_QC_EXPOSURE_TIME,core/java/android/hardware/Camera.java,1,-1,0,{},[]
66336,Variable,android.hardware.Camera.Parameters.KEY_QC_MIN_EXPOSURE_TIME,core/java/android/hardware/Camera.java,1,-1,0,{},[]
66337,Variable,android.hardware.Camera.Parameters.KEY_QC_MAX_EXPOSURE_TIME,core/java/android/hardware/Camera.java,1,-1,0,{},[]
66338,Variable,android.hardware.Camera.Parameters.KEY_QC_LENSSHADE,core/java/android/hardware/Camera.java,1,-1,0,{},[]
66339,Variable,android.hardware.Camera.Parameters.KEY_QC_HISTOGRAM,core/java/android/hardware/Camera.java,1,-1,0,{},[]
66340,Variable,android.hardware.Camera.Parameters.KEY_QC_SKIN_TONE_ENHANCEMENT,core/java/android/hardware/Camera.java,1,-1,0,{},[]
66341,Variable,android.hardware.Camera.Parameters.KEY_QC_AUTO_EXPOSURE,core/java/android/hardware/Camera.java,1,-1,0,{},[]
66342,Variable,android.hardware.Camera.Parameters.KEY_QC_SHARPNESS,core/java/android/hardware/Camera.java,1,-1,0,{},[]
66343,Variable,android.hardware.Camera.Parameters.KEY_QC_MAX_SHARPNESS,core/java/android/hardware/Camera.java,1,-1,0,{},[]
66344,Variable,android.hardware.Camera.Parameters.KEY_QC_CONTRAST,core/java/android/hardware/Camera.java,1,-1,0,{},[]
66345,Variable,android.hardware.Camera.Parameters.KEY_QC_MAX_CONTRAST,core/java/android/hardware/Camera.java,1,-1,0,{},[]
66346,Variable,android.hardware.Camera.Parameters.KEY_QC_SATURATION,core/java/android/hardware/Camera.java,1,-1,0,{},[]
66347,Variable,android.hardware.Camera.Parameters.KEY_QC_MAX_SATURATION,core/java/android/hardware/Camera.java,1,-1,0,{},[]
66348,Variable,android.hardware.Camera.Parameters.KEY_QC_DENOISE,core/java/android/hardware/Camera.java,1,-1,0,{},[]
66349,Variable,android.hardware.Camera.Parameters.KEY_QC_CONTINUOUS_AF,core/java/android/hardware/Camera.java,1,-1,0,{},[]
66350,Variable,android.hardware.Camera.Parameters.KEY_QC_SELECTABLE_ZONE_AF,core/java/android/hardware/Camera.java,1,-1,0,{},[]
66351,Variable,android.hardware.Camera.Parameters.KEY_QC_FACE_DETECTION,core/java/android/hardware/Camera.java,1,-1,0,{},[]
66352,Variable,android.hardware.Camera.Parameters.KEY_QC_MEMORY_COLOR_ENHANCEMENT,core/java/android/hardware/Camera.java,1,-1,0,{},[]
66353,Variable,android.hardware.Camera.Parameters.KEY_QC_REDEYE_REDUCTION,core/java/android/hardware/Camera.java,1,-1,0,{},[]
66354,Variable,android.hardware.Camera.Parameters.KEY_QC_ZSL,core/java/android/hardware/Camera.java,1,-1,0,{},[]
66355,Variable,android.hardware.Camera.Parameters.KEY_QC_CAMERA_MODE,core/java/android/hardware/Camera.java,1,-1,0,{},[]
66356,Variable,android.hardware.Camera.Parameters.KEY_QC_VIDEO_HIGH_FRAME_RATE,core/java/android/hardware/Camera.java,1,-1,0,{},[]
66357,Variable,android.hardware.Camera.Parameters.KEY_QC_VIDEO_HDR,core/java/android/hardware/Camera.java,1,-1,0,{},[]
66358,Variable,android.hardware.Camera.Parameters.KEY_QC_POWER_MODE,core/java/android/hardware/Camera.java,1,-1,0,{},[]
66359,Variable,android.hardware.Camera.Parameters.KEY_QC_POWER_MODE_SUPPORTED,core/java/android/hardware/Camera.java,1,-1,0,{},[]
66360,Variable,android.hardware.Camera.Parameters.KEY_QC_WB_MANUAL_CCT,core/java/android/hardware/Camera.java,1,-1,0,{},[]
66361,Variable,android.hardware.Camera.Parameters.KEY_QC_MIN_WB_CCT,core/java/android/hardware/Camera.java,1,-1,0,{},[]
66362,Variable,android.hardware.Camera.Parameters.KEY_QC_MAX_WB_CCT,core/java/android/hardware/Camera.java,1,-1,0,{},[]
66363,Variable,android.hardware.Camera.Parameters.KEY_QC_AUTO_HDR_ENABLE,core/java/android/hardware/Camera.java,1,-1,0,{},[]
66364,Variable,android.hardware.Camera.Parameters.KEY_QC_VIDEO_ROTATION,core/java/android/hardware/Camera.java,1,-1,0,{},[]
66365,Variable,android.hardware.Camera.Parameters.KEY_QC_AE_BRACKET_HDR,core/java/android/hardware/Camera.java,1,-1,0,{},[]
66366,Variable,android.hardware.Camera.Parameters.TOUCH_AF_AEC_OFF,core/java/android/hardware/Camera.java,1,-1,0,{},[]
66367,Variable,android.hardware.Camera.Parameters.TOUCH_AF_AEC_ON,core/java/android/hardware/Camera.java,1,-1,0,{},[]
66368,Variable,android.hardware.Camera.Parameters.AUTO_EXPOSURE_FRAME_AVG,core/java/android/hardware/Camera.java,1,-1,0,{},[]
66369,Variable,android.hardware.Camera.Parameters.AUTO_EXPOSURE_CENTER_WEIGHTED,core/java/android/hardware/Camera.java,1,-1,0,{},[]
66370,Variable,android.hardware.Camera.Parameters.AUTO_EXPOSURE_SPOT_METERING,core/java/android/hardware/Camera.java,1,-1,0,{},[]
66371,Variable,android.hardware.Camera.Parameters.ISO_AUTO,core/java/android/hardware/Camera.java,1,-1,0,{},[]
66372,Variable,android.hardware.Camera.Parameters.ISO_HJR,core/java/android/hardware/Camera.java,1,-1,0,{},[]
66373,Variable,android.hardware.Camera.Parameters.ISO_100,core/java/android/hardware/Camera.java,1,-1,0,{},[]
66374,Variable,android.hardware.Camera.Parameters.ISO_200,core/java/android/hardware/Camera.java,1,-1,0,{},[]
66375,Variable,android.hardware.Camera.Parameters.ISO_400,core/java/android/hardware/Camera.java,1,-1,0,{},[]
66376,Variable,android.hardware.Camera.Parameters.ISO_800,core/java/android/hardware/Camera.java,1,-1,0,{},[]
66377,Variable,android.hardware.Camera.Parameters.ISO_1600,core/java/android/hardware/Camera.java,1,-1,0,{},[]
66378,Variable,android.hardware.Camera.Parameters.ISO_3200,core/java/android/hardware/Camera.java,1,-1,0,{},[]
66379,Variable,android.hardware.Camera.Parameters.LENSSHADE_ENABLE,core/java/android/hardware/Camera.java,1,-1,0,{},[]
66380,Variable,android.hardware.Camera.Parameters.LENSSHADE_DISABLE,core/java/android/hardware/Camera.java,1,-1,0,{},[]
66381,Variable,android.hardware.Camera.Parameters.HISTOGRAM_ENABLE,core/java/android/hardware/Camera.java,1,-1,0,{},[]
66382,Variable,android.hardware.Camera.Parameters.HISTOGRAM_DISABLE,core/java/android/hardware/Camera.java,1,-1,0,{},[]
66383,Variable,android.hardware.Camera.Parameters.SKIN_TONE_ENHANCEMENT_ENABLE,core/java/android/hardware/Camera.java,1,-1,0,{},[]
66384,Variable,android.hardware.Camera.Parameters.SKIN_TONE_ENHANCEMENT_DISABLE,core/java/android/hardware/Camera.java,1,-1,0,{},[]
66385,Variable,android.hardware.Camera.Parameters.MCE_ENABLE,core/java/android/hardware/Camera.java,1,-1,0,{},[]
66386,Variable,android.hardware.Camera.Parameters.MCE_DISABLE,core/java/android/hardware/Camera.java,1,-1,0,{},[]
66387,Variable,android.hardware.Camera.Parameters.ZSL_ON,core/java/android/hardware/Camera.java,1,-1,0,{},[]
66388,Variable,android.hardware.Camera.Parameters.ZSL_OFF,core/java/android/hardware/Camera.java,1,-1,0,{},[]
66389,Variable,android.hardware.Camera.Parameters.AE_BRACKET_HDR_OFF,core/java/android/hardware/Camera.java,1,-1,0,{},[]
66390,Variable,android.hardware.Camera.Parameters.AE_BRACKET_HDR,core/java/android/hardware/Camera.java,1,-1,0,{},[]
66391,Variable,android.hardware.Camera.Parameters.AE_BRACKET,core/java/android/hardware/Camera.java,1,-1,0,{},[]
66392,Variable,android.hardware.Camera.Parameters.LOW_POWER,core/java/android/hardware/Camera.java,1,-1,0,{},[]
66393,Variable,android.hardware.Camera.Parameters.NORMAL_POWER,core/java/android/hardware/Camera.java,1,-1,0,{},[]
66394,Variable,android.hardware.Camera.Parameters.VIDEO_HFR_OFF,core/java/android/hardware/Camera.java,1,-1,0,{},[]
66395,Variable,android.hardware.Camera.Parameters.VIDEO_HFR_2X,core/java/android/hardware/Camera.java,1,-1,0,{},[]
66396,Variable,android.hardware.Camera.Parameters.VIDEO_HFR_3X,core/java/android/hardware/Camera.java,1,-1,0,{},[]
66397,Variable,android.hardware.Camera.Parameters.VIDEO_HFR_4X,core/java/android/hardware/Camera.java,1,-1,0,{},[]
66398,Variable,android.hardware.Camera.Parameters.SCENE_DETECT_OFF,core/java/android/hardware/Camera.java,1,-1,0,{},[]
66399,Variable,android.hardware.Camera.Parameters.SCENE_DETECT_ON,core/java/android/hardware/Camera.java,1,-1,0,{},[]
66400,Variable,android.hardware.Camera.Parameters.CONTINUOUS_AF_OFF,core/java/android/hardware/Camera.java,1,-1,0,{},[]
66401,Variable,android.hardware.Camera.Parameters.CONTINUOUS_AF_ON,core/java/android/hardware/Camera.java,1,-1,0,{},[]
66402,Variable,android.hardware.Camera.Parameters.DENOISE_OFF,core/java/android/hardware/Camera.java,1,-1,0,{},[]
66403,Variable,android.hardware.Camera.Parameters.DENOISE_ON,core/java/android/hardware/Camera.java,1,-1,0,{},[]
66404,Variable,android.hardware.Camera.Parameters.REDEYE_REDUCTION_ENABLE,core/java/android/hardware/Camera.java,1,-1,0,{},[]
66405,Variable,android.hardware.Camera.Parameters.REDEYE_REDUCTION_DISABLE,core/java/android/hardware/Camera.java,1,-1,0,{},[]
66406,Variable,android.hardware.Camera.Parameters.SELECTABLE_ZONE_AF_AUTO,core/java/android/hardware/Camera.java,1,-1,0,{},[]
66407,Variable,android.hardware.Camera.Parameters.SELECTABLE_ZONE_AF_SPOTMETERING,core/java/android/hardware/Camera.java,1,-1,0,{},[]
66408,Variable,android.hardware.Camera.Parameters.SELECTABLE_ZONE_AF_CENTER_WEIGHTED,core/java/android/hardware/Camera.java,1,-1,0,{},[]
66409,Variable,android.hardware.Camera.Parameters.SELECTABLE_ZONE_AF_FRAME_AVERAGE,core/java/android/hardware/Camera.java,1,-1,0,{},[]
66410,Variable,android.hardware.Camera.Parameters.FACE_DETECTION_OFF,core/java/android/hardware/Camera.java,1,-1,0,{},[]
66411,Variable,android.hardware.Camera.Parameters.FACE_DETECTION_ON,core/java/android/hardware/Camera.java,1,-1,0,{},[]
66412,Variable,android.hardware.Camera.Parameters.VIDEO_ROTATION_0,core/java/android/hardware/Camera.java,1,-1,0,{},[]
66413,Variable,android.hardware.Camera.Parameters.VIDEO_ROTATION_90,core/java/android/hardware/Camera.java,1,-1,0,{},[]
66414,Variable,android.hardware.Camera.Parameters.VIDEO_ROTATION_180,core/java/android/hardware/Camera.java,1,-1,0,{},[]
66415,Variable,android.hardware.Camera.Parameters.VIDEO_ROTATION_270,core/java/android/hardware/Camera.java,1,-1,0,{},[]
66536,Variable,android.hardware.Camera.Parameters.MANUAL_FOCUS_POS_TYPE_INDEX,core/java/android/hardware/Camera.java,1,-1,0,{},[]
66537,Variable,android.hardware.Camera.Parameters.MANUAL_FOCUS_POS_TYPE_DAC,core/java/android/hardware/Camera.java,1,-1,0,{},[]
81087,Variable,android.inputmethodservice.InputMethodService.mVolumeKeyCursorControl,core/java/android/inputmethodservice/InputMethodService.java,1,-1,0,{},[]
81088,Variable,android.inputmethodservice.InputMethodService.VOLUME_CURSOR_OFF,core/java/android/inputmethodservice/InputMethodService.java,1,-1,0,{},[]
81089,Variable,android.inputmethodservice.InputMethodService.VOLUME_CURSOR_ON,core/java/android/inputmethodservice/InputMethodService.java,1,-1,0,{},[]
81090,Variable,android.inputmethodservice.InputMethodService.VOLUME_CURSOR_ON_REVERSE,core/java/android/inputmethodservice/InputMethodService.java,1,-1,0,{},[]
86301,Variable,android.net.NetworkPolicyManager.POLICY_REJECT_ON_DATA,core/java/android/net/NetworkPolicyManager.java,1,-1,0,{},[]
86302,Variable,android.net.NetworkPolicyManager.POLICY_REJECT_ON_VPN,core/java/android/net/NetworkPolicyManager.java,1,-1,0,{},[]
86303,Variable,android.net.NetworkPolicyManager.POLICY_REJECT_ON_WLAN,core/java/android/net/NetworkPolicyManager.java,1,-1,0,{},[]
94318,Variable,android.os.Build.DATE,core/java/android/os/Build.java,1,-1,0,{},[]
99544,Variable,android.os.PowerManager.USER_ACTIVITY_FLAG_NO_BUTTON_LIGHTS,core/java/android/os/PowerManager.java,1,-1,0,{},[]
99556,Variable,android.os.PowerManager.REBOOT_BOOTLOADER,core/java/android/os/PowerManager.java,1,-1,0,{},[]
99557,Variable,android.os.PowerManager.REBOOT_DOWNLOAD,core/java/android/os/PowerManager.java,1,-1,0,{},[]
101121,Variable,android.os.storage.DiskInfo.FLAG_EMMC,core/java/android/os/storage/DiskInfo.java,1,-1,0,{},[]
101122,Variable,android.os.storage.DiskInfo.FLAG_NON_REMOVABLE,core/java/android/os/storage/DiskInfo.java,1,-1,0,{},[]
103285,Variable,android.os.UserManager.DISALLOW_SU,core/java/android/os/UserManager.java,1,-1,0,{},[]
106305,Variable,android.preference.SeekBarVolumizer.mVoiceCapable,core/java/android/preference/SeekBarVolumizer.java,1,-1,0,{},[]
111366,Variable,android.provider.Downloads.Impl.STATUS_PAUSED_MANUAL,core/java/android/provider/Downloads.java,1,-1,0,{},[]
112373,Variable,android.provider.Settings.ACTION_APP_OPS_DETAILS_SETTINGS,core/java/android/provider/Settings.java,1,-1,0,{},[]
112873,Variable,android.provider.Settings.System.ACCELEROMETER_ROTATION_ANGLES,core/java/android/provider/Settings.java,1,-1,0,{},[]
112874,Variable,android.provider.Settings.System.ACCELEROMETER_ROTATION_ANGLES_VALIDATOR,core/java/android/provider/Settings.java,1,-1,0,{},[]
112942,Variable,android.provider.Settings.System.VOLUME_KEY_CURSOR_CONTROL,core/java/android/provider/Settings.java,1,-1,0,{},[]
113193,Variable,android.provider.Settings.Secure.LOCK_PATTERN_SIZE,core/java/android/provider/Settings.java,1,-1,0,{},[]
113194,Variable,android.provider.Settings.Secure.LOCK_DOTS_VISIBLE,core/java/android/provider/Settings.java,1,-1,0,{},[]
113195,Variable,android.provider.Settings.Secure.LOCK_SHOW_ERROR_PATH,core/java/android/provider/Settings.java,1,-1,0,{},[]
113541,Variable,android.provider.Settings.Secure.VOLUME_LINK_NOTIFICATION,core/java/android/provider/Settings.java,1,-1,0,{},[]
113542,Variable,android.provider.Settings.Secure.VOLUME_LINK_NOTIFICATION_VALIDATOR,core/java/android/provider/Settings.java,1,-1,0,{},[]
113882,Variable,android.provider.Settings.Global.ACTIVITY_STARTS_LOGGING_ENABLED,core/java/android/provider/Settings.java,1,-1,0,{},[]
114012,Variable,android.provider.Settings.Global.POLICY_CONTROL_STYLE,core/java/android/provider/Settings.java,1,-1,0,{},[]
137032,Variable,android.util.FeatureFlagUtils.PERSIST_PREFIX,core/java/android/util/FeatureFlagUtils.java,1,-1,0,{},[]
137033,Variable,android.util.FeatureFlagUtils.HEARING_AID_SETTINGS,core/java/android/util/FeatureFlagUtils.java,1,-1,0,{},[]
139023,Variable,android.util.NtpTrustedTime.mHasSecureServer,core/java/android/util/NtpTrustedTime.java,1,-1,0,{},[]
153681,Variable,android.view.SurfaceControl.FX_SURFACE_CONTAINER,core/java/android/view/SurfaceControl.java,1,-1,0,{},[]
155460,Variable,android.view.textclassifier.TextClassifierImpl.mNativeCleaner,core/java/android/view/textclassifier/TextClassifierImpl.java,1,-1,0,{},[]
155677,Variable,android.view.textclassifier.TextClassifierImplNative.mCloseLock,core/java/android/view/textclassifier/TextClassifierImplNative.java,1,-1,0,{},[]
166906,Variable,android.view.WindowManager.LayoutParams.PRIVATE_FLAG_PREVENT_POWER_KEY,core/java/android/view/WindowManager.java,1,-1,0,{},[]
166929,Variable,android.view.WindowManager.LayoutParams.PRIVATE_FLAG_STATUS_BAR_EXPANDED,core/java/android/view/WindowManager.java,1,-1,0,{},[]
166930,Variable,android.view.WindowManager.LayoutParams.PRIVATE_FLAG_STATUS_HIDE_FORCED,core/java/android/view/WindowManager.java,1,-1,0,{},[]
166931,Variable,android.view.WindowManager.LayoutParams.PRIVATE_FLAG_NAV_HIDE_FORCED,core/java/android/view/WindowManager.java,1,-1,0,{},[]
166932,Variable,android.view.WindowManager.LayoutParams.PRIVATE_FLAG_WAS_NOT_FULLSCREEN,core/java/android/view/WindowManager.java,1,-1,0,{},[]
168815,Variable,android.webkit.WebView.mGetThemeColorMethod,core/java/android/webkit/WebView.java,1,-1,0,{},[]
173658,Variable,android.widget.AnalogClock.mClock,core/java/android/widget/AnalogClock.java,1,-1,0,{},[]
176095,Variable,android.widget.DateTimeView.mLocalTime,core/java/android/widget/DateTimeView.java,1,-1,0,{},[]
197981,Variable,com.android.internal.app.AssistUtils.UNSET,core/java/com/android/internal/app/AssistUtils.java,1,-1,0,{},[]
198702,Variable,com.android.internal.app.IntentForwarderActivity.ALLOWED_TEXT_MESSAGE_SCHEME,core/java/com/android/internal/app/IntentForwarderActivity.java,1,-1,0,{},[]
199393,Variable,com.android.internal.app.PlatLogoActivity.onCreate.Anonymous_Class.TOUCH_STATS,core/java/com/android/internal/app/PlatLogoActivity.java,1,-1,0,{},[]
199396,Variable,com.android.internal.app.PlatLogoActivity.onCreate.Anonymous_Class.pressure_min,core/java/com/android/internal/app/PlatLogoActivity.java,1,-1,0,{},[]
199397,Variable,com.android.internal.app.PlatLogoActivity.onCreate.Anonymous_Class.pressure_max,core/java/com/android/internal/app/PlatLogoActivity.java,1,-1,0,{},[]
199398,Variable,com.android.internal.app.PlatLogoActivity.onCreate.Anonymous_Class.maxPointers,core/java/com/android/internal/app/PlatLogoActivity.java,1,-1,0,{},[]
199399,Variable,com.android.internal.app.PlatLogoActivity.onCreate.Anonymous_Class.tapCount,core/java/com/android/internal/app/PlatLogoActivity.java,1,-1,0,{},[]
204643,Variable,com.android.internal.hardware.AmbientDisplayConfiguration.mAlwaysOnByDefault,core/java/com/android/internal/hardware/AmbientDisplayConfiguration.java,1,-1,0,{},[]
210951,Variable,com.android.internal.os.KernelCpuProcReader.mContentSize,core/java/com/android/internal/os/KernelCpuProcReader.java,1,-1,0,{},[]
211628,Variable,com.android.internal.os.PowerProfile.TAG,core/java/com/android/internal/os/PowerProfile.java,1,-1,0,{},[]
213789,Variable,com.android.internal.policy.DividerSnapAlgorithm.SnapTarget.isMiddleTarget,core/java/com/android/internal/policy/DividerSnapAlgorithm.java,1,-1,0,{},[]
227068,Variable,com.android.internal.widget.LockPatternUtils.PATTERN_SIZE_DEFAULT,core/java/com/android/internal/widget/LockPatternUtils.java,1,-1,0,{},[]
227631,Variable,com.android.internal.widget.LockPatternView.mPatternSize,core/java/com/android/internal/widget/LockPatternView.java,1,-1,0,{},[]
227649,Variable,com.android.internal.widget.LockPatternView.mVisibleDots,core/java/com/android/internal/widget/LockPatternView.java,1,-1,0,{},[]
227650,Variable,com.android.internal.widget.LockPatternView.mShowErrorPath,core/java/com/android/internal/widget/LockPatternView.java,1,-1,0,{},[]
227668,Variable,com.android.internal.widget.LockPatternView.mLockPatternUtils,core/java/com/android/internal/widget/LockPatternView.java,1,-1,0,{},[]
228041,Variable,com.android.internal.widget.LockPatternView.SavedState.mPatternSize,core/java/com/android/internal/widget/LockPatternView.java,1,-1,0,{},[]
228045,Variable,com.android.internal.widget.LockPatternView.SavedState.mVisibleDots,core/java/com/android/internal/widget/LockPatternView.java,1,-1,0,{},[]
228046,Variable,com.android.internal.widget.LockPatternView.SavedState.mShowErrorPath,core/java/com/android/internal/widget/LockPatternView.java,1,-1,0,{},[]
228467,Variable,com.android.internal.widget.MessagingLayout.IGNORABLE_CHAR_PATTERN,core/java/com/android/internal/widget/MessagingLayout.java,1,-1,0,{},[]
235103,Variable,com.android.server.SystemConfig.SKU_PROPERTY,core/java/com/android/server/SystemConfig.java,1,-1,0,{},[]
258898,Variable,com.android.internal.app.IntentForwarderActivityTest.sActivityName,core/tests/coretests/src/com/android/internal/app/IntentForwarderActivityTest.java,1,-1,0,{},[]
258899,Variable,com.android.internal.app.IntentForwarderActivityTest.sPackageName,core/tests/coretests/src/com/android/internal/app/IntentForwarderActivityTest.java,1,-1,0,{},[]
258903,Variable,com.android.internal.app.IntentForwarderActivityTest.mApplicationInfo,core/tests/coretests/src/com/android/internal/app/IntentForwarderActivityTest.java,1,-1,0,{},[]
258906,Variable,com.android.internal.app.IntentForwarderActivityTest.PHONE_NUMBER,core/tests/coretests/src/com/android/internal/app/IntentForwarderActivityTest.java,1,-1,0,{},[]
455252,Variable,android.media.MediaCodecInfo.CodecProfileLevel.AVCLevel6,media/java/android/media/MediaCodecInfo.java,1,-1,0,{},[]
455253,Variable,android.media.MediaCodecInfo.CodecProfileLevel.AVCLevel61,media/java/android/media/MediaCodecInfo.java,1,-1,0,{},[]
455254,Variable,android.media.MediaCodecInfo.CodecProfileLevel.AVCLevel62,media/java/android/media/MediaCodecInfo.java,1,-1,0,{},[]
485781,Variable,android.mtp.MtpStorageManagerTest.objectsInfoChanged,media/tests/MtpTests/src/android/mtp/MtpStorageManagerTest.java,1,-1,0,{},[]
500063,Variable,com.android.carrierdefaultapp.CarrierActionUtils.CARRIER_ACTION_RESET_ALL,packages/CarrierDefaultApp/src/com/android/carrierdefaultapp/CarrierActionUtils.java,1,-1,0,{},[]
511993,Variable,com.android.settingslib.drawer.TileUtils.LINEAGE_SETTINGS_ACTION,packages/SettingsLib/src/com/android/settingslib/drawer/TileUtils.java,1,-1,0,{},[]
512006,Variable,com.android.settingslib.drawer.TileUtils.LINEAGE_SETTING_PKG,packages/SettingsLib/src/com/android/settingslib/drawer/TileUtils.java,1,-1,0,{},[]
512422,Variable,com.android.settingslib.graph.BatteryMeterDrawableBase.BATTERY_STYLE_PORTRAIT,packages/SettingsLib/src/com/android/settingslib/graph/BatteryMeterDrawableBase.java,1,-1,0,{},[]
512423,Variable,com.android.settingslib.graph.BatteryMeterDrawableBase.BATTERY_STYLE_CIRCLE,packages/SettingsLib/src/com/android/settingslib/graph/BatteryMeterDrawableBase.java,1,-1,0,{},[]
512424,Variable,com.android.settingslib.graph.BatteryMeterDrawableBase.BATTERY_STYLE_TEXT,packages/SettingsLib/src/com/android/settingslib/graph/BatteryMeterDrawableBase.java,1,-1,0,{},[]
512435,Variable,com.android.settingslib.graph.BatteryMeterDrawableBase.mMeterStyle,packages/SettingsLib/src/com/android/settingslib/graph/BatteryMeterDrawableBase.java,1,-1,0,{},[]
517144,Variable,com.android.settingslib.bluetooth.LocalBluetoothProfileManagerTest.HI_SYNC_ID,packages/SettingsLib/tests/robotests/src/com/android/settingslib/bluetooth/LocalBluetoothProfileManagerTest.java,1,-1,0,{},[]
517150,Variable,com.android.settingslib.bluetooth.LocalBluetoothProfileManagerTest.mHearingAidOtherDevice,packages/SettingsLib/tests/robotests/src/com/android/settingslib/bluetooth/LocalBluetoothProfileManagerTest.java,1,-1,0,{},[]
520411,Variable,com.android.providers.settings.SettingsService.MyShellCommand.mUseLineageSettingsProvider,packages/SettingsProvider/src/com/android/providers/settings/SettingsService.java,1,-1,0,{},[]
523082,Variable,com.android.systemui.plugins.qs.QSTile.State.handlesLongClick,packages/SystemUI/plugin/src/com/android/systemui/plugins/qs/QSTile.java,1,-1,0,{},[]
523358,Variable,com.android.systemui.plugins.VolumeDialogController.State.linkedNotification,packages/SystemUI/plugin/src/com/android/systemui/plugins/VolumeDialogController.java,1,-1,0,{},[]
524637,Variable,com.android.systemui.shared.system.NavigationBarCompat.HIT_TARGET_DEAD_ZONE,packages/SystemUI/shared/src/com/android/systemui/shared/system/NavigationBarCompat.java,1,-1,0,{},[]
525203,Variable,com.android.keyguard.CarrierText.mTelephonyCapable,packages/SystemUI/src/com/android/keyguard/CarrierText.java,1,-1,0,{},[]
525204,Variable,com.android.keyguard.CarrierText.mShowMissingSim,packages/SystemUI/src/com/android/keyguard/CarrierText.java,1,-1,0,{},[]
525205,Variable,com.android.keyguard.CarrierText.mShowAirplaneMode,packages/SystemUI/src/com/android/keyguard/CarrierText.java,1,-1,0,{},[]
526003,Variable,com.android.keyguard.KeyguardPINView.sNumbers,packages/SystemUI/src/com/android/keyguard/KeyguardPINView.java,1,-1,0,{},[]
526753,Variable,com.android.keyguard.KeyguardStatusView.mWasPulsing,packages/SystemUI/src/com/android/keyguard/KeyguardStatusView.java,1,-1,0,{},[]
526905,Variable,com.android.keyguard.KeyguardUpdateMonitor.MSG_TELEPHONY_CAPABLE,packages/SystemUI/src/com/android/keyguard/KeyguardUpdateMonitor.java,1,-1,0,{},[]
526918,Variable,com.android.keyguard.KeyguardUpdateMonitor.mProvisionStates,packages/SystemUI/src/com/android/keyguard/KeyguardUpdateMonitor.java,1,-1,0,{},[]
526930,Variable,com.android.keyguard.KeyguardUpdateMonitor.mTelephonyCapable,packages/SystemUI/src/com/android/keyguard/KeyguardUpdateMonitor.java,1,-1,0,{},[]
526949,Variable,com.android.keyguard.KeyguardUpdateMonitor.mFingerprintWakeAndUnlock,packages/SystemUI/src/com/android/keyguard/KeyguardUpdateMonitor.java,1,-1,0,{},[]
528305,Variable,com.android.systemui.BatteryMeterView.STATUS_BAR_BATTERY_STYLE,packages/SystemUI/src/com/android/systemui/BatteryMeterView.java,1,-1,0,{},[]
528311,Variable,com.android.systemui.BatteryMeterView.mCharging,packages/SystemUI/src/com/android/systemui/BatteryMeterView.java,1,-1,0,{},[]
528312,Variable,com.android.systemui.BatteryMeterView.mBatteryHidden,packages/SystemUI/src/com/android/systemui/BatteryMeterView.java,1,-1,0,{},[]
528313,Variable,com.android.systemui.BatteryMeterView.mBatteryStyle,packages/SystemUI/src/com/android/systemui/BatteryMeterView.java,1,-1,0,{},[]
530133,Variable,com.android.systemui.doze.DozeService.mPluginManager,packages/SystemUI/src/com/android/systemui/doze/DozeService.java,1,-1,0,{},[]
531675,Variable,com.android.systemui.globalactions.GlobalActionsDialog.SCRIM_DEFAULT_COLOR,packages/SystemUI/src/com/android/systemui/globalactions/GlobalActionsDialog.java,1,-1,0,{},[]
531696,Variable,com.android.systemui.globalactions.GlobalActionsDialog.mSeparatedEmergencyButtonEnabled,packages/SystemUI/src/com/android/systemui/globalactions/GlobalActionsDialog.java,1,-1,0,{},[]
531700,Variable,com.android.systemui.globalactions.GlobalActionsDialog.mDefaultMenuActions,packages/SystemUI/src/com/android/systemui/globalactions/GlobalActionsDialog.java,1,-1,0,{},[]
531701,Variable,com.android.systemui.globalactions.GlobalActionsDialog.mRootMenuActions,packages/SystemUI/src/com/android/systemui/globalactions/GlobalActionsDialog.java,1,-1,0,{},[]
531702,Variable,com.android.systemui.globalactions.GlobalActionsDialog.mRestartMenuActions,packages/SystemUI/src/com/android/systemui/globalactions/GlobalActionsDialog.java,1,-1,0,{},[]
531703,Variable,com.android.systemui.globalactions.GlobalActionsDialog.mCurrentMenuActions,packages/SystemUI/src/com/android/systemui/globalactions/GlobalActionsDialog.java,1,-1,0,{},[]
531704,Variable,com.android.systemui.globalactions.GlobalActionsDialog.mIsRestartMenu,packages/SystemUI/src/com/android/systemui/globalactions/GlobalActionsDialog.java,1,-1,0,{},[]
531705,Variable,com.android.systemui.globalactions.GlobalActionsDialog.mAirplaneModeBits,packages/SystemUI/src/com/android/systemui/globalactions/GlobalActionsDialog.java,1,-1,0,{},[]
531706,Variable,com.android.systemui.globalactions.GlobalActionsDialog.mPhoneStateListeners,packages/SystemUI/src/com/android/systemui/globalactions/GlobalActionsDialog.java,1,-1,0,{},[]
532060,Variable,com.android.systemui.globalactions.GlobalActionsDialog.DIALOG_SHOW_DELAY,packages/SystemUI/src/com/android/systemui/globalactions/GlobalActionsDialog.java,1,-1,0,{},[]
531929,Variable,com.android.systemui.globalactions.GlobalActionsDialog.SinglePressAction.mStatusMessage,packages/SystemUI/src/com/android/systemui/globalactions/GlobalActionsDialog.java,1,-1,0,{},[]
532086,Variable,com.android.systemui.globalactions.GlobalActionsDialog.ActionsDialog.mSeparatedView,packages/SystemUI/src/com/android/systemui/globalactions/GlobalActionsDialog.java,1,-1,0,{},[]
532093,Variable,com.android.systemui.globalactions.GlobalActionsDialog.ActionsDialog.mShouldDisplaySeparatedButton,packages/SystemUI/src/com/android/systemui/globalactions/GlobalActionsDialog.java,1,-1,0,{},[]
532239,Variable,com.android.systemui.HardwareUiLayout.mList,packages/SystemUI/src/com/android/systemui/HardwareUiLayout.java,1,-1,0,{},[]
532240,Variable,com.android.systemui.HardwareUiLayout.mSeparatedView,packages/SystemUI/src/com/android/systemui/HardwareUiLayout.java,1,-1,0,{},[]
532246,Variable,com.android.systemui.HardwareUiLayout.mListBackground,packages/SystemUI/src/com/android/systemui/HardwareUiLayout.java,1,-1,0,{},[]
532247,Variable,com.android.systemui.HardwareUiLayout.mSeparatedViewBackground,packages/SystemUI/src/com/android/systemui/HardwareUiLayout.java,1,-1,0,{},[]
532250,Variable,com.android.systemui.HardwareUiLayout.mHasSeparatedButton,packages/SystemUI/src/com/android/systemui/HardwareUiLayout.java,1,-1,0,{},[]
532482,Variable,com.android.systemui.Interpolators.FAST_OUT_SLOW_IN_REVERSE,packages/SystemUI/src/com/android/systemui/Interpolators.java,1,-1,0,{},[]
532497,Variable,com.android.systemui.Interpolators.TOUCH_RESPONSE_REVERSE,packages/SystemUI/src/com/android/systemui/Interpolators.java,1,-1,0,{},[]
532878,Variable,com.android.systemui.keyguard.KeyguardViewMediator.mProfileManager,packages/SystemUI/src/com/android/systemui/keyguard/KeyguardViewMediator.java,1,-1,0,{},[]
532901,Variable,com.android.systemui.keyguard.KeyguardViewMediator.mLastSimStates,packages/SystemUI/src/com/android/systemui/keyguard/KeyguardViewMediator.java,1,-1,0,{},[]
532924,Variable,com.android.systemui.keyguard.KeyguardViewMediator.mPulsing,packages/SystemUI/src/com/android/systemui/keyguard/KeyguardViewMediator.java,1,-1,0,{},[]
533617,Variable,com.android.systemui.OverviewProxyService.mStatusBarGestureDownEvent,packages/SystemUI/src/com/android/systemui/OverviewProxyService.java,1,-1,0,{},[]
535622,Variable,com.android.systemui.power.PowerNotificationWarnings.mKeyguard,packages/SystemUI/src/com/android/systemui/power/PowerNotificationWarnings.java,1,-1,0,{},[]
535643,Variable,com.android.systemui.power.PowerNotificationWarnings.mOverheatAlarmDialog,packages/SystemUI/src/com/android/systemui/power/PowerNotificationWarnings.java,1,-1,0,{},[]
535757,Variable,com.android.systemui.power.PowerUI.TEMPERATURE_OVERHEAT_WARNING,packages/SystemUI/src/com/android/systemui/power/PowerUI.java,1,-1,0,{},[]
535758,Variable,com.android.systemui.power.PowerUI.TEMPERATURE_OVERHEAT_ALARM,packages/SystemUI/src/com/android/systemui/power/PowerUI.java,1,-1,0,{},[]
535773,Variable,com.android.systemui.power.PowerUI.mLastEstimate,packages/SystemUI/src/com/android/systemui/power/PowerUI.java,1,-1,0,{},[]
535776,Variable,com.android.systemui.power.PowerUI.mEnableTemperatureWarning,packages/SystemUI/src/com/android/systemui/power/PowerUI.java,1,-1,0,{},[]
535777,Variable,com.android.systemui.power.PowerUI.mEnableTemperatureAlarm,packages/SystemUI/src/com/android/systemui/power/PowerUI.java,1,-1,0,{},[]
535778,Variable,com.android.systemui.power.PowerUI.mIsOverheatAlarming,packages/SystemUI/src/com/android/systemui/power/PowerUI.java,1,-1,0,{},[]
535782,Variable,com.android.systemui.power.PowerUI.mThresholdWarningTemp,packages/SystemUI/src/com/android/systemui/power/PowerUI.java,1,-1,0,{},[]
535783,Variable,com.android.systemui.power.PowerUI.mThresholdAlarmTemp,packages/SystemUI/src/com/android/systemui/power/PowerUI.java,1,-1,0,{},[]
535784,Variable,com.android.systemui.power.PowerUI.mThresholdAlarmTempTolerance,packages/SystemUI/src/com/android/systemui/power/PowerUI.java,1,-1,0,{},[]
535785,Variable,com.android.systemui.power.PowerUI.mRecentSkinTemps,packages/SystemUI/src/com/android/systemui/power/PowerUI.java,1,-1,0,{},[]
535786,Variable,com.android.systemui.power.PowerUI.mRecentAlarmTemps,packages/SystemUI/src/com/android/systemui/power/PowerUI.java,1,-1,0,{},[]
535787,Variable,com.android.systemui.power.PowerUI.mWarningNumTemps,packages/SystemUI/src/com/android/systemui/power/PowerUI.java,1,-1,0,{},[]
535788,Variable,com.android.systemui.power.PowerUI.mAlarmNumTemps,packages/SystemUI/src/com/android/systemui/power/PowerUI.java,1,-1,0,{},[]
536258,Variable,com.android.systemui.qs.customize.QSCustomizer.mQsCustomizerTopSpace,packages/SystemUI/src/com/android/systemui/qs/customize/QSCustomizer.java,1,-1,0,{},[]
537088,Variable,com.android.systemui.qs.PagedTileLayout.mHorizontalClipBounds,packages/SystemUI/src/com/android/systemui/qs/PagedTileLayout.java,1,-1,0,{},[]
537597,Variable,com.android.systemui.qs.QSDetail.mQsDetailTopSpace,packages/SystemUI/src/com/android/systemui/qs/QSDetail.java,1,-1,0,{},[]
538167,Variable,com.android.systemui.qs.QSPanel.QS_SHOW_AUTO_BRIGHTNESS,packages/SystemUI/src/com/android/systemui/qs/QSPanel.java,1,-1,0,{},[]
538168,Variable,com.android.systemui.qs.QSPanel.QS_SHOW_BRIGHTNESS_SLIDER,packages/SystemUI/src/com/android/systemui/qs/QSPanel.java,1,-1,0,{},[]
538173,Variable,com.android.systemui.qs.QSPanel.mAutoBrightnessView,packages/SystemUI/src/com/android/systemui/qs/QSPanel.java,1,-1,0,{},[]
538179,Variable,com.android.systemui.qs.QSPanel.mIsAutomaticBrightnessAvailable,packages/SystemUI/src/com/android/systemui/qs/QSPanel.java,1,-1,0,{},[]
540046,Variable,com.android.systemui.qs.tiles.DndTile.DONT_SHOW_DETAILS,packages/SystemUI/src/com/android/systemui/qs/tiles/DndTile.java,1,-1,0,{},[]
540047,Variable,com.android.systemui.qs.tiles.DndTile.SHOW_DETAILS_IF_DURATION_HAS_TO_BE_CHOSEN,packages/SystemUI/src/com/android/systemui/qs/tiles/DndTile.java,1,-1,0,{},[]
540048,Variable,com.android.systemui.qs.tiles.DndTile.SHOW_DETAILS,packages/SystemUI/src/com/android/systemui/qs/tiles/DndTile.java,1,-1,0,{},[]
540388,Variable,com.android.systemui.qs.tiles.LocationTile.LOCATION_SETTINGS_INTENT,packages/SystemUI/src/com/android/systemui/qs/tiles/LocationTile.java,1,-1,0,{},[]
540390,Variable,com.android.systemui.qs.tiles.LocationTile.mDetailAdapter,packages/SystemUI/src/com/android/systemui/qs/tiles/LocationTile.java,1,-1,0,{},[]
540393,Variable,com.android.systemui.qs.tiles.LocationTile.mLastState,packages/SystemUI/src/com/android/systemui/qs/tiles/LocationTile.java,1,-1,0,{},[]
540447,Variable,com.android.systemui.qs.tiles.NfcTile.mIcon,packages/SystemUI/src/com/android/systemui/qs/tiles/NfcTile.java,1,-1,0,{},[]
542829,Variable,com.android.systemui.recents.ScreenPinningRequest.mWindowManagerService,packages/SystemUI/src/com/android/systemui/recents/ScreenPinningRequest.java,1,-1,0,{},[]
545817,Variable,com.android.systemui.ScreenDecorations.DEBUG,packages/SystemUI/src/com/android/systemui/ScreenDecorations.java,1,-1,0,{},[]
545818,Variable,com.android.systemui.ScreenDecorations.TAG,packages/SystemUI/src/com/android/systemui/ScreenDecorations.java,1,-1,0,{},[]
545832,Variable,com.android.systemui.ScreenDecorations.mCutoutTop,packages/SystemUI/src/com/android/systemui/ScreenDecorations.java,1,-1,0,{},[]
545833,Variable,com.android.systemui.ScreenDecorations.mCutoutBottom,packages/SystemUI/src/com/android/systemui/ScreenDecorations.java,1,-1,0,{},[]
545834,Variable,com.android.systemui.ScreenDecorations.mPendingRotationChange,packages/SystemUI/src/com/android/systemui/ScreenDecorations.java,1,-1,0,{},[]
545835,Variable,com.android.systemui.ScreenDecorations.mHandler,packages/SystemUI/src/com/android/systemui/ScreenDecorations.java,1,-1,0,{},[]
545937,Variable,com.android.systemui.ScreenDecorations.DisplayCutoutView.mInitialStart,packages/SystemUI/src/com/android/systemui/ScreenDecorations.java,1,-1,0,{},[]
545939,Variable,com.android.systemui.ScreenDecorations.DisplayCutoutView.mDecorations,packages/SystemUI/src/com/android/systemui/ScreenDecorations.java,1,-1,0,{},[]
545942,Variable,com.android.systemui.ScreenDecorations.DisplayCutoutView.mRotation,packages/SystemUI/src/com/android/systemui/ScreenDecorations.java,1,-1,0,{},[]
546031,Variable,com.android.systemui.screenshot.SaveImageInBackgroundTask.SCREENSHOT_FILE_NAME_TEMPLATE_APPNAME,packages/SystemUI/src/com/android/systemui/screenshot/GlobalScreenshot.java,1,-1,0,{},[]
548462,Variable,com.android.systemui.statusbar.CommandQueue.MSG_SHOW_IN_DISPLAY_FINGERPRINT_VIEW,packages/SystemUI/src/com/android/systemui/statusbar/CommandQueue.java,1,-1,0,{},[]
548463,Variable,com.android.systemui.statusbar.CommandQueue.MSG_HIDE_IN_DISPLAY_FINGERPRINT_VIEW,packages/SystemUI/src/com/android/systemui/statusbar/CommandQueue.java,1,-1,0,{},[]
548884,Variable,com.android.systemui.statusbar.ExpandableNotificationRow.DEFAULT_HEADER_VISIBLE_AMOUNT,packages/SystemUI/src/com/android/systemui/statusbar/ExpandableNotificationRow.java,1,-1,0,{},[]
549777,Variable,com.android.systemui.statusbar.ExpandableView.mMinimumHeightForClipping,packages/SystemUI/src/com/android/systemui/statusbar/ExpandableView.java,1,-1,0,{},[]
549778,Variable,com.android.systemui.statusbar.ExpandableView.mExtraWidthForClipping,packages/SystemUI/src/com/android/systemui/statusbar/ExpandableView.java,1,-1,0,{},[]
550239,Variable,com.android.systemui.statusbar.HeadsUpStatusBarView.HEADS_UP_STATUS_BAR_VIEW_SUPER_PARCELABLE,packages/SystemUI/src/com/android/systemui/statusbar/HeadsUpStatusBarView.java,1,-1,0,{},[]
550240,Variable,com.android.systemui.statusbar.HeadsUpStatusBarView.FIRST_LAYOUT,packages/SystemUI/src/com/android/systemui/statusbar/HeadsUpStatusBarView.java,1,-1,0,{},[]
550241,Variable,com.android.systemui.statusbar.HeadsUpStatusBarView.PUBLIC_MODE,packages/SystemUI/src/com/android/systemui/statusbar/HeadsUpStatusBarView.java,1,-1,0,{},[]
550242,Variable,com.android.systemui.statusbar.HeadsUpStatusBarView.VISIBILITY,packages/SystemUI/src/com/android/systemui/statusbar/HeadsUpStatusBarView.java,1,-1,0,{},[]
550243,Variable,com.android.systemui.statusbar.HeadsUpStatusBarView.ALPHA,packages/SystemUI/src/com/android/systemui/statusbar/HeadsUpStatusBarView.java,1,-1,0,{},[]
554113,Variable,com.android.systemui.statusbar.NotificationInfo.saveImportance,packages/SystemUI/src/com/android/systemui/statusbar/NotificationInfo.java,1,-1,0,{},[]
554524,Variable,com.android.systemui.statusbar.NotificationMediaManager.mStatusBar,packages/SystemUI/src/com/android/systemui/statusbar/NotificationMediaManager.java,1,-1,0,{},[]
555792,Variable,com.android.systemui.statusbar.phone.CollapsedStatusBarFragment.mNetworkTrafficHolder,packages/SystemUI/src/com/android/systemui/statusbar/phone/CollapsedStatusBarFragment.java,1,-1,0,{},[]
555797,Variable,com.android.systemui.statusbar.phone.CollapsedStatusBarFragment.mClockController,packages/SystemUI/src/com/android/systemui/statusbar/phone/CollapsedStatusBarFragment.java,1,-1,0,{},[]
555798,Variable,com.android.systemui.statusbar.phone.CollapsedStatusBarFragment.mIsClockBlacklisted,packages/SystemUI/src/com/android/systemui/statusbar/phone/CollapsedStatusBarFragment.java,1,-1,0,{},[]
556279,Variable,com.android.systemui.statusbar.phone.HeadsUpAppearanceController.mClockController,packages/SystemUI/src/com/android/systemui/statusbar/phone/HeadsUpAppearanceController.java,1,-1,0,{},[]
556280,Variable,com.android.systemui.statusbar.phone.HeadsUpAppearanceController.mOperatorNameView,packages/SystemUI/src/com/android/systemui/statusbar/phone/HeadsUpAppearanceController.java,1,-1,0,{},[]
556292,Variable,com.android.systemui.statusbar.phone.HeadsUpAppearanceController.mParentClippingParams,packages/SystemUI/src/com/android/systemui/statusbar/phone/HeadsUpAppearanceController.java,1,-1,0,{},[]
556296,Variable,com.android.systemui.statusbar.phone.HeadsUpAppearanceController.mAnimationsEnabled,packages/SystemUI/src/com/android/systemui/statusbar/phone/HeadsUpAppearanceController.java,1,-1,0,{},[]
556395,Variable,com.android.systemui.statusbar.phone.HeadsUpManagerPhone.mDisplayCutoutTouchableRegionSize,packages/SystemUI/src/com/android/systemui/statusbar/phone/HeadsUpManagerPhone.java,1,-1,0,{},[]
556816,Variable,com.android.systemui.statusbar.phone.KeyguardBottomAreaView.mRightButtonTarget,packages/SystemUI/src/com/android/systemui/statusbar/phone/KeyguardBottomAreaView.java,1,-1,0,{},[]
556820,Variable,com.android.systemui.statusbar.phone.KeyguardBottomAreaView.mLeftButtonTarget,packages/SystemUI/src/com/android/systemui/statusbar/phone/KeyguardBottomAreaView.java,1,-1,0,{},[]
556828,Variable,com.android.systemui.statusbar.phone.KeyguardBottomAreaView.mBurnInYOffset,packages/SystemUI/src/com/android/systemui/statusbar/phone/KeyguardBottomAreaView.java,1,-1,0,{},[]
557002,Variable,com.android.systemui.statusbar.phone.KeyguardBottomAreaView.DefaultLeftButton.mForceVisibility,packages/SystemUI/src/com/android/systemui/statusbar/phone/KeyguardBottomAreaView.java,1,-1,0,{},[]
557011,Variable,com.android.systemui.statusbar.phone.KeyguardBottomAreaView.DefaultRightButton.mForceVisibility,packages/SystemUI/src/com/android/systemui/statusbar/phone/KeyguardBottomAreaView.java,1,-1,0,{},[]
557032,Variable,com.android.systemui.statusbar.phone.KeyguardBouncer.mLineageLockPatternUtils,packages/SystemUI/src/com/android/systemui/statusbar/phone/KeyguardBouncer.java,1,-1,0,{},[]
557038,Variable,com.android.systemui.statusbar.phone.KeyguardBouncer.UNLOCK_SEQUENCE_DEFAULT,packages/SystemUI/src/com/android/systemui/statusbar/phone/KeyguardBouncer.java,1,-1,0,{},[]
557039,Variable,com.android.systemui.statusbar.phone.KeyguardBouncer.UNLOCK_SEQUENCE_BOUNCER_FIRST,packages/SystemUI/src/com/android/systemui/statusbar/phone/KeyguardBouncer.java,1,-1,0,{},[]
557040,Variable,com.android.systemui.statusbar.phone.KeyguardBouncer.UNLOCK_SEQUENCE_FORCE_BOUNCER,packages/SystemUI/src/com/android/systemui/statusbar/phone/KeyguardBouncer.java,1,-1,0,{},[]
557502,Variable,com.android.systemui.statusbar.phone.LockIcon.mHasFod,packages/SystemUI/src/com/android/systemui/statusbar/phone/LockIcon.java,1,-1,0,{},[]
558149,Variable,com.android.systemui.statusbar.phone.NavigationBarInflaterView.NAV_BAR_INVERSE,packages/SystemUI/src/com/android/systemui/statusbar/phone/NavigationBarInflaterView.java,1,-1,0,{},[]
558183,Variable,com.android.systemui.statusbar.phone.NavigationBarInflaterView.mInverseLayout,packages/SystemUI/src/com/android/systemui/statusbar/phone/NavigationBarInflaterView.java,1,-1,0,{},[]
558361,Variable,com.android.systemui.statusbar.phone.NavigationBarView.NAVIGATION_BAR_MENU_ARROW_KEYS,packages/SystemUI/src/com/android/systemui/statusbar/phone/NavigationBarView.java,1,-1,0,{},[]
558417,Variable,com.android.systemui.statusbar.phone.NavigationBarView.mShowDpadArrowKeys,packages/SystemUI/src/com/android/systemui/statusbar/phone/NavigationBarView.java,1,-1,0,{},[]
558996,Variable,com.android.systemui.statusbar.phone.NotificationIconAreaController.mFullyDark,packages/SystemUI/src/com/android/systemui/statusbar/phone/NotificationIconAreaController.java,1,-1,0,{},[]
558997,Variable,com.android.systemui.statusbar.phone.NotificationIconAreaController.mHasShelfIconsWhenFullyDark,packages/SystemUI/src/com/android/systemui/statusbar/phone/NotificationIconAreaController.java,1,-1,0,{},[]
559369,Variable,com.android.systemui.statusbar.phone.NotificationPanelView.STATUS_BAR_QUICK_QS_PULLDOWN,packages/SystemUI/src/com/android/systemui/statusbar/phone/NotificationPanelView.java,1,-1,0,{},[]
559370,Variable,com.android.systemui.statusbar.phone.NotificationPanelView.DOUBLE_TAP_SLEEP_GESTURE,packages/SystemUI/src/com/android/systemui/statusbar/phone/NotificationPanelView.java,1,-1,0,{},[]
559381,Variable,com.android.systemui.statusbar.phone.NotificationPanelView.mDarkInterpolator,packages/SystemUI/src/com/android/systemui/statusbar/phone/NotificationPanelView.java,1,-1,0,{},[]
559460,Variable,com.android.systemui.statusbar.phone.NotificationPanelView.mAffordanceHasPreview,packages/SystemUI/src/com/android/systemui/statusbar/phone/NotificationPanelView.java,1,-1,0,{},[]
559471,Variable,com.android.systemui.statusbar.phone.NotificationPanelView.mInterpolatedDarkAmount,packages/SystemUI/src/com/android/systemui/statusbar/phone/NotificationPanelView.java,1,-1,0,{},[]
559472,Variable,com.android.systemui.statusbar.phone.NotificationPanelView.mLinearDarkAmount,packages/SystemUI/src/com/android/systemui/statusbar/phone/NotificationPanelView.java,1,-1,0,{},[]
559497,Variable,com.android.systemui.statusbar.phone.NotificationPanelView.mOneFingerQuickSettingsIntercept,packages/SystemUI/src/com/android/systemui/statusbar/phone/NotificationPanelView.java,1,-1,0,{},[]
559498,Variable,com.android.systemui.statusbar.phone.NotificationPanelView.mDoubleTapToSleepEnabled,packages/SystemUI/src/com/android/systemui/statusbar/phone/NotificationPanelView.java,1,-1,0,{},[]
559499,Variable,com.android.systemui.statusbar.phone.NotificationPanelView.mDoubleTapGesture,packages/SystemUI/src/com/android/systemui/statusbar/phone/NotificationPanelView.java,1,-1,0,{},[]
560170,Variable,com.android.systemui.statusbar.phone.PanelBar.PANEL_BAR_SUPER_PARCELABLE,packages/SystemUI/src/com/android/systemui/statusbar/phone/PanelBar.java,1,-1,0,{},[]
560171,Variable,com.android.systemui.statusbar.phone.PanelBar.STATE,packages/SystemUI/src/com/android/systemui/statusbar/phone/PanelBar.java,1,-1,0,{},[]
560174,Variable,com.android.systemui.statusbar.phone.PanelBar.mPanelFraction,packages/SystemUI/src/com/android/systemui/statusbar/phone/PanelBar.java,1,-1,0,{},[]
560561,Variable,com.android.systemui.statusbar.phone.PhoneStatusBarPolicy.mSlotSu,packages/SystemUI/src/com/android/systemui/statusbar/phone/PhoneStatusBarPolicy.java,1,-1,0,{},[]
560579,Variable,com.android.systemui.statusbar.phone.PhoneStatusBarPolicy.mSuController,packages/SystemUI/src/com/android/systemui/statusbar/phone/PhoneStatusBarPolicy.java,1,-1,0,{},[]
560714,Variable,com.android.systemui.statusbar.phone.PhoneStatusBarPolicy.mSuCallback,packages/SystemUI/src/com/android/systemui/statusbar/phone/PhoneStatusBarPolicy.java,1,-1,0,{},[]
560766,Variable,com.android.systemui.statusbar.phone.PhoneStatusBarTransitions.mClockCenter,packages/SystemUI/src/com/android/systemui/statusbar/phone/PhoneStatusBarTransitions.java,1,-1,0,{},[]
560767,Variable,com.android.systemui.statusbar.phone.PhoneStatusBarTransitions.mNetworkTraffic,packages/SystemUI/src/com/android/systemui/statusbar/phone/PhoneStatusBarTransitions.java,1,-1,0,{},[]
560895,Variable,com.android.systemui.statusbar.phone.QuickStepController.GRADIENT_WIDTH,packages/SystemUI/src/com/android/systemui/statusbar/phone/QuickStepController.java,1,-1,0,{},[]
560908,Variable,com.android.systemui.statusbar.phone.QuickStepController.mHighlight,packages/SystemUI/src/com/android/systemui/statusbar/phone/QuickStepController.java,1,-1,0,{},[]
560909,Variable,com.android.systemui.statusbar.phone.QuickStepController.mHighlightCenter,packages/SystemUI/src/com/android/systemui/statusbar/phone/QuickStepController.java,1,-1,0,{},[]
561082,Variable,com.android.systemui.statusbar.phone.ScreenPinningNotify.mWindowManagerService,packages/SystemUI/src/com/android/systemui/statusbar/phone/ScreenPinningNotify.java,1,-1,0,{},[]
561113,Variable,com.android.systemui.statusbar.phone.ScrimController.SCRIM_DEFAULT_COLOR,packages/SystemUI/src/com/android/systemui/statusbar/phone/ScrimController.java,1,-1,0,{},[]
561373,Variable,com.android.systemui.statusbar.phone.ScrimState.mHasBackdrop,packages/SystemUI/src/com/android/systemui/statusbar/phone/ScrimState.java,1,-1,0,{},[]
561374,Variable,com.android.systemui.statusbar.phone.ScrimState.mLaunchingAffordanceWithPreview,packages/SystemUI/src/com/android/systemui/statusbar/phone/ScrimState.java,1,-1,0,{},[]
561521,Variable,com.android.systemui.statusbar.phone.StatusBar.SCREEN_BRIGHTNESS_MODE,packages/SystemUI/src/com/android/systemui/statusbar/phone/StatusBar.java,1,-1,0,{},[]
561522,Variable,com.android.systemui.statusbar.phone.StatusBar.STATUS_BAR_BRIGHTNESS_CONTROL,packages/SystemUI/src/com/android/systemui/statusbar/phone/StatusBar.java,1,-1,0,{},[]
561523,Variable,com.android.systemui.statusbar.phone.StatusBar.LOCKSCREEN_MEDIA_METADATA,packages/SystemUI/src/com/android/systemui/statusbar/phone/StatusBar.java,1,-1,0,{},[]
561524,Variable,com.android.systemui.statusbar.phone.StatusBar.FORCE_SHOW_NAVBAR,packages/SystemUI/src/com/android/systemui/statusbar/phone/StatusBar.java,1,-1,0,{},[]
561525,Variable,com.android.systemui.statusbar.phone.StatusBar.BERRY_GLOBAL_STYLE,packages/SystemUI/src/com/android/systemui/statusbar/phone/StatusBar.java,1,-1,0,{},[]
561549,Variable,com.android.systemui.statusbar.phone.StatusBar.BRIGHTNESS_CONTROL_PADDING,packages/SystemUI/src/com/android/systemui/statusbar/phone/StatusBar.java,1,-1,0,{},[]
561550,Variable,com.android.systemui.statusbar.phone.StatusBar.BRIGHTNESS_CONTROL_LONG_PRESS_TIMEOUT,packages/SystemUI/src/com/android/systemui/statusbar/phone/StatusBar.java,1,-1,0,{},[]
561551,Variable,com.android.systemui.statusbar.phone.StatusBar.BRIGHTNESS_CONTROL_LINGER_THRESHOLD,packages/SystemUI/src/com/android/systemui/statusbar/phone/StatusBar.java,1,-1,0,{},[]
561557,Variable,com.android.systemui.statusbar.phone.StatusBar.DARK_THEME_IN_NIGHT_MODE,packages/SystemUI/src/com/android/systemui/statusbar/phone/StatusBar.java,1,-1,0,{},[]
561558,Variable,com.android.systemui.statusbar.phone.StatusBar.NIGHT_MODE_IN_BATTERY_SAVER,packages/SystemUI/src/com/android/systemui/statusbar/phone/StatusBar.java,1,-1,0,{},[]
561609,Variable,com.android.systemui.statusbar.phone.StatusBar.mDisplayManager,packages/SystemUI/src/com/android/systemui/statusbar/phone/StatusBar.java,1,-1,0,{},[]
561610,Variable,com.android.systemui.statusbar.phone.StatusBar.mMinBrightness,packages/SystemUI/src/com/android/systemui/statusbar/phone/StatusBar.java,1,-1,0,{},[]
561611,Variable,com.android.systemui.statusbar.phone.StatusBar.mInitialTouchX,packages/SystemUI/src/com/android/systemui/statusbar/phone/StatusBar.java,1,-1,0,{},[]
561612,Variable,com.android.systemui.statusbar.phone.StatusBar.mInitialTouchY,packages/SystemUI/src/com/android/systemui/statusbar/phone/StatusBar.java,1,-1,0,{},[]
561613,Variable,com.android.systemui.statusbar.phone.StatusBar.mLinger,packages/SystemUI/src/com/android/systemui/statusbar/phone/StatusBar.java,1,-1,0,{},[]
561614,Variable,com.android.systemui.statusbar.phone.StatusBar.mQuickQsTotalHeight,packages/SystemUI/src/com/android/systemui/statusbar/phone/StatusBar.java,1,-1,0,{},[]
561615,Variable,com.android.systemui.statusbar.phone.StatusBar.mAutomaticBrightness,packages/SystemUI/src/com/android/systemui/statusbar/phone/StatusBar.java,1,-1,0,{},[]
561616,Variable,com.android.systemui.statusbar.phone.StatusBar.mBrightnessControl,packages/SystemUI/src/com/android/systemui/statusbar/phone/StatusBar.java,1,-1,0,{},[]
561617,Variable,com.android.systemui.statusbar.phone.StatusBar.mBrightnessChanged,packages/SystemUI/src/com/android/systemui/statusbar/phone/StatusBar.java,1,-1,0,{},[]
561618,Variable,com.android.systemui.statusbar.phone.StatusBar.mJustPeeked,packages/SystemUI/src/com/android/systemui/statusbar/phone/StatusBar.java,1,-1,0,{},[]
561630,Variable,com.android.systemui.statusbar.phone.StatusBar.mUiModeManager,packages/SystemUI/src/com/android/systemui/statusbar/phone/StatusBar.java,1,-1,0,{},[]
561632,Variable,com.android.systemui.statusbar.phone.StatusBar.mLongPressBrightnessChange,packages/SystemUI/src/com/android/systemui/statusbar/phone/StatusBar.java,1,-1,0,{},[]
561662,Variable,com.android.systemui.statusbar.phone.StatusBar.mVisualizerView,packages/SystemUI/src/com/android/systemui/statusbar/phone/StatusBar.java,1,-1,0,{},[]
561663,Variable,com.android.systemui.statusbar.phone.StatusBar.mScreenOn,packages/SystemUI/src/com/android/systemui/statusbar/phone/StatusBar.java,1,-1,0,{},[]
561664,Variable,com.android.systemui.statusbar.phone.StatusBar.mKeyguardShowingMedia,packages/SystemUI/src/com/android/systemui/statusbar/phone/StatusBar.java,1,-1,0,{},[]
561665,Variable,com.android.systemui.statusbar.phone.StatusBar.mShowMediaMetadata,packages/SystemUI/src/com/android/systemui/statusbar/phone/StatusBar.java,1,-1,0,{},[]
561666,Variable,com.android.systemui.statusbar.phone.StatusBar.mColorDisplayController,packages/SystemUI/src/com/android/systemui/statusbar/phone/StatusBar.java,1,-1,0,{},[]
561725,Variable,com.android.systemui.statusbar.phone.StatusBar.mNeedsNavigationBar,packages/SystemUI/src/com/android/systemui/statusbar/phone/StatusBar.java,1,-1,0,{},[]
563465,Variable,com.android.systemui.statusbar.phone.StatusBarSignalPolicy.MobileIconState.provisioned,packages/SystemUI/src/com/android/systemui/statusbar/phone/StatusBarSignalPolicy.java,1,-1,0,{},[]
563467,Variable,com.android.systemui.statusbar.phone.StatusBarSignalPolicy.MobileIconState.context,packages/SystemUI/src/com/android/systemui/statusbar/phone/StatusBarSignalPolicy.java,1,-1,0,{},[]
563626,Variable,com.android.systemui.statusbar.phone.StatusBarWindowManager.State.notTouchable,packages/SystemUI/src/com/android/systemui/statusbar/phone/StatusBarWindowManager.java,1,-1,0,{},[]
563655,Variable,com.android.systemui.statusbar.phone.StatusBarWindowView.DOUBLE_TAP_SLEEP_GESTURE,packages/SystemUI/src/com/android/systemui/statusbar/phone/StatusBarWindowView.java,1,-1,0,{},[]
563661,Variable,com.android.systemui.statusbar.phone.StatusBarWindowView.mStatusBarView,packages/SystemUI/src/com/android/systemui/statusbar/phone/StatusBarWindowView.java,1,-1,0,{},[]
563667,Variable,com.android.systemui.statusbar.phone.StatusBarWindowView.mDoubleTapToSleepEnabled,packages/SystemUI/src/com/android/systemui/statusbar/phone/StatusBarWindowView.java,1,-1,0,{},[]
563668,Variable,com.android.systemui.statusbar.phone.StatusBarWindowView.mQuickQsTotalHeight,packages/SystemUI/src/com/android/systemui/statusbar/phone/StatusBarWindowView.java,1,-1,0,{},[]
563669,Variable,com.android.systemui.statusbar.phone.StatusBarWindowView.mDoubleTapGesture,packages/SystemUI/src/com/android/systemui/statusbar/phone/StatusBarWindowView.java,1,-1,0,{},[]
563678,Variable,com.android.systemui.statusbar.phone.StatusBarWindowView.mExpandingBelowNotch,packages/SystemUI/src/com/android/systemui/statusbar/phone/StatusBarWindowView.java,1,-1,0,{},[]
564821,Variable,com.android.systemui.statusbar.policy.Clock.CLOCK_SUPER_PARCELABLE,packages/SystemUI/src/com/android/systemui/statusbar/policy/Clock.java,1,-1,0,{},[]
564822,Variable,com.android.systemui.statusbar.policy.Clock.CURRENT_USER_ID,packages/SystemUI/src/com/android/systemui/statusbar/policy/Clock.java,1,-1,0,{},[]
564823,Variable,com.android.systemui.statusbar.policy.Clock.VISIBLE_BY_POLICY,packages/SystemUI/src/com/android/systemui/statusbar/policy/Clock.java,1,-1,0,{},[]
564824,Variable,com.android.systemui.statusbar.policy.Clock.VISIBLE_BY_USER,packages/SystemUI/src/com/android/systemui/statusbar/policy/Clock.java,1,-1,0,{},[]
564825,Variable,com.android.systemui.statusbar.policy.Clock.SHOW_SECONDS,packages/SystemUI/src/com/android/systemui/statusbar/policy/Clock.java,1,-1,0,{},[]
564826,Variable,com.android.systemui.statusbar.policy.Clock.VISIBILITY,packages/SystemUI/src/com/android/systemui/statusbar/policy/Clock.java,1,-1,0,{},[]
564827,Variable,com.android.systemui.statusbar.policy.Clock.CLOCK_STYLE,packages/SystemUI/src/com/android/systemui/statusbar/policy/Clock.java,1,-1,0,{},[]
565663,Variable,com.android.systemui.statusbar.policy.HotspotControllerImpl.mWaitingForTerminalState,packages/SystemUI/src/com/android/systemui/statusbar/policy/HotspotControllerImpl.java,1,-1,0,{},[]
565867,Variable,com.android.systemui.statusbar.policy.KeyButtonView.CURSOR_REPEAT_FLAGS,packages/SystemUI/src/com/android/systemui/statusbar/policy/KeyButtonView.java,1,-1,0,{},[]
569435,Variable,com.android.systemui.statusbar.stack.NotificationStackScrollLayout.mInterpolatedDarkAmount,packages/SystemUI/src/com/android/systemui/statusbar/stack/NotificationStackScrollLayout.java,1,-1,0,{},[]
569436,Variable,com.android.systemui.statusbar.stack.NotificationStackScrollLayout.mLinearDarkAmount,packages/SystemUI/src/com/android/systemui/statusbar/stack/NotificationStackScrollLayout.java,1,-1,0,{},[]
569437,Variable,com.android.systemui.statusbar.stack.NotificationStackScrollLayout.mBackgroundXFactor,packages/SystemUI/src/com/android/systemui/statusbar/stack/NotificationStackScrollLayout.java,1,-1,0,{},[]
569465,Variable,com.android.systemui.statusbar.stack.NotificationStackScrollLayout.mIconAreaController,packages/SystemUI/src/com/android/systemui/statusbar/stack/NotificationStackScrollLayout.java,1,-1,0,{},[]
569466,Variable,com.android.systemui.statusbar.stack.NotificationStackScrollLayout.mVerticalPanelTranslation,packages/SystemUI/src/com/android/systemui/statusbar/stack/NotificationStackScrollLayout.java,1,-1,0,{},[]
569467,Variable,com.android.systemui.statusbar.stack.NotificationStackScrollLayout.mDarkXInterpolator,packages/SystemUI/src/com/android/systemui/statusbar/stack/NotificationStackScrollLayout.java,1,-1,0,{},[]
570899,Variable,com.android.systemui.statusbar.stack.StackStateAnimator.ANIMATION_DURATION_PULSE_APPEAR,packages/SystemUI/src/com/android/systemui/statusbar/stack/StackStateAnimator.java,1,-1,0,{},[]
572638,Variable,com.android.systemui.tuner.LockscreenFragment.LOCKSCREEN_SHORTCUT_CAMERA,packages/SystemUI/src/com/android/systemui/tuner/LockscreenFragment.java,1,-1,0,{},[]
572639,Variable,com.android.systemui.tuner.LockscreenFragment.LOCKSCREEN_SHORTCUT_NONE,packages/SystemUI/src/com/android/systemui/tuner/LockscreenFragment.java,1,-1,0,{},[]
572640,Variable,com.android.systemui.tuner.LockscreenFragment.LOCKSCREEN_SHORTCUT_VOICE_ASSIST,packages/SystemUI/src/com/android/systemui/tuner/LockscreenFragment.java,1,-1,0,{},[]
572768,Variable,com.android.systemui.tuner.LockscreenFragment.ActivityButton.mContext,packages/SystemUI/src/com/android/systemui/tuner/LockscreenFragment.java,1,-1,0,{},[]
572769,Variable,com.android.systemui.tuner.LockscreenFragment.ActivityButton.mInfo,packages/SystemUI/src/com/android/systemui/tuner/LockscreenFragment.java,1,-1,0,{},[]
572756,Variable,com.android.systemui.tuner.LockscreenFragment.ShortcutButton.mContext,packages/SystemUI/src/com/android/systemui/tuner/LockscreenFragment.java,1,-1,0,{},[]
572759,Variable,com.android.systemui.tuner.LockscreenFragment.ShortcutButton.mIntent,packages/SystemUI/src/com/android/systemui/tuner/LockscreenFragment.java,1,-1,0,{},[]
573064,Variable,com.android.systemui.tuner.ShortcutPicker.mDefaultPreference,packages/SystemUI/src/com/android/systemui/tuner/ShortcutPicker.java,1,-1,0,{},[]
574682,Variable,com.android.systemui.volume.Events.EVENT_SHOW_OVERHEAT_ALARM,packages/SystemUI/src/com/android/systemui/volume/Events.java,1,-1,0,{},[]
574683,Variable,com.android.systemui.volume.Events.EVENT_DISMISS_OVERHEAT_ALARM,packages/SystemUI/src/com/android/systemui/volume/Events.java,1,-1,0,{},[]
574698,Variable,com.android.systemui.volume.Events.SHOW_REASON_OVERHEAD_ALARM_CHANGED,packages/SystemUI/src/com/android/systemui/volume/Events.java,1,-1,0,{},[]
574905,Variable,com.android.systemui.volume.SafetyWarningDialog.mDisableOnVolumeUp,packages/SystemUI/src/com/android/systemui/volume/SafetyWarningDialog.java,1,-1,0,{},[]
575406,Variable,com.android.systemui.volume.VolumeDialogControllerImpl.SettingObserver.VOLUME_LINK_NOTIFICATION_URI,packages/SystemUI/src/com/android/systemui/volume/VolumeDialogControllerImpl.java,1,-1,0,{},[]
575470,Variable,com.android.systemui.volume.VolumeDialogImpl.SETTING_VOLUME_PANEL_ON_LEFT,packages/SystemUI/src/com/android/systemui/volume/VolumeDialogImpl.java,1,-1,0,{},[]
575481,Variable,com.android.systemui.volume.VolumeDialogImpl.mExpandRowsView,packages/SystemUI/src/com/android/systemui/volume/VolumeDialogImpl.java,1,-1,0,{},[]
575482,Variable,com.android.systemui.volume.VolumeDialogImpl.mExpandRows,packages/SystemUI/src/com/android/systemui/volume/VolumeDialogImpl.java,1,-1,0,{},[]
575504,Variable,com.android.systemui.volume.VolumeDialogImpl.mExpanded,packages/SystemUI/src/com/android/systemui/volume/VolumeDialogImpl.java,1,-1,0,{},[]
575505,Variable,com.android.systemui.volume.VolumeDialogImpl.mVolumePanelOnLeftDesired,packages/SystemUI/src/com/android/systemui/volume/VolumeDialogImpl.java,1,-1,0,{},[]
575506,Variable,com.android.systemui.volume.VolumeDialogImpl.mVolumePanelOnLeft,packages/SystemUI/src/com/android/systemui/volume/VolumeDialogImpl.java,1,-1,0,{},[]
575518,Variable,com.android.systemui.volume.VolumeDialogImpl.mTunable,packages/SystemUI/src/com/android/systemui/volume/VolumeDialogImpl.java,1,-1,0,{},[]
577010,Variable,com.android.systemui.power.PowerNotificationWarningsTest.mMockKeyguardManager,packages/SystemUI/tests/src/com/android/systemui/power/PowerNotificationWarningsTest.java,1,-1,0,{},[]
577012,Variable,com.android.systemui.power.PowerNotificationWarningsTest.mSpyPowerNotificationWarnings,packages/SystemUI/tests/src/com/android/systemui/power/PowerNotificationWarningsTest.java,1,-1,0,{},[]
577056,Variable,com.android.systemui.power.PowerUITest.OLD_BATTERY_LEVEL_NINE,packages/SystemUI/tests/src/com/android/systemui/power/PowerUITest.java,1,-1,0,{},[]
577057,Variable,com.android.systemui.power.PowerUITest.OLD_BATTERY_LEVEL_10,packages/SystemUI/tests/src/com/android/systemui/power/PowerUITest.java,1,-1,0,{},[]
577058,Variable,com.android.systemui.power.PowerUITest.DEFAULT_OVERHEAT_ALARM_THRESHOLD,packages/SystemUI/tests/src/com/android/systemui/power/PowerUITest.java,1,-1,0,{},[]
577499,Variable,com.android.systemui.ScreenDecorationsTest.mTestableLooper,packages/SystemUI/tests/src/com/android/systemui/ScreenDecorationsTest.java,1,-1,0,{},[]
578764,Variable,com.android.systemui.statusbar.phone.HeadsUpAppearanceControllerTest.mOperatorNameView,packages/SystemUI/tests/src/com/android/systemui/statusbar/phone/HeadsUpAppearanceControllerTest.java,1,-1,0,{},[]
607951,Variable,com.android.server.am.ActiveServices.SERVICE_RESCHEDULE,services/core/java/com/android/server/am/ActiveServices.java,1,-1,0,{},[]
609033,Variable,com.android.server.am.ActivityManagerConstants.KEY_TOP_TO_FGS_GRACE_DURATION,services/core/java/com/android/server/am/ActivityManagerConstants.java,1,-1,0,{},[]
609061,Variable,com.android.server.am.ActivityManagerConstants.DEFAULT_TOP_TO_FGS_GRACE_DURATION,services/core/java/com/android/server/am/ActivityManagerConstants.java,1,-1,0,{},[]
609089,Variable,com.android.server.am.ActivityManagerConstants.TOP_TO_FGS_GRACE_DURATION,services/core/java/com/android/server/am/ActivityManagerConstants.java,1,-1,0,{},[]
609090,Variable,com.android.server.am.ActivityManagerConstants.mFlagActivityStartsLoggingEnabled,services/core/java/com/android/server/am/ActivityManagerConstants.java,1,-1,0,{},[]
609096,Variable,com.android.server.am.ActivityManagerConstants.USE_TRIM_SETTINGS,services/core/java/com/android/server/am/ActivityManagerConstants.java,1,-1,0,{},[]
609097,Variable,com.android.server.am.ActivityManagerConstants.EMPTY_APP_PERCENT,services/core/java/com/android/server/am/ActivityManagerConstants.java,1,-1,0,{},[]
609098,Variable,com.android.server.am.ActivityManagerConstants.TRIM_EMPTY_PERCENT,services/core/java/com/android/server/am/ActivityManagerConstants.java,1,-1,0,{},[]
609099,Variable,com.android.server.am.ActivityManagerConstants.TRIM_CACHE_PERCENT,services/core/java/com/android/server/am/ActivityManagerConstants.java,1,-1,0,{},[]
609100,Variable,com.android.server.am.ActivityManagerConstants.TRIM_ENABLE_MEMORY,services/core/java/com/android/server/am/ActivityManagerConstants.java,1,-1,0,{},[]
609104,Variable,com.android.server.am.ActivityManagerConstants.ACTIVITY_MANAGER_CONSTANTS_URI,services/core/java/com/android/server/am/ActivityManagerConstants.java,1,-1,0,{},[]
609105,Variable,com.android.server.am.ActivityManagerConstants.ACTIVITY_STARTS_LOGGING_ENABLED_URI,services/core/java/com/android/server/am/ActivityManagerConstants.java,1,-1,0,{},[]
609263,Variable,com.android.server.am.ActivityManagerService.CONTENT_PROVIDER_WAIT_TIMEOUT,services/core/java/com/android/server/am/ActivityManagerService.java,1,-1,0,{},[]
609750,Variable,com.android.server.am.ActivityManagerService.POST_PRIVACY_NOTIFICATION_MSG,services/core/java/com/android/server/am/ActivityManagerService.java,1,-1,0,{},[]
609751,Variable,com.android.server.am.ActivityManagerService.CANCEL_PRIVACY_NOTIFICATION_MSG,services/core/java/com/android/server/am/ActivityManagerService.java,1,-1,0,{},[]
609761,Variable,com.android.server.am.ActivityManagerService.mMinBServiceAgingTime,services/core/java/com/android/server/am/ActivityManagerService.java,1,-1,0,{},[]
609762,Variable,com.android.server.am.ActivityManagerService.mBServiceAppThreshold,services/core/java/com/android/server/am/ActivityManagerService.java,1,-1,0,{},[]
609763,Variable,com.android.server.am.ActivityManagerService.mEnableBServicePropagation,services/core/java/com/android/server/am/ActivityManagerService.java,1,-1,0,{},[]
609781,Variable,com.android.server.am.ActivityManagerService.mLineageActivityManager,services/core/java/com/android/server/am/ActivityManagerService.java,1,-1,0,{},[]
615932,Variable,com.android.server.am.ActivityMetricsLogger.INVALID_DELAY,services/core/java/com/android/server/am/ActivityMetricsLogger.java,1,-1,0,{},[]
615933,Variable,com.android.server.am.ActivityMetricsLogger.INVALID_TRANSITION_TYPE,services/core/java/com/android/server/am/ActivityMetricsLogger.java,1,-1,0,{},[]
615950,Variable,com.android.server.am.ActivityMetricsLogger.mDrawingTraceActive,services/core/java/com/android/server/am/ActivityMetricsLogger.java,1,-1,0,{},[]
615951,Variable,com.android.server.am.ActivityMetricsLogger.mStringBuilder,services/core/java/com/android/server/am/ActivityMetricsLogger.java,1,-1,0,{},[]
615968,Variable,com.android.server.am.ActivityMetricsLogger.WindowingModeTransitionInfo.launchTraceActive,services/core/java/com/android/server/am/ActivityMetricsLogger.java,1,-1,0,{},[]
615977,Variable,com.android.server.am.ActivityMetricsLogger.WindowingModeTransitionInfoSnapshot.launchedActivityShortComponentName,services/core/java/com/android/server/am/ActivityMetricsLogger.java,1,-1,0,{},[]
615984,Variable,com.android.server.am.ActivityMetricsLogger.WindowingModeTransitionInfoSnapshot.userId,services/core/java/com/android/server/am/ActivityMetricsLogger.java,1,-1,0,{},[]
615985,Variable,com.android.server.am.ActivityMetricsLogger.WindowingModeTransitionInfoSnapshot.windowsFullyDrawnDelayMs,services/core/java/com/android/server/am/ActivityMetricsLogger.java,1,-1,0,{},[]
615986,Variable,com.android.server.am.ActivityMetricsLogger.WindowingModeTransitionInfoSnapshot.activityRecordIdHashCode,services/core/java/com/android/server/am/ActivityMetricsLogger.java,1,-1,0,{},[]
616230,Variable,com.android.server.am.ActivityRecord.launching,services/core/java/com/android/server/am/ActivityRecord.java,1,-1,0,{},[]
616232,Variable,com.android.server.am.ActivityRecord.drawn,services/core/java/com/android/server/am/ActivityRecord.java,1,-1,0,{},[]
617903,Variable,com.android.server.am.ActivityStackSupervisor.mPrivacyGuardPackageName,services/core/java/com/android/server/am/ActivityStackSupervisor.java,1,-1,0,{},[]
619026,Variable,com.android.server.am.ActivityStackSupervisor.WaitInfo.mStartTimeMs,services/core/java/com/android/server/am/ActivityStackSupervisor.java,1,-1,0,{},[]
619295,Variable,com.android.server.am.ActivityStarter.Request.originatingPendingIntent,services/core/java/com/android/server/am/ActivityStarter.java,1,-1,0,{},[]
622392,Variable,com.android.server.am.MemoryStatUtil.DEVICE_HAS_PER_APP_MEMCG,services/core/java/com/android/server/am/MemoryStatUtil.java,1,-1,0,{},[]
622801,Variable,com.android.server.am.ProcessList.PERCEPTIBLE_RECENT_FOREGROUND_APP_ADJ,services/core/java/com/android/server/am/ProcessList.java,1,-1,0,{},[]
622820,Variable,com.android.server.am.ProcessList.LMK_PROCPURGE,services/core/java/com/android/server/am/ProcessList.java,1,-1,0,{},[]
623077,Variable,com.android.server.am.ProcessRecord.lastTopTime,services/core/java/com/android/server/am/ProcessRecord.java,1,-1,0,{},[]
626421,Variable,com.android.server.AppOpsService.RATE_LIMIT_OP_COUNT,services/core/java/com/android/server/AppOpsService.java,1,-1,0,{},[]
626422,Variable,com.android.server.AppOpsService.RATE_LIMIT_OPS_TOTAL_PKG_COUNT,services/core/java/com/android/server/AppOpsService.java,1,-1,0,{},[]
626423,Variable,com.android.server.AppOpsService.RATE_LIMIT_OP_DELAY_CEILING,services/core/java/com/android/server/AppOpsService.java,1,-1,0,{},[]
626428,Variable,com.android.server.AppOpsService.mLooper,services/core/java/com/android/server/AppOpsService.java,1,-1,0,{},[]
626429,Variable,com.android.server.AppOpsService.mIsInteractive,services/core/java/com/android/server/AppOpsService.java,1,-1,0,{},[]
626430,Variable,com.android.server.AppOpsService.mActivityManagerService,services/core/java/com/android/server/AppOpsService.java,1,-1,0,{},[]
626652,Variable,com.android.server.AppOpsService.mIntentReceiver,services/core/java/com/android/server/AppOpsService.java,1,-1,0,{},[]
626477,Variable,com.android.server.AppOpsService.UidState.pendingAskOp,services/core/java/com/android/server/AppOpsService.java,1,-1,0,{},[]
626478,Variable,com.android.server.AppOpsService.UidState.receivedPendingAskResponse,services/core/java/com/android/server/AppOpsService.java,1,-1,0,{},[]
626521,Variable,com.android.server.AppOpsService.Op.noteOpCount,services/core/java/com/android/server/AppOpsService.java,1,-1,0,{},[]
626522,Variable,com.android.server.AppOpsService.Op.startOpCount,services/core/java/com/android/server/AppOpsService.java,1,-1,0,{},[]
626523,Variable,com.android.server.AppOpsService.Op.dialogReqQueue,services/core/java/com/android/server/AppOpsService.java,1,-1,0,{},[]
626524,Variable,com.android.server.AppOpsService.Op.clientTokens,services/core/java/com/android/server/AppOpsService.java,1,-1,0,{},[]
626525,Variable,com.android.server.AppOpsService.Op.allowedCount,services/core/java/com/android/server/AppOpsService.java,1,-1,0,{},[]
626526,Variable,com.android.server.AppOpsService.Op.ignoredCount,services/core/java/com/android/server/AppOpsService.java,1,-1,0,{},[]
626527,Variable,com.android.server.AppOpsService.Op.delayedCount,services/core/java/com/android/server/AppOpsService.java,1,-1,0,{},[]
626503,Variable,com.android.server.AppOpsService.Ops.startRealtime,services/core/java/com/android/server/AppOpsService.java,1,-1,0,{},[]
628114,Variable,com.android.server.audio.AudioService.mLinkNotificationWithVolume,services/core/java/com/android/server/audio/AudioService.java,1,-1,0,{},[]
628115,Variable,com.android.server.audio.AudioService.mVoiceCapable,services/core/java/com/android/server/audio/AudioService.java,1,-1,0,{},[]
630391,Variable,com.android.server.BatteryService.mLineageBatteryLights,services/core/java/com/android/server/BatteryService.java,1,-1,0,{},[]
631628,Variable,com.android.server.camera.CameraServiceProxy.mAllowMediaUid,services/core/java/com/android/server/camera/CameraServiceProxy.java,1,-1,0,{},[]
631807,Variable,com.android.server.clipboard.ClipboardService.APPOP_NOTE,services/core/java/com/android/server/clipboard/ClipboardService.java,1,-1,0,{},[]
631808,Variable,com.android.server.clipboard.ClipboardService.APPOP_CHECK,services/core/java/com/android/server/clipboard/ClipboardService.java,1,-1,0,{},[]
631809,Variable,com.android.server.clipboard.ClipboardService.APPOP_NOTHROW,services/core/java/com/android/server/clipboard/ClipboardService.java,1,-1,0,{},[]
634303,Variable,com.android.server.connectivity.tethering.TetheringConfiguration.chooseUpstreamAutomatically,services/core/java/com/android/server/connectivity/tethering/TetheringConfiguration.java,1,-1,0,{},[]
634609,Variable,com.android.server.connectivity.tethering.UpstreamNetworkMonitor.mVpnInternetNetwork,services/core/java/com/android/server/connectivity/tethering/UpstreamNetworkMonitor.java,1,-1,0,{},[]
637022,Variable,com.android.server.ConsumerIrService.mParameter,services/core/java/com/android/server/ConsumerIrService.java,1,-1,0,{},[]
640372,Variable,com.android.server.display.AutomaticBrightnessController.mAmbientBrightnessThresholds,services/core/java/com/android/server/display/AutomaticBrightnessController.java,1,-1,0,{},[]
640373,Variable,com.android.server.display.AutomaticBrightnessController.mScreenBrightnessThresholds,services/core/java/com/android/server/display/AutomaticBrightnessController.java,1,-1,0,{},[]
640379,Variable,com.android.server.display.AutomaticBrightnessController.mAmbientBrighteningThreshold,services/core/java/com/android/server/display/AutomaticBrightnessController.java,1,-1,0,{},[]
640380,Variable,com.android.server.display.AutomaticBrightnessController.mAmbientDarkeningThreshold,services/core/java/com/android/server/display/AutomaticBrightnessController.java,1,-1,0,{},[]
640381,Variable,com.android.server.display.AutomaticBrightnessController.mScreenBrighteningThreshold,services/core/java/com/android/server/display/AutomaticBrightnessController.java,1,-1,0,{},[]
640382,Variable,com.android.server.display.AutomaticBrightnessController.mScreenDarkeningThreshold,services/core/java/com/android/server/display/AutomaticBrightnessController.java,1,-1,0,{},[]
641436,Variable,com.android.server.display.DisplayDeviceInfo.FLAG_MASK_DISPLAY_CUTOUT,services/core/java/com/android/server/display/DisplayDeviceInfo.java,1,-1,0,{},[]
641493,Variable,com.android.server.display.DisplayManagerService.PROP_DEFAULT_DISPLAY_TOP_INSET,services/core/java/com/android/server/display/DisplayManagerService.java,1,-1,0,{},[]
641528,Variable,com.android.server.display.DisplayManagerService.mSystemReady,services/core/java/com/android/server/display/DisplayManagerService.java,1,-1,0,{},[]
641529,Variable,com.android.server.display.DisplayManagerService.mDefaultDisplayTopInset,services/core/java/com/android/server/display/DisplayManagerService.java,1,-1,0,{},[]
642100,Variable,com.android.server.display.DisplayPowerController.mLights,services/core/java/com/android/server/display/DisplayPowerController.java,1,-1,0,{},[]
642569,Variable,com.android.server.display.HysteresisLevels.mBrighteningThresholds,services/core/java/com/android/server/display/HysteresisLevels.java,1,-1,0,{},[]
642570,Variable,com.android.server.display.HysteresisLevels.mDarkeningThresholds,services/core/java/com/android/server/display/HysteresisLevels.java,1,-1,0,{},[]
642571,Variable,com.android.server.display.HysteresisLevels.mThresholdLevels,services/core/java/com/android/server/display/HysteresisLevels.java,1,-1,0,{},[]
642745,Variable,com.android.server.display.LogicalDisplay.PROP_MASKING_INSET_TOP,services/core/java/com/android/server/display/LogicalDisplay.java,1,-1,0,{},[]
643710,Variable,com.android.server.display.WifiDisplayController.mExtRemoteDisplay,services/core/java/com/android/server/display/WifiDisplayController.java,1,-1,0,{},[]
644609,Variable,com.android.server.fingerprint.AuthenticationClient.mHasFod,services/core/java/com/android/server/fingerprint/AuthenticationClient.java,1,-1,0,{},[]
644610,Variable,com.android.server.fingerprint.AuthenticationClient.mKeyguardPackage,services/core/java/com/android/server/fingerprint/AuthenticationClient.java,1,-1,0,{},[]
644761,Variable,com.android.server.fingerprint.EnrollClient.mHasFod,services/core/java/com/android/server/fingerprint/EnrollClient.java,1,-1,0,{},[]
644762,Variable,com.android.server.fingerprint.EnrollClient.mStatusBarService,services/core/java/com/android/server/fingerprint/EnrollClient.java,1,-1,0,{},[]
644880,Variable,com.android.server.fingerprint.FingerprintService.mFingerprintInscreenDaemon,services/core/java/com/android/server/fingerprint/FingerprintService.java,1,-1,0,{},[]
644889,Variable,com.android.server.fingerprint.FingerprintService.mHasFod,services/core/java/com/android/server/fingerprint/FingerprintService.java,1,-1,0,{},[]
644890,Variable,com.android.server.fingerprint.FingerprintService.mNotifyClient,services/core/java/com/android/server/fingerprint/FingerprintService.java,1,-1,0,{},[]
644891,Variable,com.android.server.fingerprint.FingerprintService.mCleanupUnusedFingerprints,services/core/java/com/android/server/fingerprint/FingerprintService.java,1,-1,0,{},[]
650844,Variable,com.android.server.InputMethodManagerService.mLineageHardware,services/core/java/com/android/server/InputMethodManagerService.java,1,-1,0,{},[]
655194,Variable,com.android.server.lights.LightsService.LightImpl.mBrightnessLevel,services/core/java/com/android/server/lights/LightsService.java,1,-1,0,{},[]
655202,Variable,com.android.server.lights.LightsService.LightImpl.mLocked,services/core/java/com/android/server/lights/LightsService.java,1,-1,0,{},[]
655203,Variable,com.android.server.lights.LightsService.LightImpl.mModesUpdate,services/core/java/com/android/server/lights/LightsService.java,1,-1,0,{},[]
657720,Variable,com.android.server.LocationManagerService.mComboNlpPackageName,services/core/java/com/android/server/LocationManagerService.java,1,-1,0,{},[]
657721,Variable,com.android.server.LocationManagerService.mComboNlpReadyMarker,services/core/java/com/android/server/LocationManagerService.java,1,-1,0,{},[]
657722,Variable,com.android.server.LocationManagerService.mComboNlpScreenMarker,services/core/java/com/android/server/LocationManagerService.java,1,-1,0,{},[]
658525,Variable,com.android.server.locksettings.LockSettingsService.DEFAULT_PASSWORD,services/core/java/com/android/server/locksettings/LockSettingsService.java,1,-1,0,{},[]
658539,Variable,com.android.server.locksettings.LockSettingsService.mSavePassword,services/core/java/com/android/server/locksettings/LockSettingsService.java,1,-1,0,{},[]
661430,Variable,com.android.server.locksettings.SyntheticPasswordManager.SYNTHETIC_PASSWORD_VERSION_V2,services/core/java/com/android/server/locksettings/SyntheticPasswordManager.java,1,-1,0,{},[]
661431,Variable,com.android.server.locksettings.SyntheticPasswordManager.SYNTHETIC_PASSWORD_VERSION_V3,services/core/java/com/android/server/locksettings/SyntheticPasswordManager.java,1,-1,0,{},[]
661453,Variable,com.android.server.locksettings.SyntheticPasswordManager.PERSONALISATION_CONTEXT,services/core/java/com/android/server/locksettings/SyntheticPasswordManager.java,1,-1,0,{},[]
661459,Variable,com.android.server.locksettings.SyntheticPasswordManager.AuthenticationToken.mVersion,services/core/java/com/android/server/locksettings/SyntheticPasswordManager.java,1,-1,0,{},[]
666743,Variable,com.android.server.net.NetworkStatsService.MSG_PERFORM_POLL_REGISTER_ALERT,services/core/java/com/android/server/net/NetworkStatsService.java,1,-1,0,{},[]
666748,Variable,com.android.server.net.NetworkStatsService.PERFORM_POLL_DELAY_MS,services/core/java/com/android/server/net/NetworkStatsService.java,1,-1,0,{},[]
666801,Variable,com.android.server.net.NetworkStatsService.mVpnInfos,services/core/java/com/android/server/net/NetworkStatsService.java,1,-1,0,{},[]
667743,Variable,com.android.server.NetworkManagementService.mDataInterfaceName,services/core/java/com/android/server/NetworkManagementService.java,1,-1,0,{},[]
667744,Variable,com.android.server.NetworkManagementService.mVpnInterfaceName,services/core/java/com/android/server/NetworkManagementService.java,1,-1,0,{},[]
667745,Variable,com.android.server.NetworkManagementService.mWlanInterfaceName,services/core/java/com/android/server/NetworkManagementService.java,1,-1,0,{},[]
667746,Variable,com.android.server.NetworkManagementService.mPendingDataRestrictReceiver,services/core/java/com/android/server/NetworkManagementService.java,1,-1,0,{},[]
667747,Variable,com.android.server.NetworkManagementService.mPendingVpnRestrictReceiver,services/core/java/com/android/server/NetworkManagementService.java,1,-1,0,{},[]
667760,Variable,com.android.server.NetworkManagementService.mDataBlacklist,services/core/java/com/android/server/NetworkManagementService.java,1,-1,0,{},[]
667761,Variable,com.android.server.NetworkManagementService.mVpnBlacklist,services/core/java/com/android/server/NetworkManagementService.java,1,-1,0,{},[]
667762,Variable,com.android.server.NetworkManagementService.mWlanBlacklist,services/core/java/com/android/server/NetworkManagementService.java,1,-1,0,{},[]
667787,Variable,com.android.server.NetworkManagementService.mPendingRestrictOnData,services/core/java/com/android/server/NetworkManagementService.java,1,-1,0,{},[]
667788,Variable,com.android.server.NetworkManagementService.mPendingRestrictOnVpn,services/core/java/com/android/server/NetworkManagementService.java,1,-1,0,{},[]
667789,Variable,com.android.server.NetworkManagementService.RESTRICT_USECASE_DATA,services/core/java/com/android/server/NetworkManagementService.java,1,-1,0,{},[]
667790,Variable,com.android.server.NetworkManagementService.RESTRICT_USECASE_VPN,services/core/java/com/android/server/NetworkManagementService.java,1,-1,0,{},[]
667791,Variable,com.android.server.NetworkManagementService.RESTRICT_USECASE_WLAN,services/core/java/com/android/server/NetworkManagementService.java,1,-1,0,{},[]
670028,Variable,com.android.server.notification.NotificationManagerService.mHasLight,services/core/java/com/android/server/notification/NotificationManagerService.java,1,-1,0,{},[]
670029,Variable,com.android.server.notification.NotificationManagerService.mLightEnabled,services/core/java/com/android/server/notification/NotificationManagerService.java,1,-1,0,{},[]
670053,Variable,com.android.server.notification.NotificationManagerService.mLastSoundTimestamps,services/core/java/com/android/server/notification/NotificationManagerService.java,1,-1,0,{},[]
670080,Variable,com.android.server.notification.NotificationManagerService.mLineageNotificationLights,services/core/java/com/android/server/notification/NotificationManagerService.java,1,-1,0,{},[]
672068,Variable,com.android.server.notification.NotificationRecord.mInterruptionTimeMs,services/core/java/com/android/server/notification/NotificationRecord.java,1,-1,0,{},[]
672838,Variable,com.android.server.notification.RankingHelper.ATT_SOUND_TIMEOUT,services/core/java/com/android/server/notification/RankingHelper.java,1,-1,0,{},[]
673275,Variable,com.android.server.notification.RankingHelper.Record.soundTimeout,services/core/java/com/android/server/notification/RankingHelper.java,1,-1,0,{},[]
674353,Variable,com.android.server.notification.ZenModeHelper.H.ConfigMessageData.triggeringComponent,services/core/java/com/android/server/notification/ZenModeHelper.java,1,-1,0,{},[]
675694,Variable,com.android.server.PinnerService.MATCH_FLAGS,services/core/java/com/android/server/PinnerService.java,1,-1,0,{},[]
675695,Variable,com.android.server.PinnerService.KEY_CAMERA,services/core/java/com/android/server/PinnerService.java,1,-1,0,{},[]
675696,Variable,com.android.server.PinnerService.KEY_HOME,services/core/java/com/android/server/PinnerService.java,1,-1,0,{},[]
675698,Variable,com.android.server.PinnerService.MAX_HOME_PIN_SIZE,services/core/java/com/android/server/PinnerService.java,1,-1,0,{},[]
675701,Variable,com.android.server.PinnerService.mAmInternal,services/core/java/com/android/server/PinnerService.java,1,-1,0,{},[]
675702,Variable,com.android.server.PinnerService.mAm,services/core/java/com/android/server/PinnerService.java,1,-1,0,{},[]
675703,Variable,com.android.server.PinnerService.mUserManager,services/core/java/com/android/server/PinnerService.java,1,-1,0,{},[]
675705,Variable,com.android.server.PinnerService.mPinnedApps,services/core/java/com/android/server/PinnerService.java,1,-1,0,{},[]
675706,Variable,com.android.server.PinnerService.mPendingRepin,services/core/java/com/android/server/PinnerService.java,1,-1,0,{},[]
675707,Variable,com.android.server.PinnerService.mPinKeys,services/core/java/com/android/server/PinnerService.java,1,-1,0,{},[]
676412,Variable,com.android.server.pm.dex.ArtManagerService.TRON_COMPILATION_REASON_INSTALL_WITH_DEX_METADATA,services/core/java/com/android/server/pm/dex/ArtManagerService.java,1,-1,0,{},[]
676413,Variable,com.android.server.pm.dex.ArtManagerService.DEXOPT_REASON_WITH_DEX_METADATA_ANNOTATION,services/core/java/com/android/server/pm/dex/ArtManagerService.java,1,-1,0,{},[]
679908,Variable,com.android.server.pm.PackageManagerService.mDisabledComponentsList,services/core/java/com/android/server/pm/PackageManagerService.java,1,-1,0,{},[]
679909,Variable,com.android.server.pm.PackageManagerService.mAppOps,services/core/java/com/android/server/pm/PackageManagerService.java,1,-1,0,{},[]
680007,Variable,com.android.server.pm.PackageManagerService.mVendorPlatformSignatures,services/core/java/com/android/server/pm/PackageManagerService.java,1,-1,0,{},[]
693991,Variable,com.android.server.policy.keyguard.KeyguardStateMonitor.mUsbRestrictor,services/core/java/com/android/server/policy/keyguard/KeyguardStateMonitor.java,1,-1,0,{},[]
693992,Variable,com.android.server.policy.keyguard.KeyguardStateMonitor.mContentResolver,services/core/java/com/android/server/policy/keyguard/KeyguardStateMonitor.java,1,-1,0,{},[]
694273,Variable,com.android.server.policy.PhoneWindowManager.LONG_PRESS_POWER_TORCH,services/core/java/com/android/server/policy/PhoneWindowManager.java,1,-1,0,{},[]
694306,Variable,com.android.server.policy.PhoneWindowManager.ACTION_TORCH_OFF,services/core/java/com/android/server/policy/PhoneWindowManager.java,1,-1,0,{},[]
694334,Variable,com.android.server.policy.PhoneWindowManager.mAlarmManager,services/core/java/com/android/server/policy/PhoneWindowManager.java,1,-1,0,{},[]
694410,Variable,com.android.server.policy.PhoneWindowManager.mUserRotationAngles,services/core/java/com/android/server/policy/PhoneWindowManager.java,1,-1,0,{},[]
694442,Variable,com.android.server.policy.PhoneWindowManager.mDeviceHardwareKeys,services/core/java/com/android/server/policy/PhoneWindowManager.java,1,-1,0,{},[]
694443,Variable,com.android.server.policy.PhoneWindowManager.mHomeWakeScreen,services/core/java/com/android/server/policy/PhoneWindowManager.java,1,-1,0,{},[]
694444,Variable,com.android.server.policy.PhoneWindowManager.mBackWakeScreen,services/core/java/com/android/server/policy/PhoneWindowManager.java,1,-1,0,{},[]
694445,Variable,com.android.server.policy.PhoneWindowManager.mMenuWakeScreen,services/core/java/com/android/server/policy/PhoneWindowManager.java,1,-1,0,{},[]
694446,Variable,com.android.server.policy.PhoneWindowManager.mAssistWakeScreen,services/core/java/com/android/server/policy/PhoneWindowManager.java,1,-1,0,{},[]
694447,Variable,com.android.server.policy.PhoneWindowManager.mAppSwitchWakeScreen,services/core/java/com/android/server/policy/PhoneWindowManager.java,1,-1,0,{},[]
694448,Variable,com.android.server.policy.PhoneWindowManager.mCameraWakeScreen,services/core/java/com/android/server/policy/PhoneWindowManager.java,1,-1,0,{},[]
694449,Variable,com.android.server.policy.PhoneWindowManager.mVolumeWakeScreen,services/core/java/com/android/server/policy/PhoneWindowManager.java,1,-1,0,{},[]
694450,Variable,com.android.server.policy.PhoneWindowManager.mCameraLaunch,services/core/java/com/android/server/policy/PhoneWindowManager.java,1,-1,0,{},[]
694451,Variable,com.android.server.policy.PhoneWindowManager.mCameraSleepOnRelease,services/core/java/com/android/server/policy/PhoneWindowManager.java,1,-1,0,{},[]
694452,Variable,com.android.server.policy.PhoneWindowManager.mFocusReleasedGoToSleep,services/core/java/com/android/server/policy/PhoneWindowManager.java,1,-1,0,{},[]
694453,Variable,com.android.server.policy.PhoneWindowManager.mIsFocusPressed,services/core/java/com/android/server/policy/PhoneWindowManager.java,1,-1,0,{},[]
694454,Variable,com.android.server.policy.PhoneWindowManager.mIsLongPress,services/core/java/com/android/server/policy/PhoneWindowManager.java,1,-1,0,{},[]
694455,Variable,com.android.server.policy.PhoneWindowManager.mVolumeDownWakeTriggered,services/core/java/com/android/server/policy/PhoneWindowManager.java,1,-1,0,{},[]
694456,Variable,com.android.server.policy.PhoneWindowManager.mVolumeUpWakeTriggered,services/core/java/com/android/server/policy/PhoneWindowManager.java,1,-1,0,{},[]
694457,Variable,com.android.server.policy.PhoneWindowManager.mVolumeMuteWakeTriggered,services/core/java/com/android/server/policy/PhoneWindowManager.java,1,-1,0,{},[]
694458,Variable,com.android.server.policy.PhoneWindowManager.mVolumeAnswerCall,services/core/java/com/android/server/policy/PhoneWindowManager.java,1,-1,0,{},[]
694459,Variable,com.android.server.policy.PhoneWindowManager.mKillAppLongpressBack,services/core/java/com/android/server/policy/PhoneWindowManager.java,1,-1,0,{},[]
694460,Variable,com.android.server.policy.PhoneWindowManager.mBackKillTimeout,services/core/java/com/android/server/policy/PhoneWindowManager.java,1,-1,0,{},[]
694517,Variable,com.android.server.policy.PhoneWindowManager.mMenuPressed,services/core/java/com/android/server/policy/PhoneWindowManager.java,1,-1,0,{},[]
694518,Variable,com.android.server.policy.PhoneWindowManager.mAppSwitchLongPressed,services/core/java/com/android/server/policy/PhoneWindowManager.java,1,-1,0,{},[]
694530,Variable,com.android.server.policy.PhoneWindowManager.mNeedsNavigationBar,services/core/java/com/android/server/policy/PhoneWindowManager.java,1,-1,0,{},[]
694531,Variable,com.android.server.policy.PhoneWindowManager.mForceNavbar,services/core/java/com/android/server/policy/PhoneWindowManager.java,1,-1,0,{},[]
694532,Variable,com.android.server.policy.PhoneWindowManager.mHomeLongPressAction,services/core/java/com/android/server/policy/PhoneWindowManager.java,1,-1,0,{},[]
694533,Variable,com.android.server.policy.PhoneWindowManager.mHomeDoubleTapAction,services/core/java/com/android/server/policy/PhoneWindowManager.java,1,-1,0,{},[]
694534,Variable,com.android.server.policy.PhoneWindowManager.mMenuPressAction,services/core/java/com/android/server/policy/PhoneWindowManager.java,1,-1,0,{},[]
694535,Variable,com.android.server.policy.PhoneWindowManager.mMenuLongPressAction,services/core/java/com/android/server/policy/PhoneWindowManager.java,1,-1,0,{},[]
694536,Variable,com.android.server.policy.PhoneWindowManager.mAssistPressAction,services/core/java/com/android/server/policy/PhoneWindowManager.java,1,-1,0,{},[]
694537,Variable,com.android.server.policy.PhoneWindowManager.mAssistLongPressAction,services/core/java/com/android/server/policy/PhoneWindowManager.java,1,-1,0,{},[]
694538,Variable,com.android.server.policy.PhoneWindowManager.mAppSwitchPressAction,services/core/java/com/android/server/policy/PhoneWindowManager.java,1,-1,0,{},[]
694539,Variable,com.android.server.policy.PhoneWindowManager.mAppSwitchLongPressAction,services/core/java/com/android/server/policy/PhoneWindowManager.java,1,-1,0,{},[]
694548,Variable,com.android.server.policy.PhoneWindowManager.mRingHomeBehavior,services/core/java/com/android/server/policy/PhoneWindowManager.java,1,-1,0,{},[]
694562,Variable,com.android.server.policy.PhoneWindowManager.mResolvedLongPressOnPowerBehavior,services/core/java/com/android/server/policy/PhoneWindowManager.java,1,-1,0,{},[]
694595,Variable,com.android.server.policy.PhoneWindowManager.mDeviceKeyHandlers,services/core/java/com/android/server/policy/PhoneWindowManager.java,1,-1,0,{},[]
694596,Variable,com.android.server.policy.PhoneWindowManager.mLineageButtons,services/core/java/com/android/server/policy/PhoneWindowManager.java,1,-1,0,{},[]
694626,Variable,com.android.server.policy.PhoneWindowManager.MSG_TOGGLE_TORCH,services/core/java/com/android/server/policy/PhoneWindowManager.java,1,-1,0,{},[]
694627,Variable,com.android.server.policy.PhoneWindowManager.MSG_CAMERA_LONG_PRESS,services/core/java/com/android/server/policy/PhoneWindowManager.java,1,-1,0,{},[]
694630,Variable,com.android.server.policy.PhoneWindowManager.mLineageHardware,services/core/java/com/android/server/policy/PhoneWindowManager.java,1,-1,0,{},[]
694631,Variable,com.android.server.policy.PhoneWindowManager.mClearedBecauseOfForceShow,services/core/java/com/android/server/policy/PhoneWindowManager.java,1,-1,0,{},[]
694632,Variable,com.android.server.policy.PhoneWindowManager.mTopWindowIsKeyguard,services/core/java/com/android/server/policy/PhoneWindowManager.java,1,-1,0,{},[]
694633,Variable,com.android.server.policy.PhoneWindowManager.mCameraManager,services/core/java/com/android/server/policy/PhoneWindowManager.java,1,-1,0,{},[]
694634,Variable,com.android.server.policy.PhoneWindowManager.mRearFlashCameraId,services/core/java/com/android/server/policy/PhoneWindowManager.java,1,-1,0,{},[]
694635,Variable,com.android.server.policy.PhoneWindowManager.mTorchLongPressPowerEnabled,services/core/java/com/android/server/policy/PhoneWindowManager.java,1,-1,0,{},[]
694636,Variable,com.android.server.policy.PhoneWindowManager.mTorchEnabled,services/core/java/com/android/server/policy/PhoneWindowManager.java,1,-1,0,{},[]
694637,Variable,com.android.server.policy.PhoneWindowManager.mTorchTimeout,services/core/java/com/android/server/policy/PhoneWindowManager.java,1,-1,0,{},[]
694638,Variable,com.android.server.policy.PhoneWindowManager.mTorchOffPendingIntent,services/core/java/com/android/server/policy/PhoneWindowManager.java,1,-1,0,{},[]
694787,Variable,com.android.server.policy.PhoneWindowManager.mBackLongPress,services/core/java/com/android/server/policy/PhoneWindowManager.java,1,-1,0,{},[]
696240,Variable,com.android.server.policy.WindowManagerPolicy.COLOR_FADE_LAYER,services/core/java/com/android/server/policy/WindowManagerPolicy.java,1,-1,0,{},[]
696663,Variable,com.android.server.policy.WindowOrientationListener.mUseSystemClockforRotationSensor,services/core/java/com/android/server/policy/WindowOrientationListener.java,1,-1,0,{},[]
697422,Variable,com.android.server.power.Notifier.MSG_WIRED_CHARGING_DISCONNECTED,services/core/java/com/android/server/power/Notifier.java,1,-1,0,{},[]
697439,Variable,com.android.server.power.Notifier.mAudioManager,services/core/java/com/android/server/power/Notifier.java,1,-1,0,{},[]
697616,Variable,com.android.server.power.PowerManagerService.MSG_WAKE_UP,services/core/java/com/android/server/power/PowerManagerService.java,1,-1,0,{},[]
697663,Variable,com.android.server.power.PowerManagerService.DEFAULT_BUTTON_ON_DURATION,services/core/java/com/android/server/power/PowerManagerService.java,1,-1,0,{},[]
697664,Variable,com.android.server.power.PowerManagerService.PROXIMITY_NEAR_THRESHOLD,services/core/java/com/android/server/power/PowerManagerService.java,1,-1,0,{},[]
697684,Variable,com.android.server.power.PowerManagerService.mButtonsLight,services/core/java/com/android/server/power/PowerManagerService.java,1,-1,0,{},[]
697685,Variable,com.android.server.power.PowerManagerService.mButtonTimeout,services/core/java/com/android/server/power/PowerManagerService.java,1,-1,0,{},[]
697686,Variable,com.android.server.power.PowerManagerService.mButtonBrightness,services/core/java/com/android/server/power/PowerManagerService.java,1,-1,0,{},[]
697687,Variable,com.android.server.power.PowerManagerService.mButtonBrightnessSettingDefault,services/core/java/com/android/server/power/PowerManagerService.java,1,-1,0,{},[]
697688,Variable,com.android.server.power.PowerManagerService.mButtonPressed,services/core/java/com/android/server/power/PowerManagerService.java,1,-1,0,{},[]
697689,Variable,com.android.server.power.PowerManagerService.mButtonOn,services/core/java/com/android/server/power/PowerManagerService.java,1,-1,0,{},[]
697690,Variable,com.android.server.power.PowerManagerService.mButtonLightOnKeypressOnly,services/core/java/com/android/server/power/PowerManagerService.java,1,-1,0,{},[]
697706,Variable,com.android.server.power.PowerManagerService.mLastButtonActivityTime,services/core/java/com/android/server/power/PowerManagerService.java,1,-1,0,{},[]
697732,Variable,com.android.server.power.PowerManagerService.mWakeUpWhenPluggedOrUnpluggedSetting,services/core/java/com/android/server/power/PowerManagerService.java,1,-1,0,{},[]
697766,Variable,com.android.server.power.PowerManagerService.mButtonBrightnessOverrideFromWindowManager,services/core/java/com/android/server/power/PowerManagerService.java,1,-1,0,{},[]
697839,Variable,com.android.server.power.PowerManagerService.mProximityWakeEnabledByDefaultConfig,services/core/java/com/android/server/power/PowerManagerService.java,1,-1,0,{},[]
697840,Variable,com.android.server.power.PowerManagerService.mProximityWakeSupported,services/core/java/com/android/server/power/PowerManagerService.java,1,-1,0,{},[]
697841,Variable,com.android.server.power.PowerManagerService.mProximityWakeEnabled,services/core/java/com/android/server/power/PowerManagerService.java,1,-1,0,{},[]
697842,Variable,com.android.server.power.PowerManagerService.mProximityTimeOut,services/core/java/com/android/server/power/PowerManagerService.java,1,-1,0,{},[]
697843,Variable,com.android.server.power.PowerManagerService.mSensorManager,services/core/java/com/android/server/power/PowerManagerService.java,1,-1,0,{},[]
697844,Variable,com.android.server.power.PowerManagerService.mProximitySensor,services/core/java/com/android/server/power/PowerManagerService.java,1,-1,0,{},[]
697845,Variable,com.android.server.power.PowerManagerService.mProximityListener,services/core/java/com/android/server/power/PowerManagerService.java,1,-1,0,{},[]
697846,Variable,com.android.server.power.PowerManagerService.mProximityWakeLock,services/core/java/com/android/server/power/PowerManagerService.java,1,-1,0,{},[]
697847,Variable,com.android.server.power.PowerManagerService.mForceNavbar,services/core/java/com/android/server/power/PowerManagerService.java,1,-1,0,{},[]
698650,Variable,com.android.server.power.ShutdownThread.mRebootCustom,services/core/java/com/android/server/power/ShutdownThread.java,1,-1,0,{},[]
700301,Variable,com.android.server.stats.StatsCompanionService.sThermalService,services/core/java/com/android/server/stats/StatsCompanionService.java,1,-1,0,{},[]
710419,Variable,com.android.server.wm.AppWindowContainerController.H.NOTIFY_WINDOWS_NOTDRAWN,services/core/java/com/android/server/wm/AppWindowContainerController.java,1,-1,0,{},[]
711137,Variable,com.android.server.wm.BoundsAnimationController.mChoreographer,services/core/java/com/android/server/wm/BoundsAnimationController.java,1,-1,0,{},[]
711564,Variable,com.android.server.wm.DisplayContent.mLastHasContent,services/core/java/com/android/server/wm/DisplayContent.java,1,-1,0,{},[]
712317,Variable,com.android.server.wm.DisplayFrames.mForceImmersive,services/core/java/com/android/server/wm/DisplayFrames.java,1,-1,0,{},[]
713813,Variable,com.android.server.wm.RootWindowContainer.SET_BUTTON_BRIGHTNESS_OVERRIDE,services/core/java/com/android/server/wm/RootWindowContainer.java,1,-1,0,{},[]
713819,Variable,com.android.server.wm.RootWindowContainer.mButtonBrightness,services/core/java/com/android/server/wm/RootWindowContainer.java,1,-1,0,{},[]
714629,Variable,com.android.server.wm.SurfaceAnimationRunner.mPowerManagerInternal,services/core/java/com/android/server/wm/SurfaceAnimationRunner.java,1,-1,0,{},[]
718891,Variable,com.android.server.wm.WindowState.mForceSeamlesslyRotate,services/core/java/com/android/server/wm/WindowState.java,1,-1,0,{},[]
718892,Variable,com.android.server.wm.WindowState.mPendingForcedSeamlessRotate,services/core/java/com/android/server/wm/WindowState.java,1,-1,0,{},[]
718893,Variable,com.android.server.wm.WindowState.mFinishForcedSeamlessRotateFrameNumber,services/core/java/com/android/server/wm/WindowState.java,1,-1,0,{},[]
732976,Variable,com.android.server.am.ActivityStarterTests.mActivityMetricsLogger,services/tests/servicestests/src/com/android/server/am/ActivityStarterTests.java,1,-1,0,{},[]
732988,Variable,com.android.server.am.ActivityStarterTests.FAKE_CALLING_UID,services/tests/servicestests/src/com/android/server/am/ActivityStarterTests.java,1,-1,0,{},[]
732989,Variable,com.android.server.am.ActivityStarterTests.FAKE_REAL_CALLING_UID,services/tests/servicestests/src/com/android/server/am/ActivityStarterTests.java,1,-1,0,{},[]
732990,Variable,com.android.server.am.ActivityStarterTests.FAKE_CALLING_PACKAGE,services/tests/servicestests/src/com/android/server/am/ActivityStarterTests.java,1,-1,0,{},[]
741812,Variable,com.android.server.NetworkPolicyManagerServiceTest.TIMEZONE_UTC,services/tests/servicestests/src/com/android/server/NetworkPolicyManagerServiceTest.java,1,-1,0,{},[]
747223,Variable,com.android.server.usage.AppStandbyControllerTests.MyInjector.mIsAppIdleEnabled,services/tests/servicestests/src/com/android/server/usage/AppStandbyControllerTests.java,1,-1,0,{},[]
748682,Variable,com.android.server.wm.SurfaceAnimationRunnerTest.mMockPowerManager,services/tests/servicestests/src/com/android/server/wm/SurfaceAnimationRunnerTest.java,1,-1,0,{},[]
749421,Variable,com.android.server.wm.utils.CoordinateTransformsTest.mMatrix2,services/tests/servicestests/src/com/android/server/wm/utils/CoordinateTransformsTest.java,1,-1,0,{},[]
753765,Variable,com.android.server.slice.SlicePermissionManagerTest.TAG,services/tests/uiservicestests/src/com/android/server/slice/SlicePermissionManagerTest.java,1,-1,0,{},[]
757769,Variable,com.android.server.usb.UsbDeviceManager.MSG_GADGET_HAL_REGISTERED,services/usb/java/com/android/server/usb/UsbDeviceManager.java,1,-1,0,{},[]
758136,Variable,com.android.server.usb.UsbDeviceManager.UsbHandlerHal.GADGET_HAL_FQ_NAME,services/usb/java/com/android/server/usb/UsbDeviceManager.java,1,-1,0,{},[]
761577,Variable,android.telecom.Connection.RttTextStream.mFromInCallFileInputStream,telecomm/java/android/telecom/Connection.java,1,-1,0,{},[]
764422,Variable,android.telecom.ParcelableCallAnalytics.CALL_SOURCE_UNSPECIFIED,telecomm/java/android/telecom/ParcelableCallAnalytics.java,1,-1,0,{},[]
764423,Variable,android.telecom.ParcelableCallAnalytics.CALL_SOURCE_EMERGENCY_DIALPAD,telecomm/java/android/telecom/ParcelableCallAnalytics.java,1,-1,0,{},[]
764424,Variable,android.telecom.ParcelableCallAnalytics.CALL_SOURCE_EMERGENCY_SHORTCUT,telecomm/java/android/telecom/ParcelableCallAnalytics.java,1,-1,0,{},[]
764448,Variable,android.telecom.ParcelableCallAnalytics.callSource,telecomm/java/android/telecom/ParcelableCallAnalytics.java,1,-1,0,{},[]
764393,Variable,android.telecom.ParcelableCallAnalytics.EventTiming.START_CONNECTION_TO_REQUEST_DISCONNECT_TIMING,telecomm/java/android/telecom/ParcelableCallAnalytics.java,1,-1,0,{},[]
765967,Variable,android.telecom.TelecomManager.EXTRA_CALL_SOURCE,telecomm/java/android/telecom/TelecomManager.java,1,-1,0,{},[]
766670,Variable,android.provider.Telephony.Sms.Intents.ACTION_SMS_MMS_DB_CREATED,telephony/java/android/provider/Telephony.java,1,-1,0,{},[]
766671,Variable,android.provider.Telephony.Sms.Intents.EXTRA_IS_INITIAL_CREATE,telephony/java/android/provider/Telephony.java,1,-1,0,{},[]
766672,Variable,android.provider.Telephony.Sms.Intents.ACTION_SMS_MMS_DB_LOST,telephony/java/android/provider/Telephony.java,1,-1,0,{},[]
766673,Variable,android.provider.Telephony.Sms.Intents.EXTRA_IS_CORRUPTED,telephony/java/android/provider/Telephony.java,1,-1,0,{},[]
767192,Variable,android.telephony.CarrierConfigManager.KEY_CALL_FORWARDING_VISIBILITY_BOOL,telephony/java/android/telephony/CarrierConfigManager.java,1,-1,0,{},[]
767193,Variable,android.telephony.CarrierConfigManager.KEY_ADDITIONAL_SETTINGS_CALLER_ID_VISIBILITY_BOOL,telephony/java/android/telephony/CarrierConfigManager.java,1,-1,0,{},[]
767194,Variable,android.telephony.CarrierConfigManager.KEY_ADDITIONAL_SETTINGS_CALL_WAITING_VISIBILITY_BOOL,telephony/java/android/telephony/CarrierConfigManager.java,1,-1,0,{},[]
767196,Variable,android.telephony.CarrierConfigManager.KEY_CALL_BARRING_SUPPORTS_PASSWORD_CHANGE_BOOL,telephony/java/android/telephony/CarrierConfigManager.java,1,-1,0,{},[]
767197,Variable,android.telephony.CarrierConfigManager.KEY_CALL_BARRING_SUPPORTS_DEACTIVATE_ALL_BOOL,telephony/java/android/telephony/CarrierConfigManager.java,1,-1,0,{},[]
767204,Variable,android.telephony.CarrierConfigManager.KEY_RADIO_RESTART_FAILURE_CAUSES_INT_ARRAY,telephony/java/android/telephony/CarrierConfigManager.java,1,-1,0,{},[]
767214,Variable,android.telephony.CarrierConfigManager.KEY_UNLOGGABLE_NUMBERS_STRING_ARRAY,telephony/java/android/telephony/CarrierConfigManager.java,1,-1,0,{},[]
767330,Variable,android.telephony.CarrierConfigManager.KEY_SIM_COUNTRY_ISO_OVERRIDE_STRING,telephony/java/android/telephony/CarrierConfigManager.java,1,-1,0,{},[]
767331,Variable,android.telephony.CarrierConfigManager.KEY_CDMA_HOME_REGISTERED_PLMN_NAME_OVERRIDE_BOOL,telephony/java/android/telephony/CarrierConfigManager.java,1,-1,0,{},[]
767332,Variable,android.telephony.CarrierConfigManager.KEY_CDMA_HOME_REGISTERED_PLMN_NAME_STRING,telephony/java/android/telephony/CarrierConfigManager.java,1,-1,0,{},[]
767398,Variable,android.telephony.CarrierConfigManager.KEY_AUTO_RETRY_FAILED_WIFI_EMERGENCY_CALL,telephony/java/android/telephony/CarrierConfigManager.java,1,-1,0,{},[]
767406,Variable,android.telephony.CarrierConfigManager.KEY_ENHANCED_4G_LTE_TITLE_VARIANT_INT,telephony/java/android/telephony/CarrierConfigManager.java,1,-1,0,{},[]
767453,Variable,android.telephony.CarrierConfigManager.KEY_USE_USIM_BOOL,telephony/java/android/telephony/CarrierConfigManager.java,1,-1,0,{},[]
775848,Variable,android.telephony.SmsManager.MMS_CONFIG_SIM_COUNTRY_ISO_OVERRIDE,telephony/java/android/telephony/SmsManager.java,1,-1,0,{},[]
780225,Variable,com.android.internal.telephony.cdma.sms.BearerData.TimeStamp.second,telephony/java/com/android/internal/telephony/cdma/BearerData.java,1,-1,0,{},[]
780226,Variable,com.android.internal.telephony.cdma.sms.BearerData.TimeStamp.minute,telephony/java/com/android/internal/telephony/cdma/BearerData.java,1,-1,0,{},[]
780227,Variable,com.android.internal.telephony.cdma.sms.BearerData.TimeStamp.hour,telephony/java/com/android/internal/telephony/cdma/BearerData.java,1,-1,0,{},[]
780228,Variable,com.android.internal.telephony.cdma.sms.BearerData.TimeStamp.monthDay,telephony/java/com/android/internal/telephony/cdma/BearerData.java,1,-1,0,{},[]
780229,Variable,com.android.internal.telephony.cdma.sms.BearerData.TimeStamp.month,telephony/java/com/android/internal/telephony/cdma/BearerData.java,1,-1,0,{},[]
780230,Variable,com.android.internal.telephony.cdma.sms.BearerData.TimeStamp.year,telephony/java/com/android/internal/telephony/cdma/BearerData.java,1,-1,0,{},[]
780231,Variable,com.android.internal.telephony.cdma.sms.BearerData.TimeStamp.mZoneId,telephony/java/com/android/internal/telephony/cdma/BearerData.java,1,-1,0,{},[]
781287,Variable,com.android.internal.telephony.gsm.SmsCbConstants.MESSAGE_ID_CMAS_ALERT_PUBLIC_SAFETY,telephony/java/com/android/internal/telephony/gsm/SmsCbConstants.java,1,-1,0,{},[]
781288,Variable,com.android.internal.telephony.gsm.SmsCbConstants.MESSAGE_ID_CMAS_ALERT_PUBLIC_SAFETY_LANGUAGE,telephony/java/com/android/internal/telephony/gsm/SmsCbConstants.java,1,-1,0,{},[]
781289,Variable,com.android.internal.telephony.gsm.SmsCbConstants.MESSAGE_ID_CMAS_ALERT_STATE_LOCAL_TEST,telephony/java/com/android/internal/telephony/gsm/SmsCbConstants.java,1,-1,0,{},[]
781290,Variable,com.android.internal.telephony.gsm.SmsCbConstants.MESSAGE_ID_CMAS_ALERT_STATE_LOCAL_TEST_LANGUAGE,telephony/java/com/android/internal/telephony/gsm/SmsCbConstants.java,1,-1,0,{},[]
806130,Variable,com.android.server.connectivity.tethering.UpstreamNetworkMonitorTest.mDefaultRequest,tests/net/java/com/android/server/connectivity/tethering/UpstreamNetworkMonitorTest.java,1,-1,0,{},[]
806188,Variable,com.android.server.connectivity.tethering.UpstreamNetworkMonitorTest.TestConnectivityManager.defaultNetwork,tests/net/java/com/android/server/connectivity/tethering/UpstreamNetworkMonitorTest.java,1,-1,0,{},[]
806239,Variable,com.android.server.connectivity.tethering.UpstreamNetworkMonitorTest.TestNetworkAgent.linkProperties,tests/net/java/com/android/server/connectivity/tethering/UpstreamNetworkMonitorTest.java,1,-1,0,{},[]
806282,Variable,com.android.server.connectivity.TetheringTest.mDefaultRequest,tests/net/java/com/android/server/connectivity/TetheringTest.java,1,-1,0,{},[]
811462,Variable,android.testing.TestableContentResolver.STABLE,tests/testables/src/android/testing/TestableContentResolver.java,1,-1,0,{},[]
811463,Variable,android.testing.TestableContentResolver.UNSTABLE,tests/testables/src/android/testing/TestableContentResolver.java,1,-1,0,{},[]
811465,Variable,android.testing.TestableContentResolver.mUnstableProviders,tests/testables/src/android/testing/TestableContentResolver.java,1,-1,0,{},[]
