file,total,native,obsoletely native,intrusive,extensive,unsure
apct-tests/perftests/core/src/android/accounts/AccountManagerPerfTest.java,6,6,,,,
apct-tests/perftests/core/src/android/app/PendingIntentPerfTest.java,19,19,,,,
apct-tests/perftests/core/src/android/database/CursorWindowPerfTest.java,22,22,,,,
apct-tests/perftests/core/src/android/database/SQLiteDatabaseIoPerfTest.java,38,38,,,,
apct-tests/perftests/core/src/android/database/SQLiteDatabasePerfTest.java,56,56,,,,
apct-tests/perftests/core/src/android/database/TableHelper.java,57,57,,,,
apct-tests/perftests/core/src/android/graphics/perftests/CanvasPerfTest.java,15,15,,,,
apct-tests/perftests/core/src/android/graphics/perftests/OutlinePerfTest.java,8,8,,,,
apct-tests/perftests/core/src/android/graphics/perftests/PaintHasGlyphPerfTest.java,11,11,,,,
apct-tests/perftests/core/src/android/graphics/perftests/PaintMeasureTextTest.java,14,14,,,,
apct-tests/perftests/core/src/android/graphics/perftests/PathPerfTest.java,27,27,,,,
apct-tests/perftests/core/src/android/graphics/perftests/RenderNodePerfTest.java,33,33,,,,
apct-tests/perftests/core/src/android/graphics/perftests/TypefaceCreatePerfTest.java,26,26,,,,
apct-tests/perftests/core/src/android/graphics/perftests/VectorDrawablePerfTest.java,20,20,,,,
apct-tests/perftests/core/src/android/os/BinderCallsStatsPerfTest.java,14,14,,,,
apct-tests/perftests/core/src/android/os/PackageManagerPerfTest.java,30,30,,,,
apct-tests/perftests/core/src/android/os/ParcelArrayPerfTest.java,33,33,,,,
apct-tests/perftests/core/src/android/os/ParcelPerfTest.java,52,52,,,,
apct-tests/perftests/core/src/android/os/PssPerfTest.java,4,4,,,,
apct-tests/perftests/core/src/android/os/SharedPreferencesTest.java,6,6,,,,
apct-tests/perftests/core/src/android/os/SomeService.java,12,12,,,,
apct-tests/perftests/core/src/android/os/StrictModeTest.java,33,33,,,,
apct-tests/perftests/core/src/android/perftests/SystemPerfTest.java,34,34,,,,
apct-tests/perftests/core/src/android/text/BoringLayoutCreateDrawPerfTest.java,35,35,,,,
apct-tests/perftests/core/src/android/text/BoringLayoutIsBoringPerfTest.java,24,24,,,,
apct-tests/perftests/core/src/android/text/DynamicLayoutPerfTest.java,50,50,,,,
apct-tests/perftests/core/src/android/text/NonEditableTextGenerator.java,39,39,,,,
apct-tests/perftests/core/src/android/text/PaintMeasureDrawPerfTest.java,23,23,,,,
apct-tests/perftests/core/src/android/text/PrecomputedTextMemoryUsageTest.java,36,36,,,,
apct-tests/perftests/core/src/android/text/PrecomputedTextPerfTest.java,43,43,,,,
apct-tests/perftests/core/src/android/text/StaticLayoutCreateDrawPerfTest.java,34,34,,,,
apct-tests/perftests/core/src/android/text/StaticLayoutMultithreadPerfTest.java,35,35,,,,
apct-tests/perftests/core/src/android/text/StaticLayoutPerfTest.java,108,108,,,,
apct-tests/perftests/core/src/android/text/TextPerfUtils.java,21,21,,,,
apct-tests/perftests/core/src/android/text/TextViewSetTextMeasurePerfTest.java,31,31,,,,
apct-tests/perftests/core/src/android/util/perftests/LogPerfTest.java,6,6,,,,
apct-tests/perftests/core/src/android/view/ViewPerfTest.java,12,12,,,,
apct-tests/perftests/core/src/android/view/ViewShowHidePerfTest.java,72,72,,,,
apct-tests/perftests/core/src/android/widget/EditTextBackspacePerfTest.java,24,24,,,,
apct-tests/perftests/core/src/android/widget/EditTextCursorMovementPerfTest.java,21,21,,,,
apct-tests/perftests/core/src/android/widget/EditTextLongTextPerfTest.java,30,30,,,,
apct-tests/perftests/core/src/android/widget/LayoutPerfTest.java,18,18,,,,
apct-tests/perftests/core/src/android/widget/TextViewAutoSizeLayoutPerfTest.java,12,12,,,,
apct-tests/perftests/core/src/android/widget/TextViewFontFamilyLayoutPerfTest.java,11,11,,,,
apct-tests/perftests/core/src/android/widget/TextViewOnMeasurePerfTest.java,27,27,,,,
apct-tests/perftests/core/src/android/widget/TextViewPrecomputedTextPerfTest.java,124,124,,,,
apct-tests/perftests/core/src/android/widget/TextViewSetTextLocalePerfTest.java,14,14,,,,
apct-tests/perftests/multiuser/src/android/multiuser/BenchmarkResults.java,22,22,,,,
apct-tests/perftests/multiuser/src/android/multiuser/BenchmarkResultsReporter.java,25,25,,,,
apct-tests/perftests/multiuser/src/android/multiuser/BenchmarkRunner.java,22,22,,,,
apct-tests/perftests/multiuser/src/android/multiuser/UserLifecycleTests.java,78,78,,,,
apct-tests/perftests/utils/src/android/perftests/utils/BenchmarkState.java,48,48,,,,
apct-tests/perftests/utils/src/android/perftests/utils/BitmapUtils.java,14,14,,,,
apct-tests/perftests/utils/src/android/perftests/utils/LayoutUtils.java,14,14,,,,
apct-tests/perftests/utils/src/android/perftests/utils/ManualBenchmarkState.java,30,30,,,,
apct-tests/perftests/utils/src/android/perftests/utils/PerfManualStatusReporter.java,9,9,,,,
apct-tests/perftests/utils/src/android/perftests/utils/PerfStatusReporter.java,12,12,,,,
apct-tests/perftests/utils/src/android/perftests/utils/Stats.java,26,26,,,,
apct-tests/perftests/utils/src/android/perftests/utils/StubActivity.java,4,4,,,,
cmds/am/src/com/android/commands/am/Am.java,36,36,,,,
cmds/am/src/com/android/commands/am/Instrument.java,131,131,,,,
cmds/appwidget/src/com/android/commands/appwidget/AppWidget.java,46,46,,,,
cmds/bmgr/src/com/android/commands/bmgr/Bmgr.java,171,171,,,,
cmds/bu/src/com/android/commands/bu/Backup.java,34,34,,,,
cmds/content/src/com/android/commands/content/Content.java,194,194,,,,
cmds/dpm/src/com/android/commands/dpm/Dpm.java,38,38,,,,
cmds/hid/src/com/android/commands/hid/Device.java,52,52,,,,
cmds/hid/src/com/android/commands/hid/Event.java,65,65,,,,
cmds/hid/src/com/android/commands/hid/Hid.java,30,30,,,,
cmds/input/src/com/android/commands/input/Input.java,101,101,,,,
cmds/locksettings/src/com/android/commands/locksettings/LockSettingsCmd.java,9,9,,,,
cmds/media/src/com/android/commands/media/Media.java,72,72,,,,
cmds/media/src/com/android/commands/media/VolumeCtrl.java,30,30,,,,
cmds/requestsync/src/com/android/commands/requestsync/RequestSync.java,58,58,,,,
cmds/sm/src/com/android/commands/sm/Sm.java,70,70,,,,
cmds/statsd/tools/dogfood/src/com/android/statsd/dogfood/DisplayProtoUtils.java,36,36,,,,
cmds/statsd/tools/dogfood/src/com/android/statsd/dogfood/MainActivity.java,102,102,,,,
cmds/statsd/tools/loadtest/src/com/android/statsd/loadtest/BatteryDataRecorder.java,21,21,,,,
cmds/statsd/tools/loadtest/src/com/android/statsd/loadtest/BatteryStatsParser.java,17,17,,,,
cmds/statsd/tools/loadtest/src/com/android/statsd/loadtest/ConfigFactory.java,90,90,,,,
cmds/statsd/tools/loadtest/src/com/android/statsd/loadtest/DisplayProtoUtils.java,38,38,,,,
cmds/statsd/tools/loadtest/src/com/android/statsd/loadtest/LoadtestActivity.java,171,171,,,,
cmds/statsd/tools/loadtest/src/com/android/statsd/loadtest/MemInfoParser.java,15,15,,,,
cmds/statsd/tools/loadtest/src/com/android/statsd/loadtest/MemoryDataRecorder.java,22,22,,,,
cmds/statsd/tools/loadtest/src/com/android/statsd/loadtest/NumericalWatcher.java,29,29,,,,
cmds/statsd/tools/loadtest/src/com/android/statsd/loadtest/PerfData.java,34,34,,,,
cmds/statsd/tools/loadtest/src/com/android/statsd/loadtest/PerfDataRecorder.java,64,64,,,,
cmds/statsd/tools/loadtest/src/com/android/statsd/loadtest/PerfParser.java,3,3,,,,
cmds/statsd/tools/loadtest/src/com/android/statsd/loadtest/SequencePusher.java,18,18,,,,
cmds/statsd/tools/loadtest/src/com/android/statsd/loadtest/StatsdStatsRecorder.java,25,25,,,,
cmds/statsd/tools/loadtest/src/com/android/statsd/loadtest/ValidationRecorder.java,27,27,,,,
cmds/svc/src/com/android/commands/svc/BluetoothCommand.java,7,7,,,,
cmds/svc/src/com/android/commands/svc/DataCommand.java,10,10,,,,
cmds/svc/src/com/android/commands/svc/NfcCommand.java,8,8,,,,
cmds/svc/src/com/android/commands/svc/PowerCommand.java,15,15,,,,
cmds/svc/src/com/android/commands/svc/Svc.java,34,34,,,,
cmds/svc/src/com/android/commands/svc/UsbCommand.java,10,10,,,,
cmds/svc/src/com/android/commands/svc/WifiCommand.java,10,10,,,,
cmds/telecom/src/com/android/commands/telecom/Telecom.java,51,51,,,,
cmds/uiautomator/cmds/uiautomator/src/com/android/commands/uiautomator/DumpCommand.java,17,17,,,,
cmds/uiautomator/cmds/uiautomator/src/com/android/commands/uiautomator/EventsCommand.java,13,13,,,,
cmds/uiautomator/cmds/uiautomator/src/com/android/commands/uiautomator/Launcher.java,27,27,,,,
cmds/uiautomator/cmds/uiautomator/src/com/android/commands/uiautomator/RunTestCommand.java,57,57,,,,
cmds/uiautomator/instrumentation/testrunner-src/com/android/uiautomator/core/InstrumentationUiAutomatorBridge.java,11,11,,,,
cmds/uiautomator/instrumentation/testrunner-src/com/android/uiautomator/testrunner/IAutomationSupport.java,4,4,,,,
cmds/uiautomator/instrumentation/testrunner-src/com/android/uiautomator/testrunner/InstrumentationAutomationSupport.java,7,7,,,,
cmds/uiautomator/instrumentation/testrunner-src/com/android/uiautomator/testrunner/UiAutomatorInstrumentationTestRunner.java,18,18,,,,
cmds/uiautomator/instrumentation/testrunner-src/com/android/uiautomator/testrunner/UiAutomatorTestCase.java,13,13,,,,
cmds/uiautomator/library/core-src/com/android/uiautomator/core/AccessibilityNodeInfoDumper.java,49,49,,,,
cmds/uiautomator/library/core-src/com/android/uiautomator/core/AccessibilityNodeInfoHelper.java,7,7,,,,
cmds/uiautomator/library/core-src/com/android/uiautomator/core/Configurator.java,24,24,,,,
cmds/uiautomator/library/core-src/com/android/uiautomator/core/InteractionController.java,173,173,,,,
cmds/uiautomator/library/core-src/com/android/uiautomator/core/QueryController.java,72,72,,,,
cmds/uiautomator/library/core-src/com/android/uiautomator/core/Tracer.java,57,57,,,,
cmds/uiautomator/library/core-src/com/android/uiautomator/core/UiAutomatorBridge.java,43,43,,,,
cmds/uiautomator/library/core-src/com/android/uiautomator/core/UiCollection.java,26,26,,,,
cmds/uiautomator/library/core-src/com/android/uiautomator/core/UiDevice.java,122,122,,,,
cmds/uiautomator/library/core-src/com/android/uiautomator/core/UiObject.java,172,172,,,,
cmds/uiautomator/library/core-src/com/android/uiautomator/core/UiObjectNotFoundException.java,9,9,,,,
cmds/uiautomator/library/core-src/com/android/uiautomator/core/UiScrollable.java,94,94,,,,
cmds/uiautomator/library/core-src/com/android/uiautomator/core/UiSelector.java,150,150,,,,
cmds/uiautomator/library/core-src/com/android/uiautomator/core/UiWatcher.java,2,2,,,,
cmds/uiautomator/library/testrunner-src/com/android/uiautomator/core/ShellUiAutomatorBridge.java,23,23,,,,
cmds/uiautomator/library/testrunner-src/com/android/uiautomator/core/UiAutomationShellWrapper.java,37,37,,,,
cmds/uiautomator/library/testrunner-src/com/android/uiautomator/testrunner/IAutomationSupport.java,4,4,,,,
cmds/uiautomator/library/testrunner-src/com/android/uiautomator/testrunner/TestCaseCollector.java,38,38,,,,
cmds/uiautomator/library/testrunner-src/com/android/uiautomator/testrunner/UiAutomatorTestCase.java,26,26,,,,
cmds/uiautomator/library/testrunner-src/com/android/uiautomator/testrunner/UiAutomatorTestCaseFilter.java,5,5,,,,
cmds/uiautomator/library/testrunner-src/com/android/uiautomator/testrunner/UiAutomatorTestRunner.java,129,129,,,,
cmds/vr/src/com/android/commands/vr/Vr.java,28,28,,,,
core/java/android/accessibilityservice/AccessibilityButtonController.java,37,37,,,,
core/java/android/accessibilityservice/AccessibilityService.java,375,374,,1,,
core/java/android/accessibilityservice/AccessibilityServiceInfo.java,149,148,,1,,
core/java/android/accessibilityservice/FingerprintGestureController.java,37,37,,,,
core/java/android/accessibilityservice/GestureDescription.java,143,143,,,,
core/java/android/accounts/AbstractAccountAuthenticator.java,191,190,,1,,
core/java/android/accounts/Account.java,37,37,,,,
core/java/android/accounts/AccountAndUser.java,11,11,,,,
core/java/android/accounts/AccountAuthenticatorActivity.java,8,6,,2,,
core/java/android/accounts/AccountAuthenticatorResponse.java,26,26,,,,
core/java/android/accounts/AccountManager.java,611,611,,,,
core/java/android/accounts/AccountManagerCallback.java,3,3,,,,
core/java/android/accounts/AccountManagerFuture.java,9,9,,,,
core/java/android/accounts/AccountManagerInternal.java,20,20,,,,
core/java/android/accounts/AccountManagerResponse.java,23,23,,,,
core/java/android/accounts/AccountsException.java,9,9,,,,
core/java/android/accounts/AuthenticatorDescription.java,44,44,,,,
core/java/android/accounts/AuthenticatorException.java,9,9,,,,
core/java/android/accounts/CantAddAccountActivity.java,6,6,,,,
core/java/android/accounts/ChooseAccountActivity.java,61,61,,,,
core/java/android/accounts/ChooseAccountTypeActivity.java,55,55,,,,
core/java/android/accounts/ChooseTypeAndAccountActivity.java,135,135,,,,
core/java/android/accounts/GrantCredentialsPermissionActivity.java,51,51,,,,
core/java/android/accounts/NetworkErrorException.java,9,9,,,,
core/java/android/accounts/OnAccountsUpdateListener.java,3,3,,,,
core/java/android/accounts/OperationCanceledException.java,9,9,,,,
core/java/android/animation/AnimationHandler.java,77,77,,,,
core/java/android/animation/Animator.java,98,98,,,,
core/java/android/animation/AnimatorInflater.java,270,270,,,,
core/java/android/animation/AnimatorListenerAdapter.java,13,13,,,,
core/java/android/animation/AnimatorSet.java,366,366,,,,
core/java/android/animation/ArgbEvaluator.java,21,21,,,,
core/java/android/animation/BidirectionalTypeConverter.java,16,16,,,,
core/java/android/animation/FloatArrayEvaluator.java,13,13,,,,
core/java/android/animation/FloatEvaluator.java,6,6,,,,
core/java/android/animation/FloatKeyframeSet.java,37,37,,,,
core/java/android/animation/IntArrayEvaluator.java,13,13,,,,
core/java/android/animation/IntEvaluator.java,6,4,,2,,
core/java/android/animation/IntKeyframeSet.java,37,37,,,,
core/java/android/animation/Keyframe.java,72,68,,4,,
core/java/android/animation/Keyframes.java,14,14,,,,
core/java/android/animation/KeyframeSet.java,70,70,,,,
core/java/android/animation/LayoutTransition.java,271,271,,,,
core/java/android/animation/ObjectAnimator.java,206,206,,,,
core/java/android/animation/PathKeyframes.java,87,87,,,,
core/java/android/animation/PointFEvaluator.java,11,11,,,,
core/java/android/animation/PropertyValuesHolder.java,430,430,,,,
core/java/android/animation/RectEvaluator.java,13,13,,,,
core/java/android/animation/RevealAnimator.java,9,9,,,,
core/java/android/animation/StateListAnimator.java,65,65,,,,
core/java/android/animation/TimeAnimator.java,21,21,,,,
core/java/android/animation/TimeInterpolator.java,3,3,,,,
core/java/android/animation/TypeConverter.java,10,10,,,,
core/java/android/animation/TypeEvaluator.java,5,5,,,,
core/java/android/animation/ValueAnimator.java,223,223,,,,
core/java/android/annotation/Dimension.java,3,3,,,,
core/java/android/app/ActionBar.java,210,210,,,,
core/java/android/app/Activity.java,1176,1165,,9,2,
core/java/android/app/ActivityGroup.java,27,27,,,,
core/java/android/app/ActivityManager.java,859,859,,,,
core/java/android/app/ActivityManagerInternal.java,134,131,,1,2,
core/java/android/app/ActivityManagerNative.java,27,27,,,,
core/java/android/app/ActivityOptions.java,352,349,,3,,
core/java/android/app/ActivityThread.java,1671,1653,,8,10,
core/java/android/app/ActivityTransitionCoordinator.java,343,343,,,,
core/java/android/app/ActivityTransitionState.java,63,63,,,,
core/java/android/app/ActivityView.java,103,103,,,,
core/java/android/app/admin/ConnectEvent.java,24,24,,,,
core/java/android/app/admin/DeviceAdminInfo.java,101,101,,,,
core/java/android/app/admin/DeviceAdminReceiver.java,170,170,,,,
core/java/android/app/admin/DeviceAdminService.java,6,6,,,,
core/java/android/app/admin/DevicePolicyCache.java,10,10,,,,
core/java/android/app/admin/DevicePolicyManager.java,1327,1320,,3,4,
core/java/android/app/admin/DevicePolicyManagerInternal.java,27,27,,,,
core/java/android/app/admin/DnsEvent.java,29,29,,,,
core/java/android/app/admin/FreezePeriod.java,70,70,,,,
core/java/android/app/admin/NetworkEvent.java,27,27,,,,
core/java/android/app/admin/PasswordMetrics.java,72,72,,,,
core/java/android/app/admin/SecurityLog.java,92,92,,,,
core/java/android/app/admin/SystemUpdateInfo.java,46,46,,,,
core/java/android/app/admin/SystemUpdatePolicy.java,142,141,,1,,
core/java/android/app/AlarmManager.java,189,189,,,,
core/java/android/app/AlertDialog.java,206,204,,2,,
core/java/android/app/AliasActivity.java,18,18,,,,
core/java/android/app/AppComponentFactory.java,20,20,,,,
core/java/android/app/AppGlobals.java,8,8,,,,
core/java/android/app/Application.java,103,103,,,,
core/java/android/app/ApplicationErrorReport.java,139,139,,,,
core/java/android/app/ApplicationLoaders.java,37,37,,,,
core/java/android/app/ApplicationPackageManager.java,942,942,,,,
core/java/android/app/ApplicationThreadConstants.java,12,12,,,,
core/java/android/app/AppOpsManager.java,610,546,,20,44,
core/java/android/app/AppOpsManagerInternal.java,3,3,,,,
core/java/android/app/assist/AssistContent.java,42,42,,,,
core/java/android/app/assist/AssistStructure.java,570,565,,5,,
core/java/android/app/AuthenticationRequiredException.java,19,19,,,,
core/java/android/app/AutomaticZenRule.java,51,51,,,,
core/java/android/app/BackStackRecord.java,256,256,,,,
core/java/android/app/backup/AbsoluteFileBackupHelper.java,16,16,,,,
core/java/android/app/backup/BackupAgent.java,243,243,,,,
core/java/android/app/backup/BackupAgentHelper.java,15,15,,,,
core/java/android/app/backup/BackupDataInput.java,34,34,,,,
core/java/android/app/backup/BackupDataInputStream.java,17,17,,,,
core/java/android/app/backup/BackupDataOutput.java,41,41,,,,
core/java/android/app/backup/BackupHelper.java,9,9,,,,
core/java/android/app/backup/BackupHelperDispatcher.java,54,54,,,,
core/java/android/app/backup/BackupManager.java,139,139,,,,
core/java/android/app/backup/BackupManagerMonitor.java,63,63,,,,
core/java/android/app/backup/BackupObserver.java,9,9,,,,
core/java/android/app/backup/BackupProgress.java,18,18,,,,
core/java/android/app/backup/BackupTransport.java,111,111,,,,
core/java/android/app/backup/BlobBackupHelper.java,80,80,,,,
core/java/android/app/backup/FileBackupHelper.java,22,22,,,,
core/java/android/app/backup/FileBackupHelperBase.java,46,46,,,,
core/java/android/app/backup/FullBackup.java,146,146,,,,
core/java/android/app/backup/FullBackupAgent.java,9,9,,,,
core/java/android/app/backup/FullBackupDataOutput.java,25,25,,,,
core/java/android/app/backup/RestoreDescription.java,26,26,,,,
core/java/android/app/backup/RestoreObserver.java,10,10,,,,
core/java/android/app/backup/RestoreSession.java,79,79,,,,
core/java/android/app/backup/RestoreSet.java,21,21,,,,
core/java/android/app/backup/SelectBackupTransportCallback.java,5,5,,,,
core/java/android/app/backup/SharedPreferencesBackupHelper.java,22,22,,,,
core/java/android/app/backup/WallpaperBackupHelper.java,21,21,,,,
core/java/android/app/BroadcastOptions.java,28,28,,,,
core/java/android/app/ClientTransactionHandler.java,94,94,,,,
core/java/android/app/ContentProviderHolder.java,19,19,,,,
core/java/android/app/ContextImpl.java,832,832,,,,
core/java/android/app/DatePickerDialog.java,72,69,,3,,
core/java/android/app/DexLoadReporter.java,37,37,,,,
core/java/android/app/Dialog.java,252,252,,,,
core/java/android/app/DialogFragment.java,77,77,,,,
core/java/android/app/DownloadManager.java,322,309,,6,7,
core/java/android/app/EnterTransitionCoordinator.java,167,167,,,,
core/java/android/app/ExitTransitionCoordinator.java,116,116,,,,
core/java/android/app/ExpandableListActivity.java,35,35,,,,
core/java/android/app/Fragment.java,442,437,,5,,
core/java/android/app/FragmentBreadCrumbs.java,97,97,,,,
core/java/android/app/FragmentContainer.java,8,8,,,,
core/java/android/app/FragmentController.java,75,75,,,,
core/java/android/app/FragmentHostCallback.java,110,109,,1,,
core/java/android/app/FragmentManager.java,789,789,,,,
core/java/android/app/FragmentManagerNonConfig.java,8,8,,,,
core/java/android/app/FragmentState.java,33,33,,,,
core/java/android/app/FragmentTransaction.java,73,73,,,,
core/java/android/app/FragmentTransition.java,352,352,,,,
core/java/android/app/GrantedUriPermission.java,19,19,,,,
core/java/android/app/InstantAppResolverService.java,72,72,,,,
core/java/android/app/Instrumentation.java,461,459,,2,,
core/java/android/app/IntentService.java,29,29,,,,
core/java/android/app/job/JobInfo.java,232,232,,,,
core/java/android/app/job/JobParameters.java,63,63,,,,
core/java/android/app/job/JobScheduler.java,19,19,,,,
core/java/android/app/job/JobService.java,18,18,,,,
core/java/android/app/job/JobServiceEngine.java,55,55,,,,
core/java/android/app/job/JobWorkItem.java,42,42,,,,
core/java/android/app/JobSchedulerImpl.java,27,27,,,,
core/java/android/app/KeyguardManager.java,88,86,,2,,
core/java/android/app/LauncherActivity.java,129,129,,,,
core/java/android/app/ListActivity.java,34,34,,,,
core/java/android/app/ListFragment.java,56,56,,,,
core/java/android/app/LoadedApk.java,437,433,,4,,
core/java/android/app/LoaderManager.java,164,164,,,,
core/java/android/app/LocalActivityManager.java,103,103,,,,
core/java/android/app/MediaRouteActionProvider.java,37,37,,,,
core/java/android/app/MediaRouteButton.java,111,111,,,,
core/java/android/app/NativeActivity.java,133,133,,,,
core/java/android/app/Notification.java,1691,1681,,10,,
core/java/android/app/NotificationChannel.java,205,205,,,,
core/java/android/app/NotificationChannelGroup.java,66,66,,,,
core/java/android/app/NotificationGroup.java,55,,,,55,
core/java/android/app/NotificationManager.java,350,350,,,,
core/java/android/app/OnActivityPausedListener.java,3,3,,,,
core/java/android/app/PackageDeleteObserver.java,16,16,,,,
core/java/android/app/PackageInstallObserver.java,18,18,,,,
core/java/android/app/PendingIntent.java,261,261,,,,
core/java/android/app/Person.java,52,52,,,,
core/java/android/app/PictureInPictureArgs.java,62,62,,,,
core/java/android/app/PictureInPictureParams.java,44,44,,,,
core/java/android/app/Presentation.java,50,50,,,,
core/java/android/app/ProcessMemoryState.java,30,30,,,,
core/java/android/app/ProfilerInfo.java,45,45,,,,
core/java/android/app/ProgressDialog.java,95,95,,,,
core/java/android/app/QueuedWork.java,41,41,,,,
core/java/android/app/RecoverableSecurityException.java,49,49,,,,
core/java/android/app/RemoteAction.java,40,40,,,,
core/java/android/app/RemoteInput.java,110,108,,2,,
core/java/android/app/ResourcesManager.java,251,245,,5,1,
core/java/android/app/ResultInfo.java,29,29,,,,
core/java/android/app/SearchableInfo.java,148,148,,,,
core/java/android/app/SearchDialog.java,146,146,,,,
core/java/android/app/SearchManager.java,146,144,,2,,
core/java/android/app/servertransaction/ActivityConfigurationChangeItem.java,27,27,,,,
core/java/android/app/servertransaction/ActivityLifecycleItem.java,12,12,,,,
core/java/android/app/servertransaction/ActivityRelaunchItem.java,45,45,,,,
core/java/android/app/servertransaction/ActivityResultItem.java,27,27,,,,
core/java/android/app/servertransaction/BaseClientRequest.java,12,12,,,,
core/java/android/app/servertransaction/ClientTransaction.java,47,47,,,,
core/java/android/app/servertransaction/ClientTransactionItem.java,3,3,,,,
core/java/android/app/servertransaction/ConfigurationChangeItem.java,30,30,,,,
core/java/android/app/servertransaction/DestroyActivityItem.java,31,31,,,,
core/java/android/app/servertransaction/LaunchActivityItem.java,86,86,,,,
core/java/android/app/servertransaction/MoveToDisplayItem.java,30,30,,,,
core/java/android/app/servertransaction/MultiWindowModeChangeItem.java,30,30,,,,
core/java/android/app/servertransaction/NewIntentItem.java,30,30,,,,
core/java/android/app/servertransaction/ObjectPool.java,12,12,,,,
core/java/android/app/servertransaction/ObjectPoolItem.java,2,2,,,,
core/java/android/app/servertransaction/PauseActivityItem.java,43,43,,,,
core/java/android/app/servertransaction/PendingTransactionActions.java,41,41,,,,
core/java/android/app/servertransaction/PipModeChangeItem.java,30,30,,,,
core/java/android/app/servertransaction/ResumeActivityItem.java,44,44,,,,
core/java/android/app/servertransaction/StopActivityItem.java,36,36,,,,
core/java/android/app/servertransaction/TransactionExecutor.java,47,47,,,,
core/java/android/app/servertransaction/TransactionExecutorHelper.java,40,40,,,,
core/java/android/app/servertransaction/WindowVisibilityItem.java,27,27,,,,
core/java/android/app/Service.java,73,72,,1,,
core/java/android/app/ServiceStartArgs.java,23,23,,,,
core/java/android/app/SharedElementCallback.java,52,52,,,,
core/java/android/app/SharedPreferencesImpl.java,182,182,,,,
core/java/android/app/slice/Slice.java,126,116,,10,,
core/java/android/app/slice/SliceItem.java,75,75,,,,
core/java/android/app/slice/SliceManager.java,105,105,,,,
core/java/android/app/slice/SliceMetrics.java,12,12,,,,
core/java/android/app/slice/SliceProvider.java,141,139,,2,,
core/java/android/app/slice/SliceQuery.java,66,66,,,,
core/java/android/app/slice/SliceSpec.java,26,26,,,,
core/java/android/app/StatsManager.java,80,80,,,,
core/java/android/app/StatusBarManager.java,75,73,,1,1,
core/java/android/app/SynchronousUserSwitchObserver.java,6,6,,,,
core/java/android/app/SystemServiceRegistry.java,401,401,,,,
core/java/android/app/TabActivity.java,25,25,,,,
core/java/android/app/TaskStackBuilder.java,52,52,,,,
core/java/android/app/TaskStackListener.java,39,39,,,,
core/java/android/app/TimePickerDialog.java,55,55,,,,
core/java/android/app/timezone/Callback.java,9,9,,,,
core/java/android/app/timezone/DistroFormatVersion.java,28,28,,,,
core/java/android/app/timezone/DistroRulesVersion.java,30,30,,,,
core/java/android/app/timezone/RulesManager.java,40,40,,,,
core/java/android/app/timezone/RulesState.java,64,64,,,,
core/java/android/app/timezone/RulesUpdaterContract.java,13,13,,,,
core/java/android/app/timezone/Utils.java,18,18,,,,
core/java/android/app/trust/TrustManager.java,72,72,,,,
core/java/android/app/UiAutomation.java,199,199,,,,
core/java/android/app/UiAutomationConnection.java,101,101,,,,
core/java/android/app/UiModeManager.java,31,29,,2,,
core/java/android/app/usage/AppStandbyInfo.java,18,18,,,,
core/java/android/app/usage/CacheQuotaHint.java,44,44,,,,
core/java/android/app/usage/CacheQuotaService.java,28,28,,,,
core/java/android/app/usage/ConfigurationStats.java,27,27,,,,
core/java/android/app/usage/EventList.java,19,19,,,,
core/java/android/app/usage/EventStats.java,29,29,,,,
core/java/android/app/usage/ExternalStorageStats.java,26,26,,,,
core/java/android/app/usage/NetworkStats.java,116,116,,,,
core/java/android/app/usage/NetworkStatsManager.java,133,133,,,,
core/java/android/app/usage/StorageStats.java,21,21,,,,
core/java/android/app/usage/StorageStatsManager.java,70,70,,,,
core/java/android/app/usage/TimeSparseArray.java,17,17,,,,
core/java/android/app/usage/UsageEvents.java,99,99,,,,
core/java/android/app/usage/UsageStats.java,57,57,,,,
core/java/android/app/usage/UsageStatsManager.java,137,137,,,,
core/java/android/app/usage/UsageStatsManagerInternal.java,90,90,,,,
core/java/android/app/UserSwitchObserver.java,10,10,,,,
core/java/android/app/VoiceInteractor.java,298,298,,,,
core/java/android/app/Vr2dDisplayProperties.java,64,64,,,,
core/java/android/app/VrManager.java,49,49,,,,
core/java/android/app/VrStateCallback.java,5,5,,,,
core/java/android/app/WaitResult.java,22,17,,4,1,
core/java/android/app/WallpaperColors.java,99,99,,,,
core/java/android/app/WallpaperInfo.java,69,69,,,,
core/java/android/app/WallpaperManager.java,389,384,,3,2,
core/java/android/app/WindowConfiguration.java,99,99,,,,
core/java/android/appwidget/AppWidgetHost.java,110,110,,,,
core/java/android/appwidget/AppWidgetHostView.java,158,158,,,,
core/java/android/appwidget/AppWidgetManager.java,159,159,,,,
core/java/android/appwidget/AppWidgetManagerInternal.java,5,2,,1,2,
core/java/android/appwidget/AppWidgetProvider.java,36,36,,,,
core/java/android/appwidget/AppWidgetProviderInfo.java,62,62,,,,
core/java/android/appwidget/PendingHostUpdate.java,40,40,,,,
core/java/android/bluetooth/BluetoothA2dp.java,118,116,,2,,
core/java/android/bluetooth/BluetoothA2dpSink.java,83,83,,,,
core/java/android/bluetooth/BluetoothActivityEnergyInfo.java,42,42,,,,
core/java/android/bluetooth/BluetoothAdapter.java,342,339,,3,,
core/java/android/bluetooth/BluetoothAssignedNumbers.java,229,229,,,,
core/java/android/bluetooth/BluetoothAudioConfig.java,29,29,,,,
core/java/android/bluetooth/BluetoothAvrcp.java,61,61,,,,
core/java/android/bluetooth/BluetoothAvrcpController.java,68,68,,,,
core/java/android/bluetooth/BluetoothAvrcpPlayerSettings.java,38,38,,,,
core/java/android/bluetooth/BluetoothClass.java,115,115,,,,
core/java/android/bluetooth/BluetoothCodecConfig.java,91,89,,1,1,
core/java/android/bluetooth/BluetoothCodecStatus.java,33,33,,,,
core/java/android/bluetooth/BluetoothDevice.java,283,278,,5,,
core/java/android/bluetooth/BluetoothDevicePicker.java,12,12,,,,
core/java/android/bluetooth/BluetoothGatt.java,291,289,,2,,
core/java/android/bluetooth/BluetoothGattCallback.java,54,54,,,,
core/java/android/bluetooth/BluetoothGattCharacteristic.java,152,152,,,,
core/java/android/bluetooth/BluetoothGattDescriptor.java,57,57,,,,
core/java/android/bluetooth/BluetoothGattIncludedService.java,23,23,,,,
core/java/android/bluetooth/BluetoothGattServer.java,189,186,,3,,
core/java/android/bluetooth/BluetoothGattServerCallback.java,60,60,,,,
core/java/android/bluetooth/BluetoothGattService.java,70,70,,,,
core/java/android/bluetooth/BluetoothHeadset.java,177,177,,,,
core/java/android/bluetooth/BluetoothHeadsetClient.java,234,234,,,,
core/java/android/bluetooth/BluetoothHeadsetClientCall.java,64,64,,,,
core/java/android/bluetooth/BluetoothHealth.java,130,130,,,,
core/java/android/bluetooth/BluetoothHealthAppConfiguration.java,37,37,,,,
core/java/android/bluetooth/BluetoothHealthCallback.java,12,12,,,,
core/java/android/bluetooth/BluetoothHearingAid.java,95,95,,,,
core/java/android/bluetooth/BluetoothHidDevice.java,172,172,,,,
core/java/android/bluetooth/BluetoothHidDeviceAppQosSettings.java,34,34,,,,
core/java/android/bluetooth/BluetoothHidDeviceAppSdpSettings.java,28,28,,,,
core/java/android/bluetooth/BluetoothHidHost.java,133,133,,,,
core/java/android/bluetooth/BluetoothInputStream.java,13,13,,,,
core/java/android/bluetooth/BluetoothManager.java,38,38,,,,
core/java/android/bluetooth/BluetoothMap.java,83,83,,,,
core/java/android/bluetooth/BluetoothMapClient.java,93,93,,,,
core/java/android/bluetooth/BluetoothMasInstance.java,35,35,,,,
core/java/android/bluetooth/BluetoothOutputStream.java,13,13,,,,
core/java/android/bluetooth/BluetoothPan.java,77,77,,,,
core/java/android/bluetooth/BluetoothPbap.java,60,60,,,,
core/java/android/bluetooth/BluetoothPbapClient.java,73,73,,,,
core/java/android/bluetooth/BluetoothProfile.java,44,44,,,,
core/java/android/bluetooth/BluetoothSap.java,80,80,,,,
core/java/android/bluetooth/BluetoothServerSocket.java,39,37,,2,,
core/java/android/bluetooth/BluetoothSocket.java,150,150,,,,
core/java/android/bluetooth/BluetoothUuid.java,101,101,,,,
core/java/android/bluetooth/le/AdvertiseCallback.java,11,11,,,,
core/java/android/bluetooth/le/AdvertiseData.java,64,64,,,,
core/java/android/bluetooth/le/AdvertiseSettings.java,49,49,,,,
core/java/android/bluetooth/le/AdvertisingSet.java,36,36,,,,
core/java/android/bluetooth/le/AdvertisingSetCallback.java,41,39,,2,,
core/java/android/bluetooth/le/AdvertisingSetParameters.java,83,83,,,,
core/java/android/bluetooth/le/BluetoothLeAdvertiser.java,192,192,,,,
core/java/android/bluetooth/le/BluetoothLeScanner.java,124,122,,2,,
core/java/android/bluetooth/le/BluetoothLeUtils.java,22,22,,,,
core/java/android/bluetooth/le/PeriodicAdvertisingCallback.java,15,15,,,,
core/java/android/bluetooth/le/PeriodicAdvertisingManager.java,54,54,,,,
core/java/android/bluetooth/le/PeriodicAdvertisingParameters.java,30,30,,,,
core/java/android/bluetooth/le/PeriodicAdvertisingReport.java,40,40,,,,
core/java/android/bluetooth/le/ResultStorageDescriptor.java,25,25,,,,
core/java/android/bluetooth/le/ScanCallback.java,15,15,,,,
core/java/android/bluetooth/le/ScanFilter.java,117,117,,,,
core/java/android/bluetooth/le/ScanRecord.java,74,74,,,,
core/java/android/bluetooth/le/ScanResult.java,66,66,,,,
core/java/android/bluetooth/le/ScanSettings.java,81,81,,,,
core/java/android/bluetooth/le/TruncatedFilter.java,8,8,,,,
core/java/android/bluetooth/OobData.java,30,30,,,,
core/java/android/bluetooth/SdpMasRecord.java,44,44,,,,
core/java/android/bluetooth/SdpMnsRecord.java,31,31,,,,
core/java/android/bluetooth/SdpOppOpsRecord.java,33,33,,,,
core/java/android/bluetooth/SdpPseRecord.java,34,34,,,,
core/java/android/bluetooth/SdpRecord.java,21,21,,,,
core/java/android/bluetooth/SdpSapsRecord.java,25,25,,,,
core/java/android/bluetooth/UidTraffic.java,35,35,,,,
core/java/android/companion/AssociationRequest.java,34,34,,,,
core/java/android/companion/BluetoothDeviceFilter.java,50,50,,,,
core/java/android/companion/BluetoothDeviceFilterUtils.java,52,52,,,,
core/java/android/companion/BluetoothLeDeviceFilter.java,114,114,,,,
core/java/android/companion/CompanionDeviceManager.java,71,71,,,,
core/java/android/companion/DeviceFilter.java,12,12,,,,
core/java/android/companion/WifiDeviceFilter.java,31,31,,,,
core/java/android/content/AbstractThreadedSyncAdapter.java,79,78,,1,,
core/java/android/content/ActivityNotFoundException.java,4,4,,,,
core/java/android/content/AsyncQueryHandler.java,94,94,,,,
core/java/android/content/AsyncTaskLoader.java,54,54,,,,
core/java/android/content/BroadcastReceiver.java,102,102,,,,
core/java/android/content/ClipboardManager.java,40,40,,,,
core/java/android/content/ClipData.java,222,218,,4,,
core/java/android/content/ClipDescription.java,76,76,,,,
core/java/android/content/ComponentCallbacks.java,4,4,,,,
core/java/android/content/ComponentCallbacks2.java,10,10,,,,
core/java/android/content/ComponentName.java,92,92,,,,
core/java/android/content/ContentInsertHandler.java,7,7,,,,
core/java/android/content/ContentProvider.java,377,375,,2,,
core/java/android/content/ContentProviderClient.java,132,132,,,,
core/java/android/content/ContentProviderNative.java,216,216,,,,
core/java/android/content/ContentProviderOperation.java,122,119,,3,,
core/java/android/content/ContentProviderResult.java,24,24,,,,
core/java/android/content/ContentQueryMap.java,31,31,,,,
core/java/android/content/ContentResolver.java,560,557,,3,,
core/java/android/content/ContentUris.java,10,10,,,,
core/java/android/content/ContentValues.java,115,115,,,,
core/java/android/content/Context.java,617,614,,2,1,
core/java/android/content/ContextWrapper.java,449,449,,,,
core/java/android/content/CursorEntityIterator.java,13,13,,,,
core/java/android/content/CursorLoader.java,50,49,,1,,
core/java/android/content/DefaultDataHandler.java,64,64,,,,
core/java/android/content/DialogInterface.java,32,32,,,,
core/java/android/content/Entity.java,19,19,,,,
core/java/android/content/EntityIterator.java,3,3,,,,
core/java/android/content/IContentProvider.java,85,85,,,,
core/java/android/content/Intent.java,1111,1110,,1,,
core/java/android/content/IntentFilter.java,363,361,,2,,
core/java/android/content/IntentSender.java,93,93,,,,
core/java/android/content/Loader.java,68,68,,,,
core/java/android/content/MutableContextWrapper.java,5,5,,,,
core/java/android/content/om/OverlayInfo.java,53,53,,,,
core/java/android/content/OperationApplicationException.java,16,16,,,,
core/java/android/content/PeriodicSync.java,39,39,,,,
core/java/android/content/PermissionChecker.java,25,25,,,,
core/java/android/content/pm/ActivityInfo.java,188,188,,,,
core/java/android/content/pm/AndroidTestBaseUpdater.java,3,3,,,,
core/java/android/content/pm/ApplicationInfo.java,240,235,,4,1,
core/java/android/content/pm/AppsQueryHelper.java,57,57,,,,
core/java/android/content/pm/AuxiliaryResolveInfo.java,40,40,,,,
core/java/android/content/pm/BaseParceledListSlice.java,59,59,,,,
core/java/android/content/pm/ChangedPackages.java,20,20,,,,
core/java/android/content/pm/ComponentInfo.java,44,44,,,,
core/java/android/content/pm/ConfigurationInfo.java,28,28,,,,
core/java/android/content/pm/CrossProfileApps.java,22,22,,,,
core/java/android/content/pm/dex/ArtManager.java,49,49,,,,
core/java/android/content/pm/dex/ArtManagerInternal.java,4,4,,,,
core/java/android/content/pm/dex/DexMetadataHelper.java,48,48,,,,
core/java/android/content/pm/dex/PackageOptimizationInfo.java,9,9,,,,
core/java/android/content/pm/FallbackCategoryProvider.java,12,12,,,,
core/java/android/content/pm/FeatureGroupInfo.java,16,16,,,,
core/java/android/content/pm/FeatureInfo.java,30,30,,,,
core/java/android/content/pm/InstantAppInfo.java,35,35,,,,
core/java/android/content/pm/InstantAppIntentFilter.java,20,20,,,,
core/java/android/content/pm/InstantAppRequest.java,17,17,,,,
core/java/android/content/pm/InstantAppResolveInfo.java,102,102,,,,
core/java/android/content/pm/InstrumentationInfo.java,36,36,,,,
core/java/android/content/pm/IntentFilterVerificationInfo.java,66,66,,,,
core/java/android/content/pm/KeySet.java,22,22,,,,
core/java/android/content/pm/LabeledIntent.java,46,46,,,,
core/java/android/content/pm/LauncherActivityInfo.java,29,29,,,,
core/java/android/content/pm/LauncherApps.java,368,368,,,,
core/java/android/content/pm/LimitedLengthInputStream.java,16,16,,,,
core/java/android/content/pm/MacAuthenticatedInputStream.java,17,17,,,,
core/java/android/content/pm/OrgApacheHttpLegacyUpdater.java,3,3,,,,
core/java/android/content/pm/PackageBackwardCompatibility.java,40,40,,,,
core/java/android/content/pm/PackageCleanItem.java,26,26,,,,
core/java/android/content/pm/PackageInfo.java,73,72,,1,,
core/java/android/content/pm/PackageInfoLite.java,27,27,,,,
core/java/android/content/pm/PackageInstaller.java,331,331,,,,
core/java/android/content/pm/PackageItemInfo.java,131,131,,,,
core/java/android/content/pm/PackageList.java,12,12,,,,
core/java/android/content/pm/PackageManager.java,911,908,,2,1,
core/java/android/content/pm/PackageManagerInternal.java,243,243,,,,
core/java/android/content/pm/PackageParser.java,1657,1655,,2,,
core/java/android/content/pm/PackageParserCacheHelper.java,29,29,,,,
core/java/android/content/pm/PackageSharedLibraryUpdater.java,28,28,,,,
core/java/android/content/pm/PackageStats.java,36,36,,,,
core/java/android/content/pm/PackageUserState.java,45,45,,,,
core/java/android/content/pm/ParceledListSlice.java,30,30,,,,
core/java/android/content/pm/PathPermission.java,21,21,,,,
core/java/android/content/pm/permission/RuntimePermissionPresentationInfo.java,25,25,,,,
core/java/android/content/pm/permission/RuntimePermissionPresenter.java,68,68,,,,
core/java/android/content/pm/PermissionGroupInfo.java,26,26,,,,
core/java/android/content/pm/PermissionInfo.java,59,59,,,,
core/java/android/content/pm/ProviderInfo.java,36,36,,,,
core/java/android/content/pm/RegisteredServicesCache.java,226,219,,6,1,
core/java/android/content/pm/RegisteredServicesCacheListener.java,5,5,,,,
core/java/android/content/pm/ResolveInfo.java,77,77,,,,
core/java/android/content/pm/SELinuxUtil.java,5,5,,,,
core/java/android/content/pm/ServiceInfo.java,31,31,,,,
core/java/android/content/pm/SharedLibraryInfo.java,40,40,,,,
core/java/android/content/pm/SharedLibraryNames.java,5,5,,,,
core/java/android/content/pm/ShortcutInfo.java,368,368,,,,
core/java/android/content/pm/ShortcutManager.java,76,70,,6,,
core/java/android/content/pm/ShortcutServiceInternal.java,71,71,,,,
core/java/android/content/pm/Signature.java,84,84,,,,
core/java/android/content/pm/SigningInfo.java,23,23,,,,
core/java/android/content/pm/split/DefaultSplitAssetLoader.java,20,20,,,,
core/java/android/content/pm/split/SplitAssetDependencyLoader.java,29,29,,,,
core/java/android/content/pm/split/SplitAssetLoader.java,4,4,,,,
core/java/android/content/pm/split/SplitDependencyLoader.java,45,45,,,,
core/java/android/content/pm/StringParceledListSlice.java,27,27,,,,
core/java/android/content/pm/UserInfo.java,69,69,,,,
core/java/android/content/pm/VerificationParams.java,39,39,,,,
core/java/android/content/pm/VerifierDeviceIdentity.java,51,51,,,,
core/java/android/content/pm/VerifierInfo.java,18,18,,,,
core/java/android/content/pm/VersionedPackage.java,25,25,,,,
core/java/android/content/pm/XmlSerializerAndParser.java,6,6,,,,
core/java/android/content/QuickViewConstants.java,8,8,,,,
core/java/android/content/ReceiverCallNotAllowedException.java,3,3,,,,
core/java/android/content/res/ApkAssets.java,62,62,,,,
core/java/android/content/res/AssetFileDescriptor.java,73,73,,,,
core/java/android/content/res/AssetManager.java,455,452,,2,1,
core/java/android/content/res/ColorStateList.java,146,146,,,,
core/java/android/content/res/CompatibilityInfo.java,118,118,,,,
core/java/android/content/res/CompatResources.java,17,17,,,,
core/java/android/content/res/ComplexColor.java,11,11,,,,
core/java/android/content/res/Configuration.java,282,282,,,,
core/java/android/content/res/ConfigurationBoundResourceCache.java,9,9,,,,
core/java/android/content/res/ConstantState.java,8,8,,,,
core/java/android/content/res/DrawableCache.java,9,9,,,,
core/java/android/content/res/FontResourcesParser.java,83,83,,,,
core/java/android/content/res/GradientColor.java,107,107,,,,
core/java/android/content/res/ObbInfo.java,22,22,,,,
core/java/android/content/res/ObbScanner.java,10,10,,,,
core/java/android/content/res/ResourceId.java,4,4,,,,
core/java/android/content/res/Resources.java,351,351,,,,
core/java/android/content/res/ResourcesImpl.java,338,338,,,,
core/java/android/content/res/ResourcesKey.java,31,31,,,,
core/java/android/content/res/StringBlock.java,120,120,,,,
core/java/android/content/res/ThemedResourceCache.java,45,45,,,,
core/java/android/content/res/TypedArray.java,208,208,,,,
core/java/android/content/res/XmlBlock.java,231,231,,,,
core/java/android/content/res/XmlResourceParser.java,4,4,,,,
core/java/android/content/RestrictionEntry.java,103,103,,,,
core/java/android/content/RestrictionsManager.java,101,101,,,,
core/java/android/content/SearchRecentSuggestionsProvider.java,76,76,,,,
core/java/android/content/ServiceConnection.java,10,10,,,,
core/java/android/content/SharedPreferences.java,55,55,,,,
core/java/android/content/SyncActivityTooManyDeletes.java,24,24,,,,
core/java/android/content/SyncAdaptersCache.java,42,42,,,,
core/java/android/content/SyncAdapterType.java,54,54,,,,
core/java/android/content/SyncContext.java,15,15,,,,
core/java/android/content/SyncInfo.java,29,29,,,,
core/java/android/content/SyncRequest.java,81,81,,,,
core/java/android/content/SyncResult.java,35,35,,,,
core/java/android/content/SyncStats.java,26,26,,,,
core/java/android/content/SyncStatusInfo.java,104,104,,,,
core/java/android/content/SyncStatusObserver.java,3,3,,,,
core/java/android/content/UndoManager.java,209,209,,,,
core/java/android/content/UndoOperation.java,17,17,,,,
core/java/android/content/UndoOwner.java,13,13,,,,
core/java/android/content/UriMatcher.java,40,40,,,,
core/java/android/content/UriPermission.java,26,26,,,,
core/java/android/database/AbstractCursor.java,123,123,,,,
core/java/android/database/AbstractWindowedCursor.java,40,40,,,,
core/java/android/database/BulkCursorDescriptor.java,19,19,,,,
core/java/android/database/BulkCursorNative.java,55,55,,,,
core/java/android/database/BulkCursorToCursorAdaptor.java,28,28,,,,
core/java/android/database/CharArrayBuffer.java,7,7,,,,
core/java/android/database/ContentObservable.java,12,12,,,,
core/java/android/database/ContentObserver.java,47,47,,,,
core/java/android/database/CrossProcessCursor.java,8,8,,,,
core/java/android/database/CrossProcessCursorWrapper.java,13,13,,,,
core/java/android/database/Cursor.java,71,71,,,,
core/java/android/database/CursorIndexOutOfBoundsException.java,6,6,,,,
core/java/android/database/CursorJoiner.java,35,35,,,,
core/java/android/database/CursorToBulkCursorAdaptor.java,47,47,,,,
core/java/android/database/CursorWindow.java,199,199,,,,
core/java/android/database/CursorWindowAllocationException.java,3,3,,,,
core/java/android/database/CursorWrapper.java,70,70,,,,
core/java/android/database/DatabaseErrorHandler.java,3,3,,,,
core/java/android/database/DatabaseUtils.java,334,334,,,,
core/java/android/database/DataSetObservable.java,5,5,,,,
core/java/android/database/DataSetObserver.java,3,3,,,,
core/java/android/database/DefaultDatabaseErrorHandler.java,11,11,,,,
core/java/android/database/IBulkCursor.java,20,20,,,,
core/java/android/database/MatrixCursor.java,74,74,,,,
core/java/android/database/MergeCursor.java,65,65,,,,
core/java/android/database/Observable.java,8,8,,,,
core/java/android/database/SQLException.java,7,7,,,,
core/java/android/database/sqlite/DatabaseObjectNotClosedException.java,3,3,,,,
core/java/android/database/sqlite/SQLiteAbortException.java,4,4,,,,
core/java/android/database/sqlite/SQLiteAccessPermException.java,4,4,,,,
core/java/android/database/sqlite/SQLiteBindOrColumnIndexOutOfRangeException.java,4,4,,,,
core/java/android/database/sqlite/SQLiteBlobTooBigException.java,4,4,,,,
core/java/android/database/sqlite/SQLiteCantOpenDatabaseException.java,4,4,,,,
core/java/android/database/sqlite/SQLiteClosable.java,10,10,,,,
core/java/android/database/sqlite/SQLiteCompatibilityWalFlags.java,21,17,,2,2,
core/java/android/database/sqlite/SQLiteConnection.java,420,413,,2,5,
core/java/android/database/sqlite/SQLiteConnectionPool.java,212,212,,,,
core/java/android/database/sqlite/SQLiteConstraintException.java,4,4,,,,
core/java/android/database/sqlite/SQLiteCursor.java,53,53,,,,
core/java/android/database/sqlite/SQLiteCursorDriver.java,10,10,,,,
core/java/android/database/sqlite/SQLiteCustomFunction.java,10,10,,,,
core/java/android/database/sqlite/SQLiteDatabase.java,430,428,,2,,
core/java/android/database/sqlite/SQLiteDatabaseConfiguration.java,27,27,,,,
core/java/android/database/sqlite/SQLiteDatabaseCorruptException.java,4,4,,,,
core/java/android/database/sqlite/SQLiteDatabaseLockedException.java,4,4,,,,
core/java/android/database/sqlite/SQLiteDatatypeMismatchException.java,4,4,,,,
core/java/android/database/sqlite/SQLiteDebug.java,37,37,,,,
core/java/android/database/sqlite/SQLiteDirectCursorDriver.java,24,24,,,,
core/java/android/database/sqlite/SQLiteDiskIOException.java,4,4,,,,
core/java/android/database/sqlite/SQLiteDoneException.java,4,4,,,,
core/java/android/database/sqlite/SQLiteException.java,7,7,,,,
core/java/android/database/sqlite/SQLiteFullException.java,4,4,,,,
core/java/android/database/sqlite/SQLiteGlobal.java,24,15,,3,6,
core/java/android/database/sqlite/SQLiteMisuseException.java,4,4,,,,
core/java/android/database/sqlite/SQLiteOpenHelper.java,80,80,,,,
core/java/android/database/sqlite/SQLiteOutOfMemoryException.java,4,4,,,,
core/java/android/database/sqlite/SQLiteProgram.java,46,46,,,,
core/java/android/database/sqlite/SQLiteQuery.java,16,16,,,,
core/java/android/database/sqlite/SQLiteQueryBuilder.java,222,222,,,,
core/java/android/database/sqlite/SQLiteReadOnlyDatabaseException.java,4,4,,,,
core/java/android/database/sqlite/SQLiteSession.java,119,119,,,,
core/java/android/database/sqlite/SQLiteStatement.java,18,16,,2,,
core/java/android/database/sqlite/SQLiteStatementInfo.java,4,4,,,,
core/java/android/database/sqlite/SQLiteTableLockedException.java,4,4,,,,
core/java/android/database/sqlite/SQLiteTokenizer.java,45,45,,,,
core/java/android/database/sqlite/SQLiteTransactionListener.java,4,4,,,,
core/java/android/database/sqlite/SqliteWrapper.java,43,43,,,,
core/java/android/database/StaleDataException.java,4,4,,,,
core/java/android/ddm/DdmHandleAppName.java,19,19,,,,
core/java/android/ddm/DdmHandleExit.java,11,11,,,,
core/java/android/ddm/DdmHandleHeap.java,59,59,,,,
core/java/android/ddm/DdmHandleHello.java,43,43,,,,
core/java/android/ddm/DdmHandleNativeHeap.java,14,14,,,,
core/java/android/ddm/DdmHandleProfiling.java,51,51,,,,
core/java/android/ddm/DdmHandleThread.java,34,34,,,,
core/java/android/ddm/DdmHandleViewDebug.java,110,110,,,,
core/java/android/ddm/DdmRegister.java,3,3,,,,
core/java/android/gesture/Gesture.java,102,102,,,,
core/java/android/gesture/GestureConstants.java,5,5,,,,
core/java/android/gesture/GestureLibraries.java,41,41,,,,
core/java/android/gesture/GestureLibrary.java,26,26,,,,
core/java/android/gesture/GestureOverlayView.java,231,231,,,,
core/java/android/gesture/GesturePoint.java,14,14,,,,
core/java/android/gesture/GestureStore.java,74,74,,,,
core/java/android/gesture/GestureStroke.java,69,69,,,,
core/java/android/gesture/GestureUtils.java,204,204,,,,
core/java/android/gesture/Instance.java,37,37,,,,
core/java/android/gesture/InstanceLearner.java,23,23,,,,
core/java/android/gesture/Learner.java,22,22,,,,
core/java/android/gesture/OrientedBoundingBox.java,18,18,,,,
core/java/android/gesture/Prediction.java,7,7,,,,
core/java/android/hardware/biometrics/BiometricAuthenticator.java,35,35,,,,
core/java/android/hardware/biometrics/BiometricConstants.java,22,22,,,,
core/java/android/hardware/biometrics/BiometricFingerprintConstants.java,22,22,,,,
core/java/android/hardware/biometrics/BiometricPrompt.java,109,109,,,,
core/java/android/hardware/biometrics/CryptoObject.java,12,12,,,,
core/java/android/hardware/Camera.java,1025,673,,15,337,
core/java/android/hardware/camera2/CameraAccessException.java,31,31,,,,
core/java/android/hardware/camera2/CameraCaptureSession.java,102,102,,,,
core/java/android/hardware/camera2/CameraCharacteristics.java,185,183,,2,,
core/java/android/hardware/camera2/CameraConstrainedHighSpeedCaptureSession.java,3,3,,,,
core/java/android/hardware/camera2/CameraDevice.java,65,63,,2,,
core/java/android/hardware/camera2/CameraManager.java,232,220,,4,8,
core/java/android/hardware/camera2/CameraMetadata.java,248,247,,1,,
core/java/android/hardware/camera2/CaptureFailure.java,19,19,,,,
core/java/android/hardware/camera2/CaptureRequest.java,205,204,,1,,
core/java/android/hardware/camera2/CaptureResult.java,157,156,,1,,
core/java/android/hardware/camera2/DngCreator.java,175,175,,,,
core/java/android/hardware/camera2/impl/CallbackProxies.java,30,30,,,,
core/java/android/hardware/camera2/impl/CameraCaptureSessionCore.java,4,4,,,,
core/java/android/hardware/camera2/impl/CameraCaptureSessionImpl.java,184,184,,,,
core/java/android/hardware/camera2/impl/CameraConstrainedHighSpeedCaptureSessionImpl.java,101,101,,,,
core/java/android/hardware/camera2/impl/CameraDeviceImpl.java,514,514,,,,
core/java/android/hardware/camera2/impl/CameraMetadataNative.java,363,361,,2,,
core/java/android/hardware/camera2/impl/CaptureResultExtras.java,37,37,,,,
core/java/android/hardware/camera2/impl/GetCommand.java,4,4,,,,
core/java/android/hardware/camera2/impl/ICameraDeviceUserWrapper.java,66,66,,,,
core/java/android/hardware/camera2/impl/PhysicalCaptureResultInfo.java,22,22,,,,
core/java/android/hardware/camera2/impl/SetCommand.java,4,4,,,,
core/java/android/hardware/camera2/legacy/BurstHolder.java,20,20,,,,
core/java/android/hardware/camera2/legacy/CameraDeviceState.java,83,83,,,,
core/java/android/hardware/camera2/legacy/CameraDeviceUserShim.java,181,181,,,,
core/java/android/hardware/camera2/legacy/CaptureCollector.java,123,123,,,,
core/java/android/hardware/camera2/legacy/GLThreadManager.java,52,52,,,,
core/java/android/hardware/camera2/legacy/LegacyCameraDevice.java,250,250,,,,
core/java/android/hardware/camera2/legacy/LegacyExceptionUtils.java,25,25,,,,
core/java/android/hardware/camera2/legacy/LegacyFaceDetectMapper.java,40,40,,,,
core/java/android/hardware/camera2/legacy/LegacyFocusStateMapper.java,38,38,,,,
core/java/android/hardware/camera2/legacy/LegacyMetadataMapper.java,225,225,,,,
core/java/android/hardware/camera2/legacy/LegacyRequest.java,12,12,,,,
core/java/android/hardware/camera2/legacy/LegacyRequestMapper.java,90,90,,,,
core/java/android/hardware/camera2/legacy/LegacyResultMapper.java,75,75,,,,
core/java/android/hardware/camera2/legacy/ParameterUtils.java,213,213,,,,
core/java/android/hardware/camera2/legacy/PerfMeasurement.java,43,43,,,,
core/java/android/hardware/camera2/legacy/RequestHandlerThread.java,25,25,,,,
core/java/android/hardware/camera2/legacy/RequestHolder.java,67,67,,,,
core/java/android/hardware/camera2/legacy/RequestQueue.java,41,41,,,,
core/java/android/hardware/camera2/legacy/RequestThreadManager.java,225,225,,,,
core/java/android/hardware/camera2/legacy/SizeAreaComparator.java,10,10,,,,
core/java/android/hardware/camera2/legacy/SurfaceTextureRenderer.java,162,154,,4,4,
core/java/android/hardware/camera2/marshal/impl/MarshalQueryableArray.java,53,53,,,,
core/java/android/hardware/camera2/marshal/impl/MarshalQueryableBlackLevelPattern.java,22,22,,,,
core/java/android/hardware/camera2/marshal/impl/MarshalQueryableBoolean.java,18,18,,,,
core/java/android/hardware/camera2/marshal/impl/MarshalQueryableColorSpaceTransform.java,23,23,,,,
core/java/android/hardware/camera2/marshal/impl/MarshalQueryableEnum.java,43,43,,,,
core/java/android/hardware/camera2/marshal/impl/MarshalQueryableHighSpeedVideoConfiguration.java,23,23,,,,
core/java/android/hardware/camera2/marshal/impl/MarshalQueryableMeteringRectangle.java,30,30,,,,
core/java/android/hardware/camera2/marshal/impl/MarshalQueryableNativeByteToInteger.java,18,18,,,,
core/java/android/hardware/camera2/marshal/impl/MarshalQueryablePair.java,41,41,,,,
core/java/android/hardware/camera2/marshal/impl/MarshalQueryableParcelable.java,37,37,,,,
core/java/android/hardware/camera2/marshal/impl/MarshalQueryablePrimitive.java,48,48,,,,
core/java/android/hardware/camera2/marshal/impl/MarshalQueryableRange.java,38,38,,,,
core/java/android/hardware/camera2/marshal/impl/MarshalQueryableRect.java,24,24,,,,
core/java/android/hardware/camera2/marshal/impl/MarshalQueryableReprocessFormatsMap.java,30,30,,,,
core/java/android/hardware/camera2/marshal/impl/MarshalQueryableRggbChannelVector.java,23,23,,,,
core/java/android/hardware/camera2/marshal/impl/MarshalQueryableSize.java,20,20,,,,
core/java/android/hardware/camera2/marshal/impl/MarshalQueryableSizeF.java,20,20,,,,
core/java/android/hardware/camera2/marshal/impl/MarshalQueryableStreamConfiguration.java,22,22,,,,
core/java/android/hardware/camera2/marshal/impl/MarshalQueryableStreamConfigurationDuration.java,23,23,,,,
core/java/android/hardware/camera2/marshal/impl/MarshalQueryableString.java,29,29,,,,
core/java/android/hardware/camera2/marshal/Marshaler.java,19,19,,,,
core/java/android/hardware/camera2/marshal/MarshalHelpers.java,23,23,,,,
core/java/android/hardware/camera2/marshal/MarshalQueryable.java,7,7,,,,
core/java/android/hardware/camera2/marshal/MarshalRegistry.java,25,25,,,,
core/java/android/hardware/camera2/params/BlackLevelPattern.java,17,17,,,,
core/java/android/hardware/camera2/params/ColorSpaceTransform.java,51,51,,,,
core/java/android/hardware/camera2/params/Face.java,33,33,,,,
core/java/android/hardware/camera2/params/HighSpeedVideoConfiguration.java,26,26,,,,
core/java/android/hardware/camera2/params/InputConfiguration.java,16,16,,,,
core/java/android/hardware/camera2/params/LensShadingMap.java,39,39,,,,
core/java/android/hardware/camera2/params/MeteringRectangle.java,36,36,,,,
core/java/android/hardware/camera2/params/OisSample.java,17,17,,,,
core/java/android/hardware/camera2/params/OutputConfiguration.java,83,82,,1,,
core/java/android/hardware/camera2/params/ReprocessFormatsMap.java,31,31,,,,
core/java/android/hardware/camera2/params/RggbChannelVector.java,30,30,,,,
core/java/android/hardware/camera2/params/SessionConfiguration.java,25,25,,,,
core/java/android/hardware/camera2/params/StreamConfiguration.java,20,20,,,,
core/java/android/hardware/camera2/params/StreamConfigurationDuration.java,19,19,,,,
core/java/android/hardware/camera2/params/StreamConfigurationMap.java,232,232,,,,
core/java/android/hardware/camera2/params/TonemapCurve.java,58,58,,,,
core/java/android/hardware/camera2/params/VendorTagDescriptor.java,16,16,,,,
core/java/android/hardware/camera2/params/VendorTagDescriptorCache.java,16,16,,,,
core/java/android/hardware/camera2/TotalCaptureResult.java,19,19,,,,
core/java/android/hardware/camera2/utils/ArrayUtils.java,38,38,,,,
core/java/android/hardware/camera2/utils/CloseableLock.java,28,26,,2,,
core/java/android/hardware/camera2/utils/HashCodeHelpers.java,15,15,,,,
core/java/android/hardware/camera2/utils/ListUtils.java,18,18,,,,
core/java/android/hardware/camera2/utils/LongParcelable.java,22,22,,,,
core/java/android/hardware/camera2/utils/ParamsUtils.java,27,27,,,,
core/java/android/hardware/camera2/utils/SizeAreaComparator.java,10,10,,,,
core/java/android/hardware/camera2/utils/SubmitInfo.java,23,23,,,,
core/java/android/hardware/camera2/utils/SurfaceUtils.java,33,33,,,,
core/java/android/hardware/camera2/utils/TaskDrainer.java,27,27,,,,
core/java/android/hardware/camera2/utils/TaskSingleDrainer.java,13,13,,,,
core/java/android/hardware/camera2/utils/TypeReference.java,55,55,,,,
core/java/android/hardware/camera2/utils/UncheckedThrow.java,7,7,,,,
core/java/android/hardware/CameraInfo.java,15,15,,,,
core/java/android/hardware/CameraStatus.java,16,16,,,,
core/java/android/hardware/ConsumerIrManager.java,25,25,,,,
core/java/android/hardware/display/AmbientBrightnessDayStats.java,49,49,,,,
core/java/android/hardware/display/BrightnessChangeEvent.java,84,84,,,,
core/java/android/hardware/display/BrightnessConfiguration.java,53,53,,,,
core/java/android/hardware/display/Curve.java,20,20,,,,
core/java/android/hardware/display/DisplayManager.java,116,116,,,,
core/java/android/hardware/display/DisplayManagerGlobal.java,177,177,,,,
core/java/android/hardware/display/DisplayManagerInternal.java,85,85,,,,
core/java/android/hardware/display/DisplayViewport.java,20,20,,,,
core/java/android/hardware/display/VirtualDisplay.java,24,24,,,,
core/java/android/hardware/display/WifiDisplay.java,47,47,,,,
core/java/android/hardware/display/WifiDisplaySessionInfo.java,34,34,,,,
core/java/android/hardware/display/WifiDisplayStatus.java,49,49,,,,
core/java/android/hardware/fingerprint/Fingerprint.java,26,26,,,,
core/java/android/hardware/fingerprint/FingerprintManager.java,270,270,,,,
core/java/android/hardware/GeomagneticField.java,75,73,,2,,
core/java/android/hardware/HardwareBuffer.java,86,86,,,,
core/java/android/hardware/hdmi/HdmiClient.java,33,33,,,,
core/java/android/hardware/hdmi/HdmiControlManager.java,132,132,,,,
core/java/android/hardware/hdmi/HdmiDeviceInfo.java,103,103,,,,
core/java/android/hardware/hdmi/HdmiHotplugEvent.java,20,20,,,,
core/java/android/hardware/hdmi/HdmiPlaybackClient.java,30,30,,,,
core/java/android/hardware/hdmi/HdmiPortInfo.java,43,43,,,,
core/java/android/hardware/hdmi/HdmiRecordListener.java,36,36,,,,
core/java/android/hardware/hdmi/HdmiRecordSources.java,192,192,,,,
core/java/android/hardware/hdmi/HdmiTimerRecordSources.java,114,114,,,,
core/java/android/hardware/hdmi/HdmiTvClient.java,116,116,,,,
core/java/android/hardware/input/InputDeviceIdentifier.java,27,27,,,,
core/java/android/hardware/input/InputManager.java,246,246,,,,
core/java/android/hardware/input/InputManagerInternal.java,15,15,,,,
core/java/android/hardware/input/KeyboardLayout.java,38,38,,,,
core/java/android/hardware/input/TouchCalibration.java,33,33,,,,
core/java/android/hardware/LegacySensorManager.java,104,104,,,,
core/java/android/hardware/location/ActivityChangedEvent.java,21,21,,,,
core/java/android/hardware/location/ActivityRecognitionEvent.java,25,25,,,,
core/java/android/hardware/location/ActivityRecognitionHardware.java,93,93,,,,
core/java/android/hardware/location/ContextHubClient.java,16,16,,,,
core/java/android/hardware/location/ContextHubClientCallback.java,22,22,,,,
core/java/android/hardware/location/ContextHubInfo.java,54,54,,,,
core/java/android/hardware/location/ContextHubManager.java,144,144,,,,
core/java/android/hardware/location/ContextHubMessage.java,35,35,,,,
core/java/android/hardware/location/ContextHubTransaction.java,51,51,,,,
core/java/android/hardware/location/GeofenceHardware.java,104,104,,,,
core/java/android/hardware/location/GeofenceHardwareCallback.java,19,19,,,,
core/java/android/hardware/location/GeofenceHardwareImpl.java,226,226,,,,
core/java/android/hardware/location/GeofenceHardwareMonitorCallback.java,7,7,,,,
core/java/android/hardware/location/GeofenceHardwareMonitorEvent.java,30,30,,,,
core/java/android/hardware/location/GeofenceHardwareRequest.java,41,41,,,,
core/java/android/hardware/location/GeofenceHardwareRequestParcelable.java,31,31,,,,
core/java/android/hardware/location/GeofenceHardwareService.java,42,42,,,,
core/java/android/hardware/location/MemoryRegion.java,26,26,,,,
core/java/android/hardware/location/NanoApp.java,68,68,,,,
core/java/android/hardware/location/NanoAppBinary.java,48,48,,,,
core/java/android/hardware/location/NanoAppFilter.java,38,38,,,,
core/java/android/hardware/location/NanoAppInstanceInfo.java,45,44,,1,,
core/java/android/hardware/location/NanoAppMessage.java,41,41,,,,
core/java/android/hardware/location/NanoAppState.java,23,23,,,,
core/java/android/hardware/radio/Announcement.java,34,34,,,,
core/java/android/hardware/radio/ProgramList.java,110,110,,,,
core/java/android/hardware/radio/ProgramSelector.java,113,113,,,,
core/java/android/hardware/radio/RadioManager.java,469,469,,,,
core/java/android/hardware/radio/RadioMetadata.java,162,162,,,,
core/java/android/hardware/radio/RadioTuner.java,82,82,,,,
core/java/android/hardware/radio/TunerAdapter.java,93,93,,,,
core/java/android/hardware/radio/TunerCallbackAdapter.java,47,47,,,,
core/java/android/hardware/radio/Utils.java,47,47,,,,
core/java/android/hardware/Sensor.java,144,144,,,,
core/java/android/hardware/SensorAdditionalInfo.java,34,34,,,,
core/java/android/hardware/SensorDirectChannel.java,30,30,,,,
core/java/android/hardware/SensorEvent.java,7,7,,,,
core/java/android/hardware/SensorEventCallback.java,10,10,,,,
core/java/android/hardware/SensorEventListener.java,6,6,,,,
core/java/android/hardware/SensorEventListener2.java,3,3,,,,
core/java/android/hardware/SensorListener.java,7,7,,,,
core/java/android/hardware/SensorManager.java,323,323,,,,
core/java/android/hardware/SerialManager.java,15,15,,,,
core/java/android/hardware/SerialPort.java,35,35,,,,
core/java/android/hardware/sidekick/SidekickInternal.java,5,5,,,,
core/java/android/hardware/soundtrigger/KeyphraseEnrollmentInfo.java,70,70,,,,
core/java/android/hardware/soundtrigger/KeyphraseMetadata.java,15,15,,,,
core/java/android/hardware/soundtrigger/SoundTrigger.java,440,440,,,,
core/java/android/hardware/soundtrigger/SoundTriggerModule.java,47,47,,,,
core/java/android/hardware/SystemSensorManager.java,319,319,,,,
core/java/android/hardware/TriggerEvent.java,6,6,,,,
core/java/android/hardware/TriggerEventListener.java,3,3,,,,
core/java/android/hardware/usb/AccessoryFilter.java,36,36,,,,
core/java/android/hardware/usb/DeviceFilter.java,62,62,,,,
core/java/android/hardware/usb/UsbAccessory.java,53,53,,,,
core/java/android/hardware/usb/UsbConfiguration.java,43,43,,,,
core/java/android/hardware/usb/UsbConstants.java,34,34,,,,
core/java/android/hardware/usb/UsbDevice.java,90,90,,,,
core/java/android/hardware/usb/UsbDeviceConnection.java,103,103,,,,
core/java/android/hardware/usb/UsbEndpoint.java,32,32,,,,
core/java/android/hardware/usb/UsbInterface.java,47,47,,,,
core/java/android/hardware/usb/UsbManager.java,125,125,,,,
core/java/android/hardware/usb/UsbPort.java,64,64,,,,
core/java/android/hardware/usb/UsbPortStatus.java,33,33,,,,
core/java/android/hardware/usb/UsbRequest.java,65,65,,,,
core/java/android/inputmethodservice/AbstractInputMethodService.java,50,50,,,,
core/java/android/inputmethodservice/CompactExtractEditLayout.java,35,35,,,,
core/java/android/inputmethodservice/ExtractButton.java,16,16,,,,
core/java/android/inputmethodservice/ExtractEditLayout.java,8,8,,,,
core/java/android/inputmethodservice/ExtractEditText.java,52,52,,,,
core/java/android/inputmethodservice/IInputMethodSessionWrapper.java,69,69,,,,
core/java/android/inputmethodservice/IInputMethodWrapper.java,90,90,,,,
core/java/android/inputmethodservice/InputMethodService.java,424,411,,9,4,
core/java/android/inputmethodservice/Keyboard.java,235,235,,,,
core/java/android/inputmethodservice/KeyboardView.java,379,379,,,,
core/java/android/inputmethodservice/SoftInputWindow.java,54,52,,2,,
core/java/android/metrics/LogMaker.java,87,87,,,,
core/java/android/metrics/MetricsReader.java,53,53,,,,
core/java/android/net/captiveportal/CaptivePortalProbeResult.java,24,24,,,,
core/java/android/net/captiveportal/CaptivePortalProbeSpec.java,51,51,,,,
core/java/android/net/CaptivePortal.java,23,23,,,,
core/java/android/net/ConnectivityManager.java,632,632,,,,
core/java/android/net/ConnectivityMetricsEvent.java,22,22,,,,
core/java/android/net/ConnectivityThread.java,8,8,,,,
core/java/android/net/Credentials.java,11,11,,,,
core/java/android/net/DataUsageRequest.java,29,29,,,,
core/java/android/net/DhcpInfo.java,27,27,,,,
core/java/android/net/DhcpResults.java,51,51,,,,
core/java/android/net/EthernetManager.java,43,43,,,,
core/java/android/net/http/HttpResponseCache.java,32,32,,,,
core/java/android/net/http/SslCertificate.java,99,99,,,,
core/java/android/net/http/SslError.java,40,40,,,,
core/java/android/net/http/X509TrustManagerExtensions.java,23,23,,,,
core/java/android/net/InterfaceConfiguration.java,44,44,,,,
core/java/android/net/IpConfiguration.java,48,48,,,,
core/java/android/net/IpPrefix.java,54,54,,,,
core/java/android/net/IpSecAlgorithm.java,50,50,,,,
core/java/android/net/IpSecConfig.java,78,78,,,,
core/java/android/net/IpSecManager.java,155,155,,,,
core/java/android/net/IpSecSpiResponse.java,23,23,,,,
core/java/android/net/IpSecTransform.java,78,78,,,,
core/java/android/net/IpSecTransformResponse.java,21,21,,,,
core/java/android/net/IpSecTunnelInterfaceResponse.java,23,23,,,,
core/java/android/net/IpSecUdpEncapResponse.java,25,25,,,,
core/java/android/net/KeepalivePacketData.java,41,41,,,,
core/java/android/net/LinkAddress.java,61,61,,,,
core/java/android/net/LinkProperties.java,236,236,,,,
core/java/android/net/LinkQualityInfo.java,64,64,,,,
core/java/android/net/LocalServerSocket.java,13,13,,,,
core/java/android/net/LocalSocket.java,60,60,,,,
core/java/android/net/LocalSocketAddress.java,14,14,,,,
core/java/android/net/LocalSocketImpl.java,125,125,,,,
core/java/android/net/MacAddress.java,81,81,,,,
core/java/android/net/MailTo.java,29,29,,,,
core/java/android/net/MatchAllNetworkSpecifier.java,18,18,,,,
core/java/android/net/metrics/ApfProgramEvent.java,35,35,,,,
core/java/android/net/metrics/ApfStats.java,25,25,,,,
core/java/android/net/metrics/ConnectStats.java,43,43,,,,
core/java/android/net/metrics/DefaultNetworkEvent.java,19,19,,,,
core/java/android/net/metrics/DhcpClientEvent.java,21,21,,,,
core/java/android/net/metrics/DhcpErrorEvent.java,46,46,,,,
core/java/android/net/metrics/DnsEvent.java,23,23,,,,
core/java/android/net/metrics/IpConnectivityLog.java,32,32,,,,
core/java/android/net/metrics/IpManagerEvent.java,29,29,,,,
core/java/android/net/metrics/IpReachabilityEvent.java,30,30,,,,
core/java/android/net/metrics/NetworkEvent.java,34,34,,,,
core/java/android/net/metrics/NetworkMetrics.java,61,61,,,,
core/java/android/net/metrics/RaEvent.java,52,52,,,,
core/java/android/net/metrics/ValidationProbeEvent.java,36,36,,,,
core/java/android/net/metrics/WakeupEvent.java,13,13,,,,
core/java/android/net/metrics/WakeupStats.java,33,33,,,,
core/java/android/net/MobileLinkQualityInfo.java,59,59,,,,
core/java/android/net/Network.java,105,105,,,,
core/java/android/net/NetworkAgent.java,103,103,,,,
core/java/android/net/NetworkBadging.java,14,14,,,,
core/java/android/net/NetworkCapabilities.java,265,265,,,,
core/java/android/net/NetworkConfig.java,11,11,,,,
core/java/android/net/NetworkFactory.java,79,77,,2,,
core/java/android/net/NetworkIdentity.java,57,57,,,,
core/java/android/net/NetworkInfo.java,67,67,,,,
core/java/android/net/NetworkKey.java,36,36,,,,
core/java/android/net/NetworkMisc.java,20,19,,1,,
core/java/android/net/NetworkPolicy.java,100,100,,,,
core/java/android/net/NetworkPolicyManager.java,122,118,,1,3,
core/java/android/net/NetworkQuotaInfo.java,18,18,,,,
core/java/android/net/NetworkRecommendationProvider.java,24,24,,,,
core/java/android/net/NetworkRequest.java,78,78,,,,
core/java/android/net/NetworkScoreManager.java,56,56,,,,
core/java/android/net/NetworkScorerAppData.java,34,34,,,,
core/java/android/net/NetworkSpecifier.java,6,4,,2,,
core/java/android/net/NetworkState.java,28,28,,,,
core/java/android/net/NetworkStats.java,370,365,,3,2,
core/java/android/net/NetworkStatsHistory.java,251,251,,,,
core/java/android/net/NetworkTemplate.java,109,109,,,,
core/java/android/net/NetworkUtils.java,113,113,,,,
core/java/android/net/NetworkWatchlistManager.java,16,16,,,,
core/java/android/net/nsd/DnsSdTxtRecord.java,88,88,,,,
core/java/android/net/nsd/NsdManager.java,143,143,,,,
core/java/android/net/nsd/NsdServiceInfo.java,79,79,,,,
core/java/android/net/PacProxySelector.java,34,34,,,,
core/java/android/net/ParseException.java,4,4,,,,
core/java/android/net/Proxy.java,59,59,,,,
core/java/android/net/ProxyInfo.java,75,75,,,,
core/java/android/net/RouteInfo.java,86,86,,,,
core/java/android/net/RssiCurve.java,41,41,,,,
core/java/android/net/ScoredNetwork.java,54,54,,,,
core/java/android/net/SntpClient.java,86,86,,,,
core/java/android/net/SSLCertificateSocketFactory.java,113,113,,,,
core/java/android/net/SSLSessionCache.java,16,16,,,,
core/java/android/net/StaticIpConfiguration.java,43,43,,,,
core/java/android/net/StringNetworkSpecifier.java,20,20,,,,
core/java/android/net/TrafficStats.java,165,163,,2,,
core/java/android/net/UidRange.java,32,32,,,,
core/java/android/net/Uri.java,478,478,,,,
core/java/android/net/UrlQuerySanitizer.java,143,135,,8,,
core/java/android/net/util/IpUtils.java,58,58,,,,
core/java/android/net/VpnService.java,90,90,,,,
core/java/android/net/WebAddress.java,35,35,,,,
core/java/android/net/WifiKey.java,25,25,,,,
core/java/android/net/WifiLinkQualityInfo.java,27,27,,,,
core/java/android/net/wimax/WimaxManagerConstants.java,19,19,,,,
core/java/android/nfc/ApduList.java,23,23,,,,
core/java/android/nfc/BeamShareData.java,26,26,,,,
core/java/android/nfc/cardemulation/AidGroup.java,47,43,,4,,
core/java/android/nfc/cardemulation/ApduServiceInfo.java,130,120,,10,,
core/java/android/nfc/cardemulation/CardEmulation.java,89,89,,,,
core/java/android/nfc/cardemulation/HostApduService.java,39,39,,,,
core/java/android/nfc/cardemulation/HostNfcFService.java,34,34,,,,
core/java/android/nfc/cardemulation/NfcFCardEmulation.java,61,61,,,,
core/java/android/nfc/cardemulation/NfcFServiceInfo.java,81,81,,,,
core/java/android/nfc/cardemulation/OffHostApduService.java,5,4,,1,,
core/java/android/nfc/dta/NfcDta.java,37,37,,,,
core/java/android/nfc/ErrorCodes.java,28,28,,,,
core/java/android/nfc/FormatException.java,7,7,,,,
core/java/android/nfc/NdefMessage.java,39,39,,,,
core/java/android/nfc/NdefRecord.java,162,162,,,,
core/java/android/nfc/NfcActivityManager.java,151,151,,,,
core/java/android/nfc/NfcAdapter.java,227,227,,,,
core/java/android/nfc/NfcEvent.java,7,7,,,,
core/java/android/nfc/NfcManager.java,7,7,,,,
core/java/android/nfc/Tag.java,79,79,,,,
core/java/android/nfc/TagLostException.java,4,4,,,,
core/java/android/nfc/tech/BasicTagTechnology.java,27,27,,,,
core/java/android/nfc/tech/IsoDep.java,25,25,,,,
core/java/android/nfc/tech/MifareClassic.java,86,84,,2,,
core/java/android/nfc/tech/MifareUltralight.java,36,36,,,,
core/java/android/nfc/tech/Ndef.java,55,55,,,,
core/java/android/nfc/tech/NdefFormatable.java,18,18,,,,
core/java/android/nfc/tech/NfcA.java,23,23,,,,
core/java/android/nfc/tech/NfcB.java,16,16,,,,
core/java/android/nfc/tech/NfcBarcode.java,13,13,,,,
core/java/android/nfc/tech/NfcF.java,23,23,,,,
core/java/android/nfc/tech/NfcV.java,16,16,,,,
core/java/android/nfc/tech/TagTechnology.java,16,16,,,,
core/java/android/nfc/TechListParcel.java,21,21,,,,
core/java/android/nfc/TransceiveResult.java,24,24,,,,
core/java/android/os/AsyncResult.java,16,16,,,,
core/java/android/os/AsyncTask.java,100,100,,,,
core/java/android/os/BadParcelableException.java,5,5,,,,
core/java/android/os/BaseBundle.java,337,337,,,,
core/java/android/os/BatteryManager.java,67,67,,,,
core/java/android/os/BatteryManagerInternal.java,9,9,,,,
core/java/android/os/BatteryProperties.java,30,30,,,,
core/java/android/os/BatteryProperty.java,20,20,,,,
core/java/android/os/BatteryStats.java,2050,2050,,,,
core/java/android/os/BatteryStatsInternal.java,7,7,,,,
core/java/android/os/BestClock.java,9,9,,,,
core/java/android/os/Binder.java,281,281,,,,
core/java/android/os/Broadcaster.java,47,47,,,,
core/java/android/os/Build.java,107,103,,3,1,
core/java/android/os/Bundle.java,237,237,,,,
core/java/android/os/CancellationSignal.java,27,27,,,,
core/java/android/os/ChildZygoteProcess.java,6,6,,,,
core/java/android/os/CommonClock.java,74,74,,,,
core/java/android/os/CommonTimeConfig.java,74,74,,,,
core/java/android/os/CommonTimeUtils.java,79,79,,,,
core/java/android/os/ConditionVariable.java,15,15,,,,
core/java/android/os/ConfigUpdate.java,11,11,,,,
core/java/android/os/connectivity/CellularBatteryStats.java,69,69,,,,
core/java/android/os/connectivity/GpsBatteryStats.java,29,29,,,,
core/java/android/os/connectivity/WifiBatteryStats.java,81,81,,,,
core/java/android/os/CountDownTimer.java,22,22,,,,
core/java/android/os/CpuUsageInfo.java,22,22,,,,
core/java/android/os/DeadObjectException.java,4,4,,,,
core/java/android/os/DeadSystemException.java,2,2,,,,
core/java/android/os/Debug.java,389,389,,,,
core/java/android/os/DeviceIdleManager.java,10,10,,,,
core/java/android/os/DropBoxManager.java,94,94,,,,
core/java/android/os/Environment.java,224,224,,,,
core/java/android/os/FactoryTest.java,6,6,,,,
core/java/android/os/FileBridge.java,42,42,,,,
core/java/android/os/FileObserver.java,60,60,,,,
core/java/android/os/FileUriExposedException.java,3,3,,,,
core/java/android/os/FileUtils.java,316,313,,2,1,
core/java/android/os/GraphicsEnvironment.java,45,45,,,,
core/java/android/os/Handler.java,168,167,,1,,
core/java/android/os/HandlerExecutor.java,6,6,,,,
core/java/android/os/HandlerThread.java,20,20,,,,
core/java/android/os/HardwarePropertiesManager.java,24,24,,,,
core/java/android/os/health/HealthKeys.java,47,47,,,,
core/java/android/os/health/HealthStats.java,88,88,,,,
core/java/android/os/health/HealthStatsParceler.java,19,19,,,,
core/java/android/os/health/HealthStatsWriter.java,77,77,,,,
core/java/android/os/health/PackageHealthStats.java,5,5,,,,
core/java/android/os/health/PidHealthStats.java,6,6,,,,
core/java/android/os/health/ProcessHealthStats.java,9,9,,,,
core/java/android/os/health/ServiceHealthStats.java,5,5,,,,
core/java/android/os/health/SystemHealthManager.java,19,19,,,,
core/java/android/os/health/TimerStat.java,25,25,,,,
core/java/android/os/health/UidHealthStats.java,66,66,,,,
core/java/android/os/HidlSupport.java,31,31,,,,
core/java/android/os/HwBinder.java,34,34,,,,
core/java/android/os/HwBlob.java,138,138,,,,
core/java/android/os/HwParcel.java,134,134,,,,
core/java/android/os/HwRemoteBinder.java,26,26,,,,
core/java/android/os/IBinder.java,43,43,,,,
core/java/android/os/IHwBinder.java,16,16,,,,
core/java/android/os/IHwInterface.java,2,2,,,,
core/java/android/os/IInterface.java,2,2,,,,
core/java/android/os/IncidentManager.java,15,15,,,,
core/java/android/os/IncidentReportArgs.java,44,44,,,,
core/java/android/os/IServiceManager.java,27,27,,,,
core/java/android/os/LocaleList.java,127,127,,,,
core/java/android/os/Looper.java,68,68,,,,
core/java/android/os/MemoryFile.java,66,66,,,,
core/java/android/os/Message.java,104,102,,2,,
core/java/android/os/MessageQueue.java,165,165,,,,
core/java/android/os/Messenger.java,30,30,,,,
core/java/android/os/NetworkOnMainThreadException.java,1,1,,,,
core/java/android/os/NullVibrator.java,12,12,,,,
core/java/android/os/OperationCanceledException.java,4,4,,,,
core/java/android/os/Parcel.java,766,766,,,,
core/java/android/os/Parcelable.java,17,17,,,,
core/java/android/os/ParcelableException.java,24,24,,,,
core/java/android/os/ParcelableParcel.java,25,25,,,,
core/java/android/os/ParcelFileDescriptor.java,204,204,,,,
core/java/android/os/ParcelFormatException.java,4,4,,,,
core/java/android/os/ParcelUuid.java,25,25,,,,
core/java/android/os/PatternMatcher.java,121,121,,,,
core/java/android/os/PerformanceCollector.java,100,100,,,,
core/java/android/os/PersistableBundle.java,69,69,,,,
core/java/android/os/PooledStringReader.java,10,10,,,,
core/java/android/os/PooledStringWriter.java,13,13,,,,
core/java/android/os/PowerManager.java,226,214,,1,11,
core/java/android/os/PowerManagerInternal.java,70,60,,1,9,
core/java/android/os/PowerSaveState.java,34,34,,,,
core/java/android/os/Process.java,229,229,,,,
core/java/android/os/ProxyFileDescriptorCallback.java,12,12,,,,
core/java/android/os/RecoverySystem.java,264,264,,,,
core/java/android/os/Registrant.java,25,25,,,,
core/java/android/os/RegistrantList.java,37,37,,,,
core/java/android/os/RemoteCallback.java,32,32,,,,
core/java/android/os/RemoteCallbackList.java,65,65,,,,
core/java/android/os/RemoteException.java,11,11,,,,
core/java/android/os/RemoteMailException.java,4,4,,,,
core/java/android/os/ResultReceiver.java,36,36,,,,
core/java/android/os/RevocableFileDescriptor.java,38,38,,,,
core/java/android/os/SELinux.java,37,37,,,,
core/java/android/os/ServiceManager.java,62,62,,,,
core/java/android/os/ServiceManagerNative.java,58,58,,,,
core/java/android/os/ServiceSpecificException.java,8,8,,,,
core/java/android/os/SharedMemory.java,76,76,,,,
core/java/android/os/ShellCallback.java,35,35,,,,
core/java/android/os/ShellCommand.java,75,75,,,,
core/java/android/os/SimpleClock.java,11,11,,,,
core/java/android/os/StatFs.java,20,20,,,,
core/java/android/os/StatsDimensionsValue.java,61,61,,,,
core/java/android/os/StatsLogEventWrapper.java,36,36,,,,
core/java/android/os/storage/DiskInfo.java,52,48,,1,3,
core/java/android/os/storage/OnObbStateChangeListener.java,12,12,,,,
core/java/android/os/storage/StorageEventListener.java,20,20,,,,
core/java/android/os/storage/StorageManager.java,463,463,,,,
core/java/android/os/storage/StorageManagerInternal.java,16,16,,,,
core/java/android/os/storage/StorageVolume.java,90,86,,2,2,
core/java/android/os/storage/VolumeInfo.java,128,126,,2,,
core/java/android/os/storage/VolumeRecord.java,39,39,,,,
core/java/android/os/strictmode/CleartextNetworkViolation.java,3,3,,,,
core/java/android/os/strictmode/ContentUriWithoutPermissionViolation.java,4,4,,,,
core/java/android/os/strictmode/CustomViolation.java,3,3,,,,
core/java/android/os/strictmode/DiskReadViolation.java,2,2,,,,
core/java/android/os/strictmode/DiskWriteViolation.java,2,2,,,,
core/java/android/os/strictmode/FileUriExposedViolation.java,3,3,,,,
core/java/android/os/strictmode/InstanceCountViolation.java,8,8,,,,
core/java/android/os/strictmode/IntentReceiverLeakedViolation.java,3,3,,,,
core/java/android/os/strictmode/LeakedClosableViolation.java,4,4,,,,
core/java/android/os/strictmode/NetworkViolation.java,2,2,,,,
core/java/android/os/strictmode/NonSdkApiUsedViolation.java,3,3,,,,
core/java/android/os/strictmode/ResourceMismatchViolation.java,3,3,,,,
core/java/android/os/strictmode/ServiceConnectionLeakedViolation.java,3,3,,,,
core/java/android/os/strictmode/SqliteObjectLeakedViolation.java,4,4,,,,
core/java/android/os/strictmode/UnbufferedIoViolation.java,2,2,,,,
core/java/android/os/strictmode/UntaggedSocketViolation.java,3,3,,,,
core/java/android/os/strictmode/Violation.java,3,3,,,,
core/java/android/os/strictmode/WebViewMethodCalledOnWrongThreadViolation.java,3,3,,,,
core/java/android/os/StrictMode.java,508,508,,,,
core/java/android/os/SynchronousResultReceiver.java,21,21,,,,
core/java/android/os/SystemClock.java,34,34,,,,
core/java/android/os/SystemProperties.java,54,54,,,,
core/java/android/os/SystemService.java,32,32,,,,
core/java/android/os/SystemUpdateManager.java,21,21,,,,
core/java/android/os/SystemVibrator.java,21,21,,,,
core/java/android/os/Temperature.java,23,23,,,,
core/java/android/os/TestLooperManager.java,39,39,,,,
core/java/android/os/TokenWatcher.java,51,51,,,,
core/java/android/os/Trace.java,85,85,,,,
core/java/android/os/TransactionTooLargeException.java,4,4,,,,
core/java/android/os/TransactionTracker.java,12,12,,,,
core/java/android/os/UEventObserver.java,59,59,,,,
core/java/android/os/UpdateEngine.java,70,66,,1,3,
core/java/android/os/UpdateEngineCallback.java,6,6,,,,
core/java/android/os/UpdateLock.java,26,26,,,,
core/java/android/os/UserHandle.java,110,110,,,,
core/java/android/os/UserManager.java,438,434,,3,1,
core/java/android/os/UserManagerInternal.java,73,73,,,,
core/java/android/os/VibrationEffect.java,167,167,,,,
core/java/android/os/Vibrator.java,46,46,,,,
core/java/android/os/VintfObject.java,9,9,,,,
core/java/android/os/VintfRuntimeInfo.java,12,12,,,,
core/java/android/os/WorkSource.java,232,232,,,,
core/java/android/os/ZygoteProcess.java,158,158,,,,
core/java/android/permissionpresenterservice/RuntimePermissionPresenterService.java,37,37,,,,
core/java/android/preference/CheckBoxPreference.java,19,19,,,,
core/java/android/preference/DialogPreference.java,103,103,,,,
core/java/android/preference/EditTextPreference.java,63,63,,,,
core/java/android/preference/GenericInflater.java,107,107,,,,
core/java/android/preference/ListPreference.java,84,84,,,,
core/java/android/preference/MultiCheckPreference.java,84,84,,,,
core/java/android/preference/MultiSelectListPreference.java,85,85,,,,
core/java/android/preference/Preference.java,296,296,,,,
core/java/android/preference/PreferenceActivity.java,286,285,,1,,
core/java/android/preference/PreferenceCategory.java,20,20,,,,
core/java/android/preference/PreferenceDataStore.java,37,37,,,,
core/java/android/preference/PreferenceFragment.java,85,85,,,,
core/java/android/preference/PreferenceFrameLayout.java,53,53,,,,
core/java/android/preference/PreferenceGroup.java,64,64,,,,
core/java/android/preference/PreferenceGroupAdapter.java,71,71,,,,
core/java/android/preference/PreferenceInflater.java,30,30,,,,
core/java/android/preference/PreferenceManager.java,160,160,,,,
core/java/android/preference/PreferenceScreen.java,58,58,,,,
core/java/android/preference/RingtonePreference.java,53,53,,,,
core/java/android/preference/SeekBarDialogPreference.java,22,22,,,,
core/java/android/preference/SeekBarPreference.java,75,75,,,,
core/java/android/preference/SeekBarVolumizer.java,131,121,,7,3,
core/java/android/preference/SwitchPreference.java,38,38,,,,
core/java/android/preference/TwoStatePreference.java,74,74,,,,
core/java/android/preference/VolumePreference.java,68,68,,,,
core/java/android/print/PageRange.java,33,33,,,,
core/java/android/print/pdf/PrintedPdfDocument.java,21,21,,,,
core/java/android/print/PrintAttributes.java,270,270,,,,
core/java/android/print/PrintDocumentAdapter.java,30,30,,,,
core/java/android/print/PrintDocumentInfo.java,49,49,,,,
core/java/android/print/PrinterCapabilitiesInfo.java,117,117,,,,
core/java/android/print/PrinterDiscoverySession.java,78,78,,,,
core/java/android/print/PrinterId.java,28,28,,,,
core/java/android/print/PrinterInfo.java,100,100,,,,
core/java/android/print/PrintFileDocumentAdapter.java,41,41,,,,
core/java/android/print/PrintJob.java,25,25,,,,
core/java/android/print/PrintJobId.java,24,24,,,,
core/java/android/print/PrintJobInfo.java,131,131,,,,
core/java/android/print/PrintManager.java,269,269,,,,
core/java/android/print/PrintServiceRecommendationsLoader.java,19,19,,,,
core/java/android/print/PrintServicesLoader.java,21,21,,,,
core/java/android/printservice/CustomPrinterIconCallback.java,10,10,,,,
core/java/android/printservice/PrintDocument.java,17,17,,,,
core/java/android/printservice/PrinterDiscoverySession.java,75,75,,,,
core/java/android/printservice/PrintJob.java,60,60,,,,
core/java/android/printservice/PrintService.java,79,79,,,,
core/java/android/printservice/PrintServiceInfo.java,57,57,,,,
core/java/android/printservice/recommendation/RecommendationInfo.java,40,40,,,,
core/java/android/printservice/recommendation/RecommendationService.java,24,24,,,,
core/java/android/privacy/DifferentialPrivacyConfig.java,2,2,,,,
core/java/android/privacy/DifferentialPrivacyEncoder.java,9,9,,,,
core/java/android/privacy/internal/longitudinalreporting/LongitudinalReportingConfig.java,18,18,,,,
core/java/android/privacy/internal/longitudinalreporting/LongitudinalReportingEncoder.java,38,38,,,,
core/java/android/privacy/internal/rappor/RapporConfig.java,19,19,,,,
core/java/android/privacy/internal/rappor/RapporEncoder.java,29,29,,,,
core/java/android/provider/AlarmClock.java,24,24,,,,
core/java/android/provider/BaseColumns.java,3,3,,,,
core/java/android/provider/BlockedNumberContract.java,88,88,,,,
core/java/android/provider/Browser.java,97,97,,,,
core/java/android/provider/BrowserContract.java,134,134,,,,
core/java/android/provider/CalendarContract.java,395,395,,,,
core/java/android/provider/CallLog.java,171,171,,,,
core/java/android/provider/Contacts.java,373,373,,,,
core/java/android/provider/ContactsContract.java,995,982,,13,,
core/java/android/provider/ContactsInternal.java,30,30,,,,
core/java/android/provider/DocumentsContract.java,342,340,,2,,
core/java/android/provider/DocumentsProvider.java,238,226,,12,,
core/java/android/provider/Downloads.java,124,121,,2,1,
core/java/android/provider/FontRequest.java,26,26,,,,
core/java/android/provider/FontsContract.java,173,173,,,,
core/java/android/provider/LiveFolders.java,15,15,,,,
core/java/android/provider/MediaStore.java,468,468,,,,
core/java/android/provider/MetadataReader.java,27,27,,,,
core/java/android/provider/OneTimeUseBuilder.java,5,5,,,,
core/java/android/provider/OpenableColumns.java,3,3,,,,
core/java/android/provider/SearchIndexableData.java,18,18,,,,
core/java/android/provider/SearchIndexableResource.java,11,11,,,,
core/java/android/provider/SearchIndexablesContract.java,73,73,,,,
core/java/android/provider/SearchIndexablesProvider.java,38,34,,4,,
core/java/android/provider/SearchRecentSuggestions.java,43,43,,,,
core/java/android/provider/Settings.java,1976,1959,,6,11,
core/java/android/provider/SettingsSlicesContract.java,11,11,,,,
core/java/android/provider/SettingsStringUtil.java,66,66,,,,
core/java/android/provider/SettingsValidators.java,98,98,,,,
core/java/android/provider/SyncConstValue.java,11,11,,,,
core/java/android/provider/SyncStateContract.java,48,48,,,,
core/java/android/provider/TimeZoneRulesDataContract.java,15,15,,,,
core/java/android/provider/UserDictionary.java,34,34,,,,
core/java/android/provider/VoicemailContract.java,103,103,,,,
core/java/android/se/omapi/Channel.java,28,28,,,,
core/java/android/se/omapi/Reader.java,20,20,,,,
core/java/android/se/omapi/SEService.java,48,48,,,,
core/java/android/se/omapi/Session.java,35,35,,,,
core/java/android/security/ConfirmationAlreadyPresentingException.java,4,4,,,,
core/java/android/security/ConfirmationCallback.java,7,7,,,,
core/java/android/security/ConfirmationNotAvailableException.java,4,4,,,,
core/java/android/security/ConfirmationPrompt.java,60,60,,,,
core/java/android/security/FrameworkNetworkSecurityPolicy.java,9,9,,,,
core/java/android/security/keymaster/ExportResult.java,15,15,,,,
core/java/android/security/keymaster/KeyAttestationApplicationId.java,17,17,,,,
core/java/android/security/keymaster/KeyAttestationPackageInfo.java,23,23,,,,
core/java/android/security/keymaster/KeyCharacteristics.java,34,34,,,,
core/java/android/security/keymaster/KeymasterArgument.java,18,18,,,,
core/java/android/security/keymaster/KeymasterArguments.java,94,94,,,,
core/java/android/security/keymaster/KeymasterBlob.java,16,16,,,,
core/java/android/security/keymaster/KeymasterBlobArgument.java,10,10,,,,
core/java/android/security/keymaster/KeymasterBooleanArgument.java,9,9,,,,
core/java/android/security/keymaster/KeymasterCertificateChain.java,23,23,,,,
core/java/android/security/keymaster/KeymasterDateArgument.java,10,10,,,,
core/java/android/security/keymaster/KeymasterDefs.java,170,170,,,,
core/java/android/security/keymaster/KeymasterIntArgument.java,10,10,,,,
core/java/android/security/keymaster/KeymasterLongArgument.java,10,10,,,,
core/java/android/security/keymaster/OperationResult.java,26,26,,,,
core/java/android/security/keystore/recovery/DecryptionFailedException.java,3,3,,,,
core/java/android/security/keystore/recovery/InternalRecoveryServiceException.java,6,6,,,,
core/java/android/security/keystore/recovery/KeyChainProtectionParams.java,38,38,,,,
core/java/android/security/keystore/recovery/KeyChainSnapshot.java,55,55,,,,
core/java/android/security/keystore/recovery/KeyDerivationParams.java,33,33,,,,
core/java/android/security/keystore/recovery/LockScreenRequiredException.java,3,3,,,,
core/java/android/security/keystore/recovery/RecoveryCertPath.java,27,27,,,,
core/java/android/security/keystore/recovery/RecoveryController.java,112,112,,,,
core/java/android/security/keystore/recovery/RecoverySession.java,54,54,,,,
core/java/android/security/keystore/recovery/SessionExpiredException.java,3,3,,,,
core/java/android/security/keystore/recovery/TrustedRootCertificates.java,20,20,,,,
core/java/android/security/keystore/recovery/WrappedApplicationKey.java,31,31,,,,
core/java/android/security/keystore/recovery/X509CertificateParsingUtils.java,13,13,,,,
core/java/android/security/KeystoreArguments.java,22,22,,,,
core/java/android/security/net/config/ApplicationConfig.java,30,30,,,,
core/java/android/security/net/config/CertificatesEntryRef.java,19,19,,,,
core/java/android/security/net/config/CertificateSource.java,9,9,,,,
core/java/android/security/net/config/ConfigNetworkSecurityPolicy.java,9,9,,,,
core/java/android/security/net/config/ConfigSource.java,3,3,,,,
core/java/android/security/net/config/DirectoryCertificateSource.java,58,58,,,,
core/java/android/security/net/config/Domain.java,10,10,,,,
core/java/android/security/net/config/KeyStoreCertificateSource.java,27,27,,,,
core/java/android/security/net/config/KeyStoreConfigSource.java,6,6,,,,
core/java/android/security/net/config/ManifestConfigSource.java,23,23,,,,
core/java/android/security/net/config/NetworkSecurityConfig.java,82,82,,,,
core/java/android/security/net/config/NetworkSecurityConfigProvider.java,7,7,,,,
core/java/android/security/net/config/NetworkSecurityTrustManager.java,60,60,,,,
core/java/android/security/net/config/Pin.java,15,15,,,,
core/java/android/security/net/config/PinSet.java,10,10,,,,
core/java/android/security/net/config/ResourceCertificateSource.java,30,30,,,,
core/java/android/security/net/config/RootTrustManager.java,47,47,,,,
core/java/android/security/net/config/RootTrustManagerFactorySpi.java,12,12,,,,
core/java/android/security/net/config/SystemCertificateSource.java,9,9,,,,
core/java/android/security/net/config/TrustAnchor.java,6,6,,,,
core/java/android/security/net/config/TrustedCertificateStoreAdapter.java,35,35,,,,
core/java/android/security/net/config/UserCertificateSource.java,7,7,,,,
core/java/android/security/net/config/XmlConfigSource.java,111,111,,,,
core/java/android/security/NetworkSecurityPolicy.java,17,17,,,,
core/java/android/security/Scrypt.java,15,15,,,,
core/java/android/service/autofill/AutofillFieldClassificationService.java,61,61,,,,
core/java/android/service/autofill/AutofillService.java,31,31,,,,
core/java/android/service/autofill/AutofillServiceHelper.java,5,5,,,,
core/java/android/service/autofill/AutofillServiceInfo.java,47,47,,,,
core/java/android/service/autofill/BatchUpdates.java,40,40,,,,
core/java/android/service/autofill/CharSequenceTransformation.java,55,55,,,,
core/java/android/service/autofill/CustomDescription.java,55,55,,,,
core/java/android/service/autofill/Dataset.java,98,97,,1,,
core/java/android/service/autofill/DateTransformation.java,26,26,,,,
core/java/android/service/autofill/DateValueSanitizer.java,22,22,,,,
core/java/android/service/autofill/FieldClassification.java,41,41,,,,
core/java/android/service/autofill/FillCallback.java,14,11,,3,,
core/java/android/service/autofill/FillContext.java,37,37,,,,
core/java/android/service/autofill/FillEventHistory.java,97,97,,,,
core/java/android/service/autofill/FillRequest.java,29,29,,,,
core/java/android/service/autofill/FillResponse.java,98,98,,,,
core/java/android/service/autofill/ImageTransformation.java,74,74,,,,
core/java/android/service/autofill/InternalSanitizer.java,3,3,,,,
core/java/android/service/autofill/InternalTransformation.java,16,16,,,,
core/java/android/service/autofill/InternalValidator.java,3,3,,,,
core/java/android/service/autofill/LuhnChecksumValidator.java,30,30,,,,
core/java/android/service/autofill/NegationValidator.java,17,17,,,,
core/java/android/service/autofill/OptionalValidators.java,20,20,,,,
core/java/android/service/autofill/RegexValidator.java,22,22,,,,
core/java/android/service/autofill/RequiredValidators.java,20,20,,,,
core/java/android/service/autofill/Sanitizer.java,1,,,1,,
core/java/android/service/autofill/SaveCallback.java,15,11,,4,,
core/java/android/service/autofill/SaveInfo.java,103,103,,,,
core/java/android/service/autofill/SaveRequest.java,23,23,,,,
core/java/android/service/autofill/TextValueSanitizer.java,24,24,,,,
core/java/android/service/autofill/Transformation.java,1,,,1,,
core/java/android/service/autofill/UserData.java,84,84,,,,
core/java/android/service/autofill/Validator.java,1,1,,,,
core/java/android/service/autofill/Validators.java,12,12,,,,
core/java/android/service/autofill/ValueFinder.java,6,6,,,,
core/java/android/service/carrier/CarrierIdentifier.java,51,51,,,,
core/java/android/service/carrier/CarrierMessagingService.java,162,162,,,,
core/java/android/service/carrier/CarrierService.java,22,22,,,,
core/java/android/service/carrier/MessagePdu.java,20,20,,,,
core/java/android/service/chooser/ChooserTarget.java,31,31,,,,
core/java/android/service/chooser/ChooserTargetService.java,19,19,,,,
core/java/android/service/dreams/DreamManagerInternal.java,6,6,,,,
core/java/android/service/dreams/DreamService.java,192,192,,,,
core/java/android/service/dreams/Sandman.java,24,24,,,,
core/java/android/service/euicc/EuiccProfileInfo.java,98,98,,,,
core/java/android/service/euicc/EuiccService.java,174,174,,,,
core/java/android/service/euicc/GetDefaultDownloadableSubscriptionListResult.java,20,20,,,,
core/java/android/service/euicc/GetDownloadableSubscriptionMetadataResult.java,20,20,,,,
core/java/android/service/euicc/GetEuiccProfileInfoListResult.java,23,23,,,,
core/java/android/service/gatekeeper/GateKeeperResponse.java,38,38,,,,
core/java/android/service/media/CameraPrewarmService.java,15,15,,,,
core/java/android/service/notification/Adjustment.java,34,34,,,,
core/java/android/service/notification/Condition.java,63,61,,2,,
core/java/android/service/notification/ConditionProviderService.java,47,47,,,,
core/java/android/service/notification/NotificationAssistantService.java,53,53,,,,
core/java/android/service/notification/NotificationListenerService.java,435,435,,,,
core/java/android/service/notification/NotificationRankingUpdate.java,53,53,,,,
core/java/android/service/notification/NotificationStats.java,47,47,,,,
core/java/android/service/notification/NotifyingApp.java,33,33,,,,
core/java/android/service/notification/ScheduleCalendar.java,54,52,,2,,
core/java/android/service/notification/SnoozeCriterion.java,28,28,,,,
core/java/android/service/notification/StatusBarNotification.java,81,81,,,,
core/java/android/service/notification/ZenModeConfig.java,512,498,,10,4,
core/java/android/service/oemlock/OemLockManager.java,19,19,,,,
core/java/android/service/persistentdata/PersistentDataBlockManager.java,26,26,,,,
core/java/android/service/quicksettings/Tile.java,43,43,,,,
core/java/android/service/quicksettings/TileService.java,74,74,,,,
core/java/android/service/resolver/ResolverRankerService.java,39,39,,,,
core/java/android/service/resolver/ResolverTarget.java,36,36,,,,
core/java/android/service/restrictions/RestrictionsReceiver.java,16,16,,,,
core/java/android/service/settings/suggestions/Suggestion.java,49,49,,,,
core/java/android/service/settings/suggestions/SuggestionService.java,16,16,,,,
core/java/android/service/textclassifier/TextClassifierService.java,111,111,,,,
core/java/android/service/textservice/SpellCheckerService.java,127,127,,,,
core/java/android/service/trust/TrustAgentService.java,141,141,,,,
core/java/android/service/voice/AlwaysOnHotwordDetector.java,119,119,,,,
core/java/android/service/voice/VoiceInteractionManagerInternal.java,7,7,,,,
core/java/android/service/voice/VoiceInteractionService.java,57,57,,,,
core/java/android/service/voice/VoiceInteractionServiceInfo.java,42,42,,,,
core/java/android/service/voice/VoiceInteractionSession.java,430,430,,,,
core/java/android/service/voice/VoiceInteractionSessionService.java,35,35,,,,
core/java/android/service/vr/VrListenerService.java,28,28,,,,
core/java/android/service/wallpaper/WallpaperService.java,381,381,,,,
core/java/android/service/wallpaper/WallpaperSettingsActivity.java,5,5,,,,
core/java/android/speech/RecognitionListener.java,18,18,,,,
core/java/android/speech/RecognitionService.java,87,87,,,,
core/java/android/speech/RecognizerIntent.java,40,40,,,,
core/java/android/speech/RecognizerResultsIntent.java,9,9,,,,
core/java/android/speech/SpeechRecognizer.java,100,100,,,,
core/java/android/speech/tts/AbstractEventLogger.java,30,30,,,,
core/java/android/speech/tts/AbstractSynthesisCallback.java,6,6,,,,
core/java/android/speech/tts/AudioPlaybackHandler.java,28,28,,,,
core/java/android/speech/tts/AudioPlaybackQueueItem.java,42,42,,,,
core/java/android/speech/tts/BlockingAudioTrack.java,85,85,,,,
core/java/android/speech/tts/EventLogger.java,17,17,,,,
core/java/android/speech/tts/FileSynthesisCallback.java,63,63,,,,
core/java/android/speech/tts/PlaybackQueueItem.java,11,11,,,,
core/java/android/speech/tts/PlaybackSynthesisCallback.java,48,48,,,,
core/java/android/speech/tts/SilencePlaybackQueueItem.java,11,11,,,,
core/java/android/speech/tts/SynthesisCallback.java,20,20,,,,
core/java/android/speech/tts/SynthesisPlaybackQueueItem.java,65,65,,,,
core/java/android/speech/tts/SynthesisRequest.java,38,38,,,,
core/java/android/speech/tts/TextToSpeech.java,438,436,,2,,
core/java/android/speech/tts/TextToSpeechService.java,448,448,,,,
core/java/android/speech/tts/TtsEngines.java,120,120,,,,
core/java/android/speech/tts/UtteranceProgressListener.java,42,42,,,,
core/java/android/speech/tts/Voice.java,50,50,,,,
core/java/android/text/AlteredCharSequence.java,54,54,,,,
core/java/android/text/AndroidBidi.java,47,47,,,,
core/java/android/text/AndroidCharacter.java,24,24,,,,
core/java/android/text/Annotation.java,19,19,,,,
core/java/android/text/AutoGrowArray.java,79,79,,,,
core/java/android/text/AutoText.java,66,66,,,,
core/java/android/text/BidiFormatter.java,131,131,,,,
core/java/android/text/BoringLayout.java,146,146,,,,
core/java/android/text/CharSequenceCharacterIterator.java,21,21,,,,
core/java/android/text/ClipboardManager.java,5,5,,,,
core/java/android/text/DynamicLayout.java,323,323,,,,
core/java/android/text/Editable.java,40,40,,,,
core/java/android/text/Emoji.java,19,19,,,,
core/java/android/text/FontConfig.java,60,60,,,,
core/java/android/text/format/DateFormat.java,119,119,,,,
core/java/android/text/format/DateUtils.java,160,160,,,,
core/java/android/text/format/Formatter.java,63,63,,,,
core/java/android/text/format/Time.java,188,188,,,,
core/java/android/text/format/TimeFormatter.java,97,97,,,,
core/java/android/text/GetChars.java,6,6,,,,
core/java/android/text/GraphicsOperations.java,43,43,,,,
core/java/android/text/Html.java,370,370,,,,
core/java/android/text/Hyphenator.java,3,3,,,,
core/java/android/text/InputFilter.java,70,70,,,,
core/java/android/text/InputType.java,39,39,,,,
core/java/android/text/Layout.java,720,720,,,,
core/java/android/text/LoginFilter.java,45,45,,,,
core/java/android/text/MeasuredParagraph.java,168,168,,,,
core/java/android/text/method/AllCapsTransformationMethod.java,19,19,,,,
core/java/android/text/method/ArrowKeyMovementMethod.java,102,102,,,,
core/java/android/text/method/BaseKeyListener.java,104,104,,,,
core/java/android/text/method/BaseMovementMethod.java,183,183,,,,
core/java/android/text/method/CharacterPickerDialog.java,42,42,,,,
core/java/android/text/method/DateKeyListener.java,19,19,,,,
core/java/android/text/method/DateTimeKeyListener.java,20,20,,,,
core/java/android/text/method/DialerKeyListener.java,15,15,,,,
core/java/android/text/method/DigitsKeyListener.java,95,95,,,,
core/java/android/text/method/HideReturnsTransformationMethod.java,7,7,,,,
core/java/android/text/method/KeyListener.java,20,20,,,,
core/java/android/text/method/LinkMovementMethod.java,71,71,,,,
core/java/android/text/method/MetaKeyKeyListener.java,140,140,,,,
core/java/android/text/method/MovementMethod.java,35,35,,,,
core/java/android/text/method/MultiTapKeyListener.java,68,68,,,,
core/java/android/text/method/NumberKeyListener.java,68,68,,,,
core/java/android/text/method/PasswordTransformationMethod.java,81,81,,,,
core/java/android/text/method/QwertyKeyListener.java,93,93,,,,
core/java/android/text/method/ReplacementTransformationMethod.java,70,70,,,,
core/java/android/text/method/ScrollingMovementMethod.java,50,50,,,,
core/java/android/text/method/SingleLineTransformationMethod.java,7,7,,,,
core/java/android/text/method/TextKeyListener.java,114,114,,,,
core/java/android/text/method/TimeKeyListener.java,20,20,,,,
core/java/android/text/method/Touch.java,55,55,,,,
core/java/android/text/method/TransformationMethod.java,10,10,,,,
core/java/android/text/method/TransformationMethod2.java,3,3,,,,
core/java/android/text/method/WordIterator.java,66,66,,,,
core/java/android/text/NoCopySpan.java,2,2,,,,
core/java/android/text/PackedIntVector.java,75,75,,,,
core/java/android/text/PackedObjectVector.java,46,46,,,,
core/java/android/text/ParcelableSpan.java,6,6,,,,
core/java/android/text/PrecomputedText.java,138,138,,,,
core/java/android/text/Selection.java,172,172,,,,
core/java/android/text/Spannable.java,16,16,,,,
core/java/android/text/SpannableString.java,22,22,,,,
core/java/android/text/SpannableStringBuilder.java,488,488,,,,
core/java/android/text/SpannableStringInternal.java,190,190,,,,
core/java/android/text/Spanned.java,31,31,,,,
core/java/android/text/SpannedString.java,15,15,,,,
core/java/android/text/SpanSet.java,32,32,,,,
core/java/android/text/SpanWatcher.java,18,18,,,,
core/java/android/text/StaticLayout.java,396,396,,,,
core/java/android/text/style/AbsoluteSizeSpan.java,25,25,,,,
core/java/android/text/style/AccessibilityClickableSpan.java,35,35,,,,
core/java/android/text/style/AccessibilityURLSpan.java,18,18,,,,
core/java/android/text/style/AlignmentSpan.java,18,18,,,,
core/java/android/text/style/BackgroundColorSpan.java,18,18,,,,
core/java/android/text/style/BulletSpan.java,58,58,,,,
core/java/android/text/style/CharacterStyle.java,13,13,,,,
core/java/android/text/style/ClickableSpan.java,8,8,,,,
core/java/android/text/style/DrawableMarginSpan.java,38,38,,,,
core/java/android/text/style/DynamicDrawableSpan.java,33,33,,,,
core/java/android/text/style/EasyEditSpan.java,24,24,,,,
core/java/android/text/style/ForegroundColorSpan.java,18,18,,,,
core/java/android/text/style/IconMarginSpan.java,34,34,,,,
core/java/android/text/style/ImageSpan.java,53,51,,2,,
core/java/android/text/style/LeadingMarginSpan.java,52,52,,,,
core/java/android/text/style/LineBackgroundSpan.java,13,13,,,,
core/java/android/text/style/LineHeightSpan.java,17,17,,,,
core/java/android/text/style/LocaleSpan.java,26,26,,,,
core/java/android/text/style/MaskFilterSpan.java,7,7,,,,
core/java/android/text/style/MetricAffectingSpan.java,13,13,,,,
core/java/android/text/style/ParagraphStyle.java,1,1,,,,
core/java/android/text/style/QuoteSpan.java,45,45,,,,
core/java/android/text/style/RasterizerSpan.java,7,7,,,,
core/java/android/text/style/RelativeSizeSpan.java,20,20,,,,
core/java/android/text/style/ReplacementSpan.java,21,21,,,,
core/java/android/text/style/ScaleXSpan.java,20,20,,,,
core/java/android/text/style/SpellCheckSpan.java,17,17,,,,
core/java/android/text/style/StrikethroughSpan.java,15,15,,,,
core/java/android/text/style/StyleSpan.java,28,28,,,,
core/java/android/text/style/SubscriptSpan.java,17,17,,,,
core/java/android/text/style/SuggestionRangeSpan.java,18,18,,,,
core/java/android/text/style/SuggestionSpan.java,90,90,,,,
core/java/android/text/style/SuperscriptSpan.java,17,17,,,,
core/java/android/text/style/TabStopSpan.java,7,7,,,,
core/java/android/text/style/TextAppearanceSpan.java,48,48,,,,
core/java/android/text/style/TtsSpan.java,292,292,,,,
core/java/android/text/style/TypefaceSpan.java,36,36,,,,
core/java/android/text/style/UnderlineSpan.java,15,15,,,,
core/java/android/text/style/UpdateAppearance.java,1,1,,,,
core/java/android/text/style/UpdateLayout.java,1,1,,,,
core/java/android/text/style/URLSpan.java,22,22,,,,
core/java/android/text/style/WrapTogetherSpan.java,1,1,,,,
core/java/android/text/TextDirectionHeuristic.java,9,9,,,,
core/java/android/text/TextDirectionHeuristics.java,72,72,,,,
core/java/android/text/TextLine.java,338,334,,4,,
core/java/android/text/TextPaint.java,21,21,,,,
core/java/android/text/TextUtils.java,504,504,,,,
core/java/android/text/TextWatcher.java,13,12,,1,,
core/java/android/text/util/Linkify.java,209,209,,,,
core/java/android/text/util/Rfc822Token.java,44,44,,,,
core/java/android/text/util/Rfc822Tokenizer.java,33,33,,,,
core/java/android/transition/ArcMotion.java,58,58,,,,
core/java/android/transition/AutoTransition.java,6,6,,,,
core/java/android/transition/ChangeBounds.java,184,184,,,,
core/java/android/transition/ChangeClipBounds.java,32,32,,,,
core/java/android/transition/ChangeImageTransform.java,64,64,,,,
core/java/android/transition/ChangeScroll.java,26,26,,,,
core/java/android/transition/ChangeText.java,71,71,,,,
core/java/android/transition/ChangeTransform.java,169,169,,,,
core/java/android/transition/CircularPropagation.java,29,29,,,,
core/java/android/transition/Crossfade.java,57,57,,,,
core/java/android/transition/Explode.java,65,65,,,,
core/java/android/transition/Fade.java,52,52,,,,
core/java/android/transition/PathMotion.java,10,10,,,,
core/java/android/transition/PatternPathMotion.java,38,38,,,,
core/java/android/transition/Recolor.java,26,26,,,,
core/java/android/transition/Rotate.java,13,13,,,,
core/java/android/transition/Scene.java,38,38,,,,
core/java/android/transition/SidePropagation.java,45,45,,,,
core/java/android/transition/Slide.java,109,109,,,,
core/java/android/transition/Transition.java,462,462,,,,
core/java/android/transition/TransitionInflater.java,77,77,,,,
core/java/android/transition/TransitionListenerAdapter.java,11,11,,,,
core/java/android/transition/TransitionManager.java,86,86,,,,
core/java/android/transition/TransitionPropagation.java,9,9,,,,
core/java/android/transition/TransitionSet.java,159,159,,,,
core/java/android/transition/TransitionUtils.java,66,66,,,,
core/java/android/transition/TransitionValues.java,10,10,,,,
core/java/android/transition/TransitionValuesMaps.java,5,5,,,,
core/java/android/transition/TranslationAnimationCreator.java,55,55,,,,
core/java/android/transition/Visibility.java,134,134,,,,
core/java/android/transition/VisibilityPropagation.java,21,21,,,,
core/java/android/util/AndroidException.java,14,14,,,,
core/java/android/util/AndroidRuntimeException.java,9,9,,,,
core/java/android/util/apk/ApkSignatureSchemeV2Verifier.java,108,108,,,,
core/java/android/util/apk/ApkSignatureSchemeV3Verifier.java,145,145,,,,
core/java/android/util/apk/ApkSignatureVerifier.java,84,84,,,,
core/java/android/util/apk/ApkSigningBlockUtils.java,199,199,,,,
core/java/android/util/apk/ApkVerityBuilder.java,132,132,,,,
core/java/android/util/apk/ByteBufferDataSource.java,10,10,,,,
core/java/android/util/apk/ByteBufferFactory.java,3,3,,,,
core/java/android/util/apk/DataDigester.java,3,3,,,,
core/java/android/util/apk/DataSource.java,6,6,,,,
core/java/android/util/apk/MemoryMappedFileDataSource.java,22,22,,,,
core/java/android/util/apk/SignatureInfo.java,12,12,,,,
core/java/android/util/apk/SignatureNotFoundException.java,7,7,,,,
core/java/android/util/apk/VerbatimX509Certificate.java,14,14,,,,
core/java/android/util/apk/WrappedX509Certificate.java,35,35,,,,
core/java/android/util/apk/ZipUtils.java,53,53,,,,
core/java/android/util/ArrayMap.java,186,186,,,,
core/java/android/util/ArraySet.java,148,148,,,,
core/java/android/util/AtomicFile.java,45,45,,,,
core/java/android/util/AttributeSet.java,63,63,,,,
core/java/android/util/BackupUtils.java,11,11,,,,
core/java/android/util/Base64.java,105,105,,,,
core/java/android/util/Base64DataException.java,3,3,,,,
core/java/android/util/Base64InputStream.java,33,33,,,,
core/java/android/util/Base64OutputStream.java,32,32,,,,
core/java/android/util/ByteStringUtils.java,20,20,,,,
core/java/android/util/Config.java,7,7,,,,
core/java/android/util/ContainerHelpers.java,17,17,,,,
core/java/android/util/DataUnit.java,20,20,,,,
core/java/android/util/DayOfMonthCursor.java,25,25,,,,
core/java/android/util/DebugUtils.java,53,53,,,,
core/java/android/util/DisplayMetrics.java,48,48,,,,
core/java/android/util/EventLog.java,94,94,,,,
core/java/android/util/EventLogTags.java,14,14,,,,
core/java/android/util/ExceptionUtils.java,24,24,,,,
core/java/android/util/FastImmutableArraySet.java,16,16,,,,
core/java/android/util/FeatureFlagUtils.java,15,12,,1,2,
core/java/android/util/FloatMath.java,20,20,,,,
core/java/android/util/FloatProperty.java,9,9,,,,
core/java/android/util/Half.java,167,167,,,,
core/java/android/util/IconDrawableFactory.java,36,36,,,,
core/java/android/util/IntArray.java,53,53,,,,
core/java/android/util/IntProperty.java,9,9,,,,
core/java/android/util/jar/StrictJarFile.java,134,134,,,,
core/java/android/util/jar/StrictJarManifest.java,65,65,,,,
core/java/android/util/jar/StrictJarManifestReader.java,29,29,,,,
core/java/android/util/jar/StrictJarVerifier.java,127,127,,,,
core/java/android/util/JsonReader.java,118,116,,2,,
core/java/android/util/JsonWriter.java,55,55,,,,
core/java/android/util/KeyValueListParser.java,49,49,,,,
core/java/android/util/KeyValueSettingObserver.java,24,24,,,,
core/java/android/util/LauncherIcons.java,56,56,,,,
core/java/android/util/LayoutDirection.java,7,7,,,,
core/java/android/util/LocalLog.java,32,32,,,,
core/java/android/util/Log.java,143,143,,,,
core/java/android/util/LogPrinter.java,13,13,,,,
core/java/android/util/LogWriter.java,21,21,,,,
core/java/android/util/LongArray.java,56,56,,,,
core/java/android/util/LongSparseArray.java,64,64,,,,
core/java/android/util/LongSparseLongArray.java,44,44,,,,
core/java/android/util/LruCache.java,55,55,,,,
core/java/android/util/MalformedJsonException.java,4,4,,,,
core/java/android/util/MapCollections.java,182,182,,,,
core/java/android/util/MathUtils.java,128,128,,,,
core/java/android/util/MemoryIntArray.java,66,66,,,,
core/java/android/util/MergedConfiguration.java,47,47,,,,
core/java/android/util/MonthDisplayHelper.java,40,40,,,,
core/java/android/util/MutableBoolean.java,4,4,,,,
core/java/android/util/MutableByte.java,4,4,,,,
core/java/android/util/MutableChar.java,4,4,,,,
core/java/android/util/MutableDouble.java,4,4,,,,
core/java/android/util/MutableFloat.java,4,4,,,,
core/java/android/util/MutableInt.java,4,4,,,,
core/java/android/util/MutableLong.java,4,4,,,,
core/java/android/util/MutableShort.java,4,4,,,,
core/java/android/util/NoSuchPropertyException.java,3,3,,,,
core/java/android/util/NtpTrustedTime.java,38,31,,5,2,
core/java/android/util/PackageUtils.java,21,21,,,,
core/java/android/util/Pair.java,14,14,,,,
core/java/android/util/PathParser.java,53,53,,,,
core/java/android/util/Patterns.java,50,50,,,,
core/java/android/util/Pools.java,29,29,,,,
core/java/android/util/PrefixPrinter.java,11,11,,,,
core/java/android/util/Printer.java,3,3,,,,
core/java/android/util/PrintStreamPrinter.java,6,6,,,,
core/java/android/util/PrintWriterPrinter.java,6,6,,,,
core/java/android/util/Property.java,18,18,,,,
core/java/android/util/proto/EncodedBuffer.java,111,111,,,,
core/java/android/util/proto/ProtoOutputStream.java,536,536,,,,
core/java/android/util/proto/ProtoParseException.java,3,3,,,,
core/java/android/util/proto/ProtoUtils.java,22,22,,,,
core/java/android/util/Range.java,46,46,,,,
core/java/android/util/Rational.java,55,55,,,,
core/java/android/util/RecurrenceRule.java,68,68,,,,
core/java/android/util/ReflectiveProperty.java,37,37,,,,
core/java/android/util/Singleton.java,4,4,,,,
core/java/android/util/Size.java,19,19,,,,
core/java/android/util/SizeF.java,20,20,,,,
core/java/android/util/Slog.java,60,60,,,,
core/java/android/util/SparseArray.java,73,70,,3,,
core/java/android/util/SparseBooleanArray.java,57,57,,,,
core/java/android/util/SparseIntArray.java,48,48,,,,
core/java/android/util/SparseLongArray.java,47,47,,,,
core/java/android/util/SparseSetArray.java,27,27,,,,
core/java/android/util/Spline.java,67,67,,,,
core/java/android/util/StateSet.java,61,61,,,,
core/java/android/util/StatsLog.java,18,18,,,,
core/java/android/util/StringBuilderPrinter.java,7,7,,,,
core/java/android/util/SuperNotCalledException.java,3,3,,,,
core/java/android/util/TimedRemoteCaller.java,21,21,,,,
core/java/android/util/TimeFormatException.java,3,3,,,,
core/java/android/util/TimeUtils.java,89,89,,,,
core/java/android/util/TimingLogger.java,22,22,,,,
core/java/android/util/TimingsTraceLog.java,18,18,,,,
core/java/android/util/TrustedTime.java,6,6,,,,
core/java/android/util/TypedValue.java,93,93,,,,
core/java/android/util/Xml.java,35,35,,,,
core/java/android/util/XmlPullAttributes.java,68,68,,,,
core/java/android/view/AbsSavedState.java,28,28,,,,
core/java/android/view/accessibility/AccessibilityCache.java,117,117,,,,
core/java/android/view/accessibility/AccessibilityEvent.java,160,160,,,,
core/java/android/view/accessibility/AccessibilityEventSource.java,5,5,,,,
core/java/android/view/accessibility/AccessibilityInteractionClient.java,187,187,,,,
core/java/android/view/accessibility/AccessibilityManager.java,226,226,,,,
core/java/android/view/accessibility/AccessibilityNodeInfo.java,677,677,,,,
core/java/android/view/accessibility/AccessibilityNodeProvider.java,18,18,,,,
core/java/android/view/accessibility/AccessibilityRecord.java,163,161,,2,,
core/java/android/view/accessibility/AccessibilityRequestPreparer.java,19,19,,,,
core/java/android/view/accessibility/AccessibilityWindowInfo.java,124,124,,,,
core/java/android/view/accessibility/CaptioningManager.java,120,120,,,,
core/java/android/view/AccessibilityInteractionController.java,428,428,,,,
core/java/android/view/AccessibilityIterators.java,81,78,,3,,
core/java/android/view/ActionMode.java,57,57,,,,
core/java/android/view/ActionProvider.java,29,29,,,,
core/java/android/view/animation/AccelerateDecelerateInterpolator.java,8,8,,,,
core/java/android/view/animation/AccelerateInterpolator.java,17,17,,,,
core/java/android/view/animation/AlphaAnimation.java,17,17,,,,
core/java/android/view/animation/Animation.java,184,184,,,,
core/java/android/view/animation/AnimationSet.java,139,139,,,,
core/java/android/view/animation/AnimationUtils.java,92,92,,,,
core/java/android/view/animation/AnticipateInterpolator.java,16,16,,,,
core/java/android/view/animation/AnticipateOvershootInterpolator.java,25,25,,,,
core/java/android/view/animation/BaseInterpolator.java,5,5,,,,
core/java/android/view/animation/BounceInterpolator.java,10,10,,,,
core/java/android/view/animation/ClipRectAnimation.java,49,49,,,,
core/java/android/view/animation/CycleInterpolator.java,15,15,,,,
core/java/android/view/animation/DecelerateInterpolator.java,17,15,,2,,
core/java/android/view/animation/GridLayoutAnimationController.java,65,65,,,,
core/java/android/view/animation/Interpolator.java,1,1,,,,
core/java/android/view/animation/LayoutAnimationController.java,61,61,,,,
core/java/android/view/animation/LinearInterpolator.java,8,8,,,,
core/java/android/view/animation/OvershootInterpolator.java,16,16,,,,
core/java/android/view/animation/PathInterpolator.java,64,64,,,,
core/java/android/view/animation/RotateAnimation.java,40,40,,,,
core/java/android/view/animation/ScaleAnimation.java,66,66,,,,
core/java/android/view/animation/Transformation.java,44,44,,,,
core/java/android/view/animation/TranslateAnimation.java,42,42,,,,
core/java/android/view/animation/TranslateXAnimation.java,15,15,,,,
core/java/android/view/animation/TranslateYAnimation.java,15,15,,,,
core/java/android/view/AppTransitionAnimationSpec.java,21,21,,,,
core/java/android/view/autofill/AutofillId.java,35,35,,,,
core/java/android/view/autofill/AutofillManager.java,564,556,,5,3,
core/java/android/view/autofill/AutofillManagerInternal.java,6,6,,,,
core/java/android/view/autofill/AutofillPopupWindow.java,104,104,,,,
core/java/android/view/autofill/AutofillValue.java,42,42,,,,
core/java/android/view/autofill/Helper.java,16,16,,,,
core/java/android/view/autofill/ParcelableMap.java,19,19,,,,
core/java/android/view/BatchedInputEventReceiver.java,16,16,,,,
core/java/android/view/Choreographer.java,191,191,,,,
core/java/android/view/CollapsibleActionView.java,3,3,,,,
core/java/android/view/ContextMenu.java,13,13,,,,
core/java/android/view/ContextThemeWrapper.java,35,35,,,,
core/java/android/view/Display.java,220,220,,,,
core/java/android/view/DisplayAdjustments.java,20,20,,,,
core/java/android/view/DisplayCutout.java,142,123,,9,10,
core/java/android/view/DisplayEventReceiver.java,41,41,,,,
core/java/android/view/DisplayInfo.java,122,122,,,,
core/java/android/view/DisplayListCanvas.java,98,98,,,,
core/java/android/view/DragAndDropPermissions.java,26,26,,,,
core/java/android/view/DragEvent.java,68,68,,,,
core/java/android/view/FallbackEventHandler.java,7,7,,,,
core/java/android/view/FocusFinder.java,251,251,,,,
core/java/android/view/FocusFinderHelper.java,30,30,,,,
core/java/android/view/FrameInfo.java,24,24,,,,
core/java/android/view/FrameMetrics.java,37,37,,,,
core/java/android/view/FrameMetricsObserver.java,13,13,,,,
core/java/android/view/FrameStats.java,10,10,,,,
core/java/android/view/GestureDetector.java,177,177,,,,
core/java/android/view/GhostView.java,105,105,,,,
core/java/android/view/Gravity.java,83,83,,,,
core/java/android/view/HandlerActionQueue.java,34,34,,,,
core/java/android/view/HapticFeedbackConstants.java,23,23,,,,
core/java/android/view/InflateException.java,9,9,,,,
core/java/android/view/InputChannel.java,42,42,,,,
core/java/android/view/InputDevice.java,172,172,,,,
core/java/android/view/InputEvent.java,35,35,,,,
core/java/android/view/InputEventConsistencyVerifier.java,146,146,,,,
core/java/android/view/InputEventReceiver.java,47,47,,,,
core/java/android/view/InputEventSender.java,36,36,,,,
core/java/android/view/InputFilter.java,31,31,,,,
core/java/android/view/inputmethod/BaseInputConnection.java,187,187,,,,
core/java/android/view/inputmethod/CompletionInfo.java,31,31,,,,
core/java/android/view/inputmethod/CorrectionInfo.java,24,24,,,,
core/java/android/view/inputmethod/CursorAnchorInfo.java,92,92,,,,
core/java/android/view/inputmethod/EditorInfo.java,52,52,,,,
core/java/android/view/inputmethod/ExtractedText.java,22,22,,,,
core/java/android/view/inputmethod/ExtractedTextRequest.java,16,16,,,,
core/java/android/view/inputmethod/InputBinding.java,31,31,,,,
core/java/android/view/inputmethod/InputConnection.java,65,65,,,,
core/java/android/view/inputmethod/InputConnectionInspector.java,52,52,,,,
core/java/android/view/inputmethod/InputConnectionWrapper.java,69,69,,,,
core/java/android/view/inputmethod/InputContentInfo.java,42,42,,,,
core/java/android/view/inputmethod/InputMethod.java,39,39,,,,
core/java/android/view/inputmethod/InputMethodInfo.java,112,112,,,,
core/java/android/view/inputmethod/InputMethodManager.java,474,474,,,,
core/java/android/view/inputmethod/InputMethodManagerInternal.java,8,8,,,,
core/java/android/view/inputmethod/InputMethodSession.java,42,42,,,,
core/java/android/view/inputmethod/InputMethodSubtype.java,157,157,,,,
core/java/android/view/inputmethod/InputMethodSubtypeArray.java,42,42,,,,
core/java/android/view/inputmethod/SparseRectFArray.java,63,63,,,,
core/java/android/view/InputQueue.java,54,54,,,,
core/java/android/view/KeyboardShortcutGroup.java,33,33,,,,
core/java/android/view/KeyboardShortcutInfo.java,36,36,,,,
core/java/android/view/KeyCharacterMap.java,169,168,,1,,
core/java/android/view/KeyEvent.java,621,619,,2,,
core/java/android/view/LayoutInflater.java,233,233,,,,
core/java/android/view/MagnificationSpec.java,41,41,,,,
core/java/android/view/Menu.java,88,88,,,,
core/java/android/view/MenuInflater.java,129,129,,,,
core/java/android/view/MenuItem.java,103,103,,,,
core/java/android/view/MotionEvent.java,669,669,,,,
core/java/android/view/NotificationHeaderView.java,172,172,,,,
core/java/android/view/OrientationEventListener.java,41,41,,,,
core/java/android/view/OrientationListener.java,26,26,,,,
core/java/android/view/PointerIcon.java,124,124,,,,
core/java/android/view/RecordingCanvas.java,486,486,,,,
core/java/android/view/RemoteAnimationAdapter.java,27,27,,,,
core/java/android/view/RemoteAnimationDefinition.java,56,56,,,,
core/java/android/view/RemoteAnimationTarget.java,45,45,,,,
core/java/android/view/RenderNode.java,328,328,,,,
core/java/android/view/RenderNodeAnimator.java,165,165,,,,
core/java/android/view/RenderNodeAnimatorSetHelper.java,6,6,,,,
core/java/android/view/RoundScrollbarRenderer.java,36,36,,,,
core/java/android/view/ScaleGestureDetector.java,107,107,,,,
core/java/android/view/SearchEvent.java,5,5,,,,
core/java/android/view/SoundEffectConstants.java,9,9,,,,
core/java/android/view/SubMenu.java,17,17,,,,
core/java/android/view/Surface.java,181,181,,,,
core/java/android/view/SurfaceControl.java,634,624,,3,7,
core/java/android/view/SurfaceHolder.java,48,48,,,,
core/java/android/view/SurfaceSession.java,14,14,,,,
core/java/android/view/SurfaceView.java,256,256,,,,
core/java/android/view/textclassifier/EntityConfidence.java,31,31,,,,
core/java/android/view/textclassifier/GenerateLinksLogger.java,45,45,,,,
core/java/android/view/textclassifier/Log.java,14,14,,,,
core/java/android/view/textclassifier/logging/SmartSelectionEventTracker.java,159,159,,,,
core/java/android/view/textclassifier/SelectionEvent.java,138,138,,,,
core/java/android/view/textclassifier/SelectionSessionLogger.java,77,77,,,,
core/java/android/view/textclassifier/SystemTextClassifier.java,57,57,,,,
core/java/android/view/textclassifier/TextClassification.java,162,162,,,,
core/java/android/view/textclassifier/TextClassificationConstants.java,65,65,,,,
core/java/android/view/textclassifier/TextClassificationContext.java,34,34,,,,
core/java/android/view/textclassifier/TextClassificationManager.java,44,44,,,,
core/java/android/view/textclassifier/TextClassificationSession.java,43,43,,,,
core/java/android/view/textclassifier/TextClassificationSessionFactory.java,3,3,,,,
core/java/android/view/textclassifier/TextClassificationSessionId.java,25,25,,,,
core/java/android/view/textclassifier/TextClassifier.java,126,126,,,,
core/java/android/view/textclassifier/TextClassifierImpl.java,227,219,,2,6,
core/java/android/view/textclassifier/TextClassifierImplNative.java,122,117,,3,2,
core/java/android/view/textclassifier/TextLinks.java,177,177,,,,
core/java/android/view/textclassifier/TextLinksParams.java,33,33,,,,
core/java/android/view/textclassifier/TextSelection.java,107,107,,,,
core/java/android/view/textservice/SentenceSuggestionsInfo.java,30,30,,,,
core/java/android/view/textservice/SpellCheckerInfo.java,55,55,,,,
core/java/android/view/textservice/SpellCheckerSession.java,119,119,,,,
core/java/android/view/textservice/SpellCheckerSubtype.java,75,75,,,,
core/java/android/view/textservice/SuggestionsInfo.java,39,39,,,,
core/java/android/view/textservice/TextInfo.java,39,39,,,,
core/java/android/view/textservice/TextServicesManager.java,39,39,,,,
core/java/android/view/TextureLayer.java,43,43,,,,
core/java/android/view/TextureView.java,119,119,,,,
core/java/android/view/ThreadedRenderer.java,424,418,,1,5,
core/java/android/view/TouchDelegate.java,23,23,,,,
core/java/android/view/VelocityTracker.java,73,73,,,,
core/java/android/view/View.java,3535,3528,,3,4,
core/java/android/view/ViewAnimationUtils.java,8,8,,,,
core/java/android/view/ViewConfiguration.java,140,140,,,,
core/java/android/view/ViewDebug.java,504,504,,,,
core/java/android/view/ViewGroup.java,1755,1751,,4,,
core/java/android/view/ViewGroupOverlay.java,8,8,,,,
core/java/android/view/ViewHierarchyEncoder.java,62,62,,,,
core/java/android/view/ViewManager.java,9,9,,,,
core/java/android/view/ViewOutlineProvider.java,20,20,,,,
core/java/android/view/ViewOverlay.java,67,67,,,,
core/java/android/view/ViewParent.java,114,114,,,,
core/java/android/view/ViewPropertyAnimator.java,198,198,,,,
core/java/android/view/ViewPropertyAnimatorRT.java,29,29,,,,
core/java/android/view/ViewRootImpl.java,1798,1791,,6,1,
core/java/android/view/ViewStructure.java,128,127,,1,,
core/java/android/view/ViewStub.java,74,74,,,,
core/java/android/view/ViewTreeObserver.java,196,196,,,,
core/java/android/view/Window.java,472,468,,2,2,
core/java/android/view/WindowAnimationFrameStats.java,19,19,,,,
core/java/android/view/WindowCallbacks.java,25,25,,,,
core/java/android/view/WindowCallbackWrapper.java,59,59,,,,
core/java/android/view/WindowContentFrameStats.java,27,27,,,,
core/java/android/view/WindowId.java,50,50,,,,
core/java/android/view/WindowInfo.java,38,38,,,,
core/java/android/view/WindowInsets.java,105,105,,,,
core/java/android/view/WindowManager.java,362,355,,2,5,
core/java/android/view/WindowManagerGlobal.java,172,172,,,,
core/java/android/view/WindowManagerImpl.java,42,42,,,,
core/java/android/view/WindowManagerPolicyConstants.java,38,38,,,,
core/java/android/view/WindowManagerPolicyControl.java,114,62,,12,40,
core/java/android/webkit/CacheManager.java,51,51,,,,
core/java/android/webkit/ClientCertRequest.java,11,11,,,,
core/java/android/webkit/ConsoleMessage.java,14,14,,,,
core/java/android/webkit/CookieManager.java,42,42,,,,
core/java/android/webkit/CookieSyncManager.java,15,15,,,,
core/java/android/webkit/DateSorter.java,25,25,,,,
core/java/android/webkit/DownloadListener.java,7,7,,,,
core/java/android/webkit/FindActionModeCallback.java,76,76,,,,
core/java/android/webkit/FindAddress.java,76,76,,,,
core/java/android/webkit/GeolocationPermissions.java,18,18,,,,
core/java/android/webkit/HttpAuthHandler.java,7,7,,,,
core/java/android/webkit/JsDialogHelper.java,52,52,,,,
core/java/android/webkit/JsPromptResult.java,7,7,,,,
core/java/android/webkit/JsResult.java,12,12,,,,
core/java/android/webkit/LegacyErrorStrings.java,8,8,,,,
core/java/android/webkit/MimeTypeMap.java,28,28,,,,
core/java/android/webkit/PermissionRequest.java,10,10,,,,
core/java/android/webkit/Plugin.java,38,38,,,,
core/java/android/webkit/PluginData.java,14,14,,,,
core/java/android/webkit/PluginList.java,15,15,,,,
core/java/android/webkit/PluginStub.java,7,7,,,,
core/java/android/webkit/RenderProcessGoneDetail.java,3,3,,,,
core/java/android/webkit/SafeBrowsingResponse.java,7,4,,3,,
core/java/android/webkit/ServiceWorkerClient.java,3,3,,,,
core/java/android/webkit/ServiceWorkerController.java,5,5,,,,
core/java/android/webkit/ServiceWorkerWebSettings.java,13,13,,,,
core/java/android/webkit/SslErrorHandler.java,4,4,,,,
core/java/android/webkit/TokenBindingService.java,18,18,,,,
core/java/android/webkit/TracingConfig.java,37,37,,,,
core/java/android/webkit/TracingController.java,8,7,,1,,
core/java/android/webkit/UrlInterceptHandler.java,7,7,,,,
core/java/android/webkit/UrlInterceptRegistry.java,24,24,,,,
core/java/android/webkit/URLUtil.java,80,80,,,,
core/java/android/webkit/UserPackage.java,25,25,,,,
core/java/android/webkit/ValueCallback.java,3,3,,,,
core/java/android/webkit/WebBackForwardList.java,7,5,,2,,
core/java/android/webkit/WebChromeClient.java,109,105,,1,3,
core/java/android/webkit/WebHistoryItem.java,7,2,,5,,
core/java/android/webkit/WebIconDatabase.java,21,21,,,,
core/java/android/webkit/WebMessage.java,10,10,,,,
core/java/android/webkit/WebMessagePort.java,14,14,,,,
core/java/android/webkit/WebResourceError.java,4,4,,,,
core/java/android/webkit/WebResourceRequest.java,7,7,,,,
core/java/android/webkit/WebResourceResponse.java,47,43,,4,,
core/java/android/webkit/WebSettings.java,200,197,,3,,
core/java/android/webkit/WebStorage.java,31,31,,,,
core/java/android/webkit/WebSyncManager.java,15,15,,,,
core/java/android/webkit/WebView.java,514,505,,4,5,
core/java/android/webkit/WebViewClient.java,113,108,,5,,
core/java/android/webkit/WebViewDatabase.java,18,18,,,,
core/java/android/webkit/WebViewDelegate.java,47,47,,,,
core/java/android/webkit/WebViewFactory.java,96,96,,,,
core/java/android/webkit/WebViewFactoryProvider.java,36,36,,,,
core/java/android/webkit/WebViewFragment.java,13,13,,,,
core/java/android/webkit/WebViewLibraryLoader.java,85,85,,,,
core/java/android/webkit/WebViewProvider.java,312,312,,,,
core/java/android/webkit/WebViewProviderInfo.java,25,25,,,,
core/java/android/webkit/WebViewProviderResponse.java,18,18,,,,
core/java/android/webkit/WebViewUpdateService.java,12,12,,,,
core/java/android/webkit/WebViewZygote.java,24,24,,,,
core/java/android/widget/AbsListView.java,1530,1527,,3,,
core/java/android/widget/AbsoluteLayout.java,62,62,,,,
core/java/android/widget/AbsSeekBar.java,205,200,,2,3,
core/java/android/widget/AbsSpinner.java,125,125,,,,
core/java/android/widget/AccessibilityIterators.java,56,56,,,,
core/java/android/widget/ActionMenuPresenter.java,300,300,,,,
core/java/android/widget/ActionMenuView.java,236,236,,,,
core/java/android/widget/ActivityChooserModel.java,187,187,,,,
core/java/android/widget/ActivityChooserView.java,184,184,,,,
core/java/android/widget/Adapter.java,22,22,,,,
core/java/android/widget/AdapterView.java,238,234,,4,,
core/java/android/widget/AdapterViewAnimator.java,249,249,,,,
core/java/android/widget/AdapterViewFlipper.java,59,59,,,,
core/java/android/widget/Advanceable.java,3,3,,,,
core/java/android/widget/AlphabetIndexer.java,45,45,,,,
core/java/android/widget/AnalogClock.java,79,59,,13,7,
core/java/android/widget/AppSecurityPermissions.java,218,218,,,,
core/java/android/widget/ArrayAdapter.java,121,121,,,,
core/java/android/widget/AutoCompleteTextView.java,237,237,,,,
core/java/android/widget/BaseAdapter.java,24,24,,,,
core/java/android/widget/BaseExpandableListAdapter.java,26,26,,,,
core/java/android/widget/Button.java,19,19,,,,
core/java/android/widget/CalendarView.java,185,185,,,,
core/java/android/widget/CalendarViewLegacyDelegate.java,336,336,,,,
core/java/android/widget/CalendarViewMaterialDelegate.java,48,48,,,,
core/java/android/widget/Checkable.java,5,5,,,,
core/java/android/widget/CheckBox.java,16,16,,,,
core/java/android/widget/CheckedTextView.java,119,119,,,,
core/java/android/widget/Chronometer.java,83,83,,,,
core/java/android/widget/CompoundButton.java,128,128,,,,
core/java/android/widget/CursorAdapter.java,89,87,,2,,
core/java/android/widget/CursorFilter.java,22,22,,,,
core/java/android/widget/CursorTreeAdapter.java,136,136,,,,
core/java/android/widget/DatePicker.java,231,231,,,,
core/java/android/widget/DatePickerCalendarDelegate.java,143,143,,,,
core/java/android/widget/DatePickerController.java,7,7,,,,
core/java/android/widget/DatePickerSpinnerDelegate.java,137,137,,,,
core/java/android/widget/DateTimeView.java,130,87,,15,28,
core/java/android/widget/DayPickerPagerAdapter.java,118,118,,,,
core/java/android/widget/DayPickerView.java,156,156,,,,
core/java/android/widget/DayPickerViewPager.java,43,43,,,,
core/java/android/widget/DialerFilter.java,71,71,,,,
core/java/android/widget/DigitalClock.java,25,24,,1,,
core/java/android/widget/DoubleDigitManager.java,19,19,,,,
core/java/android/widget/DropDownListView.java,60,60,,,,
core/java/android/widget/EdgeEffect.java,82,82,,,,
core/java/android/widget/Editor.java,1763,1763,,,,
core/java/android/widget/EditText.java,37,37,,,,
core/java/android/widget/ExpandableListAdapter.java,44,44,,,,
core/java/android/widget/ExpandableListConnector.java,177,177,,,,
core/java/android/widget/ExpandableListPosition.java,29,29,,,,
core/java/android/widget/ExpandableListView.java,265,265,,,,
core/java/android/widget/FastScroller.java,386,386,,,,
core/java/android/widget/Filter.java,57,57,,,,
core/java/android/widget/Filterable.java,2,2,,,,
core/java/android/widget/FilterQueryProvider.java,3,3,,,,
core/java/android/widget/ForwardingListener.java,53,53,,,,
core/java/android/widget/FrameLayout.java,113,113,,,,
core/java/android/widget/Gallery.java,328,328,,,,
core/java/android/widget/GridLayout.java,918,918,,,,
core/java/android/widget/GridView.java,468,468,,,,
core/java/android/widget/HeaderViewListAdapter.java,62,62,,,,
core/java/android/widget/HeterogeneousExpandableList.java,8,8,,,,
core/java/android/widget/HorizontalScrollView.java,368,368,,,,
core/java/android/widget/ImageButton.java,21,21,,,,
core/java/android/widget/ImageSwitcher.java,16,16,,,,
core/java/android/widget/ImageView.java,264,263,,1,,
core/java/android/widget/LinearLayout.java,392,389,,3,,
core/java/android/widget/ListAdapter.java,4,4,,,,
core/java/android/widget/ListPopupWindow.java,234,234,,,,
core/java/android/widget/ListView.java,800,800,,,,
core/java/android/widget/Magnifier.java,164,164,,,,
core/java/android/widget/MediaController.java,156,156,,,,
core/java/android/widget/MediaControlView2.java,46,46,,,,
core/java/android/widget/MenuItemHoverListener.java,7,7,,,,
core/java/android/widget/MenuPopupWindow.java,53,53,,,,
core/java/android/widget/MultiAutoCompleteTextView.java,71,71,,,,
core/java/android/widget/NumberPicker.java,487,487,,,,
core/java/android/widget/OnDateChangedListener.java,2,2,,,,
core/java/android/widget/OverScroller.java,262,262,,,,
core/java/android/widget/PopupMenu.java,54,54,,,,
core/java/android/widget/PopupWindow.java,525,525,,,,
core/java/android/widget/ProgressBar.java,348,348,,,,
core/java/android/widget/QuickContactBadge.java,92,92,,,,
core/java/android/widget/RadialTimePickerView.java,438,438,,,,
core/java/android/widget/RadioButton.java,17,17,,,,
core/java/android/widget/RadioGroup.java,94,94,,,,
core/java/android/widget/RatingBar.java,70,70,,,,
core/java/android/widget/RelativeLayout.java,375,375,,,,
core/java/android/widget/RemoteViews.java,1136,1136,,,,
core/java/android/widget/RemoteViewsAdapter.java,311,311,,,,
core/java/android/widget/RemoteViewsListAdapter.java,29,29,,,,
core/java/android/widget/RemoteViewsService.java,66,66,,,,
core/java/android/widget/ResourceCursorAdapter.java,34,34,,,,
core/java/android/widget/ResourceCursorTreeAdapter.java,34,34,,,,
core/java/android/widget/RtlSpacingHelper.java,22,22,,,,
core/java/android/widget/ScrollBarDrawable.java,91,91,,,,
core/java/android/widget/Scroller.java,149,149,,,,
core/java/android/widget/ScrollView.java,398,398,,,,
core/java/android/widget/SearchView.java,471,471,,,,
core/java/android/widget/SectionIndexer.java,6,6,,,,
core/java/android/widget/SeekBar.java,36,36,,,,
core/java/android/widget/SelectionActionModeHelper.java,273,273,,,,
core/java/android/widget/ShareActionProvider.java,53,51,,2,,
core/java/android/widget/SimpleAdapter.java,97,97,,,,
core/java/android/widget/SimpleCursorAdapter.java,69,69,,,,
core/java/android/widget/SimpleCursorTreeAdapter.java,84,84,,,,
core/java/android/widget/SimpleExpandableListAdapter.java,89,89,,,,
core/java/android/widget/SimpleMonthView.java,329,329,,,,
core/java/android/widget/SlidingDrawer.java,191,191,,,,
core/java/android/widget/SmartSelectSprite.java,164,164,,,,
core/java/android/widget/Space.java,26,26,,,,
core/java/android/widget/SpellChecker.java,184,184,,,,
core/java/android/widget/Spinner.java,298,298,,,,
core/java/android/widget/SpinnerAdapter.java,5,5,,,,
core/java/android/widget/StackView.java,386,386,,,,
core/java/android/widget/SuggestionsAdapter.java,167,167,,,,
core/java/android/widget/Switch.java,289,289,,,,
core/java/android/widget/TabHost.java,164,164,,,,
core/java/android/widget/TableLayout.java,174,174,,,,
core/java/android/widget/TableRow.java,130,130,,,,
core/java/android/widget/TabWidget.java,122,122,,,,
core/java/android/widget/TextClock.java,98,98,,,,
core/java/android/widget/TextInputTimePickerView.java,107,107,,,,
core/java/android/widget/TextSwitcher.java,16,16,,,,
core/java/android/widget/TextView.java,2040,2038,,2,,
core/java/android/widget/TextViewMetrics.java,5,5,,,,
core/java/android/widget/ThemedSpinnerAdapter.java,4,4,,,,
core/java/android/widget/TimePicker.java,165,165,,,,
core/java/android/widget/TimePickerClockDelegate.java,272,269,,2,1,
core/java/android/widget/TimePickerSpinnerDelegate.java,126,126,,,,
core/java/android/widget/Toast.java,106,106,,,,
core/java/android/widget/ToggleButton.java,39,39,,,,
core/java/android/widget/Toolbar.java,522,522,,,,
core/java/android/widget/TwoLineListItem.java,22,22,,,,
core/java/android/widget/VideoView.java,198,198,,,,
core/java/android/widget/VideoView2.java,75,75,,,,
core/java/android/widget/ViewAnimator.java,71,71,,,,
core/java/android/widget/ViewFlipper.java,43,43,,,,
core/java/android/widget/ViewSwitcher.java,23,23,,,,
core/java/android/widget/WrapperListAdapter.java,2,2,,,,
core/java/android/widget/YearPickerView.java,90,90,,,,
core/java/android/widget/ZoomButton.java,35,35,,,,
core/java/android/widget/ZoomButtonsController.java,119,119,,,,
core/java/android/widget/ZoomControls.java,30,30,,,,
core/java/com/android/internal/accessibility/AccessibilityShortcutController.java,102,102,,,,
core/java/com/android/internal/alsa/AlsaCardsParser.java,60,60,,,,
core/java/com/android/internal/alsa/AlsaDevicesParser.java,74,74,,,,
core/java/com/android/internal/alsa/LineTokenizer.java,15,15,,,,
core/java/com/android/internal/app/AccessibilityButtonChooserActivity.java,48,48,,,,
core/java/com/android/internal/app/AlertActivity.java,21,21,,,,
core/java/com/android/internal/app/AlertController.java,322,322,,,,
core/java/com/android/internal/app/AssistUtils.java,50,46,,2,2,
core/java/com/android/internal/app/ChooserActivity.java,431,431,,,,
core/java/com/android/internal/app/ColorDisplayController.java,91,91,,,,
core/java/com/android/internal/app/ConfirmUserCreationActivity.java,27,27,,,,
core/java/com/android/internal/app/DisableCarModeActivity.java,6,6,,,,
core/java/com/android/internal/app/DumpHeapActivity.java,32,32,,,,
core/java/com/android/internal/app/HarmfulAppWarningActivity.java,26,26,,,,
core/java/com/android/internal/app/HeavyWeightSwitcherActivity.java,46,46,,,,
core/java/com/android/internal/app/IntentForwarderActivity.java,66,37,,5,24,
core/java/com/android/internal/app/LocaleHelper.java,55,55,,,,
core/java/com/android/internal/app/LocalePicker.java,82,82,,,,
core/java/com/android/internal/app/LocalePickerWithRegion.java,63,63,,,,
core/java/com/android/internal/app/LocaleStore.java,92,92,,,,
core/java/com/android/internal/app/MediaRouteChooserDialog.java,73,73,,,,
core/java/com/android/internal/app/MediaRouteChooserDialogFragment.java,20,20,,,,
core/java/com/android/internal/app/MediaRouteControllerDialog.java,90,90,,,,
core/java/com/android/internal/app/MediaRouteControllerDialogFragment.java,7,7,,,,
core/java/com/android/internal/app/MediaRouteDialogPresenter.java,22,22,,,,
core/java/com/android/internal/app/MicroAlertController.java,17,17,,,,
core/java/com/android/internal/app/NavItemSelectedListener.java,11,11,,,,
core/java/com/android/internal/app/NetInitiatedActivity.java,37,37,,,,
core/java/com/android/internal/app/PlatLogoActivity.java,73,52,,6,15,
core/java/com/android/internal/app/ProcessMap.java,18,18,,,,
core/java/com/android/internal/app/procstats/DumpUtils.java,129,129,,,,
core/java/com/android/internal/app/procstats/DurationsTable.java,12,12,,,,
core/java/com/android/internal/app/procstats/ProcessState.java,358,358,,,,
core/java/com/android/internal/app/procstats/ProcessStats.java,605,605,,,,
core/java/com/android/internal/app/procstats/PssTable.java,24,24,,,,
core/java/com/android/internal/app/procstats/ServiceState.java,164,164,,,,
core/java/com/android/internal/app/procstats/SparseMappingTable.java,147,147,,,,
core/java/com/android/internal/app/procstats/SysMemUsageTable.java,53,53,,,,
core/java/com/android/internal/app/ResolverActivity.java,573,573,,,,
core/java/com/android/internal/app/ResolverComparator.java,151,151,,,,
core/java/com/android/internal/app/ResolverListController.java,93,93,,,,
core/java/com/android/internal/app/ResolverTargetActionsDialogFragment.java,25,25,,,,
core/java/com/android/internal/app/ShutdownActivity.java,15,15,,,,
core/java/com/android/internal/app/SuggestedLocaleAdapter.java,70,70,,,,
core/java/com/android/internal/app/SuspendedAppActivity.java,35,35,,,,
core/java/com/android/internal/app/SystemUserHomeActivity.java,1,1,,,,
core/java/com/android/internal/app/ToolbarActionBar.java,178,178,,,,
core/java/com/android/internal/app/UnlaunchableAppActivity.java,27,27,,,,
core/java/com/android/internal/app/WindowDecorActionBar.java,339,339,,,,
core/java/com/android/internal/backup/LocalTransport.java,180,180,,,,
core/java/com/android/internal/backup/LocalTransportParameters.java,16,16,,,,
core/java/com/android/internal/backup/LocalTransportService.java,7,7,,,,
core/java/com/android/internal/colorextraction/ColorExtractor.java,96,81,,5,10,
core/java/com/android/internal/colorextraction/drawable/GradientDrawable.java,74,74,,,,
core/java/com/android/internal/colorextraction/types/ExtractionType.java,6,6,,,,
core/java/com/android/internal/colorextraction/types/Tonal.java,158,158,,,,
core/java/com/android/internal/content/FileSystemProvider.java,180,178,,2,,
core/java/com/android/internal/content/NativeLibraryHelper.java,130,130,,,,
core/java/com/android/internal/content/PackageHelper.java,128,128,,,,
core/java/com/android/internal/content/PackageMonitor.java,133,133,,,,
core/java/com/android/internal/content/ReferrerIntent.java,21,21,,,,
core/java/com/android/internal/content/SelectionBuilder.java,30,30,,,,
core/java/com/android/internal/database/SortCursor.java,79,79,,,,
core/java/com/android/internal/globalactions/Action.java,12,12,,,,
core/java/com/android/internal/globalactions/ActionsAdapter.java,33,33,,,,
core/java/com/android/internal/globalactions/ActionsDialog.java,24,24,,,,
core/java/com/android/internal/globalactions/LongPressAction.java,2,2,,,,
core/java/com/android/internal/globalactions/SinglePressAction.java,27,27,,,,
core/java/com/android/internal/globalactions/ToggleAction.java,41,41,,,,
core/java/com/android/internal/graphics/ColorUtils.java,184,184,,,,
core/java/com/android/internal/graphics/drawable/AnimationScaleListDrawable.java,60,60,,,,
core/java/com/android/internal/graphics/palette/ColorCutQuantizer.java,144,144,,,,
core/java/com/android/internal/graphics/palette/Palette.java,215,215,,,,
core/java/com/android/internal/graphics/palette/Quantizer.java,6,6,,,,
core/java/com/android/internal/graphics/palette/Target.java,90,90,,,,
core/java/com/android/internal/graphics/palette/VariationalKMeansQuantizer.java,40,40,,,,
core/java/com/android/internal/graphics/SfVsyncFrameCallbackProvider.java,13,13,,,,
core/java/com/android/internal/hardware/AmbientDisplayConfiguration.java,48,44,,3,1,
core/java/com/android/internal/inputmethod/InputMethodSubtypeSwitchingController.java,191,191,,,,
core/java/com/android/internal/inputmethod/InputMethodUtils.java,424,424,,,,
core/java/com/android/internal/inputmethod/LocaleUtils.java,47,47,,,,
core/java/com/android/internal/logging/AndroidConfig.java,4,4,,,,
core/java/com/android/internal/logging/AndroidHandler.java,27,27,,,,
core/java/com/android/internal/logging/MetricsLogger.java,75,75,,,,
core/java/com/android/internal/logging/testing/FakeMetricsLogger.java,6,6,,,,
core/java/com/android/internal/midi/EventScheduler.java,52,52,,,,
core/java/com/android/internal/midi/MidiConstants.java,38,38,,,,
core/java/com/android/internal/midi/MidiDispatcher.java,28,28,,,,
core/java/com/android/internal/midi/MidiEventScheduler.java,35,35,,,,
core/java/com/android/internal/midi/MidiFramer.java,25,25,,,,
core/java/com/android/internal/ml/clustering/KMeans.java,77,77,,,,
core/java/com/android/internal/net/LegacyVpnInfo.java,24,24,,,,
core/java/com/android/internal/net/NetworkStatsFactory.java,82,78,,3,1,
core/java/com/android/internal/net/VpnConfig.java,57,57,,,,
core/java/com/android/internal/net/VpnInfo.java,16,16,,,,
core/java/com/android/internal/net/VpnProfile.java,56,56,,,,
core/java/com/android/internal/notification/NotificationAccessConfirmationActivityContract.java,9,9,,,,
core/java/com/android/internal/notification/SystemNotificationChannels.java,51,51,,,,
core/java/com/android/internal/os/AndroidPrintStream.java,8,8,,,,
core/java/com/android/internal/os/AppFuseMount.java,16,16,,,,
core/java/com/android/internal/os/AtomicFile.java,33,33,,,,
core/java/com/android/internal/os/BackgroundThread.java,10,10,,,,
core/java/com/android/internal/os/BaseCommand.java,25,25,,,,
core/java/com/android/internal/os/BatterySipper.java,62,62,,,,
core/java/com/android/internal/os/BatteryStatsHelper.java,284,284,,,,
core/java/com/android/internal/os/BatteryStatsImpl.java,3840,3837,,3,,
core/java/com/android/internal/os/BinderCallsStats.java,81,81,,,,
core/java/com/android/internal/os/BinderInternal.java,50,50,,,,
core/java/com/android/internal/os/BluetoothPowerCalculator.java,35,35,,,,
core/java/com/android/internal/os/ByteTransferPipe.java,8,8,,,,
core/java/com/android/internal/os/CameraPowerCalculator.java,12,12,,,,
core/java/com/android/internal/os/ClassLoaderFactory.java,35,35,,,,
core/java/com/android/internal/os/CpuPowerCalculator.java,30,30,,,,
core/java/com/android/internal/os/DeviceKeyHandler.java,3,,,,3,
core/java/com/android/internal/os/FlashlightPowerCalculator.java,12,12,,,,
core/java/com/android/internal/os/FuseAppLoop.java,140,140,,,,
core/java/com/android/internal/os/FuseUnavailableMountException.java,3,3,,,,
core/java/com/android/internal/os/HandlerCaller.java,164,164,,,,
core/java/com/android/internal/os/KernelCpuProcReader.java,31,23,,4,4,
core/java/com/android/internal/os/KernelCpuSpeedReader.java,28,28,,,,
core/java/com/android/internal/os/KernelMemoryBandwidthStats.java,20,20,,,,
core/java/com/android/internal/os/KernelSingleUidTimeReader.java,67,67,,,,
core/java/com/android/internal/os/KernelUidCpuActiveTimeReader.java,41,41,,,,
core/java/com/android/internal/os/KernelUidCpuClusterTimeReader.java,55,55,,,,
core/java/com/android/internal/os/KernelUidCpuFreqTimeReader.java,70,70,,,,
core/java/com/android/internal/os/KernelUidCpuTimeReader.java,55,55,,,,
core/java/com/android/internal/os/KernelUidCpuTimeReaderBase.java,13,13,,,,
core/java/com/android/internal/os/KernelWakelockReader.java,40,40,,,,
core/java/com/android/internal/os/KernelWakelockStats.java,10,10,,,,
core/java/com/android/internal/os/logging/MetricsLoggerWrapper.java,43,43,,,,
core/java/com/android/internal/os/LoggingPrintStream.java,94,94,,,,
core/java/com/android/internal/os/MediaPowerCalculator.java,16,16,,,,
core/java/com/android/internal/os/MemoryPowerCalculator.java,27,27,,,,
core/java/com/android/internal/os/MobileRadioPowerCalculator.java,52,52,,,,
core/java/com/android/internal/os/PowerCalculator.java,14,14,,,,
core/java/com/android/internal/os/PowerProfile.java,122,113,,3,6,
core/java/com/android/internal/os/ProcessCpuTracker.java,234,234,,,,
core/java/com/android/internal/os/RoSystemProperties.java,17,17,,,,
core/java/com/android/internal/os/RpmStats.java,33,33,,,,
core/java/com/android/internal/os/RuntimeInit.java,90,88,,2,,
core/java/com/android/internal/os/SensorPowerCalculator.java,35,35,,,,
core/java/com/android/internal/os/SomeArgs.java,32,32,,,,
core/java/com/android/internal/os/TransferPipe.java,89,89,,,,
core/java/com/android/internal/os/WakelockPowerCalculator.java,28,28,,,,
core/java/com/android/internal/os/WebViewZygoteInit.java,34,34,,,,
core/java/com/android/internal/os/WifiPowerCalculator.java,32,32,,,,
core/java/com/android/internal/os/WifiPowerEstimator.java,37,37,,,,
core/java/com/android/internal/os/WrapperInit.java,35,35,,,,
core/java/com/android/internal/os/Zygote.java,88,88,,,,
core/java/com/android/internal/os/ZygoteConnection.java,151,151,,,,
core/java/com/android/internal/os/ZygoteConnectionConstants.java,4,4,,,,
core/java/com/android/internal/os/ZygoteInit.java,165,165,,,,
core/java/com/android/internal/os/ZygoteSecurityException.java,3,3,,,,
core/java/com/android/internal/os/ZygoteServer.java,43,43,,,,
core/java/com/android/internal/policy/BackdropFrameRenderer.java,95,95,,,,
core/java/com/android/internal/policy/DecorContext.java,16,16,,,,
core/java/com/android/internal/policy/DecorView.java,606,606,,,,
core/java/com/android/internal/policy/DividerSnapAlgorithm.java,161,157,,3,1,
core/java/com/android/internal/policy/DockedDividerUtils.java,28,28,,,,
core/java/com/android/internal/policy/KeyguardDismissCallback.java,4,4,,,,
core/java/com/android/internal/policy/PhoneFallbackEventHandler.java,50,50,,,,
core/java/com/android/internal/policy/PhoneLayoutInflater.java,15,15,,,,
core/java/com/android/internal/policy/PhoneWindow.java,766,766,,,,
core/java/com/android/internal/policy/PipSnapAlgorithm.java,139,139,,,,
core/java/com/android/internal/preference/YesNoPreference.java,49,49,,,,
core/java/com/android/internal/print/DumpUtils.java,84,84,,,,
core/java/com/android/internal/statusbar/NotificationVisibility.java,45,45,,,,
core/java/com/android/internal/statusbar/StatusBarIcon.java,39,39,,,,
core/java/com/android/internal/textservice/LazyIntToIntMap.java,11,11,,,,
core/java/com/android/internal/transition/EpicenterTranslateClipReveal.java,128,128,,,,
core/java/com/android/internal/transition/TransitionConstants.java,3,3,,,,
core/java/com/android/internal/usb/DumpUtils.java,65,65,,,,
core/java/com/android/internal/util/ArrayUtils.java,187,187,,,,
core/java/com/android/internal/util/AsyncChannel.java,218,218,,,,
core/java/com/android/internal/util/AsyncService.java,23,23,,,,
core/java/com/android/internal/util/BitUtils.java,67,67,,,,
core/java/com/android/internal/util/BitwiseInputStream.java,23,23,,,,
core/java/com/android/internal/util/BitwiseOutputStream.java,27,27,,,,
core/java/com/android/internal/util/CallbackRegistry.java,88,88,,,,
core/java/com/android/internal/util/CharSequences.java,41,41,,,,
core/java/com/android/internal/util/CollectionUtils.java,88,88,,,,
core/java/com/android/internal/util/ConcurrentUtils.java,28,28,,,,
core/java/com/android/internal/util/dump/DualDumpOutputStream.java,77,77,,,,
core/java/com/android/internal/util/dump/DumpUtils.java,12,12,,,,
core/java/com/android/internal/util/DumpUtils.java,54,54,,,,
core/java/com/android/internal/util/EmergencyAffordanceManager.java,18,18,,,,
core/java/com/android/internal/util/ExponentiallyBucketedHistogram.java,12,12,,,,
core/java/com/android/internal/util/FastMath.java,4,4,,,,
core/java/com/android/internal/util/FastPrintWriter.java,125,125,,,,
core/java/com/android/internal/util/FastXmlSerializer.java,122,122,,,,
core/java/com/android/internal/util/FileRotator.java,114,114,,,,
core/java/com/android/internal/util/function/HexConsumer.java,8,8,,,,
core/java/com/android/internal/util/function/HexFunction.java,8,8,,,,
core/java/com/android/internal/util/function/HexPredicate.java,8,8,,,,
core/java/com/android/internal/util/function/pooled/ArgumentPlaceholder.java,4,4,,,,
core/java/com/android/internal/util/function/pooled/OmniFunction.java,77,77,,,,
core/java/com/android/internal/util/function/pooled/PooledConsumer.java,2,2,,,,
core/java/com/android/internal/util/function/pooled/PooledFunction.java,3,3,,,,
core/java/com/android/internal/util/function/pooled/PooledLambda.java,232,232,,,,
core/java/com/android/internal/util/function/pooled/PooledLambdaImpl.java,136,136,,,,
core/java/com/android/internal/util/function/pooled/PooledPredicate.java,3,3,,,,
core/java/com/android/internal/util/function/pooled/PooledRunnable.java,2,2,,,,
core/java/com/android/internal/util/function/pooled/PooledSupplier.java,9,9,,,,
core/java/com/android/internal/util/function/QuadConsumer.java,6,6,,,,
core/java/com/android/internal/util/function/QuadFunction.java,6,6,,,,
core/java/com/android/internal/util/function/QuadPredicate.java,6,6,,,,
core/java/com/android/internal/util/function/QuintConsumer.java,7,7,,,,
core/java/com/android/internal/util/function/QuintFunction.java,7,7,,,,
core/java/com/android/internal/util/function/QuintPredicate.java,7,7,,,,
core/java/com/android/internal/util/function/TriConsumer.java,5,5,,,,
core/java/com/android/internal/util/function/TriFunction.java,5,5,,,,
core/java/com/android/internal/util/function/TriPredicate.java,5,5,,,,
core/java/com/android/internal/util/FunctionalUtils.java,28,28,,,,
core/java/com/android/internal/util/GrowingArrayUtils.java,53,53,,,,
core/java/com/android/internal/util/HexDump.java,59,59,,,,
core/java/com/android/internal/util/ImageUtils.java,34,34,,,,
core/java/com/android/internal/util/IndentingPrintWriter.java,49,49,,,,
core/java/com/android/internal/util/IntPair.java,9,9,,,,
core/java/com/android/internal/util/IState.java,8,8,,,,
core/java/com/android/internal/util/JournaledFile.java,13,13,,,,
core/java/com/android/internal/util/LatencyTracker.java,34,34,,,,
core/java/com/android/internal/util/LineBreakBufferedWriter.java,51,51,,,,
core/java/com/android/internal/util/LocalLog.java,18,18,,,,
core/java/com/android/internal/util/MemInfoReader.java,16,16,,,,
core/java/com/android/internal/util/MessageUtils.java,28,28,,,,
core/java/com/android/internal/util/MimeIconUtils.java,11,11,,,,
core/java/com/android/internal/util/NotificationColorUtil.java,298,298,,,,
core/java/com/android/internal/util/NotificationMessagingUtil.java,27,27,,,,
core/java/com/android/internal/util/ObjectUtils.java,8,8,,,,
core/java/com/android/internal/util/ParseUtils.java,29,29,,,,
core/java/com/android/internal/util/Preconditions.java,89,89,,,,
core/java/com/android/internal/util/ProcFileReader.java,43,43,,,,
core/java/com/android/internal/util/ProgressReporter.java,53,53,,,,
core/java/com/android/internal/util/Protocol.java,31,31,,,,
core/java/com/android/internal/util/ProviderAccessStats.java,48,48,,,,
core/java/com/android/internal/util/RingBuffer.java,22,22,,,,
core/java/com/android/internal/util/RingBufferIndices.java,14,14,,,,
core/java/com/android/internal/util/ScreenShapeHelper.java,3,3,,,,
core/java/com/android/internal/util/ScreenshotHelper.java,39,39,,,,
core/java/com/android/internal/util/SizedInputStream.java,13,13,,,,
core/java/com/android/internal/util/State.java,9,9,,,,
core/java/com/android/internal/util/StateMachine.java,386,386,,,,
core/java/com/android/internal/util/StatLogger.java,35,35,,,,
core/java/com/android/internal/util/ToBooleanFunction.java,3,3,,,,
core/java/com/android/internal/util/TokenBucket.java,25,25,,,,
core/java/com/android/internal/util/TypedProperties.java,108,108,,,,
core/java/com/android/internal/util/UserIcons.java,14,14,,,,
core/java/com/android/internal/util/VirtualRefBasePtr.java,11,11,,,,
core/java/com/android/internal/util/WakeupMessage.java,49,49,,,,
core/java/com/android/internal/util/XmlUtils.java,374,374,,,,
core/java/com/android/internal/view/ActionBarPolicy.java,24,24,,,,
core/java/com/android/internal/view/animation/FallbackLUTInterpolator.java,24,24,,,,
core/java/com/android/internal/view/animation/NativeInterpolatorFactory.java,2,2,,,,
core/java/com/android/internal/view/animation/NativeInterpolatorFactoryHelper.java,22,22,,,,
core/java/com/android/internal/view/BaseIWindow.java,67,67,,,,
core/java/com/android/internal/view/BaseSurfaceHolder.java,57,57,,,,
core/java/com/android/internal/view/FloatingActionMode.java,96,96,,,,
core/java/com/android/internal/view/IInputConnectionWrapper.java,223,223,,,,
core/java/com/android/internal/view/InputBindResult.java,51,51,,,,
core/java/com/android/internal/view/InputConnectionWrapper.java,153,153,,,,
core/java/com/android/internal/view/InputMethodClient.java,28,28,,,,
core/java/com/android/internal/view/menu/ActionMenu.java,123,123,,,,
core/java/com/android/internal/view/menu/ActionMenuItem.java,127,127,,,,
core/java/com/android/internal/view/menu/ActionMenuItemView.java,106,106,,,,
core/java/com/android/internal/view/menu/BaseMenuPresenter.java,69,69,,,,
core/java/com/android/internal/view/menu/CascadingMenuPopup.java,179,179,,,,
core/java/com/android/internal/view/menu/ContextMenuBuilder.java,24,24,,,,
core/java/com/android/internal/view/menu/ExpandedMenuView.java,18,18,,,,
core/java/com/android/internal/view/menu/IconMenuItemView.java,78,78,,,,
core/java/com/android/internal/view/menu/IconMenuPresenter.java,57,57,,,,
core/java/com/android/internal/view/menu/IconMenuView.java,165,165,,,,
core/java/com/android/internal/view/menu/ListMenuItemView.java,86,86,,,,
core/java/com/android/internal/view/menu/ListMenuPresenter.java,85,85,,,,
core/java/com/android/internal/view/menu/MenuAdapter.java,37,37,,,,
core/java/com/android/internal/view/menu/MenuBuilder.java,367,367,,,,
core/java/com/android/internal/view/menu/MenuDialogHelper.java,36,36,,,,
core/java/com/android/internal/view/menu/MenuHelper.java,4,4,,,,
core/java/com/android/internal/view/menu/MenuItemImpl.java,191,191,,,,
core/java/com/android/internal/view/menu/MenuPopup.java,62,62,,,,
core/java/com/android/internal/view/menu/MenuPopupHelper.java,77,77,,,,
core/java/com/android/internal/view/menu/MenuPresenter.java,32,32,,,,
core/java/com/android/internal/view/menu/MenuView.java,24,24,,,,
core/java/com/android/internal/view/menu/ShowableListMenu.java,5,5,,,,
core/java/com/android/internal/view/menu/StandardMenuPopup.java,87,87,,,,
core/java/com/android/internal/view/menu/SubMenuBuilder.java,44,44,,,,
core/java/com/android/internal/view/OneShotPreDrawListener.java,23,23,,,,
core/java/com/android/internal/view/RootViewSurfaceTaker.java,11,11,,,,
core/java/com/android/internal/view/RotationPolicy.java,65,48,,6,11,
core/java/com/android/internal/view/StandaloneActionMode.java,46,46,,,,
core/java/com/android/internal/view/SurfaceCallbackHelper.java,13,13,,,,
core/java/com/android/internal/view/SurfaceFlingerVsyncChoreographer.java,24,24,,,,
core/java/com/android/internal/view/TooltipPopup.java,39,39,,,,
core/java/com/android/internal/view/WindowManagerPolicyThread.java,8,8,,,,
core/java/com/android/internal/widget/AbsActionBarView.java,105,105,,,,
core/java/com/android/internal/widget/AccountItemView.java,27,27,,,,
core/java/com/android/internal/widget/AccountViewAdapter.java,41,41,,,,
core/java/com/android/internal/widget/ActionBarContainer.java,90,90,,,,
core/java/com/android/internal/widget/ActionBarContextView.java,110,110,,,,
core/java/com/android/internal/widget/ActionBarOverlayLayout.java,234,234,,,,
core/java/com/android/internal/widget/ActionBarView.java,407,407,,,,
core/java/com/android/internal/widget/AdapterHelper.java,185,185,,,,
core/java/com/android/internal/widget/AlertDialogLayout.java,92,92,,,,
core/java/com/android/internal/widget/AutoScrollHelper.java,186,186,,,,
core/java/com/android/internal/widget/BackgroundFallback.java,33,33,,,,
core/java/com/android/internal/widget/ButtonBarLayout.java,35,35,,,,
core/java/com/android/internal/widget/CachingIconView.java,44,44,,,,
core/java/com/android/internal/widget/ChildHelper.java,125,125,,,,
core/java/com/android/internal/widget/DecorCaptionView.java,105,105,,,,
core/java/com/android/internal/widget/DecorContentParent.java,32,32,,,,
core/java/com/android/internal/widget/DecorToolbar.java,100,100,,,,
core/java/com/android/internal/widget/DefaultItemAnimator.java,211,211,,,,
core/java/com/android/internal/widget/DialogTitle.java,23,23,,,,
core/java/com/android/internal/widget/DialogViewAnimator.java,28,28,,,,
core/java/com/android/internal/widget/DrawableHolder.java,67,67,,,,
core/java/com/android/internal/widget/EditableInputConnection.java,42,42,,,,
core/java/com/android/internal/widget/EmphasizedNotificationButton.java,27,27,,,,
core/java/com/android/internal/widget/ExploreByTouchHelper.java,120,120,,,,
core/java/com/android/internal/widget/FloatingToolbar.java,411,411,,,,
core/java/com/android/internal/widget/GapWorker.java,97,97,,,,
core/java/com/android/internal/widget/helper/ItemTouchHelper.java,520,520,,,,
core/java/com/android/internal/widget/helper/ItemTouchUIUtil.java,21,21,,,,
core/java/com/android/internal/widget/helper/ItemTouchUIUtilImpl.java,32,32,,,,
core/java/com/android/internal/widget/ImageFloatingTextView.java,48,48,,,,
core/java/com/android/internal/widget/LinearLayoutManager.java,482,482,,,,
core/java/com/android/internal/widget/LinearLayoutWithDefaultTouchRecepient.java,12,12,,,,
core/java/com/android/internal/widget/LinearSmoothScroller.java,78,78,,,,
core/java/com/android/internal/widget/LocalImageResolver.java,19,19,,,,
core/java/com/android/internal/widget/LockPatternChecker.java,86,86,,,,
core/java/com/android/internal/widget/LockPatternUtils.java,558,519,,15,24,
core/java/com/android/internal/widget/LockPatternView.java,515,452,,29,34,
core/java/com/android/internal/widget/LockScreenWidgetCallback.java,9,9,,,,
core/java/com/android/internal/widget/LockScreenWidgetInterface.java,4,4,,,,
core/java/com/android/internal/widget/LockSettingsInternal.java,21,21,,,,
core/java/com/android/internal/widget/MediaNotificationView.java,44,44,,,,
core/java/com/android/internal/widget/MessagingGroup.java,160,160,,,,
core/java/com/android/internal/widget/MessagingImageMessage.java,83,83,,,,
core/java/com/android/internal/widget/MessagingLayout.java,198,193,,3,2,
core/java/com/android/internal/widget/MessagingLinearLayout.java,95,91,,4,,
core/java/com/android/internal/widget/MessagingMessage.java,36,36,,,,
core/java/com/android/internal/widget/MessagingMessageState.java,22,22,,,,
core/java/com/android/internal/widget/MessagingPropertyAnimator.java,102,102,,,,
core/java/com/android/internal/widget/MessagingTextMessage.java,37,37,,,,
core/java/com/android/internal/widget/NestedScrollingChild.java,26,26,,,,
core/java/com/android/internal/widget/NotificationActionListLayout.java,95,95,,,,
core/java/com/android/internal/widget/NotificationExpandButton.java,23,23,,,,
core/java/com/android/internal/widget/NumericTextView.java,67,67,,,,
core/java/com/android/internal/widget/OpReorderer.java,52,52,,,,
core/java/com/android/internal/widget/OrientationHelper.java,100,100,,,,
core/java/com/android/internal/widget/PagerAdapter.java,53,53,,,,
core/java/com/android/internal/widget/PointerLocationView.java,221,221,,,,
core/java/com/android/internal/widget/PreferenceImageView.java,24,24,,,,
core/java/com/android/internal/widget/RecyclerView.java,2285,2285,,,,
core/java/com/android/internal/widget/RecyclerViewAccessibilityDelegate.java,26,26,,,,
core/java/com/android/internal/widget/RemeasuringLinearLayout.java,23,23,,,,
core/java/com/android/internal/widget/ResolverDrawerLayout.java,302,302,,,,
core/java/com/android/internal/widget/ScrollbarHelper.java,32,32,,,,
core/java/com/android/internal/widget/ScrollBarUtils.java,15,15,,,,
core/java/com/android/internal/widget/ScrollingTabContainerView.java,154,154,,,,
core/java/com/android/internal/widget/ScrollingView.java,7,7,,,,
core/java/com/android/internal/widget/SimpleItemAnimator.java,88,88,,,,
core/java/com/android/internal/widget/SlidingTab.java,256,256,,,,
core/java/com/android/internal/widget/SubtitleView.java,109,109,,,,
core/java/com/android/internal/widget/SwipeDismissLayout.java,134,134,,,,
core/java/com/android/internal/widget/TextProgressBar.java,41,41,,,,
core/java/com/android/internal/widget/TextViewInputDisabler.java,16,16,,,,
core/java/com/android/internal/widget/ToolbarWidgetWrapper.java,172,172,,,,
core/java/com/android/internal/widget/VerifyCredentialResponse.java,46,46,,,,
core/java/com/android/internal/widget/ViewClippingUtil.java,21,21,,,,
core/java/com/android/internal/widget/ViewInfoStore.java,89,89,,,,
core/java/com/android/internal/widget/ViewPager.java,710,710,,,,
core/java/com/android/internal/widget/WatchHeaderListView.java,70,70,,,,
core/java/com/android/internal/widget/WatchListDecorLayout.java,71,71,,,,
core/java/com/android/internal/widget/WeightedLinearLayout.java,24,24,,,,
core/java/com/android/server/AppWidgetBackupBridge.java,17,17,,,,
core/java/com/android/server/backup/AccountManagerBackupHelper.java,15,15,,,,
core/java/com/android/server/backup/AccountSyncSettingsBackupHelper.java,114,114,,,,
core/java/com/android/server/backup/NotificationBackupHelper.java,17,17,,,,
core/java/com/android/server/backup/PermissionBackupHelper.java,15,15,,,,
core/java/com/android/server/backup/PreferredActivityBackupHelper.java,17,17,,,,
core/java/com/android/server/backup/ShortcutBackupHelper.java,13,13,,,,
core/java/com/android/server/backup/SliceBackupHelper.java,17,17,,,,
core/java/com/android/server/backup/SystemBackupAgent.java,42,42,,,,
core/java/com/android/server/backup/UsageStatsBackupHelper.java,21,21,,,,
core/java/com/android/server/BootReceiver.java,203,199,,4,,
core/java/com/android/server/LocalServices.java,10,10,,,,
core/java/com/android/server/net/BaseNetdEventCallback.java,17,17,,,,
core/java/com/android/server/net/BaseNetworkObserver.java,32,32,,,,
core/java/com/android/server/net/NetlinkTracker.java,79,79,,,,
core/java/com/android/server/net/NetworkPinner.java,19,19,,,,
core/java/com/android/server/NetworkManagementSocketTagger.java,55,55,,,,
core/java/com/android/server/ResettableTimeout.java,16,16,,,,
core/java/com/android/server/SystemConfig.java,178,172,,3,3,
core/java/com/android/server/WidgetBackupProvider.java,14,14,,,,
core/java/com/google/android/collect/Lists.java,6,6,,,,
core/java/com/google/android/collect/Maps.java,3,3,,,,
core/java/com/google/android/collect/Sets.java,15,15,,,,
core/java/com/google/android/util/AbstractMessageParser.java,386,386,,,,
core/java/com/google/android/util/Procedure.java,3,3,,,,
core/java/com/google/android/util/SmileyParser.java,16,16,,,,
core/java/com/google/android/util/SmileyResources.java,14,14,,,,
core/java/org/apache/http/conn/ConnectTimeoutException.java,5,5,,,,
core/java/org/apache/http/conn/scheme/HostNameResolver.java,3,3,,,,
core/java/org/apache/http/conn/scheme/LayeredSocketFactory.java,6,6,,,,
core/java/org/apache/http/conn/scheme/SocketFactory.java,11,11,,,,
core/java/org/apache/http/conn/ssl/AbstractVerifier.java,61,61,,,,
core/java/org/apache/http/conn/ssl/AllowAllHostnameVerifier.java,6,6,,,,
core/java/org/apache/http/conn/ssl/AndroidDistinguishedNameParser.java,37,37,,,,
core/java/org/apache/http/conn/ssl/BrowserCompatHostnameVerifier.java,6,6,,,,
core/java/org/apache/http/conn/ssl/SSLSocketFactory.java,68,68,,,,
core/java/org/apache/http/conn/ssl/StrictHostnameVerifier.java,6,6,,,,
core/java/org/apache/http/conn/ssl/X509HostnameVerifier.java,14,14,,,,
core/java/org/apache/http/params/CoreConnectionPNames.java,9,9,,,,
core/java/org/apache/http/params/HttpConnectionParams.java,32,32,,,,
core/java/org/apache/http/params/HttpParams.java,37,37,,,,
core/tests/bandwidthtests/src/com/android/bandwidthtest/BandwidthTest.java,73,73,,,,
core/tests/bandwidthtests/src/com/android/bandwidthtest/BandwidthTestRunner.java,7,7,,,,
core/tests/bandwidthtests/src/com/android/bandwidthtest/NetworkState.java,37,37,,,,
core/tests/bandwidthtests/src/com/android/bandwidthtest/util/BandwidthTestUtil.java,39,39,,,,
core/tests/bandwidthtests/src/com/android/bandwidthtest/util/ConnectionUtil.java,145,145,,,,
core/tests/benchmarks/src/android/content/res/ResourcesBenchmark.java,22,22,,,,
core/tests/benchmarks/src/android/net/NetworkStatsBenchmark.java,18,18,,,,
core/tests/benchmarks/src/android/net/TrafficStatsBenchmark.java,10,10,,,,
core/tests/benchmarks/src/android/os/FileUtilsBenchmark.java,37,37,,,,
core/tests/benchmarks/src/android/os/ParcelArrayBenchmark.java,38,38,,,,
core/tests/benchmarks/src/android/os/ParcelBenchmark.java,32,32,,,,
core/tests/benchmarks/src/android/os/StrictModeBenchmark.java,6,6,,,,
core/tests/benchmarks/src/android/text/format/AndroidTimeVsOthersBenchmark.java,29,,,,29,
core/tests/benchmarks/src/android/text/SpannableStringBuilderBenchmark.java,14,14,,,,
core/tests/benchmarks/src/android/text/SpannableStringInternalCopyBenchmark.java,15,15,,,,
core/tests/benchmarks/src/android/text/util/LinkifyBenchmark.java,21,21,,,,
core/tests/benchmarks/src/android/util/FloatMathBenchmark.java,41,41,,,,
core/tests/benchmarks/src/android/util/StreamsBenchmark.java,37,37,,,,
core/tests/benchmarks/src/com/android/internal/net/NetworkStatsFactoryBenchmark.java,11,11,,,,
core/tests/benchmarks/src/com/android/internal/util/IndentingPrintWriterBenchmark.java,46,46,,,,
core/tests/bluetoothtests/src/android/bluetooth/BluetoothCodecConfigTest.java,80,80,,,,
core/tests/bluetoothtests/src/android/bluetooth/BluetoothCodecStatusTest.java,48,48,,,,
core/tests/bluetoothtests/src/android/bluetooth/BluetoothInstrumentation.java,24,24,,,,
core/tests/bluetoothtests/src/android/bluetooth/BluetoothRebootStressTest.java,15,15,,,,
core/tests/bluetoothtests/src/android/bluetooth/BluetoothStressTest.java,56,56,,,,
core/tests/bluetoothtests/src/android/bluetooth/BluetoothTestRunner.java,33,33,,,,
core/tests/bluetoothtests/src/android/bluetooth/BluetoothTestUtils.java,355,355,,,,
core/tests/bluetoothtests/src/android/bluetooth/BluetoothUuidTest.java,6,6,,,,
core/tests/bluetoothtests/src/android/bluetooth/le/AdvertiseDataTest.java,43,43,,,,
core/tests/bluetoothtests/src/android/bluetooth/le/ScanFilterTest.java,42,42,,,,
core/tests/bluetoothtests/src/android/bluetooth/le/ScanRecordTest.java,9,9,,,,
core/tests/bluetoothtests/src/android/bluetooth/le/ScanResultTest.java,9,9,,,,
core/tests/bluetoothtests/src/android/bluetooth/le/ScanSettingsTest.java,6,6,,,,
core/tests/BroadcastRadioTests/src/android/hardware/radio/tests/functional/RadioTunerTest.java,80,80,,,,
core/tests/BTtraffic/src/com/android/google/experimental/bttraffic/BTtraffic.java,83,83,,,,
core/tests/ConnectivityManagerTest/src/com/android/connectivitymanagertest/ConnectivityManagerStressTestRunner.java,29,29,,,,
core/tests/ConnectivityManagerTest/src/com/android/connectivitymanagertest/ConnectivityManagerTestBase.java,115,115,,,,
core/tests/ConnectivityManagerTest/src/com/android/connectivitymanagertest/ConnectivityManagerTestRunner.java,15,15,,,,
core/tests/ConnectivityManagerTest/src/com/android/connectivitymanagertest/ConnectivityManagerUnitTestRunner.java,4,4,,,,
core/tests/ConnectivityManagerTest/src/com/android/connectivitymanagertest/functional/ConnectivityManagerMobileTest.java,20,20,,,,
core/tests/ConnectivityManagerTest/src/com/android/connectivitymanagertest/functional/WifiAssociationTest.java,16,16,,,,
core/tests/ConnectivityManagerTest/src/com/android/connectivitymanagertest/functional/WifiConnectionTest.java,19,19,,,,
core/tests/ConnectivityManagerTest/src/com/android/connectivitymanagertest/stress/WifiStressTest.java,44,44,,,,
core/tests/ConnectivityManagerTest/src/com/android/connectivitymanagertest/unit/WifiClientTest.java,49,49,,,,
core/tests/ConnectivityManagerTest/src/com/android/connectivitymanagertest/WifiAssociationTestRunner.java,4,4,,,,
core/tests/ConnectivityManagerTest/src/com/android/connectivitymanagertest/WifiConfigurationHelper.java,68,68,,,,
core/tests/coretests/apks/install-split-base/src/com/google/android/dexapis/splitapp/BaseActivity.java,1,1,,,,
core/tests/coretests/apks/install-split-feature-a/src/com/google/android/dexapis/splitapp/feature_a/FeatureAActivity.java,1,1,,,,
core/tests/coretests/apks/install_bad_dex/src/com/android/frameworks/coretests/TestActivity.java,1,1,,,,
core/tests/coretests/apks/install_complete_package_info/src/com/android/frameworks/coretests/TestActivity.java,1,1,,,,
core/tests/coretests/apks/install_complete_package_info/src/com/android/frameworks/coretests/TestProvider.java,22,22,,,,
core/tests/coretests/apks/install_complete_package_info/src/com/android/frameworks/coretests/TestReceiver.java,22,22,,,,
core/tests/coretests/apks/install_complete_package_info/src/com/android/frameworks/coretests/TestService.java,3,3,,,,
core/tests/coretests/apks/install_jni_lib_open_from_apk/src/com/android/frameworks/coretests/JNITests.java,2,2,,,,
core/tests/coretests/apks/install_jni_lib_open_from_apk/src/com/android/frameworks/coretests/OpenFromApkActivity.java,5,5,,,,
core/tests/coretests/apks/install_multi_package/src/com/android/frameworks/coretests/FirstChildTestActivity.java,1,1,,,,
core/tests/coretests/apks/install_multi_package/src/com/android/frameworks/coretests/FirstChildTestProvider.java,22,22,,,,
core/tests/coretests/apks/install_multi_package/src/com/android/frameworks/coretests/FirstChildTestReceiver.java,22,22,,,,
core/tests/coretests/apks/install_multi_package/src/com/android/frameworks/coretests/FirstChildTestService.java,3,3,,,,
core/tests/coretests/apks/install_multi_package/src/com/android/frameworks/coretests/SecondChildTestActivity.java,1,1,,,,
core/tests/coretests/apks/install_multi_package/src/com/android/frameworks/coretests/SecondChildTestProvider.java,22,22,,,,
core/tests/coretests/apks/install_multi_package/src/com/android/frameworks/coretests/SecondChildTestReceiver.java,22,22,,,,
core/tests/coretests/apks/install_multi_package/src/com/android/frameworks/coretests/SecondChildTestService.java,3,3,,,,
core/tests/coretests/apks/install_multi_package/src/com/android/frameworks/coretests/TestActivity.java,1,1,,,,
core/tests/coretests/apks/install_multi_package/src/com/android/frameworks/coretests/TestProvider.java,22,22,,,,
core/tests/coretests/apks/install_multi_package/src/com/android/frameworks/coretests/TestReceiver.java,22,22,,,,
core/tests/coretests/apks/install_multi_package/src/com/android/frameworks/coretests/TestService.java,3,3,,,,
core/tests/coretests/apks/version/src/com/android/frameworks/coretests/version_test/NullProvider.java,22,22,,,,
core/tests/coretests/apks/version_nosys/src/com/android/frameworks/coretests/version_test/NullProvider.java,22,22,,,,
core/tests/coretests/BinderProxyCountingTestApp/src/com/android/frameworks/coretests/binderproxycountingtestapp/BpcTestAppCmdService.java,50,50,,,,
core/tests/coretests/BinderProxyCountingTestService/src/com/android/frameworks/coretests/binderproxycountingtestservice/BinderProxyCountingService.java,11,11,,,,
core/tests/coretests/BinderProxyCountingTestService/src/com/android/frameworks/coretests/binderproxycountingtestservice/BpcTestServiceCmdService.java,26,26,,,,
core/tests/coretests/BstatsTestApp/src/com/android/coretests/apps/bstatstestapp/BaseCmdReceiver.java,5,5,,,,
core/tests/coretests/BstatsTestApp/src/com/android/coretests/apps/bstatstestapp/Common.java,15,15,,,,
core/tests/coretests/BstatsTestApp/src/com/android/coretests/apps/bstatstestapp/IsolatedTestService.java,11,11,,,,
core/tests/coretests/BstatsTestApp/src/com/android/coretests/apps/bstatstestapp/TestActivity.java,11,11,,,,
core/tests/coretests/BstatsTestApp/src/com/android/coretests/apps/bstatstestapp/TestService.java,34,34,,,,
core/tests/coretests/DisabledTestApp/src/com/android/frameworks/coretests/disabled_app/EnabledActivity.java,1,1,,,,
core/tests/coretests/EnabledTestApp/src/com/android/frameworks/coretests/enabled_app/DisabledActivity.java,1,1,,,,
core/tests/coretests/EnabledTestApp/src/com/android/frameworks/coretests/enabled_app/DisabledProvider.java,22,22,,,,
core/tests/coretests/EnabledTestApp/src/com/android/frameworks/coretests/enabled_app/DisabledReceiver.java,4,4,,,,
core/tests/coretests/EnabledTestApp/src/com/android/frameworks/coretests/enabled_app/DisabledService.java,3,3,,,,
core/tests/coretests/EnabledTestApp/src/com/android/frameworks/coretests/enabled_app/EnabledActivity.java,1,1,,,,
core/tests/coretests/EnabledTestApp/src/com/android/frameworks/coretests/enabled_app/EnabledProvider.java,22,22,,,,
core/tests/coretests/EnabledTestApp/src/com/android/frameworks/coretests/enabled_app/EnabledReceiver.java,4,4,,,,
core/tests/coretests/EnabledTestApp/src/com/android/frameworks/coretests/enabled_app/EnabledService.java,3,3,,,,
core/tests/coretests/src/android/animation/AnimatorInflaterTest.java,14,14,,,,
core/tests/coretests/src/android/animation/AnimatorSetActivity.java,3,3,,,,
core/tests/coretests/src/android/animation/AnimatorSetActivityTest.java,157,157,,,,
core/tests/coretests/src/android/animation/AnimatorSetEventsTest.java,16,16,,,,
core/tests/coretests/src/android/animation/AutoCancelTest.java,67,67,,,,
core/tests/coretests/src/android/animation/BasicAnimatorActivity.java,4,4,,,,
core/tests/coretests/src/android/animation/EventsTest.java,159,159,,,,
core/tests/coretests/src/android/animation/FutureWaiter.java,6,6,,,,
core/tests/coretests/src/android/animation/ObjectAnimatorEventsTest.java,4,4,,,,
core/tests/coretests/src/android/animation/StateListAnimatorTest.java,19,19,,,,
core/tests/coretests/src/android/animation/ValueAnimatorEventsTest.java,2,2,,,,
core/tests/coretests/src/android/animation/ValueAnimatorTests.java,261,261,,,,
core/tests/coretests/src/android/animation/ViewPropertyAnimatorTest.java,80,80,,,,
core/tests/coretests/src/android/app/activity/AbortReceiver.java,8,8,,,,
core/tests/coretests/src/android/app/activity/ActivityManagerTest.java,17,17,,,,
core/tests/coretests/src/android/app/activity/ActivityTests.java,4,4,,,,
core/tests/coretests/src/android/app/activity/ActivityTestsBase.java,63,63,,,,
core/tests/coretests/src/android/app/activity/ActivityThreadTest.java,39,39,,,,
core/tests/coretests/src/android/app/activity/BroadcastTest.java,147,147,,,,
core/tests/coretests/src/android/app/activity/ClearTop.java,8,8,,,,
core/tests/coretests/src/android/app/activity/IntentSenderTest.java,27,27,,,,
core/tests/coretests/src/android/app/activity/LaunchpadActivity.java,161,161,,,,
core/tests/coretests/src/android/app/activity/LaunchpadTabActivity.java,7,7,,,,
core/tests/coretests/src/android/app/activity/LaunchTest.java,9,9,,,,
core/tests/coretests/src/android/app/activity/LifecycleTest.java,14,14,,,,
core/tests/coretests/src/android/app/activity/LocalActivity.java,2,2,,,,
core/tests/coretests/src/android/app/activity/LocalDeniedReceiver.java,8,8,,,,
core/tests/coretests/src/android/app/activity/LocalDeniedService.java,1,1,,,,
core/tests/coretests/src/android/app/activity/LocalDialog.java,2,2,,,,
core/tests/coretests/src/android/app/activity/LocalGrantedReceiver.java,8,8,,,,
core/tests/coretests/src/android/app/activity/LocalGrantedService.java,1,1,,,,
core/tests/coretests/src/android/app/activity/LocalProvider.java,63,63,,,,
core/tests/coretests/src/android/app/activity/LocalReceiver.java,19,19,,,,
core/tests/coretests/src/android/app/activity/LocalScreen.java,2,2,,,,
core/tests/coretests/src/android/app/activity/LocalService.java,29,29,,,,
core/tests/coretests/src/android/app/activity/MetaDataTest.java,30,30,,,,
core/tests/coretests/src/android/app/activity/RemoteDeniedReceiver.java,8,8,,,,
core/tests/coretests/src/android/app/activity/RemoteGrantedReceiver.java,8,8,,,,
core/tests/coretests/src/android/app/activity/RemoteReceiver.java,9,9,,,,
core/tests/coretests/src/android/app/activity/RemoteSubActivityScreen.java,10,10,,,,
core/tests/coretests/src/android/app/activity/ResultReceiver.java,6,6,,,,
core/tests/coretests/src/android/app/activity/SearchableActivity.java,3,3,,,,
core/tests/coretests/src/android/app/activity/ServiceTest.java,94,94,,,,
core/tests/coretests/src/android/app/activity/SetTimeZonePermissionsTest.java,11,11,,,,
core/tests/coretests/src/android/app/activity/SubActivityScreen.java,27,27,,,,
core/tests/coretests/src/android/app/activity/SubActivityTest.java,11,11,,,,
core/tests/coretests/src/android/app/activity/TestedActivity.java,16,16,,,,
core/tests/coretests/src/android/app/activity/TestedScreen.java,24,24,,,,
core/tests/coretests/src/android/app/admin/PasswordMetricsTest.java,21,21,,,,
core/tests/coretests/src/android/app/ApplicationErrorReportTest.java,16,16,,,,
core/tests/coretests/src/android/app/ApplicationPackageManagerTest.java,55,55,,,,
core/tests/coretests/src/android/app/backup/BackupDataTest.java,81,81,,,,
core/tests/coretests/src/android/app/backup/FullBackupTest.java,65,65,,,,
core/tests/coretests/src/android/app/DownloadManagerBaseTest.java,231,231,,,,
core/tests/coretests/src/android/app/DownloadManagerFunctionalTest.java,93,93,,,,
core/tests/coretests/src/android/app/DownloadManagerStressTest.java,42,42,,,,
core/tests/coretests/src/android/app/EmptyActivity.java,1,1,,,,
core/tests/coretests/src/android/app/InstrumentationTest.java,4,4,,,,
core/tests/coretests/src/android/app/LoaderLifecycleTest.java,39,39,,,,
core/tests/coretests/src/android/app/NotificationTest.java,73,73,,,,
core/tests/coretests/src/android/app/SearchManagerTest.java,17,17,,,,
core/tests/coretests/src/android/app/servertransaction/ClientTransactionTests.java,8,8,,,,
core/tests/coretests/src/android/app/servertransaction/ObjectPoolTests.java,71,71,,,,
core/tests/coretests/src/android/app/servertransaction/TestUtils.java,24,24,,,,
core/tests/coretests/src/android/app/servertransaction/TransactionExecutorTests.java,71,71,,,,
core/tests/coretests/src/android/app/servertransaction/TransactionParcelTests.java,260,260,,,,
core/tests/coretests/src/android/app/SuggestionProvider.java,37,37,,,,
core/tests/coretests/src/android/app/timezone/DistroFormatVersionTest.java,19,19,,,,
core/tests/coretests/src/android/app/timezone/DistroRulesVersionTest.java,19,19,,,,
core/tests/coretests/src/android/app/timezone/RulesStateTest.java,30,30,,,,
core/tests/coretests/src/android/app/timezone/RulesUpdaterContractTest.java,17,17,,,,
core/tests/coretests/src/android/app/TranslucentFancyActivity.java,3,3,,,,
core/tests/coretests/src/android/app/usage/EventListTest.java,31,31,,,,
core/tests/coretests/src/android/app/usage/UsageStatsTest.java,9,9,,,,
core/tests/coretests/src/android/content/AbstractCrossUserContentResolverTest.java,55,55,,,,
core/tests/coretests/src/android/content/AssetTest.java,14,14,,,,
core/tests/coretests/src/android/content/BrickDeniedTest.java,2,2,,,,
core/tests/coretests/src/android/content/BroadcastReceiverTests.java,12,12,,,,
core/tests/coretests/src/android/content/ContentProviderOperationTest.java,193,193,,,,
core/tests/coretests/src/android/content/ContentQueryMapTest.java,24,24,,,,
core/tests/coretests/src/android/content/ContentResolverTest.java,5,5,,,,
core/tests/coretests/src/android/content/ContentTests.java,3,3,,,,
core/tests/coretests/src/android/content/ContentValuesTest.java,3,3,,,,
core/tests/coretests/src/android/content/CrossUserContentService.java,13,13,,,,
core/tests/coretests/src/android/content/ManagedUserContentResolverTest.java,2,2,,,,
core/tests/coretests/src/android/content/MemoryFileProvider.java,58,58,,,,
core/tests/coretests/src/android/content/MemoryFileProviderTest.java,20,20,,,,
core/tests/coretests/src/android/content/pm/AndroidTestBaseUpdaterTest.java,19,19,,,,
core/tests/coretests/src/android/content/pm/AndroidTestRunnerSplitUpdaterTest.java,10,10,,,,
core/tests/coretests/src/android/content/pm/AppsQueryHelperTests.java,39,39,,,,
core/tests/coretests/src/android/content/pm/ComponentTest.java,140,140,,,,
core/tests/coretests/src/android/content/pm/CrossProfileAppsTest.java,23,23,,,,
core/tests/coretests/src/android/content/pm/dex/DexMetadataHelperTest.java,56,56,,,,
core/tests/coretests/src/android/content/pm/LimitedLengthInputStreamTest.java,51,51,,,,
core/tests/coretests/src/android/content/pm/MacAuthenticatedInputStreamTest.java,20,20,,,,
core/tests/coretests/src/android/content/pm/OptionalClassRunner.java,33,33,,,,
core/tests/coretests/src/android/content/pm/OrgApacheHttpLegacyUpdaterTest.java,19,19,,,,
core/tests/coretests/src/android/content/pm/PackageBackwardCompatibilityTest.java,23,23,,,,
core/tests/coretests/src/android/content/pm/PackageBuilder.java,20,20,,,,
core/tests/coretests/src/android/content/pm/PackageHelperTests.java,96,96,,,,
core/tests/coretests/src/android/content/pm/PackageManagerTests.java,865,865,,,,
core/tests/coretests/src/android/content/pm/PackageParserCacheHelperTest.java,8,8,,,,
core/tests/coretests/src/android/content/pm/PackageParserTest.java,77,77,,,,
core/tests/coretests/src/android/content/pm/PackageSharedLibraryUpdaterTest.java,6,6,,,,
core/tests/coretests/src/android/content/pm/ParceledListSliceTest.java,94,94,,,,
core/tests/coretests/src/android/content/pm/RegisteredServicesCacheTest.java,124,115,,3,6,
core/tests/coretests/src/android/content/pm/RemoveUnnecessaryAndroidTestBaseLibraryTest.java,24,24,,,,
core/tests/coretests/src/android/content/pm/RemoveUnnecessaryOrgApacheHttpLegacyLibraryTest.java,24,24,,,,
core/tests/coretests/src/android/content/pm/SignatureTest.java,8,8,,,,
core/tests/coretests/src/android/content/pm/VerificationParamsTest.java,49,49,,,,
core/tests/coretests/src/android/content/pm/VerifierDeviceIdentityTest.java,76,76,,,,
core/tests/coretests/src/android/content/res/ConfigurationBoundResourceCacheTest.java,65,65,,,,
core/tests/coretests/src/android/content/res/ConfigurationTest.java,7,7,,,,
core/tests/coretests/src/android/content/res/FontResourcesParserTest.java,30,30,,,,
core/tests/coretests/src/android/content/res/ResourceCacheActivity.java,5,5,,,,
core/tests/coretests/src/android/content/res/ResourcesLocaleTest.java,23,23,,,,
core/tests/coretests/src/android/content/res/ResourcesManagerTest.java,51,51,,,,
core/tests/coretests/src/android/content/RestrictionsManagerTest.java,22,22,,,,
core/tests/coretests/src/android/content/SecondaryUserContentResolverTest.java,2,2,,,,
core/tests/coretests/src/android/database/CursorWindowTest.java,22,22,,,,
core/tests/coretests/src/android/database/DatabaseCursorTest.java,112,112,,,,
core/tests/coretests/src/android/database/DatabaseErrorHandlerTest.java,18,18,,,,
core/tests/coretests/src/android/database/DatabaseGeneralTest.java,178,178,,,,
core/tests/coretests/src/android/database/DatabaseLocaleTest.java,21,21,,,,
core/tests/coretests/src/android/database/DatabaseLockTest.java,36,36,,,,
core/tests/coretests/src/android/database/DatabaseStatementTest.java,85,85,,,,
core/tests/coretests/src/android/database/DatabaseStressTest.java,20,20,,,,
core/tests/coretests/src/android/database/MatrixCursorTest.java,28,28,,,,
core/tests/coretests/src/android/database/NewDatabasePerformanceTests.java,276,276,,,,
core/tests/coretests/src/android/database/NewDatabasePerformanceTestSuite.java,3,3,,,,
core/tests/coretests/src/android/database/sqlite/SQLiteCompatibilityWalFlagsTest.java,8,6,,2,,
core/tests/coretests/src/android/database/sqlite/SQLiteConnectionPoolTest.java,14,14,,,,
core/tests/coretests/src/android/database/sqlite/SQLiteCursorTest.java,31,31,,,,
core/tests/coretests/src/android/database/sqlite/SQLiteTokenizerTest.java,19,19,,,,
core/tests/coretests/src/android/database/SQLiteOpenHelperTest.java,50,50,,,,
core/tests/coretests/src/android/graphics/BitmapFactoryTest.java,7,7,,,,
core/tests/coretests/src/android/graphics/BitmapTest.java,74,74,,,,
core/tests/coretests/src/android/graphics/ColorSpaceRendererTest.java,7,7,,,,
core/tests/coretests/src/android/graphics/ColorStateListTest.java,16,16,,,,
core/tests/coretests/src/android/graphics/drawable/AdaptiveIconDrawableTest.java,91,91,,,,
core/tests/coretests/src/android/graphics/drawable/IconTest.java,118,118,,,,
core/tests/coretests/src/android/graphics/drawable/StateListDrawableTest.java,22,22,,,,
core/tests/coretests/src/android/graphics/GraphicsPerformanceTests.java,90,90,,,,
core/tests/coretests/src/android/graphics/GraphicsTests.java,3,3,,,,
core/tests/coretests/src/android/graphics/PaintTest.java,103,103,,,,
core/tests/coretests/src/android/graphics/PathOffsetTest.java,25,25,,,,
core/tests/coretests/src/android/graphics/PathTest.java,5,5,,,,
core/tests/coretests/src/android/graphics/RectTest.java,5,5,,,,
core/tests/coretests/src/android/graphics/ThreadBitmapTest.java,8,8,,,,
core/tests/coretests/src/android/graphics/TypefaceSystemFallbackTest.java,103,103,,,,
core/tests/coretests/src/android/graphics/TypefaceTest.java,37,37,,,,
core/tests/coretests/src/android/hardware/display/AmbientBrightnessDayStatsTest.java,34,34,,,,
core/tests/coretests/src/android/hardware/display/BrightnessConfigurationTest.java,51,51,,,,
core/tests/coretests/src/android/hardware/display/VirtualDisplayTest.java,102,102,,,,
core/tests/coretests/src/android/metrics/LogMakerTest.java,79,79,,,,
core/tests/coretests/src/android/metrics/MetricsReaderTest.java,34,34,,,,
core/tests/coretests/src/android/net/http/AbstractProxyTest.java,91,91,,,,
core/tests/coretests/src/android/net/http/AndroidHttpClientProxyTest.java,2,2,,,,
core/tests/coretests/src/android/net/http/CookiesTest.java,18,18,,,,
core/tests/coretests/src/android/net/http/DefaultHttpClientProxyTest.java,2,2,,,,
core/tests/coretests/src/android/net/http/DefaultHttpClientTest.java,28,28,,,,
core/tests/coretests/src/android/net/http/SslCertificateTest.java,13,13,,,,
core/tests/coretests/src/android/net/http/X509TrustManagerExtensionsTest.java,23,23,,,,
core/tests/coretests/src/android/net/LocalSocketTest.java,18,18,,,,
core/tests/coretests/src/android/net/NetworkKeyTest.java,34,34,,,,
core/tests/coretests/src/android/net/NetworkPolicyManagerTest.java,15,15,,,,
core/tests/coretests/src/android/net/NetworkRecommendationProviderTest.java,22,22,,,,
core/tests/coretests/src/android/net/ScoredNetworkTest.java,70,70,,,,
core/tests/coretests/src/android/net/SntpClientTest.java,57,57,,,,
core/tests/coretests/src/android/net/SSLSessionCacheTest.java,22,22,,,,
core/tests/coretests/src/android/net/SSLTest.java,16,16,,,,
core/tests/coretests/src/android/net/UriMatcherTest.java,30,30,,,,
core/tests/coretests/src/android/net/UriTest.java,147,147,,,,
core/tests/coretests/src/android/net/WebAddressTest.java,5,5,,,,
core/tests/coretests/src/android/os/AidlTest.java,145,145,,,,
core/tests/coretests/src/android/os/BinderProxyCountingTest.java,72,72,,,,
core/tests/coretests/src/android/os/BinderThreadPriorityService.java,15,15,,,,
core/tests/coretests/src/android/os/BinderThreadPriorityTest.java,39,39,,,,
core/tests/coretests/src/android/os/BrightnessLimit.java,7,7,,,,
core/tests/coretests/src/android/os/BroadcasterTest.java,63,63,,,,
core/tests/coretests/src/android/os/BuildTest.java,8,8,,,,
core/tests/coretests/src/android/os/BundleTest.java,14,14,,,,
core/tests/coretests/src/android/os/EnvironmentTest.java,11,11,,,,
core/tests/coretests/src/android/os/FileBridgeTest.java,26,26,,,,
core/tests/coretests/src/android/os/FileObserverTest.java,23,23,,,,
core/tests/coretests/src/android/os/FileUtilsTest.java,99,99,,,,
core/tests/coretests/src/android/os/HandlerTester.java,18,18,,,,
core/tests/coretests/src/android/os/HandlerThreadTest.java,17,17,,,,
core/tests/coretests/src/android/os/IdleHandlerTest.java,46,46,,,,
core/tests/coretests/src/android/os/LocaleListTest.java,11,11,,,,
core/tests/coretests/src/android/os/MemoryFileTest.java,57,57,,,,
core/tests/coretests/src/android/os/MessageQueueTest.java,43,43,,,,
core/tests/coretests/src/android/os/MessengerService.java,11,11,,,,
core/tests/coretests/src/android/os/MessengerTest.java,25,25,,,,
core/tests/coretests/src/android/os/OsTests.java,3,3,,,,
core/tests/coretests/src/android/os/PatternMatcherTest.java,35,35,,,,
core/tests/coretests/src/android/os/PerformanceCollectorTest.java,118,118,,,,
core/tests/coretests/src/android/os/PowerManagerTest.java,12,12,,,,
core/tests/coretests/src/android/os/PowerManagerVrTest.java,24,24,,,,
core/tests/coretests/src/android/os/ProcessTest.java,3,3,,,,
core/tests/coretests/src/android/os/SetPersistentVrThreadTest.java,27,25,,2,,
core/tests/coretests/src/android/os/storage/StorageListener.java,12,12,,,,
core/tests/coretests/src/android/os/storage/StorageManagerBaseTest.java,137,137,,,,
core/tests/coretests/src/android/os/storage/StorageManagerIntegrationTest.java,51,51,,,,
core/tests/coretests/src/android/os/SystemPropertiesTest.java,4,4,,,,
core/tests/coretests/src/android/os/TestHandlerThread.java,19,19,,,,
core/tests/coretests/src/android/os/TestVrActivity.java,10,10,,,,
core/tests/coretests/src/android/os/TraceTest.java,52,52,,,,
core/tests/coretests/src/android/os/UserHandleTest.java,22,22,,,,
core/tests/coretests/src/android/os/VibrationEffectTest.java,25,25,,,,
core/tests/coretests/src/android/os/VintfObjectTest.java,3,3,,,,
core/tests/coretests/src/android/os/WorkSourceTest.java,69,69,,,,
core/tests/coretests/src/android/preference/ListPreferenceTest.java,5,5,,,,
core/tests/coretests/src/android/preference/PreferenceIconSpaceTest.java,14,14,,,,
core/tests/coretests/src/android/print/IPrintManagerParametersTest.java,83,83,,,,
core/tests/coretests/src/android/provider/DocumentsProviderTest.java,31,31,,,,
core/tests/coretests/src/android/provider/FontsContractE2ETest.java,49,49,,,,
core/tests/coretests/src/android/provider/FontsContractTest.java,79,79,,,,
core/tests/coretests/src/android/provider/MockFontProvider.java,87,87,,,,
core/tests/coretests/src/android/provider/SearchRecentSuggestionsProviderTest.java,87,87,,,,
core/tests/coretests/src/android/provider/SettingsBackupTest.java,30,26,,4,,
core/tests/coretests/src/android/provider/SettingsProviderTest.java,60,60,,,,
core/tests/coretests/src/android/provider/SettingsValidatorsTest.java,59,59,,,,
core/tests/coretests/src/android/provider/SmsProviderTest.java,11,11,,,,
core/tests/coretests/src/android/provider/TestDocumentsProvider.java,45,45,,,,
core/tests/coretests/src/android/provider/TestFontsProvider.java,45,45,,,,
core/tests/coretests/src/android/provider/TestProvider.java,4,4,,,,
core/tests/coretests/src/android/security/keystore/recovery/KeyChainProtectionParamsTest.java,25,25,,,,
core/tests/coretests/src/android/security/keystore/recovery/KeyChainSnapshotTest.java,48,48,,,,
core/tests/coretests/src/android/security/keystore/recovery/KeyDerivationParamsTest.java,14,14,,,,
core/tests/coretests/src/android/security/keystore/recovery/TrustedRootCertificatesTest.java,4,4,,,,
core/tests/coretests/src/android/security/keystore/recovery/WrappedApplicationKeyTest.java,13,13,,,,
core/tests/coretests/src/android/security/keystore/recovery/X509CertificateParsingUtilsTest.java,6,6,,,,
core/tests/coretests/src/android/service/euicc/EuiccProfileInfoTest.java,21,21,,,,
core/tests/coretests/src/android/service/settings/suggestions/MockSuggestionService.java,10,10,,,,
core/tests/coretests/src/android/service/settings/suggestions/SuggestionServiceTest.java,14,14,,,,
core/tests/coretests/src/android/service/settings/suggestions/SuggestionTest.java,15,15,,,,
core/tests/coretests/src/android/text/BidiFormatterTest.java,9,9,,,,
core/tests/coretests/src/android/text/DynamicLayoutBlocksTest.java,43,43,,,,
core/tests/coretests/src/android/text/DynamicLayoutTest.java,70,70,,,,
core/tests/coretests/src/android/text/EmojiTest.java,13,13,,,,
core/tests/coretests/src/android/text/FontFallbackSetup.java,30,30,,,,
core/tests/coretests/src/android/text/format/DateFormatTest.java,4,4,,,,
core/tests/coretests/src/android/text/format/DateUtilsTest.java,20,20,,,,
core/tests/coretests/src/android/text/format/FormatterTest.java,30,30,,,,
core/tests/coretests/src/android/text/format/TimeTest.java,118,118,,,,
core/tests/coretests/src/android/text/LayoutTest.java,205,205,,,,
core/tests/coretests/src/android/text/MeasuredParagraphTest.java,17,17,,,,
core/tests/coretests/src/android/text/method/BackspaceTest.java,22,22,,,,
core/tests/coretests/src/android/text/method/EditorState.java,27,27,,,,
core/tests/coretests/src/android/text/method/ForwardDeleteTest.java,22,22,,,,
core/tests/coretests/src/android/text/method/WordIteratorTest.java,104,104,,,,
core/tests/coretests/src/android/text/PackedIntVectorTest.java,30,30,,,,
core/tests/coretests/src/android/text/SpannableStringBuilderTest.java,11,11,,,,
core/tests/coretests/src/android/text/SpannableStringNoCopyTest.java,51,51,,,,
core/tests/coretests/src/android/text/SpannableStringTest.java,3,3,,,,
core/tests/coretests/src/android/text/SpannableTest.java,32,32,,,,
core/tests/coretests/src/android/text/SpannedStringNoCopyTest.java,44,44,,,,
core/tests/coretests/src/android/text/SpannedTest.java,55,55,,,,
core/tests/coretests/src/android/text/StaticLayoutBidiTest.java,35,35,,,,
core/tests/coretests/src/android/text/StaticLayoutDirectionsTest.java,61,61,,,,
core/tests/coretests/src/android/text/StaticLayoutTest.java,221,221,,,,
core/tests/coretests/src/android/text/StaticLayoutTextMeasuringTest.java,16,16,,,,
core/tests/coretests/src/android/text/style/UnderlineSpanTest.java,13,13,,,,
core/tests/coretests/src/android/text/TextLayoutTest.java,6,6,,,,
core/tests/coretests/src/android/text/TextLineTest.java,12,12,,,,
core/tests/coretests/src/android/text/TextUtilsTest.java,149,149,,,,
core/tests/coretests/src/android/text/util/LinkifyTest.java,45,45,,,,
core/tests/coretests/src/android/text/VariationParserTest.java,8,8,,,,
core/tests/coretests/src/android/transition/AutoTransitionTest.java,6,6,,,,
core/tests/coretests/src/android/transition/FadeTransitionTest.java,85,85,,,,
core/tests/coretests/src/android/transition/SlideTransitionTest.java,50,50,,,,
core/tests/coretests/src/android/transition/TransitionTest.java,23,23,,,,
core/tests/coretests/src/android/util/ArrayMapTest.java,17,17,,,,
core/tests/coretests/src/android/util/Base64Test.java,88,88,,,,
core/tests/coretests/src/android/util/DataUnitTest.java,3,3,,,,
core/tests/coretests/src/android/util/DayOfMonthCursorTest.java,15,15,,,,
core/tests/coretests/src/android/util/GridScenario.java,88,88,,,,
core/tests/coretests/src/android/util/InternalSelectionView.java,66,66,,,,
core/tests/coretests/src/android/util/KeyUtils.java,21,21,,,,
core/tests/coretests/src/android/util/KeyValueListParserTest.java,21,21,,,,
core/tests/coretests/src/android/util/ListItemFactory.java,62,62,,,,
core/tests/coretests/src/android/util/ListScenario.java,166,166,,,,
core/tests/coretests/src/android/util/ListUtil.java,20,20,,,,
core/tests/coretests/src/android/util/LocalLogTest.java,35,35,,,,
core/tests/coretests/src/android/util/LogTest.java,13,13,,,,
core/tests/coretests/src/android/util/LongSparseLongArrayTest.java,38,38,,,,
core/tests/coretests/src/android/util/LruCacheTest.java,159,159,,,,
core/tests/coretests/src/android/util/MonthDisplayHelperTest.java,27,27,,,,
core/tests/coretests/src/android/util/OrientationUtil.java,16,16,,,,
core/tests/coretests/src/android/util/PatternsTest.java,223,223,,,,
core/tests/coretests/src/android/util/PollingCheck.java,21,21,,,,
core/tests/coretests/src/android/util/RecurrenceRuleTest.java,25,25,,,,
core/tests/coretests/src/android/util/ScrollViewScenario.java,75,75,,,,
core/tests/coretests/src/android/util/SparseLongArrayTest.java,31,31,,,,
core/tests/coretests/src/android/util/StateSetTest.java,34,34,,,,
core/tests/coretests/src/android/util/TimingsTraceLogTest.java,8,8,,,,
core/tests/coretests/src/android/util/TokenBucketTest.java,42,42,,,,
core/tests/coretests/src/android/util/TouchModeFlexibleAsserts.java,17,17,,,,
core/tests/coretests/src/android/view/accessibility/AccessibilityCacheTest.java,146,146,,,,
core/tests/coretests/src/android/view/accessibility/AccessibilityEventTest.java,22,22,,,,
core/tests/coretests/src/android/view/accessibility/AccessibilityInteractionClientTest.java,22,22,,,,
core/tests/coretests/src/android/view/accessibility/AccessibilityNodeInfoTest.java,22,22,,,,
core/tests/coretests/src/android/view/accessibility/AccessibilityServiceConnectionImpl.java,79,79,,,,
core/tests/coretests/src/android/view/accessibility/RecycleAccessibilityEventTest.java,13,13,,,,
core/tests/coretests/src/android/view/BigCache.java,12,12,,,,
core/tests/coretests/src/android/view/BigCacheTest.java,16,16,,,,
core/tests/coretests/src/android/view/BitmapDrawable.java,3,3,,,,
core/tests/coretests/src/android/view/CreateViewTest.java,31,31,,,,
core/tests/coretests/src/android/view/Disabled.java,8,8,,,,
core/tests/coretests/src/android/view/DisabledLongpressTest.java,13,13,,,,
core/tests/coretests/src/android/view/DisabledTest.java,20,20,,,,
core/tests/coretests/src/android/view/DisplayCutoutTest.java,59,54,,1,4,
core/tests/coretests/src/android/view/DrawableBgMinSize.java,16,16,,,,
core/tests/coretests/src/android/view/DrawableBgMinSizeTest.java,27,27,,,,
core/tests/coretests/src/android/view/FocusFinderTest.java,91,91,,,,
core/tests/coretests/src/android/view/GlobalFocusChange.java,9,9,,,,
core/tests/coretests/src/android/view/GlobalFocusChangeTest.java,10,10,,,,
core/tests/coretests/src/android/view/HandlerActionQueueTest.java,9,9,,,,
core/tests/coretests/src/android/view/Include.java,3,3,,,,
core/tests/coretests/src/android/view/IncludeTest.java,18,18,,,,
core/tests/coretests/src/android/view/InflateTest.java,30,30,,,,
core/tests/coretests/src/android/view/inputmethod/CursorAnchorInfoTest.java,89,89,,,,
core/tests/coretests/src/android/view/inputmethod/InputMethodInfoTest.java,21,21,,,,
core/tests/coretests/src/android/view/inputmethod/InputMethodSubtypeArrayTest.java,13,13,,,,
core/tests/coretests/src/android/view/inputmethod/InputMethodSubtypeTest.java,26,26,,,,
core/tests/coretests/src/android/view/inputmethod/SparseRectFArrayTest.java,30,30,,,,
core/tests/coretests/src/android/view/ListContextMenu.java,41,41,,,,
core/tests/coretests/src/android/view/Longpress.java,3,3,,,,
core/tests/coretests/src/android/view/LongpressTest.java,13,13,,,,
core/tests/coretests/src/android/view/menu/ContextMenuActivity.java,12,12,,,,
core/tests/coretests/src/android/view/menu/ContextMenuTest.java,15,15,,,,
core/tests/coretests/src/android/view/menu/MenuLayout.java,11,11,,,,
core/tests/coretests/src/android/view/menu/MenuLayoutLandscape.java,1,1,,,,
core/tests/coretests/src/android/view/menu/MenuLayoutLandscapeTest.java,26,26,,,,
core/tests/coretests/src/android/view/menu/MenuLayoutPortrait.java,1,1,,,,
core/tests/coretests/src/android/view/menu/MenuLayoutPortraitTest.java,26,26,,,,
core/tests/coretests/src/android/view/menu/MenuScenario.java,46,46,,,,
core/tests/coretests/src/android/view/menu/MenuWith1Item.java,7,7,,,,
core/tests/coretests/src/android/view/menu/MenuWith1ItemTest.java,7,7,,,,
core/tests/coretests/src/android/view/MenuTest.java,49,49,,,,
core/tests/coretests/src/android/view/Merge.java,5,5,,,,
core/tests/coretests/src/android/view/MergeTest.java,6,6,,,,
core/tests/coretests/src/android/view/MockView.java,1,1,,,,
core/tests/coretests/src/android/view/MutateDrawable.java,6,6,,,,
core/tests/coretests/src/android/view/MutateDrawableTest.java,7,7,,,,
core/tests/coretests/src/android/view/PinchZoomAction.java,54,54,,,,
core/tests/coretests/src/android/view/PopupWindowVisibility.java,14,14,,,,
core/tests/coretests/src/android/view/PreDrawListener.java,17,17,,,,
core/tests/coretests/src/android/view/RemoteViewsActivity.java,3,3,,,,
core/tests/coretests/src/android/view/RenderNodeAnimatorTest.java,7,7,,,,
core/tests/coretests/src/android/view/RunQueue.java,15,15,,,,
core/tests/coretests/src/android/view/RunQueueTest.java,11,11,,,,
core/tests/coretests/src/android/view/ScaleGesture.java,11,11,,,,
core/tests/coretests/src/android/view/ScaleGestureDetectorTest.java,17,17,,,,
core/tests/coretests/src/android/view/SetTagsTest.java,23,23,,,,
core/tests/coretests/src/android/view/StubbedView.java,7,7,,,,
core/tests/coretests/src/android/view/textclassifier/logging/GenerateLinksLoggerTest.java,29,29,,,,
core/tests/coretests/src/android/view/textclassifier/SelectionEventTest.java,7,7,,,,
core/tests/coretests/src/android/view/textclassifier/TextClassificationConstantsTest.java,9,9,,,,
core/tests/coretests/src/android/view/textclassifier/TextClassificationManagerTest.java,155,155,,,,
core/tests/coretests/src/android/view/textclassifier/TextClassificationTest.java,55,55,,,,
core/tests/coretests/src/android/view/textclassifier/TextLinksTest.java,17,17,,,,
core/tests/coretests/src/android/view/textclassifier/TextSelectionTest.java,13,13,,,,
core/tests/coretests/src/android/view/textservice/SpellCheckerSubtypeTest.java,28,28,,,,
core/tests/coretests/src/android/view/VelocityTest.java,101,101,,,,
core/tests/coretests/src/android/view/ViewAttachTest.java,11,11,,,,
core/tests/coretests/src/android/view/ViewAttachTestActivity.java,4,4,,,,
core/tests/coretests/src/android/view/ViewAttachView.java,19,19,,,,
core/tests/coretests/src/android/view/ViewCaptureTest.java,18,18,,,,
core/tests/coretests/src/android/view/ViewCaptureTestActivity.java,3,3,,,,
core/tests/coretests/src/android/view/ViewGroupAttributesTest.java,20,20,,,,
core/tests/coretests/src/android/view/ViewGroupChildren.java,3,3,,,,
core/tests/coretests/src/android/view/ViewGroupChildrenTest.java,47,47,,,,
core/tests/coretests/src/android/view/ViewInvalidateTest.java,26,26,,,,
core/tests/coretests/src/android/view/ViewRootImplTest.java,32,32,,,,
core/tests/coretests/src/android/view/ViewStubTest.java,18,18,,,,
core/tests/coretests/src/android/view/ViewTransientState.java,3,3,,,,
core/tests/coretests/src/android/view/ViewTransientStateTest.java,11,11,,,,
core/tests/coretests/src/android/view/Visibility.java,19,19,,,,
core/tests/coretests/src/android/view/VisibilityCallback.java,37,37,,,,
core/tests/coretests/src/android/view/VisibilityCallbackTest.java,16,16,,,,
core/tests/coretests/src/android/view/VisibilityTest.java,32,32,,,,
core/tests/coretests/src/android/view/ZeroSized.java,3,3,,,,
core/tests/coretests/src/android/view/ZeroSizedTest.java,18,18,,,,
core/tests/coretests/src/android/widget/AppWidgetHostViewTest.java,24,24,,,,
core/tests/coretests/src/android/widget/AutoCompleteTextViewCallbacks.java,21,21,,,,
core/tests/coretests/src/android/widget/AutoCompleteTextViewPopup.java,54,54,,,,
core/tests/coretests/src/android/widget/AutoCompleteTextViewSimple.java,30,30,,,,
core/tests/coretests/src/android/widget/DatePickerActivity.java,3,3,,,,
core/tests/coretests/src/android/widget/DatePickerFocusTest.java,47,47,,,,
core/tests/coretests/src/android/widget/DateTimeViewTest.java,3,3,,,,
core/tests/coretests/src/android/widget/EditorCursorTest.java,33,33,,,,
core/tests/coretests/src/android/widget/espresso/ContextMenuUtils.java,34,34,,,,
core/tests/coretests/src/android/widget/espresso/CustomViewActions.java,23,23,,,,
core/tests/coretests/src/android/widget/espresso/DragAction.java,175,175,,,,
core/tests/coretests/src/android/widget/espresso/DragHandleUtils.java,6,6,,,,
core/tests/coretests/src/android/widget/espresso/FloatingToolbarEspressoUtils.java,58,58,,,,
core/tests/coretests/src/android/widget/espresso/MouseClickAction.java,37,37,,,,
core/tests/coretests/src/android/widget/espresso/MouseUiController.java,17,17,,,,
core/tests/coretests/src/android/widget/espresso/SuggestionsPopupwindowUtils.java,21,21,,,,
core/tests/coretests/src/android/widget/espresso/TextViewActions.java,119,119,,,,
core/tests/coretests/src/android/widget/espresso/TextViewAssertions.java,46,46,,,,
core/tests/coretests/src/android/widget/espresso/ViewClickAction.java,12,12,,,,
core/tests/coretests/src/android/widget/focus/AdjacentVerticalRectLists.java,12,12,,,,
core/tests/coretests/src/android/widget/focus/DescendantFocusability.java,9,9,,,,
core/tests/coretests/src/android/widget/focus/DescendantFocusabilityTest.java,15,15,,,,
core/tests/coretests/src/android/widget/focus/FocusAfterRemoval.java,20,20,,,,
core/tests/coretests/src/android/widget/focus/FocusAfterRemovalTest.java,14,14,,,,
core/tests/coretests/src/android/widget/focus/FocusChangeWithInterestingRectHintTest.java,10,10,,,,
core/tests/coretests/src/android/widget/focus/GoneParentFocusedChild.java,14,14,,,,
core/tests/coretests/src/android/widget/focus/GoneParentFocusedChildTest.java,4,4,,,,
core/tests/coretests/src/android/widget/focus/HorizontalFocusSearch.java,27,27,,,,
core/tests/coretests/src/android/widget/focus/HorizontalFocusSearchTest.java,14,14,,,,
core/tests/coretests/src/android/widget/focus/LinearLayoutGrid.java,9,9,,,,
core/tests/coretests/src/android/widget/focus/LinearLayoutGridTest.java,8,8,,,,
core/tests/coretests/src/android/widget/focus/ListOfButtons.java,16,16,,,,
core/tests/coretests/src/android/widget/focus/ListOfButtonsTest.java,25,25,,,,
core/tests/coretests/src/android/widget/focus/ListOfEditTexts.java,24,24,,,,
core/tests/coretests/src/android/widget/focus/ListOfInternalSelectionViews.java,42,42,,,,
core/tests/coretests/src/android/widget/focus/ListWithFooterViewAndNewLabels.java,28,28,,,,
core/tests/coretests/src/android/widget/focus/ListWithFooterViewAndNewLabelsTest.java,8,8,,,,
core/tests/coretests/src/android/widget/focus/ListWithMailMessages.java,43,43,,,,
core/tests/coretests/src/android/widget/focus/RequestFocus.java,6,6,,,,
core/tests/coretests/src/android/widget/focus/RequestFocusTest.java,29,29,,,,
core/tests/coretests/src/android/widget/focus/ScrollingThroughListOfFocusablesTest.java,34,34,,,,
core/tests/coretests/src/android/widget/focus/VerticalFocusSearch.java,27,27,,,,
core/tests/coretests/src/android/widget/focus/VerticalFocusSearchTest.java,24,24,,,,
core/tests/coretests/src/android/widget/gridview/GridDelete.java,25,25,,,,
core/tests/coretests/src/android/widget/gridview/GridInHorizontal.java,9,9,,,,
core/tests/coretests/src/android/widget/gridview/GridInHorizontalTest.java,6,6,,,,
core/tests/coretests/src/android/widget/gridview/GridInVertical.java,9,9,,,,
core/tests/coretests/src/android/widget/gridview/GridInVerticalTest.java,6,6,,,,
core/tests/coretests/src/android/widget/gridview/GridPadding.java,7,7,,,,
core/tests/coretests/src/android/widget/gridview/GridPaddingTest.java,6,6,,,,
core/tests/coretests/src/android/widget/gridview/GridScrollListener.java,18,18,,,,
core/tests/coretests/src/android/widget/gridview/GridScrollListenerTest.java,28,28,,,,
core/tests/coretests/src/android/widget/gridview/GridSetSelection.java,3,3,,,,
core/tests/coretests/src/android/widget/gridview/GridSetSelectionBaseTest.java,18,18,,,,
core/tests/coretests/src/android/widget/gridview/GridSetSelectionMany.java,3,3,,,,
core/tests/coretests/src/android/widget/gridview/GridSetSelectionManyTest.java,2,2,,,,
core/tests/coretests/src/android/widget/gridview/GridSetSelectionStackFromBottom.java,3,3,,,,
core/tests/coretests/src/android/widget/gridview/GridSetSelectionStackFromBottomMany.java,3,3,,,,
core/tests/coretests/src/android/widget/gridview/GridSetSelectionStackFromBottomManyTest.java,2,2,,,,
core/tests/coretests/src/android/widget/gridview/GridSetSelectionStackFromBottomTest.java,2,2,,,,
core/tests/coretests/src/android/widget/gridview/GridSetSelectionTest.java,2,2,,,,
core/tests/coretests/src/android/widget/gridview/GridSimple.java,10,10,,,,
core/tests/coretests/src/android/widget/gridview/GridSingleColumn.java,3,3,,,,
core/tests/coretests/src/android/widget/gridview/GridSingleColumnTest.java,6,6,,,,
core/tests/coretests/src/android/widget/gridview/GridStackFromBottom.java,3,3,,,,
core/tests/coretests/src/android/widget/gridview/GridStackFromBottomMany.java,3,3,,,,
core/tests/coretests/src/android/widget/gridview/GridStackFromBottomManyTest.java,6,6,,,,
core/tests/coretests/src/android/widget/gridview/GridStackFromBottomTest.java,6,6,,,,
core/tests/coretests/src/android/widget/gridview/GridThrasher.java,37,37,,,,
core/tests/coretests/src/android/widget/gridview/GridVerticalSpacing.java,3,3,,,,
core/tests/coretests/src/android/widget/gridview/GridVerticalSpacingStackFromBottom.java,3,3,,,,
core/tests/coretests/src/android/widget/gridview/touch/GridTouchSetSelectionTest.java,14,14,,,,
core/tests/coretests/src/android/widget/gridview/touch/GridTouchStackFromBottomManyTest.java,10,10,,,,
core/tests/coretests/src/android/widget/gridview/touch/GridTouchStackFromBottomTest.java,14,14,,,,
core/tests/coretests/src/android/widget/gridview/touch/GridTouchVerticalSpacingStackFromBottomTest.java,30,30,,,,
core/tests/coretests/src/android/widget/gridview/touch/GridTouchVerticalSpacingTest.java,28,28,,,,
core/tests/coretests/src/android/widget/LabelView.java,28,28,,,,
core/tests/coretests/src/android/widget/layout/frame/FrameLayoutGravity.java,3,3,,,,
core/tests/coretests/src/android/widget/layout/frame/FrameLayoutGravityTest.java,24,24,,,,
core/tests/coretests/src/android/widget/layout/frame/FrameLayoutMargin.java,3,3,,,,
core/tests/coretests/src/android/widget/layout/frame/FrameLayoutMarginTest.java,14,14,,,,
core/tests/coretests/src/android/widget/layout/linear/BaselineAlignmentCenterGravity.java,3,3,,,,
core/tests/coretests/src/android/widget/layout/linear/BaselineAlignmentCenterGravityTest.java,10,10,,,,
core/tests/coretests/src/android/widget/layout/linear/BaselineAlignmentSpinnerButton.java,8,8,,,,
core/tests/coretests/src/android/widget/layout/linear/BaselineAlignmentZeroWidthAndWeight.java,6,6,,,,
core/tests/coretests/src/android/widget/layout/linear/BaselineAlignmentZeroWidthAndWeightTest.java,8,8,,,,
core/tests/coretests/src/android/widget/layout/linear/BaselineButtons.java,3,3,,,,
core/tests/coretests/src/android/widget/layout/linear/BaselineButtonsTest.java,15,15,,,,
core/tests/coretests/src/android/widget/layout/linear/ExceptionTextView.java,19,19,,,,
core/tests/coretests/src/android/widget/layout/linear/FillInWrap.java,3,3,,,,
core/tests/coretests/src/android/widget/layout/linear/FillInWrapTest.java,8,8,,,,
core/tests/coretests/src/android/widget/layout/linear/HorizontalOrientationVerticalAlignment.java,3,3,,,,
core/tests/coretests/src/android/widget/layout/linear/LinearLayoutEditTexts.java,3,3,,,,
core/tests/coretests/src/android/widget/layout/linear/LinearLayoutEditTextsTest.java,10,10,,,,
core/tests/coretests/src/android/widget/layout/linear/LLEditTextThenButton.java,9,9,,,,
core/tests/coretests/src/android/widget/layout/linear/LLOfButtons1.java,12,12,,,,
core/tests/coretests/src/android/widget/layout/linear/LLOfButtons2.java,1,1,,,,
core/tests/coretests/src/android/widget/layout/linear/LLOfTwoFocusableInTouchMode.java,24,24,,,,
core/tests/coretests/src/android/widget/layout/linear/Weight.java,3,3,,,,
core/tests/coretests/src/android/widget/layout/linear/WeightSum.java,3,3,,,,
core/tests/coretests/src/android/widget/layout/linear/WeightSumTest.java,10,10,,,,
core/tests/coretests/src/android/widget/layout/linear/WeightTest.java,8,8,,,,
core/tests/coretests/src/android/widget/layout/table/AddColumn.java,11,11,,,,
core/tests/coretests/src/android/widget/layout/table/AddColumnTest.java,11,11,,,,
core/tests/coretests/src/android/widget/layout/table/CellSpan.java,3,3,,,,
core/tests/coretests/src/android/widget/layout/table/CellSpanTest.java,17,17,,,,
core/tests/coretests/src/android/widget/layout/table/FixedWidth.java,3,3,,,,
core/tests/coretests/src/android/widget/layout/table/FixedWidthTest.java,10,10,,,,
core/tests/coretests/src/android/widget/layout/table/HorizontalGravity.java,3,3,,,,
core/tests/coretests/src/android/widget/layout/table/HorizontalGravityTest.java,12,12,,,,
core/tests/coretests/src/android/widget/layout/table/VerticalGravity.java,3,3,,,,
core/tests/coretests/src/android/widget/layout/table/VerticalGravityTest.java,14,14,,,,
core/tests/coretests/src/android/widget/layout/table/Weight.java,3,3,,,,
core/tests/coretests/src/android/widget/layout/table/WeightTest.java,10,10,,,,
core/tests/coretests/src/android/widget/listview/AdjacentListsWithAdjacentISVsInside.java,32,32,,,,
core/tests/coretests/src/android/widget/listview/arrowscroll/ListInterleaveFocusablesTest.java,14,14,,,,
core/tests/coretests/src/android/widget/listview/arrowscroll/ListItemFocusableAboveUnfocusableTest.java,6,6,,,,
core/tests/coretests/src/android/widget/listview/arrowscroll/ListItemFocusablesCloseTest.java,16,16,,,,
core/tests/coretests/src/android/widget/listview/arrowscroll/ListItemFocusablesFarApartTest.java,26,26,,,,
core/tests/coretests/src/android/widget/listview/arrowscroll/ListItemsExpandOnSelectionTest.java,19,19,,,,
core/tests/coretests/src/android/widget/listview/arrowscroll/ListLastItemPartiallyVisibleTest.java,15,15,,,,
core/tests/coretests/src/android/widget/listview/arrowscroll/ListOfItemsShorterThanScreenTest.java,27,27,,,,
core/tests/coretests/src/android/widget/listview/arrowscroll/ListOfItemsTallerThanScreenTest.java,36,36,,,,
core/tests/coretests/src/android/widget/listview/arrowscroll/ListOfShortShortTallShortShortTest.java,11,11,,,,
core/tests/coretests/src/android/widget/listview/arrowscroll/ListOfShortTallShortTest.java,10,10,,,,
core/tests/coretests/src/android/widget/listview/arrowscroll/ListOfThinItemsTest.java,27,27,,,,
core/tests/coretests/src/android/widget/listview/arrowscroll/ListWithFirstScreenUnSelectableTest.java,8,8,,,,
core/tests/coretests/src/android/widget/listview/arrowscroll/ListWithNoFadingEdgeTest.java,13,13,,,,
core/tests/coretests/src/android/widget/listview/arrowscroll/ListWithOffScreenNextSelectableTest.java,12,12,,,,
core/tests/coretests/src/android/widget/listview/arrowscroll/ListWithOnItemSelectedActionTest.java,7,7,,,,
core/tests/coretests/src/android/widget/listview/arrowscroll/ListWithScreenOfNoSelectablesTest.java,15,15,,,,
core/tests/coretests/src/android/widget/listview/arrowscroll/ListWithSeparatorsTest.java,9,9,,,,
core/tests/coretests/src/android/widget/listview/focus/AdjacentListsWithAdjacentISVsInsideTest.java,13,13,,,,
core/tests/coretests/src/android/widget/listview/focus/ListButtonsDiagonalAcrossItemsTest.java,11,11,,,,
core/tests/coretests/src/android/widget/listview/focus/ListHorizontalFocusWithinItemWinsTest.java,9,9,,,,
core/tests/coretests/src/android/widget/listview/focus/ListWithEditTextHeaderTest.java,12,12,,,,
core/tests/coretests/src/android/widget/listview/ListBottomGravity.java,3,3,,,,
core/tests/coretests/src/android/widget/listview/ListBottomGravityMany.java,3,3,,,,
core/tests/coretests/src/android/widget/listview/ListBottomGravityManyTest.java,6,6,,,,
core/tests/coretests/src/android/widget/listview/ListBottomGravityTest.java,6,6,,,,
core/tests/coretests/src/android/widget/listview/ListButtonsDiagonalAcrossItems.java,11,11,,,,
core/tests/coretests/src/android/widget/listview/ListDividers.java,7,7,,,,
core/tests/coretests/src/android/widget/listview/ListEmptyViewTest.java,15,15,,,,
core/tests/coretests/src/android/widget/listview/ListEndingWithMultipleSeparators.java,3,3,,,,
core/tests/coretests/src/android/widget/listview/ListFilter.java,9,9,,,,
core/tests/coretests/src/android/widget/listview/ListFocusableTest.java,38,38,,,,
core/tests/coretests/src/android/widget/listview/ListGetCheckItemIdsTest.java,20,20,,,,
core/tests/coretests/src/android/widget/listview/ListGetSelectedView.java,3,3,,,,
core/tests/coretests/src/android/widget/listview/ListHeterogeneous.java,14,14,,,,
core/tests/coretests/src/android/widget/listview/ListHeterogeneousTest.java,13,13,,,,
core/tests/coretests/src/android/widget/listview/ListHorizontalFocusWithinItemWins.java,11,11,,,,
core/tests/coretests/src/android/widget/listview/ListInHorizontal.java,7,7,,,,
core/tests/coretests/src/android/widget/listview/ListInHorizontalTest.java,2,2,,,,
core/tests/coretests/src/android/widget/listview/ListInterleaveFocusables.java,11,11,,,,
core/tests/coretests/src/android/widget/listview/ListInVertical.java,7,7,,,,
core/tests/coretests/src/android/widget/listview/ListInVerticalTest.java,2,2,,,,
core/tests/coretests/src/android/widget/listview/ListItemFocusableAboveUnfocusable.java,7,7,,,,
core/tests/coretests/src/android/widget/listview/ListItemFocusablesClose.java,10,10,,,,
core/tests/coretests/src/android/widget/listview/ListItemFocusablesFarApart.java,7,7,,,,
core/tests/coretests/src/android/widget/listview/ListItemISVAndButton.java,13,13,,,,
core/tests/coretests/src/android/widget/listview/ListItemRequestRectAboveThinFirstItemTest.java,14,14,,,,
core/tests/coretests/src/android/widget/listview/ListItemsExpandOnSelection.java,20,20,,,,
core/tests/coretests/src/android/widget/listview/ListLastItemPartiallyVisible.java,3,3,,,,
core/tests/coretests/src/android/widget/listview/ListManagedCursor.java,11,11,,,,
core/tests/coretests/src/android/widget/listview/ListManagedCursorTest.java,18,18,,,,
core/tests/coretests/src/android/widget/listview/ListOfItemsShorterThanScreen.java,3,3,,,,
core/tests/coretests/src/android/widget/listview/ListOfItemsTallerThanScreen.java,3,3,,,,
core/tests/coretests/src/android/widget/listview/ListOfShortShortTallShortShort.java,3,3,,,,
core/tests/coretests/src/android/widget/listview/ListOfShortTallShort.java,3,3,,,,
core/tests/coretests/src/android/widget/listview/ListOfThinItems.java,4,4,,,,
core/tests/coretests/src/android/widget/listview/ListOfTouchables.java,8,8,,,,
core/tests/coretests/src/android/widget/listview/ListRecyclerProfiling.java,10,10,,,,
core/tests/coretests/src/android/widget/listview/ListRetainsFocusAcrossLayoutsTest.java,9,9,,,,
core/tests/coretests/src/android/widget/listview/ListScrollListener.java,23,23,,,,
core/tests/coretests/src/android/widget/listview/ListScrollListenerTest.java,27,27,,,,
core/tests/coretests/src/android/widget/listview/ListSetSelection.java,12,12,,,,
core/tests/coretests/src/android/widget/listview/ListSetSelectionTest.java,10,10,,,,
core/tests/coretests/src/android/widget/listview/ListSimple.java,10,10,,,,
core/tests/coretests/src/android/widget/listview/ListTakeFocusFromSide.java,19,19,,,,
core/tests/coretests/src/android/widget/listview/ListThrasher.java,36,36,,,,
core/tests/coretests/src/android/widget/listview/ListTopGravity.java,3,3,,,,
core/tests/coretests/src/android/widget/listview/ListTopGravityMany.java,3,3,,,,
core/tests/coretests/src/android/widget/listview/ListUnspecifiedMeasure.java,8,8,,,,
core/tests/coretests/src/android/widget/listview/ListViewHeight.java,24,24,,,,
core/tests/coretests/src/android/widget/listview/ListViewHeightTest.java,17,17,,,,
core/tests/coretests/src/android/widget/listview/ListWithDisappearingItemBug.java,9,9,,,,
core/tests/coretests/src/android/widget/listview/ListWithEditTextHeader.java,3,3,,,,
core/tests/coretests/src/android/widget/listview/ListWithEmptyView.java,20,20,,,,
core/tests/coretests/src/android/widget/listview/ListWithFirstScreenUnSelectable.java,3,3,,,,
core/tests/coretests/src/android/widget/listview/ListWithHeaders.java,11,11,,,,
core/tests/coretests/src/android/widget/listview/ListWithNoFadingEdge.java,3,3,,,,
core/tests/coretests/src/android/widget/listview/ListWithOffScreenNextSelectable.java,3,3,,,,
core/tests/coretests/src/android/widget/listview/ListWithOnItemSelectedAction.java,5,5,,,,
core/tests/coretests/src/android/widget/listview/ListWithScreenOfNoSelectables.java,3,3,,,,
core/tests/coretests/src/android/widget/listview/ListWithSeparators.java,3,3,,,,
core/tests/coretests/src/android/widget/listview/touch/ListGetSelectedViewTest.java,8,8,,,,
core/tests/coretests/src/android/widget/listview/touch/ListOfTouchablesTest.java,15,15,,,,
core/tests/coretests/src/android/widget/listview/touch/ListSetSelectionTest.java,30,30,,,,
core/tests/coretests/src/android/widget/listview/touch/ListTouchBottomGravityManyTest.java,25,25,,,,
core/tests/coretests/src/android/widget/listview/touch/ListTouchBottomGravityTest.java,11,11,,,,
core/tests/coretests/src/android/widget/listview/touch/ListTouchManyTest.java,34,34,,,,
core/tests/coretests/src/android/widget/listview/touch/ListTouchTest.java,11,11,,,,
core/tests/coretests/src/android/widget/ListViewTest.java,35,35,,,,
core/tests/coretests/src/android/widget/RadioGroupActivity.java,3,3,,,,
core/tests/coretests/src/android/widget/RadioGroupPreCheckedTest.java,11,11,,,,
core/tests/coretests/src/android/widget/RemoteViewsAdapterTest.java,87,87,,,,
core/tests/coretests/src/android/widget/RemoteViewsTest.java,128,128,,,,
core/tests/coretests/src/android/widget/scroll/arrowscroll/ButtonsWithTallTextViewInBetweenTest.java,22,22,,,,
core/tests/coretests/src/android/widget/scroll/arrowscroll/MultiPageTextWithPadding.java,6,6,,,,
core/tests/coretests/src/android/widget/scroll/arrowscroll/MultiPageTextWithPaddingTest.java,9,9,,,,
core/tests/coretests/src/android/widget/scroll/arrowscroll/ShortButtonsTest.java,21,21,,,,
core/tests/coretests/src/android/widget/scroll/arrowscroll/TallTextAboveButtonTest.java,9,9,,,,
core/tests/coretests/src/android/widget/scroll/ButtonAboveTallInternalSelectionView.java,6,6,,,,
core/tests/coretests/src/android/widget/scroll/ButtonAboveTallInternalSelectionViewTest.java,5,5,,,,
core/tests/coretests/src/android/widget/scroll/ButtonsWithTallTextViewInBetween.java,7,7,,,,
core/tests/coretests/src/android/widget/scroll/RequestRectangleVisible.java,22,22,,,,
core/tests/coretests/src/android/widget/scroll/RequestRectangleVisibleTest.java,35,35,,,,
core/tests/coretests/src/android/widget/scroll/RequestRectangleVisibleWithInternalScroll.java,13,13,,,,
core/tests/coretests/src/android/widget/scroll/RequestRectangleVisibleWithInternalScrollTest.java,8,8,,,,
core/tests/coretests/src/android/widget/scroll/ScrollViewButtonsAndLabels.java,16,16,,,,
core/tests/coretests/src/android/widget/scroll/ScrollViewButtonsAndLabelsTest.java,49,49,,,,
core/tests/coretests/src/android/widget/scroll/ShortButtons.java,10,10,,,,
core/tests/coretests/src/android/widget/scroll/TallTextAboveButton.java,3,3,,,,
core/tests/coretests/src/android/widget/SelectionActionModeHelperTest.java,32,32,,,,
core/tests/coretests/src/android/widget/SimpleCursorAdapterTest.java,58,58,,,,
core/tests/coretests/src/android/widget/SuggestionsPopupWindowTest.java,58,58,,,,
core/tests/coretests/src/android/widget/TextViewActivity.java,3,3,,,,
core/tests/coretests/src/android/widget/TextViewActivityMouseTest.java,38,38,,,,
core/tests/coretests/src/android/widget/TextViewActivityTest.java,171,171,,,,
core/tests/coretests/src/android/widget/TextViewFallbackLineSpacingTest.java,19,19,,,,
core/tests/coretests/src/android/widget/TextViewPerformanceTest.java,31,31,,,,
core/tests/coretests/src/android/widget/TextViewTest.java,56,56,,,,
core/tests/coretests/src/android/widget/touchmode/ChangeTouchModeTest.java,13,13,,,,
core/tests/coretests/src/android/widget/touchmode/FocusableInTouchModeClickTest.java,6,6,,,,
core/tests/coretests/src/android/widget/touchmode/StartInTouchWithViewInFocusTest.java,8,8,,,,
core/tests/coretests/src/android/widget/touchmode/TouchModeFocusableTest.java,9,9,,,,
core/tests/coretests/src/android/widget/touchmode/TouchModeFocusChangeTest.java,8,8,,,,
core/tests/coretests/src/com/android/internal/accessibility/AccessibilityShortcutControllerTest.java,79,79,,,,
core/tests/coretests/src/com/android/internal/app/ChooserActivityTest.java,61,61,,,,
core/tests/coretests/src/com/android/internal/app/ChooserWrapperActivity.java,17,17,,,,
core/tests/coretests/src/com/android/internal/app/IntentForwarderActivityTest.java,89,51,,3,35,
core/tests/coretests/src/com/android/internal/app/procstats/SparseMappingTableTest.java,38,38,,,,
core/tests/coretests/src/com/android/internal/app/ResolverActivityTest.java,54,54,,,,
core/tests/coretests/src/com/android/internal/app/ResolverDataProvider.java,20,20,,,,
core/tests/coretests/src/com/android/internal/app/ResolverListControllerTest.java,46,46,,,,
core/tests/coretests/src/com/android/internal/app/ResolverWrapperActivity.java,15,15,,,,
core/tests/coretests/src/com/android/internal/app/WindowDecorActionBarTest.java,27,27,,,,
core/tests/coretests/src/com/android/internal/app/WindowDecorActionBarTestActivity.java,3,3,,,,
core/tests/coretests/src/com/android/internal/http/multipart/MultipartTest.java,15,15,,,,
core/tests/coretests/src/com/android/internal/inputmethod/InputMethodSubtypeSwitchingControllerTest.java,112,112,,,,
core/tests/coretests/src/com/android/internal/inputmethod/InputMethodUtilsTest.java,283,283,,,,
core/tests/coretests/src/com/android/internal/inputmethod/LocaleUtilsTest.java,88,88,,,,
core/tests/coretests/src/com/android/internal/os/BatteryStatsBackgroundStatsTest.java,66,66,,,,
core/tests/coretests/src/com/android/internal/os/BatteryStatsCounterTest.java,13,13,,,,
core/tests/coretests/src/com/android/internal/os/BatteryStatsCpuTimesTest.java,274,274,,,,
core/tests/coretests/src/com/android/internal/os/BatteryStatsDualTimerTest.java,6,6,,,,
core/tests/coretests/src/com/android/internal/os/BatteryStatsDurationTimerTest.java,14,14,,,,
core/tests/coretests/src/com/android/internal/os/BatteryStatsHelperTest.java,58,58,,,,
core/tests/coretests/src/com/android/internal/os/BatteryStatsImplTest.java,78,78,,,,
core/tests/coretests/src/com/android/internal/os/BatteryStatsNoteTest.java,65,65,,,,
core/tests/coretests/src/com/android/internal/os/BatteryStatsSamplingTimerTest.java,20,20,,,,
core/tests/coretests/src/com/android/internal/os/BatteryStatsSensorTest.java,57,57,,,,
core/tests/coretests/src/com/android/internal/os/BatteryStatsServTest.java,106,106,,,,
core/tests/coretests/src/com/android/internal/os/BatteryStatsStopwatchTimerTest.java,9,9,,,,
core/tests/coretests/src/com/android/internal/os/BatteryStatsTests.java,1,1,,,,
core/tests/coretests/src/com/android/internal/os/BatteryStatsTimeBaseTest.java,55,55,,,,
core/tests/coretests/src/com/android/internal/os/BatteryStatsTimerTest.java,89,89,,,,
core/tests/coretests/src/com/android/internal/os/BatteryStatsUidTest.java,6,6,,,,
core/tests/coretests/src/com/android/internal/os/BatteryStatsUserLifecycleTests.java,41,41,,,,
core/tests/coretests/src/com/android/internal/os/BstatsCpuTimesValidationTest.java,261,261,,,,
core/tests/coretests/src/com/android/internal/os/DebugTest.java,12,12,,,,
core/tests/coretests/src/com/android/internal/os/KernelCpuProcReaderTest.java,36,36,,,,
core/tests/coretests/src/com/android/internal/os/KernelMemoryBandwidthStatsTest.java,13,13,,,,
core/tests/coretests/src/com/android/internal/os/KernelSingleUidTimeReaderTest.java,59,59,,,,
core/tests/coretests/src/com/android/internal/os/KernelUidCpuActiveTimeReaderTest.java,58,58,,,,
core/tests/coretests/src/com/android/internal/os/KernelUidCpuClusterTimeReaderTest.java,84,84,,,,
core/tests/coretests/src/com/android/internal/os/KernelUidCpuFreqTimeReaderTest.java,87,87,,,,
core/tests/coretests/src/com/android/internal/os/KernelWakelockReaderTest.java,32,32,,,,
core/tests/coretests/src/com/android/internal/os/LoggingPrintStreamTest.java,41,41,,,,
core/tests/coretests/src/com/android/internal/os/LongSamplingCounterArrayTest.java,35,35,,,,
core/tests/coretests/src/com/android/internal/os/LongSamplingCounterTest.java,19,19,,,,
core/tests/coretests/src/com/android/internal/os/MockBatteryStatsImpl.java,63,63,,,,
core/tests/coretests/src/com/android/internal/os/MockClocks.java,5,5,,,,
core/tests/coretests/src/com/android/internal/os/PowerCalculatorTest.java,10,10,,,,
core/tests/coretests/src/com/android/internal/os/PowerProfileTest.java,4,4,,,,
core/tests/coretests/src/com/android/internal/policy/PhoneWindowActionModeTest.java,118,118,,,,
core/tests/coretests/src/com/android/internal/policy/PhoneWindowActionModeTestActivity.java,3,3,,,,
core/tests/coretests/src/com/android/internal/policy/PhoneWindowTest.java,11,11,,,,
core/tests/coretests/src/com/android/internal/textservice/LazyIntToIntMapTest.java,9,9,,,,
core/tests/coretests/src/com/android/internal/util/ArrayUtilsTest.java,10,10,,,,
core/tests/coretests/src/com/android/internal/util/DumpUtilsTest.java,9,9,,,,
core/tests/coretests/src/com/android/internal/util/HexDumpTest.java,2,2,,,,
core/tests/coretests/src/com/android/internal/util/LineBreakBufferedWriterTest.java,67,67,,,,
core/tests/coretests/src/com/android/internal/util/ParseUtilsTest.java,8,8,,,,
core/tests/coretests/src/com/android/internal/util/ProgressReporterTest.java,17,17,,,,
core/tests/coretests/src/com/android/internal/widget/ActionBarContainerTest.java,26,26,,,,
core/tests/coretests/src/com/android/internal/widget/ActionBarOverlayLayoutTest.java,45,45,,,,
core/tests/coretests/src/com/android/internal/widget/BackgroundFallbackTest.java,56,56,,,,
core/tests/coretests/src/com/android/internal/widget/ImageFloatingTextViewTest.java,17,17,,,,
core/tests/coretests/src/com/android/internal/widget/LockPatternUtilsTest.java,3,3,,,,
core/tests/coretests/src/com/android/internal/widget/MessagingLinearLayoutTest.java,48,48,,,,
core/tests/featureflagtests/src/android/util/FeatureFlagUtilsTest.java,12,12,,,,
core/tests/hosttests/test-apps/AutoLocTestApp/src/com/android/framework/autoloctestapp/AutoLocTestAppActivity.java,1,1,,,,
core/tests/hosttests/test-apps/AutoLocVersionedTestApp_v1/src/com/android/framework/autolocversionedtestapp/AutoLocVersionedTestAppActivity.java,1,1,,,,
core/tests/hosttests/test-apps/AutoLocVersionedTestApp_v2/src/com/android/framework/autolocversionedtestapp/AutoLocVersionedTestAppActivity.java,1,1,,,,
core/tests/hosttests/test-apps/DownloadManagerTestApp/src/com/android/frameworks/downloadmanagertests/DownloadManagerBaseTest.java,120,120,,,,
core/tests/hosttests/test-apps/DownloadManagerTestApp/src/com/android/frameworks/downloadmanagertests/DownloadManagerTestApp.java,87,87,,,,
core/tests/hosttests/test-apps/DownloadManagerTestApp/src/com/android/frameworks/downloadmanagertests/DownloadManagerTestRunner.java,9,9,,,,
core/tests/hosttests/test-apps/ExternalLocAllPermsTestApp/src/com/android/framework/externallocallpermstestapp/ExternalLocAllPermsTest.java,2,2,,,,
core/tests/hosttests/test-apps/ExternalLocPermsFLTestApp/src/com/android/framework/externallocpermsfltestapp/ExternalLocPermsFLTestAppActivity.java,1,1,,,,
core/tests/hosttests/test-apps/ExternalLocTestApp/src/com/android/framework/externalloctestapp/ExternalLocTestAppActivity.java,1,1,,,,
core/tests/hosttests/test-apps/ExternalLocVersionedTestApp_v1/src/com/android/framework/externallocversionedtestapp/ExternalLocVersionedTestAppActivity.java,1,1,,,,
core/tests/hosttests/test-apps/ExternalLocVersionedTestApp_v2/src/com/android/framework/externallocversionedtestapp/ExternalLocVersionedTestAppActivity.java,1,1,,,,
core/tests/hosttests/test-apps/ExternalSharedPerms/src/com/android/framework/externalsharedpermstestapp/ExternalSharedPermsTest.java,16,16,,,,
core/tests/hosttests/test-apps/ExternalSharedPermsBT/src/com/android/framework/externalsharedpermsbttestapp/ExternalSharedPermsBTTest.java,4,4,,,,
core/tests/hosttests/test-apps/ExternalSharedPermsDiffKey/src/com/android/framework/externalsharedpermsdiffkeytestapp/ExternalSharedPermsDiffKeyTest.java,16,16,,,,
core/tests/hosttests/test-apps/ExternalSharedPermsFL/src/com/android/framework/externalsharedpermsfltestapp/ExternalSharedPermsFLTest.java,14,14,,,,
core/tests/hosttests/test-apps/InternalLocTestApp/src/com/android/framework/internalloctestapp/InternalLocTestAppActivity.java,1,1,,,,
core/tests/hosttests/test-apps/MultiDexLegacyAndException/src/com/android/multidexlegacyandexception/CaughtOnlyByIntermediateException.java,1,1,,,,
core/tests/hosttests/test-apps/MultiDexLegacyAndException/src/com/android/multidexlegacyandexception/CaughtOnlyException.java,1,1,,,,
core/tests/hosttests/test-apps/MultiDexLegacyAndException/src/com/android/multidexlegacyandexception/ClassInSecondaryDex.java,21,21,,,,
core/tests/hosttests/test-apps/MultiDexLegacyAndException/src/com/android/multidexlegacyandexception/ExceptionInMainDex.java,1,1,,,,
core/tests/hosttests/test-apps/MultiDexLegacyAndException/src/com/android/multidexlegacyandexception/ExceptionInMainDex2.java,1,1,,,,
core/tests/hosttests/test-apps/MultiDexLegacyAndException/src/com/android/multidexlegacyandexception/ExceptionInSecondaryDex.java,1,1,,,,
core/tests/hosttests/test-apps/MultiDexLegacyAndException/src/com/android/multidexlegacyandexception/ExceptionInSecondaryDex2.java,1,1,,,,
core/tests/hosttests/test-apps/MultiDexLegacyAndException/src/com/android/multidexlegacyandexception/ExceptionInSecondaryDexWithSuperInMain.java,1,1,,,,
core/tests/hosttests/test-apps/MultiDexLegacyAndException/src/com/android/multidexlegacyandexception/IntermediateClass.java,40,40,,,,
core/tests/hosttests/test-apps/MultiDexLegacyAndException/src/com/android/multidexlegacyandexception/MainActivity.java,10,10,,,,
core/tests/hosttests/test-apps/MultiDexLegacyAndException/src/com/android/multidexlegacyandexception/MiniIntermediateClass.java,7,7,,,,
core/tests/hosttests/test-apps/MultiDexLegacyAndException/src/com/android/multidexlegacyandexception/SuperExceptionInMainDex.java,1,1,,,,
core/tests/hosttests/test-apps/MultiDexLegacyAndException/src/com/android/multidexlegacyandexception/SuperExceptionInSecondaryDex.java,1,1,,,,
core/tests/hosttests/test-apps/MultiDexLegacyAndException/src/com/android/multidexlegacyandexception/TestApplication.java,9,9,,,,
core/tests/hosttests/test-apps/MultiDexLegacyAndException/src/com/android/multidexlegacyandexception/tests/ActivityTest.java,5,5,,,,
core/tests/hosttests/test-apps/MultiDexLegacyAndException/src/com/android/multidexlegacyandexception/tests/MultiDexAndroidJUnitRunner.java,3,3,,,,
core/tests/hosttests/test-apps/MultiDexLegacyAndException/src/com/android/multidexlegacyandexception/tests/NoActivityIntermediate.java,2,2,,,,
core/tests/hosttests/test-apps/MultiDexLegacyAndException/src/com/android/multidexlegacyandexception/tests/NoActivityJUnit3Test.java,4,4,,,,
core/tests/hosttests/test-apps/MultiDexLegacyAndException/src/com/android/multidexlegacyandexception/tests/NoActivityJUnit4Test.java,2,2,,,,
core/tests/hosttests/test-apps/MultiDexLegacyAndException/src/com/android/multidexlegacyandexception/tests/NoActivitySubTest.java,2,2,,,,
core/tests/hosttests/test-apps/MultiDexLegacyTestApp/src/com/android/multidexlegacytestapp/Annotated.java,1,1,,,,
core/tests/hosttests/test-apps/MultiDexLegacyTestApp/src/com/android/multidexlegacytestapp/Annotated2.java,1,1,,,,
core/tests/hosttests/test-apps/MultiDexLegacyTestApp/src/com/android/multidexlegacytestapp/annotation/Annotated.java,2,2,,,,
core/tests/hosttests/test-apps/MultiDexLegacyTestApp/src/com/android/multidexlegacytestapp/annotation/Annotated2.java,2,2,,,,
core/tests/hosttests/test-apps/MultiDexLegacyTestApp/src/com/android/multidexlegacytestapp/annotation/Annotated3.java,2,2,,,,
core/tests/hosttests/test-apps/MultiDexLegacyTestApp/src/com/android/multidexlegacytestapp/InterfaceWithEnum.java,2,2,,,,
core/tests/hosttests/test-apps/MultiDexLegacyTestApp/src/com/android/multidexlegacytestapp/IntermediateClass.java,2,2,,,,
core/tests/hosttests/test-apps/MultiDexLegacyTestApp/src/com/android/multidexlegacytestapp/MainActivity.java,12,12,,,,
core/tests/hosttests/test-apps/MultiDexLegacyTestApp/src/com/android/multidexlegacytestapp/manymethods/Big001.java,1001,1001,,,,
core/tests/hosttests/test-apps/MultiDexLegacyTestApp/src/com/android/multidexlegacytestapp/manymethods/Big002.java,1001,1001,,,,
core/tests/hosttests/test-apps/MultiDexLegacyTestApp/src/com/android/multidexlegacytestapp/manymethods/Big003.java,1001,1001,,,,
core/tests/hosttests/test-apps/MultiDexLegacyTestApp/src/com/android/multidexlegacytestapp/manymethods/Big004.java,1001,1001,,,,
core/tests/hosttests/test-apps/MultiDexLegacyTestApp/src/com/android/multidexlegacytestapp/manymethods/Big005.java,1001,1001,,,,
core/tests/hosttests/test-apps/MultiDexLegacyTestApp/src/com/android/multidexlegacytestapp/manymethods/Big006.java,1001,1001,,,,
core/tests/hosttests/test-apps/MultiDexLegacyTestApp/src/com/android/multidexlegacytestapp/manymethods/Big007.java,1001,1001,,,,
core/tests/hosttests/test-apps/MultiDexLegacyTestApp/src/com/android/multidexlegacytestapp/manymethods/Big008.java,1001,1001,,,,
core/tests/hosttests/test-apps/MultiDexLegacyTestApp/src/com/android/multidexlegacytestapp/manymethods/Big009.java,1001,1001,,,,
core/tests/hosttests/test-apps/MultiDexLegacyTestApp/src/com/android/multidexlegacytestapp/manymethods/Big010.java,1001,1001,,,,
core/tests/hosttests/test-apps/MultiDexLegacyTestApp/src/com/android/multidexlegacytestapp/manymethods/Big011.java,1001,1001,,,,
core/tests/hosttests/test-apps/MultiDexLegacyTestApp/src/com/android/multidexlegacytestapp/manymethods/Big012.java,1001,1001,,,,
core/tests/hosttests/test-apps/MultiDexLegacyTestApp/src/com/android/multidexlegacytestapp/manymethods/Big013.java,1001,1001,,,,
core/tests/hosttests/test-apps/MultiDexLegacyTestApp/src/com/android/multidexlegacytestapp/manymethods/Big014.java,1001,1001,,,,
core/tests/hosttests/test-apps/MultiDexLegacyTestApp/src/com/android/multidexlegacytestapp/manymethods/Big015.java,1001,1001,,,,
core/tests/hosttests/test-apps/MultiDexLegacyTestApp/src/com/android/multidexlegacytestapp/manymethods/Big016.java,1001,1001,,,,
core/tests/hosttests/test-apps/MultiDexLegacyTestApp/src/com/android/multidexlegacytestapp/manymethods/Big017.java,1001,1001,,,,
core/tests/hosttests/test-apps/MultiDexLegacyTestApp/src/com/android/multidexlegacytestapp/manymethods/Big018.java,1001,1001,,,,
core/tests/hosttests/test-apps/MultiDexLegacyTestApp/src/com/android/multidexlegacytestapp/manymethods/Big019.java,1001,1001,,,,
core/tests/hosttests/test-apps/MultiDexLegacyTestApp/src/com/android/multidexlegacytestapp/manymethods/Big020.java,1001,1001,,,,
core/tests/hosttests/test-apps/MultiDexLegacyTestApp/src/com/android/multidexlegacytestapp/manymethods/Big021.java,1001,1001,,,,
core/tests/hosttests/test-apps/MultiDexLegacyTestApp/src/com/android/multidexlegacytestapp/manymethods/Big022.java,1001,1001,,,,
core/tests/hosttests/test-apps/MultiDexLegacyTestApp/src/com/android/multidexlegacytestapp/manymethods/Big023.java,1001,1001,,,,
core/tests/hosttests/test-apps/MultiDexLegacyTestApp/src/com/android/multidexlegacytestapp/manymethods/Big024.java,1001,1001,,,,
core/tests/hosttests/test-apps/MultiDexLegacyTestApp/src/com/android/multidexlegacytestapp/manymethods/Big025.java,1001,1001,,,,
core/tests/hosttests/test-apps/MultiDexLegacyTestApp/src/com/android/multidexlegacytestapp/manymethods/Big026.java,1001,1001,,,,
core/tests/hosttests/test-apps/MultiDexLegacyTestApp/src/com/android/multidexlegacytestapp/manymethods/Big027.java,1001,1001,,,,
core/tests/hosttests/test-apps/MultiDexLegacyTestApp/src/com/android/multidexlegacytestapp/manymethods/Big028.java,1001,1001,,,,
core/tests/hosttests/test-apps/MultiDexLegacyTestApp/src/com/android/multidexlegacytestapp/manymethods/Big029.java,1001,1001,,,,
core/tests/hosttests/test-apps/MultiDexLegacyTestApp/src/com/android/multidexlegacytestapp/manymethods/Big030.java,1001,1001,,,,
core/tests/hosttests/test-apps/MultiDexLegacyTestApp/src/com/android/multidexlegacytestapp/manymethods/Big031.java,1001,1001,,,,
core/tests/hosttests/test-apps/MultiDexLegacyTestApp/src/com/android/multidexlegacytestapp/manymethods/Big032.java,1001,1001,,,,
core/tests/hosttests/test-apps/MultiDexLegacyTestApp/src/com/android/multidexlegacytestapp/manymethods/Big033.java,1001,1001,,,,
core/tests/hosttests/test-apps/MultiDexLegacyTestApp/src/com/android/multidexlegacytestapp/manymethods/Big034.java,1001,1001,,,,
core/tests/hosttests/test-apps/MultiDexLegacyTestApp/src/com/android/multidexlegacytestapp/manymethods/Big035.java,1001,1001,,,,
core/tests/hosttests/test-apps/MultiDexLegacyTestApp/src/com/android/multidexlegacytestapp/manymethods/Big036.java,1001,1001,,,,
core/tests/hosttests/test-apps/MultiDexLegacyTestApp/src/com/android/multidexlegacytestapp/manymethods/Big037.java,1001,1001,,,,
core/tests/hosttests/test-apps/MultiDexLegacyTestApp/src/com/android/multidexlegacytestapp/manymethods/Big038.java,1001,1001,,,,
core/tests/hosttests/test-apps/MultiDexLegacyTestApp/src/com/android/multidexlegacytestapp/manymethods/Big039.java,1001,1001,,,,
core/tests/hosttests/test-apps/MultiDexLegacyTestApp/src/com/android/multidexlegacytestapp/manymethods/Big040.java,1001,1001,,,,
core/tests/hosttests/test-apps/MultiDexLegacyTestApp/src/com/android/multidexlegacytestapp/manymethods/Big041.java,1001,1001,,,,
core/tests/hosttests/test-apps/MultiDexLegacyTestApp/src/com/android/multidexlegacytestapp/manymethods/Big042.java,1001,1001,,,,
core/tests/hosttests/test-apps/MultiDexLegacyTestApp/src/com/android/multidexlegacytestapp/manymethods/Big043.java,1001,1001,,,,
core/tests/hosttests/test-apps/MultiDexLegacyTestApp/src/com/android/multidexlegacytestapp/manymethods/Big044.java,1001,1001,,,,
core/tests/hosttests/test-apps/MultiDexLegacyTestApp/src/com/android/multidexlegacytestapp/manymethods/Big045.java,1001,1001,,,,
core/tests/hosttests/test-apps/MultiDexLegacyTestApp/src/com/android/multidexlegacytestapp/manymethods/Big046.java,1001,1001,,,,
core/tests/hosttests/test-apps/MultiDexLegacyTestApp/src/com/android/multidexlegacytestapp/manymethods/Big047.java,1001,1001,,,,
core/tests/hosttests/test-apps/MultiDexLegacyTestApp/src/com/android/multidexlegacytestapp/manymethods/Big048.java,1001,1001,,,,
core/tests/hosttests/test-apps/MultiDexLegacyTestApp/src/com/android/multidexlegacytestapp/manymethods/Big049.java,1001,1001,,,,
core/tests/hosttests/test-apps/MultiDexLegacyTestApp/src/com/android/multidexlegacytestapp/manymethods/Big050.java,1001,1001,,,,
core/tests/hosttests/test-apps/MultiDexLegacyTestApp/src/com/android/multidexlegacytestapp/manymethods/Big051.java,1001,1001,,,,
core/tests/hosttests/test-apps/MultiDexLegacyTestApp/src/com/android/multidexlegacytestapp/manymethods/Big052.java,1001,1001,,,,
core/tests/hosttests/test-apps/MultiDexLegacyTestApp/src/com/android/multidexlegacytestapp/manymethods/Big053.java,1001,1001,,,,
core/tests/hosttests/test-apps/MultiDexLegacyTestApp/src/com/android/multidexlegacytestapp/manymethods/Big054.java,1001,1001,,,,
core/tests/hosttests/test-apps/MultiDexLegacyTestApp/src/com/android/multidexlegacytestapp/manymethods/Big055.java,1001,1001,,,,
core/tests/hosttests/test-apps/MultiDexLegacyTestApp/src/com/android/multidexlegacytestapp/manymethods/Big056.java,1001,1001,,,,
core/tests/hosttests/test-apps/MultiDexLegacyTestApp/src/com/android/multidexlegacytestapp/manymethods/Big057.java,1001,1001,,,,
core/tests/hosttests/test-apps/MultiDexLegacyTestApp/src/com/android/multidexlegacytestapp/manymethods/Big058.java,1001,1001,,,,
core/tests/hosttests/test-apps/MultiDexLegacyTestApp/src/com/android/multidexlegacytestapp/manymethods/Big059.java,1001,1001,,,,
core/tests/hosttests/test-apps/MultiDexLegacyTestApp/src/com/android/multidexlegacytestapp/manymethods/Big060.java,1001,1001,,,,
core/tests/hosttests/test-apps/MultiDexLegacyTestApp/src/com/android/multidexlegacytestapp/manymethods/Big061.java,1001,1001,,,,
core/tests/hosttests/test-apps/MultiDexLegacyTestApp/src/com/android/multidexlegacytestapp/manymethods/Big062.java,1001,1001,,,,
core/tests/hosttests/test-apps/MultiDexLegacyTestApp/src/com/android/multidexlegacytestapp/manymethods/Big063.java,1001,1001,,,,
core/tests/hosttests/test-apps/MultiDexLegacyTestApp/src/com/android/multidexlegacytestapp/manymethods/Big064.java,1001,1001,,,,
core/tests/hosttests/test-apps/MultiDexLegacyTestApp/src/com/android/multidexlegacytestapp/manymethods/Big065.java,1001,1001,,,,
core/tests/hosttests/test-apps/MultiDexLegacyTestApp/src/com/android/multidexlegacytestapp/manymethods/Big066.java,1001,1001,,,,
core/tests/hosttests/test-apps/MultiDexLegacyTestApp/src/com/android/multidexlegacytestapp/manymethods/Big067.java,1001,1001,,,,
core/tests/hosttests/test-apps/MultiDexLegacyTestApp/src/com/android/multidexlegacytestapp/manymethods/Big068.java,1001,1001,,,,
core/tests/hosttests/test-apps/MultiDexLegacyTestApp/src/com/android/multidexlegacytestapp/manymethods/Big069.java,1001,1001,,,,
core/tests/hosttests/test-apps/MultiDexLegacyTestApp/src/com/android/multidexlegacytestapp/manymethods/Big070.java,1001,1001,,,,
core/tests/hosttests/test-apps/MultiDexLegacyTestApp/src/com/android/multidexlegacytestapp/manymethods/Big071.java,1001,1001,,,,
core/tests/hosttests/test-apps/MultiDexLegacyTestApp/src/com/android/multidexlegacytestapp/manymethods/Big072.java,1001,1001,,,,
core/tests/hosttests/test-apps/MultiDexLegacyTestApp/src/com/android/multidexlegacytestapp/manymethods/Big073.java,1001,1001,,,,
core/tests/hosttests/test-apps/MultiDexLegacyTestApp/src/com/android/multidexlegacytestapp/manymethods/Big074.java,1001,1001,,,,
core/tests/hosttests/test-apps/MultiDexLegacyTestApp/src/com/android/multidexlegacytestapp/manymethods/Big075.java,1001,1001,,,,
core/tests/hosttests/test-apps/MultiDexLegacyTestApp/src/com/android/multidexlegacytestapp/manymethods/Big076.java,1001,1001,,,,
core/tests/hosttests/test-apps/MultiDexLegacyTestApp/src/com/android/multidexlegacytestapp/manymethods/Big077.java,1001,1001,,,,
core/tests/hosttests/test-apps/MultiDexLegacyTestApp/src/com/android/multidexlegacytestapp/manymethods/Big078.java,1001,1001,,,,
core/tests/hosttests/test-apps/MultiDexLegacyTestApp/src/com/android/multidexlegacytestapp/manymethods/Big079.java,1001,1001,,,,
core/tests/hosttests/test-apps/MultiDexLegacyTestApp/src/com/android/multidexlegacytestapp/manymethods/Big080.java,1001,1001,,,,
core/tests/hosttests/test-apps/MultiDexLegacyTestApp/src/com/android/multidexlegacytestapp/Referenced.java,3,3,,,,
core/tests/hosttests/test-apps/MultiDexLegacyTestApp/src/com/android/multidexlegacytestapp/ReferencedByAnnotationWithOtherReferences.java,7,7,,,,
core/tests/hosttests/test-apps/MultiDexLegacyTestApp/src/com/android/multidexlegacytestapp/ReferencedByClassInAnnotation.java,7,7,,,,
core/tests/hosttests/test-apps/MultiDexLegacyTestApp/src/com/android/multidexlegacytestapp/ReferencedByEnum.java,1,1,,,,
core/tests/hosttests/test-apps/MultiDexLegacyTestApp/src/com/android/multidexlegacytestapp/Test.java,7,7,,,,
core/tests/hosttests/test-apps/MultiDexLegacyTestApp/src/com/android/multidexlegacytestapp/TestApplication.java,9,9,,,,
core/tests/hosttests/test-apps/MultiDexLegacyTestAppTests/src/com/android/multidexlegacytestapp/test/InstrumentationTest.java,3,3,,,,
core/tests/hosttests/test-apps/MultiDexLegacyTestAppTests/src/com/android/multidexlegacytestapp/test/Intermediate.java,2,2,,,,
core/tests/hosttests/test-apps/MultiDexLegacyTestAppTests/src/com/android/multidexlegacytestapp/test/SubTest.java,2,2,,,,
core/tests/hosttests/test-apps/MultiDexLegacyTestAppTests2/src/com/android/multidexlegacytestapp/test2/InstrumentationTest.java,3,3,,,,
core/tests/hosttests/test-apps/MultiDexLegacyTestAppTests2/src/com/android/multidexlegacytestapp/test2/Intermediate.java,2,2,,,,
core/tests/hosttests/test-apps/MultiDexLegacyTestAppTests2/src/com/android/multidexlegacytestapp/test2/MultiDexAndroidJUnitRunner.java,3,3,,,,
core/tests/hosttests/test-apps/MultiDexLegacyTestAppTests2/src/com/android/multidexlegacytestapp/test2/SubTest.java,2,2,,,,
core/tests/hosttests/test-apps/MultiDexLegacyTestAppWithCorruptedDex/src/com/android/framework/multidexlegacycorrupteddex/CorruptedDexTest.java,6,6,,,,
core/tests/hosttests/test-apps/MultiDexLegacyTestAppWithCorruptedDex/src/com/android/framework/multidexlegacycorrupteddex/MainActivity.java,3,3,,,,
core/tests/hosttests/test-apps/MultiDexLegacyTestServices/src/com/android/framework/multidexlegacytestservices/AbstractService.java,27,27,,,,
core/tests/hosttests/test-apps/MultiDexLegacyTestServices/src/com/android/framework/multidexlegacytestservices/manymethods/Big001.java,1001,1001,,,,
core/tests/hosttests/test-apps/MultiDexLegacyTestServices/src/com/android/framework/multidexlegacytestservices/manymethods/Big002.java,1001,1001,,,,
core/tests/hosttests/test-apps/MultiDexLegacyTestServices/src/com/android/framework/multidexlegacytestservices/manymethods/Big003.java,1001,1001,,,,
core/tests/hosttests/test-apps/MultiDexLegacyTestServices/src/com/android/framework/multidexlegacytestservices/manymethods/Big004.java,1001,1001,,,,
core/tests/hosttests/test-apps/MultiDexLegacyTestServices/src/com/android/framework/multidexlegacytestservices/manymethods/Big005.java,1001,1001,,,,
core/tests/hosttests/test-apps/MultiDexLegacyTestServices/src/com/android/framework/multidexlegacytestservices/manymethods/Big006.java,1001,1001,,,,
core/tests/hosttests/test-apps/MultiDexLegacyTestServices/src/com/android/framework/multidexlegacytestservices/manymethods/Big007.java,1001,1001,,,,
core/tests/hosttests/test-apps/MultiDexLegacyTestServices/src/com/android/framework/multidexlegacytestservices/manymethods/Big008.java,1001,1001,,,,
core/tests/hosttests/test-apps/MultiDexLegacyTestServices/src/com/android/framework/multidexlegacytestservices/manymethods/Big009.java,1001,1001,,,,
core/tests/hosttests/test-apps/MultiDexLegacyTestServices/src/com/android/framework/multidexlegacytestservices/manymethods/Big010.java,1001,1001,,,,
core/tests/hosttests/test-apps/MultiDexLegacyTestServices/src/com/android/framework/multidexlegacytestservices/manymethods/Big011.java,1001,1001,,,,
core/tests/hosttests/test-apps/MultiDexLegacyTestServices/src/com/android/framework/multidexlegacytestservices/manymethods/Big012.java,1001,1001,,,,
core/tests/hosttests/test-apps/MultiDexLegacyTestServices/src/com/android/framework/multidexlegacytestservices/manymethods/Big013.java,1001,1001,,,,
core/tests/hosttests/test-apps/MultiDexLegacyTestServices/src/com/android/framework/multidexlegacytestservices/manymethods/Big014.java,1001,1001,,,,
core/tests/hosttests/test-apps/MultiDexLegacyTestServices/src/com/android/framework/multidexlegacytestservices/manymethods/Big015.java,1001,1001,,,,
core/tests/hosttests/test-apps/MultiDexLegacyTestServices/src/com/android/framework/multidexlegacytestservices/manymethods/Big016.java,1001,1001,,,,
core/tests/hosttests/test-apps/MultiDexLegacyTestServices/src/com/android/framework/multidexlegacytestservices/manymethods/Big017.java,1001,1001,,,,
core/tests/hosttests/test-apps/MultiDexLegacyTestServices/src/com/android/framework/multidexlegacytestservices/manymethods/Big018.java,1001,1001,,,,
core/tests/hosttests/test-apps/MultiDexLegacyTestServices/src/com/android/framework/multidexlegacytestservices/manymethods/Big019.java,1001,1001,,,,
core/tests/hosttests/test-apps/MultiDexLegacyTestServices/src/com/android/framework/multidexlegacytestservices/manymethods/Big020.java,1001,1001,,,,
core/tests/hosttests/test-apps/MultiDexLegacyTestServices/src/com/android/framework/multidexlegacytestservices/manymethods/Big021.java,1001,1001,,,,
core/tests/hosttests/test-apps/MultiDexLegacyTestServices/src/com/android/framework/multidexlegacytestservices/manymethods/Big022.java,1001,1001,,,,
core/tests/hosttests/test-apps/MultiDexLegacyTestServices/src/com/android/framework/multidexlegacytestservices/manymethods/Big023.java,1001,1001,,,,
core/tests/hosttests/test-apps/MultiDexLegacyTestServices/src/com/android/framework/multidexlegacytestservices/manymethods/Big024.java,1001,1001,,,,
core/tests/hosttests/test-apps/MultiDexLegacyTestServices/src/com/android/framework/multidexlegacytestservices/manymethods/Big025.java,1001,1001,,,,
core/tests/hosttests/test-apps/MultiDexLegacyTestServices/src/com/android/framework/multidexlegacytestservices/manymethods/Big026.java,1001,1001,,,,
core/tests/hosttests/test-apps/MultiDexLegacyTestServices/src/com/android/framework/multidexlegacytestservices/manymethods/Big027.java,1001,1001,,,,
core/tests/hosttests/test-apps/MultiDexLegacyTestServices/src/com/android/framework/multidexlegacytestservices/manymethods/Big028.java,1001,1001,,,,
core/tests/hosttests/test-apps/MultiDexLegacyTestServices/src/com/android/framework/multidexlegacytestservices/manymethods/Big029.java,1001,1001,,,,
core/tests/hosttests/test-apps/MultiDexLegacyTestServices/src/com/android/framework/multidexlegacytestservices/manymethods/Big030.java,1001,1001,,,,
core/tests/hosttests/test-apps/MultiDexLegacyTestServices/src/com/android/framework/multidexlegacytestservices/manymethods/Big031.java,1001,1001,,,,
core/tests/hosttests/test-apps/MultiDexLegacyTestServices/src/com/android/framework/multidexlegacytestservices/manymethods/Big032.java,1001,1001,,,,
core/tests/hosttests/test-apps/MultiDexLegacyTestServices/src/com/android/framework/multidexlegacytestservices/manymethods/Big033.java,1001,1001,,,,
core/tests/hosttests/test-apps/MultiDexLegacyTestServices/src/com/android/framework/multidexlegacytestservices/manymethods/Big034.java,1001,1001,,,,
core/tests/hosttests/test-apps/MultiDexLegacyTestServices/src/com/android/framework/multidexlegacytestservices/manymethods/Big035.java,1001,1001,,,,
core/tests/hosttests/test-apps/MultiDexLegacyTestServices/src/com/android/framework/multidexlegacytestservices/manymethods/Big036.java,1001,1001,,,,
core/tests/hosttests/test-apps/MultiDexLegacyTestServices/src/com/android/framework/multidexlegacytestservices/manymethods/Big037.java,1001,1001,,,,
core/tests/hosttests/test-apps/MultiDexLegacyTestServices/src/com/android/framework/multidexlegacytestservices/manymethods/Big038.java,1001,1001,,,,
core/tests/hosttests/test-apps/MultiDexLegacyTestServices/src/com/android/framework/multidexlegacytestservices/manymethods/Big039.java,1001,1001,,,,
core/tests/hosttests/test-apps/MultiDexLegacyTestServices/src/com/android/framework/multidexlegacytestservices/manymethods/Big040.java,1001,1001,,,,
core/tests/hosttests/test-apps/MultiDexLegacyTestServices/src/com/android/framework/multidexlegacytestservices/manymethods/Big041.java,1001,1001,,,,
core/tests/hosttests/test-apps/MultiDexLegacyTestServices/src/com/android/framework/multidexlegacytestservices/manymethods/Big042.java,1001,1001,,,,
core/tests/hosttests/test-apps/MultiDexLegacyTestServices/src/com/android/framework/multidexlegacytestservices/manymethods/Big043.java,1001,1001,,,,
core/tests/hosttests/test-apps/MultiDexLegacyTestServices/src/com/android/framework/multidexlegacytestservices/manymethods/Big044.java,1001,1001,,,,
core/tests/hosttests/test-apps/MultiDexLegacyTestServices/src/com/android/framework/multidexlegacytestservices/manymethods/Big045.java,1001,1001,,,,
core/tests/hosttests/test-apps/MultiDexLegacyTestServices/src/com/android/framework/multidexlegacytestservices/manymethods/Big046.java,1001,1001,,,,
core/tests/hosttests/test-apps/MultiDexLegacyTestServices/src/com/android/framework/multidexlegacytestservices/manymethods/Big047.java,1001,1001,,,,
core/tests/hosttests/test-apps/MultiDexLegacyTestServices/src/com/android/framework/multidexlegacytestservices/manymethods/Big048.java,1001,1001,,,,
core/tests/hosttests/test-apps/MultiDexLegacyTestServices/src/com/android/framework/multidexlegacytestservices/manymethods/Big049.java,1001,1001,,,,
core/tests/hosttests/test-apps/MultiDexLegacyTestServices/src/com/android/framework/multidexlegacytestservices/manymethods/Big050.java,1001,1001,,,,
core/tests/hosttests/test-apps/MultiDexLegacyTestServices/src/com/android/framework/multidexlegacytestservices/manymethods/Big051.java,1001,1001,,,,
core/tests/hosttests/test-apps/MultiDexLegacyTestServices/src/com/android/framework/multidexlegacytestservices/manymethods/Big052.java,1001,1001,,,,
core/tests/hosttests/test-apps/MultiDexLegacyTestServices/src/com/android/framework/multidexlegacytestservices/manymethods/Big053.java,1001,1001,,,,
core/tests/hosttests/test-apps/MultiDexLegacyTestServices/src/com/android/framework/multidexlegacytestservices/manymethods/Big054.java,1001,1001,,,,
core/tests/hosttests/test-apps/MultiDexLegacyTestServices/src/com/android/framework/multidexlegacytestservices/manymethods/Big055.java,1001,1001,,,,
core/tests/hosttests/test-apps/MultiDexLegacyTestServices/src/com/android/framework/multidexlegacytestservices/manymethods/Big056.java,1001,1001,,,,
core/tests/hosttests/test-apps/MultiDexLegacyTestServices/src/com/android/framework/multidexlegacytestservices/manymethods/Big057.java,1001,1001,,,,
core/tests/hosttests/test-apps/MultiDexLegacyTestServices/src/com/android/framework/multidexlegacytestservices/manymethods/Big058.java,1001,1001,,,,
core/tests/hosttests/test-apps/MultiDexLegacyTestServices/src/com/android/framework/multidexlegacytestservices/manymethods/Big059.java,1001,1001,,,,
core/tests/hosttests/test-apps/MultiDexLegacyTestServices/src/com/android/framework/multidexlegacytestservices/manymethods/Big060.java,1001,1001,,,,
core/tests/hosttests/test-apps/MultiDexLegacyTestServices/src/com/android/framework/multidexlegacytestservices/manymethods/Big061.java,1001,1001,,,,
core/tests/hosttests/test-apps/MultiDexLegacyTestServices/src/com/android/framework/multidexlegacytestservices/manymethods/Big062.java,1001,1001,,,,
core/tests/hosttests/test-apps/MultiDexLegacyTestServices/src/com/android/framework/multidexlegacytestservices/manymethods/Big063.java,1001,1001,,,,
core/tests/hosttests/test-apps/MultiDexLegacyTestServices/src/com/android/framework/multidexlegacytestservices/manymethods/Big064.java,1001,1001,,,,
core/tests/hosttests/test-apps/MultiDexLegacyTestServices/src/com/android/framework/multidexlegacytestservices/manymethods/Big065.java,1001,1001,,,,
core/tests/hosttests/test-apps/MultiDexLegacyTestServices/src/com/android/framework/multidexlegacytestservices/manymethods/Big066.java,1001,1001,,,,
core/tests/hosttests/test-apps/MultiDexLegacyTestServices/src/com/android/framework/multidexlegacytestservices/manymethods/Big067.java,1001,1001,,,,
core/tests/hosttests/test-apps/MultiDexLegacyTestServices/src/com/android/framework/multidexlegacytestservices/manymethods/Big068.java,1001,1001,,,,
core/tests/hosttests/test-apps/MultiDexLegacyTestServices/src/com/android/framework/multidexlegacytestservices/manymethods/Big069.java,1001,1001,,,,
core/tests/hosttests/test-apps/MultiDexLegacyTestServices/src/com/android/framework/multidexlegacytestservices/manymethods/Big070.java,1001,1001,,,,
core/tests/hosttests/test-apps/MultiDexLegacyTestServices/src/com/android/framework/multidexlegacytestservices/manymethods/Big071.java,1001,1001,,,,
core/tests/hosttests/test-apps/MultiDexLegacyTestServices/src/com/android/framework/multidexlegacytestservices/manymethods/Big072.java,1001,1001,,,,
core/tests/hosttests/test-apps/MultiDexLegacyTestServices/src/com/android/framework/multidexlegacytestservices/manymethods/Big073.java,1001,1001,,,,
core/tests/hosttests/test-apps/MultiDexLegacyTestServices/src/com/android/framework/multidexlegacytestservices/manymethods/Big074.java,1001,1001,,,,
core/tests/hosttests/test-apps/MultiDexLegacyTestServices/src/com/android/framework/multidexlegacytestservices/manymethods/Big075.java,1001,1001,,,,
core/tests/hosttests/test-apps/MultiDexLegacyTestServices/src/com/android/framework/multidexlegacytestservices/manymethods/Big076.java,1001,1001,,,,
core/tests/hosttests/test-apps/MultiDexLegacyTestServices/src/com/android/framework/multidexlegacytestservices/manymethods/Big077.java,1001,1001,,,,
core/tests/hosttests/test-apps/MultiDexLegacyTestServices/src/com/android/framework/multidexlegacytestservices/manymethods/Big078.java,1001,1001,,,,
core/tests/hosttests/test-apps/MultiDexLegacyTestServices/src/com/android/framework/multidexlegacytestservices/manymethods/Big079.java,1001,1001,,,,
core/tests/hosttests/test-apps/MultiDexLegacyTestServices/src/com/android/framework/multidexlegacytestservices/manymethods/Big080.java,1001,1001,,,,
core/tests/hosttests/test-apps/MultiDexLegacyTestServices/src/com/android/framework/multidexlegacytestservices/ReflectIntermediateClass.java,10,10,,,,
core/tests/hosttests/test-apps/MultiDexLegacyTestServices/src/com/android/framework/multidexlegacytestservices/Service1.java,1,1,,,,
core/tests/hosttests/test-apps/MultiDexLegacyTestServices/src/com/android/framework/multidexlegacytestservices/Service10.java,1,1,,,,
core/tests/hosttests/test-apps/MultiDexLegacyTestServices/src/com/android/framework/multidexlegacytestservices/Service11.java,1,1,,,,
core/tests/hosttests/test-apps/MultiDexLegacyTestServices/src/com/android/framework/multidexlegacytestservices/Service12.java,1,1,,,,
core/tests/hosttests/test-apps/MultiDexLegacyTestServices/src/com/android/framework/multidexlegacytestservices/Service13.java,1,1,,,,
core/tests/hosttests/test-apps/MultiDexLegacyTestServices/src/com/android/framework/multidexlegacytestservices/Service14.java,1,1,,,,
core/tests/hosttests/test-apps/MultiDexLegacyTestServices/src/com/android/framework/multidexlegacytestservices/Service15.java,1,1,,,,
core/tests/hosttests/test-apps/MultiDexLegacyTestServices/src/com/android/framework/multidexlegacytestservices/Service16.java,1,1,,,,
core/tests/hosttests/test-apps/MultiDexLegacyTestServices/src/com/android/framework/multidexlegacytestservices/Service17.java,1,1,,,,
core/tests/hosttests/test-apps/MultiDexLegacyTestServices/src/com/android/framework/multidexlegacytestservices/Service18.java,1,1,,,,
core/tests/hosttests/test-apps/MultiDexLegacyTestServices/src/com/android/framework/multidexlegacytestservices/Service19.java,1,1,,,,
core/tests/hosttests/test-apps/MultiDexLegacyTestServices/src/com/android/framework/multidexlegacytestservices/Service2.java,1,1,,,,
core/tests/hosttests/test-apps/MultiDexLegacyTestServices/src/com/android/framework/multidexlegacytestservices/Service3.java,1,1,,,,
core/tests/hosttests/test-apps/MultiDexLegacyTestServices/src/com/android/framework/multidexlegacytestservices/Service4.java,1,1,,,,
core/tests/hosttests/test-apps/MultiDexLegacyTestServices/src/com/android/framework/multidexlegacytestservices/Service5.java,1,1,,,,
core/tests/hosttests/test-apps/MultiDexLegacyTestServices/src/com/android/framework/multidexlegacytestservices/Service6.java,1,1,,,,
core/tests/hosttests/test-apps/MultiDexLegacyTestServices/src/com/android/framework/multidexlegacytestservices/Service7.java,1,1,,,,
core/tests/hosttests/test-apps/MultiDexLegacyTestServices/src/com/android/framework/multidexlegacytestservices/Service8.java,1,1,,,,
core/tests/hosttests/test-apps/MultiDexLegacyTestServices/src/com/android/framework/multidexlegacytestservices/Service9.java,1,1,,,,
core/tests/hosttests/test-apps/MultiDexLegacyTestServicesTests/src/com/android/framework/multidexlegacytestservices/test/ServicesTests.java,20,20,,,,
core/tests/hosttests/test-apps/MultiDexLegacyTestServicesTests2/src/com/android/framework/multidexlegacytestservices/test2/ServicesTests.java,91,91,,,,
core/tests/hosttests/test-apps/MultiDexLegacyVersionedTestApp_v1/src/com/android/framework/multidexlegacyversionedtestapp/ClassForMainDex.java,2,2,,,,
core/tests/hosttests/test-apps/MultiDexLegacyVersionedTestApp_v1/src/com/android/framework/multidexlegacyversionedtestapp/MainActivity.java,4,4,,,,
core/tests/hosttests/test-apps/MultiDexLegacyVersionedTestApp_v1/src/com/android/framework/multidexlegacyversionedtestapp/MultiDexUpdateTest.java,3,3,,,,
core/tests/hosttests/test-apps/MultiDexLegacyVersionedTestApp_v1/src/com/android/framework/multidexlegacyversionedtestapp/Version.java,2,2,,,,
core/tests/hosttests/test-apps/MultiDexLegacyVersionedTestApp_v2/src/com/android/framework/multidexlegacyversionedtestapp/ClassForMainDex.java,2,2,,,,
core/tests/hosttests/test-apps/MultiDexLegacyVersionedTestApp_v2/src/com/android/framework/multidexlegacyversionedtestapp/MainActivity.java,4,4,,,,
core/tests/hosttests/test-apps/MultiDexLegacyVersionedTestApp_v2/src/com/android/framework/multidexlegacyversionedtestapp/MultiDexUpdateTest.java,3,3,,,,
core/tests/hosttests/test-apps/MultiDexLegacyVersionedTestApp_v2/src/com/android/framework/multidexlegacyversionedtestapp/Version.java,2,2,,,,
core/tests/hosttests/test-apps/MultiDexLegacyVersionedTestApp_v3/src/com/android/framework/multidexlegacyversionedtestapp/ClassForMainDex.java,2,2,,,,
core/tests/hosttests/test-apps/MultiDexLegacyVersionedTestApp_v3/src/com/android/framework/multidexlegacyversionedtestapp/MainActivity.java,4,4,,,,
core/tests/hosttests/test-apps/MultiDexLegacyVersionedTestApp_v3/src/com/android/framework/multidexlegacyversionedtestapp/MultiDexUpdateTest.java,3,3,,,,
core/tests/hosttests/test-apps/MultiDexLegacyVersionedTestApp_v3/src/com/android/framework/multidexlegacyversionedtestapp/Version.java,2,2,,,,
core/tests/hosttests/test-apps/NoLocTestApp/src/com/android/framework/noloctestapp/NoLocTestAppActivity.java,1,1,,,,
core/tests/hosttests/test-apps/NoLocVersionedTestApp_v1/src/com/android/framework/nolocversionedtestapp/NoLocVersionedTestAppActivity.java,1,1,,,,
core/tests/hosttests/test-apps/NoLocVersionedTestApp_v2/src/com/android/framework/nolocversionedtestapp/NoLocVersionedTestAppActivity.java,1,1,,,,
core/tests/hosttests/test-apps/SharedUid/32/src/com/framework/shareduid/bit32/MainActivity.java,9,9,,,,
core/tests/hosttests/test-apps/SharedUid/64/src/com/framework/shareduid/bit64/MainActivity.java,9,9,,,,
core/tests/hosttests/test-apps/SharedUid/dual/src/com/framework/shareduid/dual/MainActivity.java,9,9,,,,
core/tests/hosttests/test-apps/SharedUid/java_only/src/com/framework/shareduid/java/MainActivity.java,4,4,,,,
core/tests/hosttests/test-apps/SimpleTestApp/src/com/android/framework/simpletestapp/SimpleAppActivity.java,1,1,,,,
core/tests/hosttests/test-apps/UpdateExternalLocTestApp_v1_ext/src/com/android/framework/updateexternalloctestapp/UpdateExternalLocTestAppActivity.java,1,1,,,,
core/tests/hosttests/test-apps/UpdateExternalLocTestApp_v2_none/src/com/android/framework/updateexternalloctestapp/UpdateExternalLocTestAppActivity.java,1,1,,,,
core/tests/hosttests/test-apps/UpdateExtToIntLocTestApp_v1_ext/src/com/android/framework/updateexttointloctestapp/UpdateExtToIntLocTestAppActivity.java,1,1,,,,
core/tests/hosttests/test-apps/UpdateExtToIntLocTestApp_v2_int/src/com/android/framework/updateexttointloctestapp/UpdateExtToIntLocTestAppActivity.java,1,1,,,,
core/tests/hosttests/test-apps/VersatileTestApp_Auto/src/com/android/framework/versatiletestapp/VersatileTestAppActivity.java,1,1,,,,
core/tests/hosttests/test-apps/VersatileTestApp_External/src/com/android/framework/versatiletestapp/VersatileTestAppActivity.java,1,1,,,,
core/tests/hosttests/test-apps/VersatileTestApp_Internal/src/com/android/framework/versatiletestapp/VersatileTestAppActivity.java,1,1,,,,
core/tests/hosttests/test-apps/VersatileTestApp_None/src/com/android/framework/versatiletestapp/VersatileTestAppActivity.java,1,1,,,,
core/tests/notificationtests/src/android/app/NotificationStressTest.java,27,27,,,,
core/tests/overlaytests/device/src/com/android/overlaytest/OverlayBaseTest.java,180,180,,,,
core/tests/overlaytests/device/src/com/android/overlaytest/WithMultipleOverlaysTest.java,3,3,,,,
core/tests/overlaytests/device/src/com/android/overlaytest/WithoutOverlayTest.java,3,3,,,,
core/tests/overlaytests/device/src/com/android/overlaytest/WithOverlayTest.java,3,3,,,,
core/tests/overlaytests/host/src/com/android/server/om/hosttest/InstallOverlayTests.java,27,27,,,,
core/tests/overlaytests/host/test-apps/UpdateOverlay/src/com/android/server/om/hosttest/update_overlay_test/UpdateOverlayTest.java,10,10,,,,
core/tests/packagemanagertests/src/android/content/pm/KernelPackageMappingTests.java,20,20,,,,
core/tests/privacytests/src/android/privacy/LongitudinalReportingEncoderTest.java,94,94,,,,
core/tests/privacytests/src/android/privacy/RapporEncoderTest.java,42,42,,,,
core/tests/SvcMonitor/src/com/android/google/experimental/svcmoniter/SvcMonitor.java,60,60,,,,
core/tests/systemproperties/src/android/os/SystemPropertiesTest.java,40,40,,,,
core/tests/utillib/src/android/test/BandwidthTestCase.java,37,37,,,,
core/tests/utiltests/src/android/util/IntArrayTest.java,8,8,,,,
core/tests/utiltests/src/android/util/LongArrayTest.java,8,8,,,,
core/tests/utiltests/src/android/util/MemoryIntArrayTest.java,50,50,,,,
core/tests/utiltests/src/android/util/MetadataReaderTest.java,18,18,,,,
core/tests/utiltests/src/android/util/RemoteIntArray.java,39,39,,,,
core/tests/utiltests/src/android/util/RemoteMemoryIntArrayService.java,26,26,,,,
core/tests/utiltests/src/com/android/internal/util/ArrayUtilsTest.java,21,21,,,,
core/tests/utiltests/src/com/android/internal/util/BitwiseStreamsTest.java,71,71,,,,
core/tests/utiltests/src/com/android/internal/util/CallbackRegistryTest.java,114,114,,,,
core/tests/utiltests/src/com/android/internal/util/CharSequencesTest.java,10,10,,,,
core/tests/utiltests/src/com/android/internal/util/FastXmlSerializerTest.java,32,32,,,,
core/tests/utiltests/src/com/android/internal/util/FileRotatorTest.java,94,94,,,,
core/tests/utiltests/src/com/android/internal/util/IndentingPrintWriterTest.java,18,18,,,,
core/tests/utiltests/src/com/android/internal/util/LockPatternUtilsTest.java,16,16,,,,
core/tests/utiltests/src/com/android/internal/util/MessageUtilsTest.java,30,30,,,,
core/tests/utiltests/src/com/android/internal/util/ObjectUtilsTest.java,2,2,,,,
core/tests/utiltests/src/com/android/internal/util/ProcFileReaderTest.java,27,27,,,,
core/tests/utiltests/src/com/android/internal/util/StateMachineTest.java,408,408,,,,
core/tests/utiltests/src/com/android/internal/util/test/FakeSettingsProviderTest.java,6,6,,,,
core/tests/utiltests/src/com/android/internal/util/WakeupMessageTest.java,34,34,,,,
core/tests/utiltests/src/com/android/internal/util/XmlUtilsTest.java,6,6,,,,
core/tests/webkit/apk_with_native_libs/src/com/google/android/xts/webview_list/WebViewLoadingTestClass.java,1,1,,,,
core/tests/webkit/unit_tests_src/com/android/webkit/WebViewLibraryLoaderTest.java,66,66,,,,
drm/java/android/drm/DrmConvertedStatus.java,13,13,,,,
drm/java/android/drm/DrmErrorEvent.java,21,21,,,,
drm/java/android/drm/DrmEvent.java,23,23,,,,
drm/java/android/drm/DrmInfo.java,27,27,,,,
drm/java/android/drm/DrmInfoEvent.java,19,19,,,,
drm/java/android/drm/DrmInfoRequest.java,27,27,,,,
drm/java/android/drm/DrmInfoStatus.java,14,14,,,,
drm/java/android/drm/DrmManagerClient.java,226,226,,,,
drm/java/android/drm/DrmOutputStream.java,22,22,,,,
drm/java/android/drm/DrmRights.java,35,35,,,,
drm/java/android/drm/DrmStore.java,43,43,,,,
drm/java/android/drm/DrmSupportInfo.java,24,24,,,,
drm/java/android/drm/DrmUtils.java,45,45,,,,
drm/java/android/drm/ProcessedData.java,14,14,,,,
graphics/java/android/graphics/AvoidXfermode.java,8,8,,,,
graphics/java/android/graphics/BaseCanvas.java,496,496,,,,
graphics/java/android/graphics/Bitmap.java,451,451,,,,
graphics/java/android/graphics/BitmapFactory.java,116,116,,,,
graphics/java/android/graphics/BitmapRegionDecoder.java,62,62,,,,
graphics/java/android/graphics/BitmapShader.java,21,21,,,,
graphics/java/android/graphics/BlurMaskFilter.java,10,10,,,,
graphics/java/android/graphics/Camera.java,42,42,,,,
graphics/java/android/graphics/Canvas.java,557,548,,2,7,
graphics/java/android/graphics/CanvasProperty.java,13,13,,,,
graphics/java/android/graphics/Color.java,247,247,,,,
graphics/java/android/graphics/ColorFilter.java,10,10,,,,
graphics/java/android/graphics/ColorMatrix.java,55,55,,,,
graphics/java/android/graphics/ColorMatrixColorFilter.java,15,15,,,,
graphics/java/android/graphics/ColorSpace.java,695,695,,,,
graphics/java/android/graphics/ComposePathEffect.java,7,7,,,,
graphics/java/android/graphics/ComposeShader.java,28,28,,,,
graphics/java/android/graphics/CornerPathEffect.java,5,5,,,,
graphics/java/android/graphics/DashPathEffect.java,7,7,,,,
graphics/java/android/graphics/DiscretePathEffect.java,7,7,,,,
graphics/java/android/graphics/drawable/AdaptiveIconDrawable.java,289,289,,,,
graphics/java/android/graphics/drawable/Animatable.java,4,4,,,,
graphics/java/android/graphics/drawable/Animatable2.java,11,11,,,,
graphics/java/android/graphics/drawable/AnimatedImageDrawable.java,137,137,,,,
graphics/java/android/graphics/drawable/AnimatedRotateDrawable.java,69,69,,,,
graphics/java/android/graphics/drawable/AnimatedStateListDrawable.java,207,207,,,,
graphics/java/android/graphics/drawable/AnimatedVectorDrawable.java,446,446,,,,
graphics/java/android/graphics/drawable/AnimationDrawable.java,85,85,,,,
graphics/java/android/graphics/drawable/BitmapDrawable.java,218,218,,,,
graphics/java/android/graphics/drawable/ClipDrawable.java,57,57,,,,
graphics/java/android/graphics/drawable/ColorDrawable.java,75,75,,,,
graphics/java/android/graphics/drawable/Drawable.java,260,260,,,,
graphics/java/android/graphics/drawable/DrawableContainer.java,276,276,,,,
graphics/java/android/graphics/drawable/DrawableInflater.java,40,40,,,,
graphics/java/android/graphics/drawable/DrawableWrapper.java,128,128,,,,
graphics/java/android/graphics/drawable/GradientDrawable.java,397,397,,,,
graphics/java/android/graphics/drawable/Icon.java,167,167,,,,
graphics/java/android/graphics/drawable/InsetDrawable.java,106,106,,,,
graphics/java/android/graphics/drawable/LayerDrawable.java,578,578,,,,
graphics/java/android/graphics/drawable/LevelListDrawable.java,64,64,,,,
graphics/java/android/graphics/drawable/NinePatchDrawable.java,177,177,,,,
graphics/java/android/graphics/drawable/PaintDrawable.java,21,21,,,,
graphics/java/android/graphics/drawable/PictureDrawable.java,17,17,,,,
graphics/java/android/graphics/drawable/RippleBackground.java,35,35,,,,
graphics/java/android/graphics/drawable/RippleComponent.java,24,24,,,,
graphics/java/android/graphics/drawable/RippleDrawable.java,211,211,,,,
graphics/java/android/graphics/drawable/RippleForeground.java,133,133,,,,
graphics/java/android/graphics/drawable/RotateDrawable.java,72,72,,,,
graphics/java/android/graphics/drawable/ScaleDrawable.java,70,70,,,,
graphics/java/android/graphics/drawable/ShapeDrawable.java,135,135,,,,
graphics/java/android/graphics/drawable/shapes/ArcShape.java,14,14,,,,
graphics/java/android/graphics/drawable/shapes/OvalShape.java,9,9,,,,
graphics/java/android/graphics/drawable/shapes/PathShape.java,18,18,,,,
graphics/java/android/graphics/drawable/shapes/RectShape.java,15,15,,,,
graphics/java/android/graphics/drawable/shapes/RoundRectShape.java,24,24,,,,
graphics/java/android/graphics/drawable/shapes/Shape.java,18,18,,,,
graphics/java/android/graphics/drawable/StateListDrawable.java,92,92,,,,
graphics/java/android/graphics/drawable/TransitionDrawable.java,52,52,,,,
graphics/java/android/graphics/drawable/VectorDrawable.java,751,751,,,,
graphics/java/android/graphics/DrawFilter.java,5,5,,,,
graphics/java/android/graphics/EmbossMaskFilter.java,11,11,,,,
graphics/java/android/graphics/FontFamily.java,79,79,,,,
graphics/java/android/graphics/FontListParser.java,44,44,,,,
graphics/java/android/graphics/fonts/FontVariationAxis.java,35,35,,,,
graphics/java/android/graphics/GraphicBuffer.java,108,108,,,,
graphics/java/android/graphics/ImageDecoder.java,386,386,,,,
graphics/java/android/graphics/ImageFormat.java,27,27,,,,
graphics/java/android/graphics/Insets.java,24,24,,,,
graphics/java/android/graphics/Interpolator.java,57,57,,,,
graphics/java/android/graphics/LargeBitmap.java,28,28,,,,
graphics/java/android/graphics/LayerRasterizer.java,8,8,,,,
graphics/java/android/graphics/LeakyTypefaceStorage.java,13,13,,,,
graphics/java/android/graphics/LightingColorFilter.java,16,16,,,,
graphics/java/android/graphics/LinearGradient.java,51,51,,,,
graphics/java/android/graphics/MaskFilter.java,5,5,,,,
graphics/java/android/graphics/Matrix.java,460,460,,,,
graphics/java/android/graphics/Movie.java,46,46,,,,
graphics/java/android/graphics/NinePatch.java,71,71,,,,
graphics/java/android/graphics/Outline.java,52,52,,,,
graphics/java/android/graphics/Paint.java,746,746,,,,
graphics/java/android/graphics/PaintFlagsDrawFilter.java,7,7,,,,
graphics/java/android/graphics/Path.java,356,356,,,,
graphics/java/android/graphics/PathDashPathEffect.java,14,14,,,,
graphics/java/android/graphics/PathEffect.java,5,5,,,,
graphics/java/android/graphics/PathMeasure.java,61,61,,,,
graphics/java/android/graphics/pdf/PdfDocument.java,71,71,,,,
graphics/java/android/graphics/pdf/PdfEditor.java,97,97,,,,
graphics/java/android/graphics/pdf/PdfRenderer.java,79,79,,,,
graphics/java/android/graphics/Picture.java,60,60,,,,
graphics/java/android/graphics/PixelFormat.java,32,32,,,,
graphics/java/android/graphics/PixelXorXfermode.java,3,3,,,,
graphics/java/android/graphics/Point.java,44,44,,,,
graphics/java/android/graphics/PointF.java,44,44,,,,
graphics/java/android/graphics/PorterDuff.java,8,8,,,,
graphics/java/android/graphics/PorterDuffColorFilter.java,20,20,,,,
graphics/java/android/graphics/PorterDuffXfermode.java,3,3,,,,
graphics/java/android/graphics/PostProcessor.java,3,3,,,,
graphics/java/android/graphics/RadialGradient.java,46,46,,,,
graphics/java/android/graphics/Rasterizer.java,2,2,,,,
graphics/java/android/graphics/Rect.java,129,129,,,,
graphics/java/android/graphics/RectF.java,110,110,,,,
graphics/java/android/graphics/Region.java,171,171,,,,
graphics/java/android/graphics/RegionIterator.java,14,14,,,,
graphics/java/android/graphics/Shader.java,24,24,,,,
graphics/java/android/graphics/SumPathEffect.java,7,7,,,,
graphics/java/android/graphics/SurfaceTexture.java,70,70,,,,
graphics/java/android/graphics/SweepGradient.java,36,36,,,,
graphics/java/android/graphics/TableMaskFilter.java,17,17,,,,
graphics/java/android/graphics/TemporaryBuffer.java,7,7,,,,
graphics/java/android/graphics/Typeface.java,304,304,,,,
graphics/java/android/graphics/Xfermode.java,3,3,,,,
graphics/java/android/graphics/YuvImage.java,46,46,,,,
graphics/java/android/view/PixelCopy.java,52,52,,,,
keystore/java/android/security/AttestedKeyPair.java,8,8,,,,
keystore/java/android/security/Credentials.java,86,86,,,,
keystore/java/android/security/GateKeeper.java,7,7,,,,
keystore/java/android/security/KeyChain.java,127,127,,,,
keystore/java/android/security/KeyChainAliasCallback.java,3,3,,,,
keystore/java/android/security/KeyChainException.java,9,9,,,,
keystore/java/android/security/KeyPairGeneratorSpec.java,65,65,,,,
keystore/java/android/security/keystore/AndroidKeyStore3DESCipherSpi.java,51,51,,,,
keystore/java/android/security/keystore/AndroidKeyStoreAuthenticatedAESCipherSpi.java,102,102,,,,
keystore/java/android/security/keystore/AndroidKeyStoreBCWorkaroundProvider.java,21,21,,,,
keystore/java/android/security/keystore/AndroidKeyStoreCipherSpiBase.java,172,172,,,,
keystore/java/android/security/keystore/AndroidKeyStoreECDSASignatureSpi.java,52,52,,,,
keystore/java/android/security/keystore/AndroidKeyStoreECPrivateKey.java,7,7,,,,
keystore/java/android/security/keystore/AndroidKeyStoreECPublicKey.java,15,15,,,,
keystore/java/android/security/keystore/AndroidKeyStoreHmacSpi.java,53,53,,,,
keystore/java/android/security/keystore/AndroidKeyStoreKey.java,19,19,,,,
keystore/java/android/security/keystore/AndroidKeyStoreKeyFactorySpi.java,20,20,,,,
keystore/java/android/security/keystore/AndroidKeyStoreKeyGeneratorSpi.java,65,63,,2,,
keystore/java/android/security/keystore/AndroidKeyStoreKeyPairGeneratorSpi.java,156,156,,,,
keystore/java/android/security/keystore/AndroidKeyStoreLoadStoreParameter.java,6,6,,,,
keystore/java/android/security/keystore/AndroidKeyStorePrivateKey.java,5,5,,,,
keystore/java/android/security/keystore/AndroidKeyStoreProvider.java,91,91,,,,
keystore/java/android/security/keystore/AndroidKeyStorePublicKey.java,15,15,,,,
keystore/java/android/security/keystore/AndroidKeyStoreRSACipherSpi.java,96,96,,,,
keystore/java/android/security/keystore/AndroidKeyStoreRSAPrivateKey.java,7,7,,,,
keystore/java/android/security/keystore/AndroidKeyStoreRSAPublicKey.java,15,15,,,,
keystore/java/android/security/keystore/AndroidKeyStoreRSASignatureSpi.java,45,45,,,,
keystore/java/android/security/keystore/AndroidKeyStoreSecretKey.java,5,5,,,,
keystore/java/android/security/keystore/AndroidKeyStoreSecretKeyFactorySpi.java,51,51,,,,
keystore/java/android/security/keystore/AndroidKeyStoreSignatureSpiBase.java,77,77,,,,
keystore/java/android/security/keystore/AndroidKeyStoreSpi.java,188,185,,3,,
keystore/java/android/security/keystore/AndroidKeyStoreUnauthenticatedAESCipherSpi.java,57,57,,,,
keystore/java/android/security/keystore/ArrayUtils.java,28,28,,,,
keystore/java/android/security/keystore/AttestationUtils.java,52,34,,3,15,
keystore/java/android/security/keystore/DelegatingX509Certificate.java,40,40,,,,
keystore/java/android/security/keystore/DeviceIdAttestationException.java,6,6,,,,
keystore/java/android/security/keystore/KeyAttestationException.java,6,6,,,,
keystore/java/android/security/keystore/KeyExpiredException.java,7,7,,,,
keystore/java/android/security/keystore/KeyGenParameterSpec.java,175,172,,3,,
keystore/java/android/security/keystore/KeyInfo.java,59,59,,,,
keystore/java/android/security/keystore/KeymasterUtils.java,24,24,,,,
keystore/java/android/security/keystore/KeyNotYetValidException.java,7,7,,,,
keystore/java/android/security/keystore/KeyPermanentlyInvalidatedException.java,7,7,,,,
keystore/java/android/security/keystore/KeyProperties.java,131,131,,,,
keystore/java/android/security/keystore/KeyProtection.java,121,121,,,,
keystore/java/android/security/keystore/KeyStoreConnectException.java,2,2,,,,
keystore/java/android/security/keystore/KeyStoreCryptoOperation.java,2,2,,,,
keystore/java/android/security/keystore/KeyStoreCryptoOperationChunkedStreamer.java,59,59,,,,
keystore/java/android/security/keystore/KeyStoreCryptoOperationStreamer.java,13,13,,,,
keystore/java/android/security/keystore/KeyStoreCryptoOperationUtils.java,17,17,,,,
keystore/java/android/security/keystore/ParcelableKeyGenParameterSpec.java,60,30,,9,21,
keystore/java/android/security/keystore/SecureKeyImportUnavailableException.java,9,9,,,,
keystore/java/android/security/keystore/StrongBoxUnavailableException.java,9,9,,,,
keystore/java/android/security/keystore/UserAuthArgs.java,9,9,,,,
keystore/java/android/security/keystore/UserNotAuthenticatedException.java,7,7,,,,
keystore/java/android/security/keystore/UserPresenceUnavailableException.java,7,7,,,,
keystore/java/android/security/keystore/Utils.java,6,6,,,,
keystore/java/android/security/keystore/WrappedKeyEntry.java,14,14,,,,
keystore/java/android/security/KeyStore.java,320,320,,,,
keystore/java/android/security/KeyStoreException.java,6,6,,,,
keystore/java/android/security/KeyStoreParameter.java,13,13,,,,
keystore/java/android/security/SystemKeyStore.java,40,40,,,,
keystore/tests/src/android/security/keystore/KeyGenParameterSpecTest.java,12,12,,,,
keystore/tests/src/android/security/ParcelableKeyGenParameterSpecTest.java,47,44,,3,,
libs/usb/src/com/android/future/usb/UsbAccessory.java,23,23,,,,
libs/usb/src/com/android/future/usb/UsbManager.java,29,29,,,,
libs/usb/tests/AccessoryChat/src/com/android/accessorychat/AccessoryChat.java,47,47,,,,
location/java/android/location/Address.java,108,106,,2,,
location/java/android/location/BatchedLocationCallback.java,3,3,,,,
location/java/android/location/BatchedLocationCallbackTransport.java,15,15,,,,
location/java/android/location/Country.java,39,39,,,,
location/java/android/location/CountryDetector.java,27,27,,,,
location/java/android/location/CountryListener.java,3,3,,,,
location/java/android/location/Criteria.java,69,68,,1,,
location/java/android/location/FusedBatchOptions.java,49,49,,,,
location/java/android/location/Geocoder.java,37,37,,,,
location/java/android/location/GeocoderParams.java,23,23,,,,
location/java/android/location/Geofence.java,49,49,,,,
location/java/android/location/GnssClock.java,86,86,,,,
location/java/android/location/GnssMeasurement.java,158,158,,,,
location/java/android/location/GnssMeasurementCallbackTransport.java,21,21,,,,
location/java/android/location/GnssMeasurementsEvent.java,37,37,,,,
location/java/android/location/GnssNavigationMessage.java,72,72,,,,
location/java/android/location/GnssNavigationMessageCallbackTransport.java,21,21,,,,
location/java/android/location/GnssStatus.java,57,57,,,,
location/java/android/location/GpsClock.java,90,90,,,,
location/java/android/location/GpsMeasurement.java,233,233,,,,
location/java/android/location/GpsMeasurementsEvent.java,36,36,,,,
location/java/android/location/GpsNavigationMessage.java,60,60,,,,
location/java/android/location/GpsNavigationMessageEvent.java,27,27,,,,
location/java/android/location/GpsSatellite.java,20,20,,,,
location/java/android/location/GpsStatus.java,53,53,,,,
location/java/android/location/LocalListenerHelper.java,33,33,,,,
location/java/android/location/Location.java,206,206,,,,
location/java/android/location/LocationListener.java,11,11,,,,
location/java/android/location/LocationManager.java,446,446,,,,
location/java/android/location/LocationProvider.java,26,26,,,,
location/java/android/location/LocationRequest.java,98,98,,,,
location/java/android/location/OnNmeaMessageListener.java,4,4,,,,
location/java/android/location/SettingInjectorService.java,33,33,,,,
location/java/com/android/internal/location/gnssmetrics/GnssMetrics.java,74,71,,3,,
location/java/com/android/internal/location/GpsNetInitiatedHandler.java,150,150,,,,
location/java/com/android/internal/location/ProviderProperties.java,39,39,,,,
location/java/com/android/internal/location/ProviderRequest.java,22,22,,,,
location/lib/java/com/android/location/provider/ActivityChangedEvent.java,8,8,,,,
location/lib/java/com/android/location/provider/ActivityRecognitionEvent.java,13,13,,,,
location/lib/java/com/android/location/provider/ActivityRecognitionProvider.java,41,41,,,,
location/lib/java/com/android/location/provider/ActivityRecognitionProviderClient.java,15,15,,,,
location/lib/java/com/android/location/provider/ActivityRecognitionProviderWatcher.java,15,15,,,,
location/lib/java/com/android/location/provider/FusedProvider.java,2,2,,,,
location/lib/java/com/android/location/provider/GeocodeProvider.java,34,34,,,,
location/lib/java/com/android/location/provider/GeofenceProvider.java,9,9,,,,
location/lib/java/com/android/location/provider/LocationProviderBase.java,48,48,,,,
location/lib/java/com/android/location/provider/LocationRequestUnbundled.java,15,15,,,,
location/lib/java/com/android/location/provider/ProviderPropertiesUnbundled.java,16,16,,,,
location/lib/java/com/android/location/provider/ProviderRequestUnbundled.java,10,10,,,,
location/tests/locationtests/src/android/location/CountryTester.java,6,6,,,,
location/tests/locationtests/src/android/location/GeocoderTest.java,7,7,,,,
location/tests/locationtests/src/android/location/GnssStatusTest.java,29,29,,,,
location/tests/locationtests/src/android/location/LocationManagerTest.java,31,31,,,,
location/tests/locationtests/src/android/location/LocationTest.java,63,63,,,,
location/tests/locationtests/src/android/location/SatelliteInfo.java,61,61,,,,
lowpan/java/android/net/lowpan/InterfaceDisabledException.java,9,9,,,,
lowpan/java/android/net/lowpan/JoinFailedAtAuthException.java,9,9,,,,
lowpan/java/android/net/lowpan/JoinFailedAtScanException.java,9,9,,,,
lowpan/java/android/net/lowpan/JoinFailedException.java,9,9,,,,
lowpan/java/android/net/lowpan/LowpanBeaconInfo.java,63,63,,,,
lowpan/java/android/net/lowpan/LowpanChannelInfo.java,42,42,,,,
lowpan/java/android/net/lowpan/LowpanCommissioningSession.java,54,54,,,,
lowpan/java/android/net/lowpan/LowpanCredential.java,44,44,,,,
lowpan/java/android/net/lowpan/LowpanEnergyScanResult.java,12,12,,,,
lowpan/java/android/net/lowpan/LowpanException.java,11,11,,,,
lowpan/java/android/net/lowpan/LowpanIdentity.java,61,61,,,,
lowpan/java/android/net/lowpan/LowpanInterface.java,176,176,,,,
lowpan/java/android/net/lowpan/LowpanManager.java,66,66,,,,
lowpan/java/android/net/lowpan/LowpanProperties.java,13,13,,,,
lowpan/java/android/net/lowpan/LowpanProperty.java,8,8,,,,
lowpan/java/android/net/lowpan/LowpanProvision.java,30,30,,,,
lowpan/java/android/net/lowpan/LowpanRuntimeException.java,9,9,,,,
lowpan/java/android/net/lowpan/LowpanScanner.java,66,66,,,,
lowpan/java/android/net/lowpan/NetworkAlreadyExistsException.java,9,9,,,,
lowpan/java/android/net/lowpan/OperationCanceledException.java,9,9,,,,
lowpan/java/android/net/lowpan/WrongStateException.java,9,9,,,,
lowpan/tests/src/android/net/lowpan/LowpanInterfaceTest.java,15,15,,,,
lowpan/tests/src/android/net/lowpan/LowpanManagerTest.java,20,20,,,,
media/java/android/media/AmrInputStream.java,34,34,,,,
media/java/android/media/AsyncPlayer.java,51,51,,,,
media/java/android/media/AudioAttributes.java,133,133,,,,
media/java/android/media/AudioDeviceCallback.java,5,5,,,,
media/java/android/media/AudioDeviceInfo.java,59,59,,,,
media/java/android/media/AudioDevicePort.java,25,25,,,,
media/java/android/media/AudioDevicePortConfig.java,10,10,,,,
media/java/android/media/AudioFocusInfo.java,46,46,,,,
media/java/android/media/AudioFocusRequest.java,60,60,,,,
media/java/android/media/AudioFormat.java,167,167,,,,
media/java/android/media/audiofx/AcousticEchoCanceler.java,11,11,,,,
media/java/android/media/audiofx/AudioEffect.java,287,284,,3,,
media/java/android/media/audiofx/AutomaticGainControl.java,11,11,,,,
media/java/android/media/audiofx/BassBoost.java,51,51,,,,
media/java/android/media/audiofx/DynamicsProcessing.java,748,748,,,,
media/java/android/media/audiofx/EnvironmentalReverb.java,113,113,,,,
media/java/android/media/audiofx/Equalizer.java,104,104,,,,
media/java/android/media/audiofx/LoudnessEnhancer.java,47,47,,,,
media/java/android/media/audiofx/NoiseSuppressor.java,11,11,,,,
media/java/android/media/audiofx/PresetReverb.java,54,54,,,,
media/java/android/media/audiofx/Virtualizer.java,91,91,,,,
media/java/android/media/audiofx/Visualizer.java,134,134,,,,
media/java/android/media/AudioGain.java,36,36,,,,
media/java/android/media/AudioGainConfig.java,19,19,,,,
media/java/android/media/AudioHandle.java,10,10,,,,
media/java/android/media/AudioManager.java,938,932,,2,4,
media/java/android/media/AudioManagerInternal.java,46,46,,,,
media/java/android/media/AudioMixPort.java,21,21,,,,
media/java/android/media/AudioMixPortConfig.java,8,8,,,,
media/java/android/media/AudioPatch.java,15,15,,,,
media/java/android/media/AudioPlaybackConfiguration.java,98,98,,,,
media/java/android/media/audiopolicy/AudioMix.java,66,66,,,,
media/java/android/media/audiopolicy/AudioMixingRule.java,87,87,,,,
media/java/android/media/audiopolicy/AudioPolicy.java,159,159,,,,
media/java/android/media/audiopolicy/AudioPolicyConfig.java,61,61,,,,
media/java/android/media/AudioPort.java,50,50,,,,
media/java/android/media/AudioPortConfig.java,23,23,,,,
media/java/android/media/AudioPortEventHandler.java,43,43,,,,
media/java/android/media/AudioPresentation.java,33,33,,,,
media/java/android/media/AudioRecord.java,300,298,,2,,
media/java/android/media/AudioRecordingConfiguration.java,53,53,,,,
media/java/android/media/AudioRecordRoutingProxy.java,3,3,,,,
media/java/android/media/AudioRoutesInfo.java,27,27,,,,
media/java/android/media/AudioRouting.java,13,13,,,,
media/java/android/media/AudioSystem.java,380,380,,,,
media/java/android/media/AudioTimestamp.java,5,5,,,,
media/java/android/media/AudioTrack.java,486,484,,2,,
media/java/android/media/AudioTrackRoutingProxy.java,3,3,,,,
media/java/android/media/browse/MediaBrowser.java,222,222,,,,
media/java/android/media/browse/MediaBrowserUtils.java,15,15,,,,
media/java/android/media/BufferingParams.java,31,31,,,,
media/java/android/media/CamcorderProfile.java,80,80,,,,
media/java/android/media/CameraProfile.java,25,25,,,,
media/java/android/media/Cea708CaptionRenderer.java,676,676,,,,
media/java/android/media/ClosedCaptionRenderer.java,425,425,,,,
media/java/android/media/DataSourceDesc.java,73,73,,,,
media/java/android/media/DecoderCapabilities.java,17,17,,,,
media/java/android/media/DeniedByServerException.java,3,3,,,,
media/java/android/media/DrmInitData.java,14,14,,,,
media/java/android/media/EncoderCapabilities.java,61,61,,,,
media/java/android/media/ExifInterface.java,955,951,,4,,
media/java/android/media/ExternalRingtonesCursorWrapper.java,8,8,,,,
media/java/android/media/FaceDetector.java,50,50,,,,
media/java/android/media/Image.java,27,27,,,,
media/java/android/media/ImageReader.java,158,158,,,,
media/java/android/media/ImageUtils.java,37,37,,,,
media/java/android/media/ImageWriter.java,147,147,,,,
media/java/android/media/JetPlayer.java,150,150,,,,
media/java/android/media/Media2DataSource.java,7,7,,,,
media/java/android/media/Media2HTTPConnection.java,73,73,,,,
media/java/android/media/Media2HTTPService.java,17,17,,,,
media/java/android/media/MediaActionSound.java,44,44,,,,
media/java/android/media/MediaBrowser2.java,68,68,,,,
media/java/android/media/MediaCas.java,122,122,,,,
media/java/android/media/MediaCasException.java,17,17,,,,
media/java/android/media/MediaCasStateException.java,15,15,,,,
media/java/android/media/MediaCodec.java,474,473,,1,,
media/java/android/media/MediaCodecInfo.java,735,728,,4,3,
media/java/android/media/MediaCodecList.java,57,57,,,,
media/java/android/media/MediaController2.java,157,157,,,,
media/java/android/media/MediaCrypto.java,26,26,,,,
media/java/android/media/MediaCryptoException.java,3,3,,,,
media/java/android/media/MediaDataSource.java,7,7,,,,
media/java/android/media/MediaDescrambler.java,46,46,,,,
media/java/android/media/MediaDescription.java,77,77,,,,
media/java/android/media/MediaDrm.java,353,353,,,,
media/java/android/media/MediaDrmException.java,3,3,,,,
media/java/android/media/MediaDrmResetException.java,3,3,,,,
media/java/android/media/MediaExtractor.java,133,133,,,,
media/java/android/media/MediaFile.java,140,139,,1,,
media/java/android/media/MediaFormat.java,161,160,,1,,
media/java/android/media/MediaHTTPConnection.java,85,85,,,,
media/java/android/media/MediaHTTPService.java,17,17,,,,
media/java/android/media/MediaInserter.java,30,30,,,,
media/java/android/media/MediaItem2.java,32,32,,,,
media/java/android/media/MediaLibraryService2.java,90,90,,,,
media/java/android/media/MediaMetadata.java,140,140,,,,
media/java/android/media/MediaMetadata2.java,95,95,,,,
media/java/android/media/MediaMetadataEditor.java,51,51,,,,
media/java/android/media/MediaMetadataRetriever.java,158,158,,,,
media/java/android/media/MediaMuxer.java,82,82,,,,
media/java/android/media/MediaPlayer.java,1044,1043,,1,,
media/java/android/media/MediaPlayer2.java,359,359,,,,
media/java/android/media/MediaPlayer2Impl.java,958,955,,3,,
media/java/android/media/MediaPlayerBase.java,67,67,,,,
media/java/android/media/MediaPlaylistAgent.java,60,60,,,,
media/java/android/media/MediaRecorder.java,272,272,,,,
media/java/android/media/MediaRouter.java,691,691,,,,
media/java/android/media/MediaRouterClientState.java,52,52,,,,
media/java/android/media/MediaScanner.java,451,451,,,,
media/java/android/media/MediaScannerClient.java,12,12,,,,
media/java/android/media/MediaScannerConnection.java,61,61,,,,
media/java/android/media/MediaSession2.java,269,269,,,,
media/java/android/media/MediaSessionService2.java,20,20,,,,
media/java/android/media/MediaSync.java,109,109,,,,
media/java/android/media/MediaSyncEvent.java,15,15,,,,
media/java/android/media/MediaTimeProvider.java,18,18,,,,
media/java/android/media/MediaTimestamp.java,17,17,,,,
media/java/android/media/Metadata.java,99,99,,,,
media/java/android/media/MicrophoneInfo.java,80,80,,,,
media/java/android/media/midi/MidiDevice.java,58,58,,,,
media/java/android/media/midi/MidiDeviceInfo.java,84,84,,,,
media/java/android/media/midi/MidiDeviceServer.java,116,116,,,,
media/java/android/media/midi/MidiDeviceService.java,25,25,,,,
media/java/android/media/midi/MidiDeviceStatus.java,36,36,,,,
media/java/android/media/midi/MidiInputPort.java,34,34,,,,
media/java/android/media/midi/MidiManager.java,98,98,,,,
media/java/android/media/midi/MidiOutputPort.java,35,35,,,,
media/java/android/media/midi/MidiPortImpl.java,34,34,,,,
media/java/android/media/midi/MidiReceiver.java,24,24,,,,
media/java/android/media/midi/MidiSender.java,9,9,,,,
media/java/android/media/MiniThumbFile.java,74,74,,,,
media/java/android/media/NativeRoutingEventHandlerDelegate.java,11,11,,,,
media/java/android/media/NotProvisionedException.java,3,3,,,,
media/java/android/media/PlaybackParams.java,41,41,,,,
media/java/android/media/PlayerBase.java,147,147,,,,
media/java/android/media/PlayerProxy.java,25,25,,,,
media/java/android/media/projection/MediaProjection.java,57,57,,,,
media/java/android/media/projection/MediaProjectionInfo.java,25,25,,,,
media/java/android/media/projection/MediaProjectionManager.java,52,50,,2,,
media/java/android/media/Rating.java,44,44,,,,
media/java/android/media/Rating2.java,36,36,,,,
media/java/android/media/RemoteControlClient.java,154,154,,,,
media/java/android/media/RemoteController.java,136,136,,,,
media/java/android/media/RemoteDisplay.java,61,61,,,,
media/java/android/media/RemoteDisplayState.java,56,56,,,,
media/java/android/media/ResampleInputStream.java,34,34,,,,
media/java/android/media/ResourceBusyException.java,3,3,,,,
media/java/android/media/Ringtone.java,80,80,,,,
media/java/android/media/RingtoneManager.java,214,214,,,,
media/java/android/media/session/MediaController.java,247,247,,,,
media/java/android/media/session/MediaSession.java,493,493,,,,
media/java/android/media/session/MediaSessionLegacyHelper.java,119,119,,,,
media/java/android/media/session/MediaSessionManager.java,258,258,,,,
media/java/android/media/session/ParcelableVolumeInfo.java,24,24,,,,
media/java/android/media/session/PlaybackState.java,174,174,,,,
media/java/android/media/SessionCommand2.java,53,53,,,,
media/java/android/media/SessionCommandGroup2.java,25,25,,,,
media/java/android/media/SessionToken2.java,29,29,,,,
media/java/android/media/SoundPool.java,143,143,,,,
media/java/android/media/soundtrigger/SoundTriggerDetectionService.java,73,73,,,,
media/java/android/media/soundtrigger/SoundTriggerDetector.java,73,73,,,,
media/java/android/media/soundtrigger/SoundTriggerManager.java,69,69,,,,
media/java/android/media/SRTRenderer.java,67,67,,,,
media/java/android/media/SubtitleController.java,87,87,,,,
media/java/android/media/SubtitleData.java,14,14,,,,
media/java/android/media/SubtitleTrack.java,160,160,,,,
media/java/android/media/SyncParams.java,30,30,,,,
media/java/android/media/ThumbnailUtils.java,137,137,,,,
media/java/android/media/TimedMetaData.java,12,12,,,,
media/java/android/media/TimedText.java,177,177,,,,
media/java/android/media/ToneGenerator.java,120,120,,,,
media/java/android/media/TtmlRenderer.java,237,237,,,,
media/java/android/media/tv/DvbDeviceInfo.java,22,22,,,,
media/java/android/media/tv/ITvInputSessionWrapper.java,99,99,,,,
media/java/android/media/tv/TvContentRating.java,37,37,,,,
media/java/android/media/tv/TvContentRatingSystemInfo.java,24,24,,,,
media/java/android/media/tv/TvContract.java,374,374,,,,
media/java/android/media/tv/TvInputHardwareInfo.java,66,66,,,,
media/java/android/media/tv/TvInputInfo.java,250,250,,,,
media/java/android/media/tv/TvInputManager.java,636,636,,,,
media/java/android/media/tv/TvInputService.java,406,406,,,,
media/java/android/media/tv/TvRecordingClient.java,72,72,,,,
media/java/android/media/tv/TvStreamConfig.java,49,49,,,,
media/java/android/media/tv/TvTrackInfo.java,94,94,,,,
media/java/android/media/tv/TvView.java,283,283,,,,
media/java/android/media/UnsupportedSchemeException.java,3,3,,,,
media/java/android/media/update/ApiLoader.java,3,3,,,,
media/java/android/media/update/MediaBrowser2Provider.java,23,23,,,,
media/java/android/media/update/MediaController2Provider.java,66,66,,,,
media/java/android/media/update/MediaControlView2Provider.java,15,15,,,,
media/java/android/media/update/MediaItem2Provider.java,21,21,,,,
media/java/android/media/update/MediaLibraryService2Provider.java,19,19,,,,
media/java/android/media/update/MediaMetadata2Provider.java,42,42,,,,
media/java/android/media/update/MediaPlaylistAgentProvider.java,37,37,,,,
media/java/android/media/update/MediaSession2Provider.java,113,113,,,,
media/java/android/media/update/MediaSessionService2Provider.java,9,9,,,,
media/java/android/media/update/ProviderCreator.java,3,3,,,,
media/java/android/media/update/Rating2Provider.java,12,12,,,,
media/java/android/media/update/SessionToken2Provider.java,10,10,,,,
media/java/android/media/update/StaticProvider.java,108,108,,,,
media/java/android/media/update/TransportControlProvider.java,17,17,,,,
media/java/android/media/update/VideoView2Provider.java,45,45,,,,
media/java/android/media/update/ViewGroupHelper.java,139,139,,,,
media/java/android/media/update/ViewGroupProvider.java,43,43,,,,
media/java/android/media/update/VolumeProvider2Provider.java,6,6,,,,
media/java/android/media/Utils.java,122,122,,,,
media/java/android/media/VolumeAutomation.java,3,3,,,,
media/java/android/media/VolumePolicy.java,28,28,,,,
media/java/android/media/VolumeProvider.java,26,26,,,,
media/java/android/media/VolumeProvider2.java,19,19,,,,
media/java/android/media/VolumeShaper.java,253,253,,,,
media/java/android/media/WebVttRenderer.java,537,537,,,,
media/java/android/mtp/MtpConstants.java,293,293,,,,
media/java/android/mtp/MtpDatabase.java,258,253,,3,2,
media/java/android/mtp/MtpDevice.java,125,125,,,,
media/java/android/mtp/MtpDeviceInfo.java,22,22,,,,
media/java/android/mtp/MtpEvent.java,38,38,,,,
media/java/android/mtp/MtpObjectInfo.java,102,102,,,,
media/java/android/mtp/MtpPropertyGroup.java,55,55,,,,
media/java/android/mtp/MtpPropertyList.java,25,25,,,,
media/java/android/mtp/MtpServer.java,54,49,,1,4,
media/java/android/mtp/MtpStorage.java,14,14,,,,
media/java/android/mtp/MtpStorageInfo.java,12,12,,,,
media/java/android/mtp/MtpStorageManager.java,271,258,,5,8,
media/java/android/service/media/MediaBrowserService.java,197,197,,,,
media/lib/remotedisplay/java/com/android/media/remotedisplay/RemoteDisplay.java,37,37,,,,
media/lib/remotedisplay/java/com/android/media/remotedisplay/RemoteDisplayProvider.java,80,80,,,,
media/lib/signer/java/com/android/mediadrm/signer/MediaDrmSigner.java,28,28,,,,
media/lib/tvremote/java/com/android/media/tv/remoteprovider/TvRemoteProvider.java,66,66,,,,
media/mca/effect/java/android/media/effect/Effect.java,13,13,,,,
media/mca/effect/java/android/media/effect/EffectContext.java,19,19,,,,
media/mca/effect/java/android/media/effect/EffectFactory.java,52,52,,,,
media/mca/effect/java/android/media/effect/effects/AutoFixEffect.java,4,4,,,,
media/mca/effect/java/android/media/effect/effects/BackDropperEffect.java,18,18,,,,
media/mca/effect/java/android/media/effect/effects/BitmapOverlayEffect.java,4,4,,,,
media/mca/effect/java/android/media/effect/effects/BlackWhiteEffect.java,4,4,,,,
media/mca/effect/java/android/media/effect/effects/BrightnessEffect.java,4,4,,,,
media/mca/effect/java/android/media/effect/effects/ColorTemperatureEffect.java,4,4,,,,
media/mca/effect/java/android/media/effect/effects/ContrastEffect.java,4,4,,,,
media/mca/effect/java/android/media/effect/effects/CropEffect.java,4,4,,,,
media/mca/effect/java/android/media/effect/effects/CrossProcessEffect.java,4,4,,,,
media/mca/effect/java/android/media/effect/effects/DocumentaryEffect.java,4,4,,,,
media/mca/effect/java/android/media/effect/effects/DuotoneEffect.java,4,4,,,,
media/mca/effect/java/android/media/effect/effects/FillLightEffect.java,4,4,,,,
media/mca/effect/java/android/media/effect/effects/FisheyeEffect.java,4,4,,,,
media/mca/effect/java/android/media/effect/effects/FlipEffect.java,4,4,,,,
media/mca/effect/java/android/media/effect/effects/GrainEffect.java,4,4,,,,
media/mca/effect/java/android/media/effect/effects/GrayscaleEffect.java,4,4,,,,
media/mca/effect/java/android/media/effect/effects/IdentityEffect.java,15,15,,,,
media/mca/effect/java/android/media/effect/effects/LomoishEffect.java,4,4,,,,
media/mca/effect/java/android/media/effect/effects/NegativeEffect.java,4,4,,,,
media/mca/effect/java/android/media/effect/effects/PosterizeEffect.java,4,4,,,,
media/mca/effect/java/android/media/effect/effects/RedEyeEffect.java,4,4,,,,
media/mca/effect/java/android/media/effect/effects/RotateEffect.java,4,4,,,,
media/mca/effect/java/android/media/effect/effects/SaturateEffect.java,4,4,,,,
media/mca/effect/java/android/media/effect/effects/SepiaEffect.java,4,4,,,,
media/mca/effect/java/android/media/effect/effects/SharpenEffect.java,4,4,,,,
media/mca/effect/java/android/media/effect/effects/StraightenEffect.java,4,4,,,,
media/mca/effect/java/android/media/effect/effects/TintEffect.java,4,4,,,,
media/mca/effect/java/android/media/effect/effects/VignetteEffect.java,4,4,,,,
media/mca/effect/java/android/media/effect/EffectUpdateListener.java,4,4,,,,
media/mca/effect/java/android/media/effect/FilterEffect.java,17,17,,,,
media/mca/effect/java/android/media/effect/FilterGraphEffect.java,30,30,,,,
media/mca/effect/java/android/media/effect/SingleFilterEffect.java,26,26,,,,
media/mca/effect/java/android/media/effect/SizeChangeEffect.java,18,18,,,,
media/mca/filterfw/java/android/filterfw/core/AsyncRunner.java,43,43,,,,
media/mca/filterfw/java/android/filterfw/core/CachedFrameManager.java,35,35,,,,
media/mca/filterfw/java/android/filterfw/core/FieldPort.java,28,28,,,,
media/mca/filterfw/java/android/filterfw/core/Filter.java,234,234,,,,
media/mca/filterfw/java/android/filterfw/core/FilterContext.java,31,31,,,,
media/mca/filterfw/java/android/filterfw/core/FilterFactory.java,27,27,,,,
media/mca/filterfw/java/android/filterfw/core/FilterFunction.java,33,33,,,,
media/mca/filterfw/java/android/filterfw/core/FilterGraph.java,105,105,,,,
media/mca/filterfw/java/android/filterfw/core/FilterPort.java,43,43,,,,
media/mca/filterfw/java/android/filterfw/core/FilterSurfaceView.java,33,33,,,,
media/mca/filterfw/java/android/filterfw/core/FinalPort.java,10,10,,,,
media/mca/filterfw/java/android/filterfw/core/Frame.java,79,79,,,,
media/mca/filterfw/java/android/filterfw/core/FrameFormat.java,99,99,,,,
media/mca/filterfw/java/android/filterfw/core/FrameManager.java,25,25,,,,
media/mca/filterfw/java/android/filterfw/core/GLEnvironment.java,60,60,,,,
media/mca/filterfw/java/android/filterfw/core/GLFrame.java,133,133,,,,
media/mca/filterfw/java/android/filterfw/core/GraphRunner.java,27,27,,,,
media/mca/filterfw/java/android/filterfw/core/InputPort.java,19,19,,,,
media/mca/filterfw/java/android/filterfw/core/KeyValueMap.java,23,23,,,,
media/mca/filterfw/java/android/filterfw/core/MutableFrameFormat.java,32,32,,,,
media/mca/filterfw/java/android/filterfw/core/NativeAllocatorTag.java,1,1,,,,
media/mca/filterfw/java/android/filterfw/core/NativeBuffer.java,30,30,,,,
media/mca/filterfw/java/android/filterfw/core/NativeFrame.java,72,72,,,,
media/mca/filterfw/java/android/filterfw/core/NativeProgram.java,60,60,,,,
media/mca/filterfw/java/android/filterfw/core/OneShotScheduler.java,10,10,,,,
media/mca/filterfw/java/android/filterfw/core/OutputPort.java,26,26,,,,
media/mca/filterfw/java/android/filterfw/core/Program.java,14,14,,,,
media/mca/filterfw/java/android/filterfw/core/ProgramPort.java,15,15,,,,
media/mca/filterfw/java/android/filterfw/core/ProgramVariable.java,11,11,,,,
media/mca/filterfw/java/android/filterfw/core/ProtocolException.java,4,4,,,,
media/mca/filterfw/java/android/filterfw/core/RandomScheduler.java,9,9,,,,
media/mca/filterfw/java/android/filterfw/core/RoundRobinScheduler.java,11,11,,,,
media/mca/filterfw/java/android/filterfw/core/Scheduler.java,8,8,,,,
media/mca/filterfw/java/android/filterfw/core/SerializedFrame.java,82,82,,,,
media/mca/filterfw/java/android/filterfw/core/ShaderProgram.java,146,146,,,,
media/mca/filterfw/java/android/filterfw/core/SimpleFrame.java,38,38,,,,
media/mca/filterfw/java/android/filterfw/core/SimpleFrameManager.java,19,19,,,,
media/mca/filterfw/java/android/filterfw/core/SimpleScheduler.java,6,6,,,,
media/mca/filterfw/java/android/filterfw/core/StopWatchMap.java,20,20,,,,
media/mca/filterfw/java/android/filterfw/core/StreamPort.java,20,20,,,,
media/mca/filterfw/java/android/filterfw/core/SyncRunner.java,46,46,,,,
media/mca/filterfw/java/android/filterfw/core/VertexFrame.java,39,39,,,,
media/mca/filterfw/java/android/filterfw/FilterFunctionEnvironment.java,9,9,,,,
media/mca/filterfw/java/android/filterfw/format/ImageFormat.java,25,25,,,,
media/mca/filterfw/java/android/filterfw/format/ObjectFormat.java,22,22,,,,
media/mca/filterfw/java/android/filterfw/format/PrimitiveFormat.java,35,35,,,,
media/mca/filterfw/java/android/filterfw/geometry/Point.java,44,44,,,,
media/mca/filterfw/java/android/filterfw/geometry/Quad.java,34,34,,,,
media/mca/filterfw/java/android/filterfw/geometry/Rectangle.java,37,37,,,,
media/mca/filterfw/java/android/filterfw/GraphEnvironment.java,36,36,,,,
media/mca/filterfw/java/android/filterfw/io/GraphIOException.java,4,4,,,,
media/mca/filterfw/java/android/filterfw/io/GraphReader.java,22,22,,,,
media/mca/filterfw/java/android/filterfw/io/PatternScanner.java,34,34,,,,
media/mca/filterfw/java/android/filterfw/io/TextGraphReader.java,142,142,,,,
media/mca/filterfw/java/android/filterfw/MffEnvironment.java,13,13,,,,
media/mca/filterpacks/java/android/filterpacks/base/CallbackFilter.java,25,25,,,,
media/mca/filterpacks/java/android/filterpacks/base/FrameBranch.java,13,13,,,,
media/mca/filterpacks/java/android/filterpacks/base/FrameFetch.java,10,10,,,,
media/mca/filterpacks/java/android/filterpacks/base/FrameSource.java,9,9,,,,
media/mca/filterpacks/java/android/filterpacks/base/FrameStore.java,8,8,,,,
media/mca/filterpacks/java/android/filterpacks/base/GLTextureSource.java,18,18,,,,
media/mca/filterpacks/java/android/filterpacks/base/GLTextureTarget.java,10,10,,,,
media/mca/filterpacks/java/android/filterpacks/base/InputStreamSource.java,17,17,,,,
media/mca/filterpacks/java/android/filterpacks/base/NullFilter.java,6,6,,,,
media/mca/filterpacks/java/android/filterpacks/base/ObjectSource.java,16,16,,,,
media/mca/filterpacks/java/android/filterpacks/base/OutputStreamTarget.java,11,11,,,,
media/mca/filterpacks/java/android/filterpacks/base/RetargetFilter.java,15,15,,,,
media/mca/filterpacks/java/android/filterpacks/imageproc/AlphaBlendFilter.java,8,8,,,,
media/mca/filterpacks/java/android/filterpacks/imageproc/AutoFixFilter.java,63,63,,,,
media/mca/filterpacks/java/android/filterpacks/imageproc/BitmapOverlayFilter.java,30,30,,,,
media/mca/filterpacks/java/android/filterpacks/imageproc/BitmapSource.java,21,21,,,,
media/mca/filterpacks/java/android/filterpacks/imageproc/BlackWhiteFilter.java,30,30,,,,
media/mca/filterpacks/java/android/filterpacks/imageproc/BlendFilter.java,8,8,,,,
media/mca/filterpacks/java/android/filterpacks/imageproc/BrightnessFilter.java,8,8,,,,
media/mca/filterpacks/java/android/filterpacks/imageproc/ColorTemperatureFilter.java,25,25,,,,
media/mca/filterpacks/java/android/filterpacks/imageproc/ContrastFilter.java,8,8,,,,
media/mca/filterpacks/java/android/filterpacks/imageproc/CropFilter.java,25,25,,,,
media/mca/filterpacks/java/android/filterpacks/imageproc/CropRectFilter.java,29,29,,,,
media/mca/filterpacks/java/android/filterpacks/imageproc/CrossProcessFilter.java,20,20,,,,
media/mca/filterpacks/java/android/filterpacks/imageproc/DocumentaryFilter.java,28,28,,,,
media/mca/filterpacks/java/android/filterpacks/imageproc/DrawOverlayFilter.java,18,18,,,,
media/mca/filterpacks/java/android/filterpacks/imageproc/DrawRectFilter.java,26,26,,,,
media/mca/filterpacks/java/android/filterpacks/imageproc/DuotoneFilter.java,25,25,,,,
media/mca/filterpacks/java/android/filterpacks/imageproc/FillLightFilter.java,30,30,,,,
media/mca/filterpacks/java/android/filterpacks/imageproc/FisheyeFilter.java,40,40,,,,
media/mca/filterpacks/java/android/filterpacks/imageproc/FixedRotationFilter.java,22,22,,,,
media/mca/filterpacks/java/android/filterpacks/imageproc/FlipFilter.java,29,29,,,,
media/mca/filterpacks/java/android/filterpacks/imageproc/GrainFilter.java,39,39,,,,
media/mca/filterpacks/java/android/filterpacks/imageproc/ImageCombineFilter.java,34,34,,,,
media/mca/filterpacks/java/android/filterpacks/imageproc/ImageEncoder.java,10,10,,,,
media/mca/filterpacks/java/android/filterpacks/imageproc/ImageSlicer.java,30,30,,,,
media/mca/filterpacks/java/android/filterpacks/imageproc/ImageStitcher.java,32,32,,,,
media/mca/filterpacks/java/android/filterpacks/imageproc/Invert.java,8,8,,,,
media/mca/filterpacks/java/android/filterpacks/imageproc/LomoishFilter.java,27,27,,,,
media/mca/filterpacks/java/android/filterpacks/imageproc/NegativeFilter.java,20,20,,,,
media/mca/filterpacks/java/android/filterpacks/imageproc/PosterizeFilter.java,20,20,,,,
media/mca/filterpacks/java/android/filterpacks/imageproc/RedEyeFilter.java,43,43,,,,
media/mca/filterpacks/java/android/filterpacks/imageproc/ResizeFilter.java,26,26,,,,
media/mca/filterpacks/java/android/filterpacks/imageproc/RotateFilter.java,33,33,,,,
media/mca/filterpacks/java/android/filterpacks/imageproc/SaturateFilter.java,31,31,,,,
media/mca/filterpacks/java/android/filterpacks/imageproc/SepiaFilter.java,22,22,,,,
media/mca/filterpacks/java/android/filterpacks/imageproc/SharpenFilter.java,30,30,,,,
media/mca/filterpacks/java/android/filterpacks/imageproc/SimpleImageFilter.java,25,25,,,,
media/mca/filterpacks/java/android/filterpacks/imageproc/StraightenFilter.java,35,35,,,,
media/mca/filterpacks/java/android/filterpacks/imageproc/TintFilter.java,28,28,,,,
media/mca/filterpacks/java/android/filterpacks/imageproc/ToGrayFilter.java,14,14,,,,
media/mca/filterpacks/java/android/filterpacks/imageproc/ToPackedGrayFilter.java,33,33,,,,
media/mca/filterpacks/java/android/filterpacks/imageproc/ToRGBAFilter.java,21,21,,,,
media/mca/filterpacks/java/android/filterpacks/imageproc/ToRGBFilter.java,21,21,,,,
media/mca/filterpacks/java/android/filterpacks/imageproc/VignetteFilter.java,32,32,,,,
media/mca/filterpacks/java/android/filterpacks/numeric/SinWaveFilter.java,12,12,,,,
media/mca/filterpacks/java/android/filterpacks/performance/Throughput.java,17,17,,,,
media/mca/filterpacks/java/android/filterpacks/performance/ThroughputFilter.java,22,22,,,,
media/mca/filterpacks/java/android/filterpacks/text/StringLogger.java,8,8,,,,
media/mca/filterpacks/java/android/filterpacks/text/StringSource.java,9,9,,,,
media/mca/filterpacks/java/android/filterpacks/text/ToUpperCase.java,10,10,,,,
media/mca/filterpacks/java/android/filterpacks/ui/SurfaceRenderFilter.java,51,51,,,,
media/mca/filterpacks/java/android/filterpacks/ui/SurfaceTargetFilter.java,44,44,,,,
media/mca/filterpacks/java/android/filterpacks/videoproc/BackDropperFilter.java,186,186,,,,
media/mca/filterpacks/java/android/filterpacks/videosink/MediaEncoderFilter.java,75,75,,,,
media/mca/filterpacks/java/android/filterpacks/videosink/MediaRecorderStopException.java,10,10,,,,
media/mca/filterpacks/java/android/filterpacks/videosrc/CameraSource.java,71,71,,,,
media/mca/filterpacks/java/android/filterpacks/videosrc/MediaSource.java,85,85,,,,
media/mca/filterpacks/java/android/filterpacks/videosrc/SurfaceTextureSource.java,45,44,,1,,
media/mca/filterpacks/java/android/filterpacks/videosrc/SurfaceTextureTarget.java,47,47,,,,
media/mca/samples/CameraEffectsRecordingSample/java/android/media/filterfw/samples/CameraEffectsRecordingSample.java,21,21,,,,
media/mca/tests/src/android/camera/mediaeffects/tests/functional/EffectsVideoCapture.java,22,22,,,,
media/packages/BluetoothMidiService/src/com/android/bluetoothmidiservice/BluetoothMidiDevice.java,79,79,,,,
media/packages/BluetoothMidiService/src/com/android/bluetoothmidiservice/BluetoothMidiService.java,12,12,,,,
media/packages/BluetoothMidiService/src/com/android/bluetoothmidiservice/BluetoothPacketDecoder.java,27,27,,,,
media/packages/BluetoothMidiService/src/com/android/bluetoothmidiservice/BluetoothPacketEncoder.java,43,43,,,,
media/packages/BluetoothMidiService/src/com/android/bluetoothmidiservice/MidiBtleTimeTracker.java,24,24,,,,
media/packages/BluetoothMidiService/src/com/android/bluetoothmidiservice/PacketDecoder.java,4,4,,,,
media/packages/BluetoothMidiService/src/com/android/bluetoothmidiservice/PacketEncoder.java,6,6,,,,
media/tests/CameraBrowser/src/com/android/camerabrowser/CameraBrowser.java,41,41,,,,
media/tests/CameraBrowser/src/com/android/camerabrowser/CameraBrowserApplication.java,5,5,,,,
media/tests/CameraBrowser/src/com/android/camerabrowser/DeviceDisconnectedReceiver.java,13,13,,,,
media/tests/CameraBrowser/src/com/android/camerabrowser/MtpClient.java,89,89,,,,
media/tests/CameraBrowser/src/com/android/camerabrowser/ObjectBrowser.java,40,40,,,,
media/tests/CameraBrowser/src/com/android/camerabrowser/ObjectViewer.java,41,41,,,,
media/tests/CameraBrowser/src/com/android/camerabrowser/StorageBrowser.java,32,32,,,,
media/tests/EffectsTest/src/com/android/effectstest/BassBoostTest.java,73,73,,,,
media/tests/EffectsTest/src/com/android/effectstest/EffectParameter.java,35,35,,,,
media/tests/EffectsTest/src/com/android/effectstest/EffectsTest.java,54,54,,,,
media/tests/EffectsTest/src/com/android/effectstest/EnvReverbTest.java,147,147,,,,
media/tests/EffectsTest/src/com/android/effectstest/EqualizerTest.java,114,114,,,,
media/tests/EffectsTest/src/com/android/effectstest/PresetReverbTest.java,79,79,,,,
media/tests/EffectsTest/src/com/android/effectstest/SimplePlayer.java,65,65,,,,
media/tests/EffectsTest/src/com/android/effectstest/VirtualizerTest.java,73,73,,,,
media/tests/EffectsTest/src/com/android/effectstest/VisualizerTest.java,63,63,,,,
media/tests/MediaDump/src/com/android/mediadump/MediaDump.java,8,8,,,,
media/tests/MediaDump/src/com/android/mediadump/RgbPlayerActivity.java,60,60,,,,
media/tests/MediaDump/src/com/android/mediadump/VideoDumpActivity.java,11,11,,,,
media/tests/MediaDump/src/com/android/mediadump/VideoDumpView.java,136,136,,,,
media/tests/MediaFrameworkTest/src/com/android/mediaframeworktest/Camera2InstrumentationTestRunner.java,4,4,,,,
media/tests/MediaFrameworkTest/src/com/android/mediaframeworktest/Camera2SurfaceViewActivity.java,26,26,,,,
media/tests/MediaFrameworkTest/src/com/android/mediaframeworktest/Camera2SurfaceViewTestCase.java,174,174,,,,
media/tests/MediaFrameworkTest/src/com/android/mediaframeworktest/CameraStressTestRunner.java,4,4,,,,
media/tests/MediaFrameworkTest/src/com/android/mediaframeworktest/functional/audio/MediaAudioEffectTest.java,360,360,,,,
media/tests/MediaFrameworkTest/src/com/android/mediaframeworktest/functional/audio/MediaAudioManagerTest.java,46,46,,,,
media/tests/MediaFrameworkTest/src/com/android/mediaframeworktest/functional/audio/MediaAudioTrackTest.java,432,432,,,,
media/tests/MediaFrameworkTest/src/com/android/mediaframeworktest/functional/audio/MediaBassBoostTest.java,45,45,,,,
media/tests/MediaFrameworkTest/src/com/android/mediaframeworktest/functional/audio/MediaEnvReverbTest.java,103,103,,,,
media/tests/MediaFrameworkTest/src/com/android/mediaframeworktest/functional/audio/MediaEqualizerTest.java,68,68,,,,
media/tests/MediaFrameworkTest/src/com/android/mediaframeworktest/functional/audio/MediaPresetReverbTest.java,75,75,,,,
media/tests/MediaFrameworkTest/src/com/android/mediaframeworktest/functional/audio/MediaVirtualizerTest.java,45,45,,,,
media/tests/MediaFrameworkTest/src/com/android/mediaframeworktest/functional/audio/MediaVisualizerTest.java,127,127,,,,
media/tests/MediaFrameworkTest/src/com/android/mediaframeworktest/functional/audio/SimTonesTest.java,15,15,,,,
media/tests/MediaFrameworkTest/src/com/android/mediaframeworktest/functional/camera/CameraFunctionalTest.java,53,53,,,,
media/tests/MediaFrameworkTest/src/com/android/mediaframeworktest/functional/camera/CameraPairwiseTest.java,60,60,,,,
media/tests/MediaFrameworkTest/src/com/android/mediaframeworktest/functional/CameraTest.java,54,54,,,,
media/tests/MediaFrameworkTest/src/com/android/mediaframeworktest/functional/CodecTest.java,215,215,,,,
media/tests/MediaFrameworkTest/src/com/android/mediaframeworktest/functional/EnergyProbe.java,23,23,,,,
media/tests/MediaFrameworkTest/src/com/android/mediaframeworktest/functional/MediaMetadataTest.java,13,13,,,,
media/tests/MediaFrameworkTest/src/com/android/mediaframeworktest/functional/MediaMimeTest.java,21,21,,,,
media/tests/MediaFrameworkTest/src/com/android/mediaframeworktest/functional/mediaplayback/MediaPlayerApiTest.java,103,103,,,,
media/tests/MediaFrameworkTest/src/com/android/mediaframeworktest/functional/MediaPlayerInvokeTest.java,11,11,,,,
media/tests/MediaFrameworkTest/src/com/android/mediaframeworktest/functional/mediarecorder/MediaRecorderTest.java,147,147,,,,
media/tests/MediaFrameworkTest/src/com/android/mediaframeworktest/functional/TonesAutoTest.java,24,24,,,,
media/tests/MediaFrameworkTest/src/com/android/mediaframeworktest/helpers/AssertHelpers.java,66,66,,,,
media/tests/MediaFrameworkTest/src/com/android/mediaframeworktest/helpers/Camera2Focuser.java,77,77,,,,
media/tests/MediaFrameworkTest/src/com/android/mediaframeworktest/helpers/CameraErrorCollector.java,280,280,,,,
media/tests/MediaFrameworkTest/src/com/android/mediaframeworktest/helpers/CameraTestHelper.java,45,45,,,,
media/tests/MediaFrameworkTest/src/com/android/mediaframeworktest/helpers/CameraTestResultPrinter.java,42,42,,,,
media/tests/MediaFrameworkTest/src/com/android/mediaframeworktest/helpers/CameraTestUtils.java,569,552,,1,16,
media/tests/MediaFrameworkTest/src/com/android/mediaframeworktest/helpers/CameraUtils.java,17,17,,,,
media/tests/MediaFrameworkTest/src/com/android/mediaframeworktest/helpers/InMatcher.java,16,16,,,,
media/tests/MediaFrameworkTest/src/com/android/mediaframeworktest/helpers/Preconditions.java,28,28,,,,
media/tests/MediaFrameworkTest/src/com/android/mediaframeworktest/helpers/StaticMetadata.java,407,407,,,,
media/tests/MediaFrameworkTest/src/com/android/mediaframeworktest/integration/CameraBinderTest.java,76,76,,,,
media/tests/MediaFrameworkTest/src/com/android/mediaframeworktest/integration/CameraBinderTestUtils.java,18,18,,,,
media/tests/MediaFrameworkTest/src/com/android/mediaframeworktest/integration/CameraDeviceBinderTest.java,137,137,,,,
media/tests/MediaFrameworkTest/src/com/android/mediaframeworktest/MediaFrameworkIntegrationTestRunner.java,10,10,,,,
media/tests/MediaFrameworkTest/src/com/android/mediaframeworktest/MediaFrameworkPerfTestRunner.java,10,10,,,,
media/tests/MediaFrameworkTest/src/com/android/mediaframeworktest/MediaFrameworkPowerTestRunner.java,4,4,,,,
media/tests/MediaFrameworkTest/src/com/android/mediaframeworktest/MediaFrameworkTest.java,37,37,,,,
media/tests/MediaFrameworkTest/src/com/android/mediaframeworktest/MediaFrameworkTestRunner.java,8,8,,,,
media/tests/MediaFrameworkTest/src/com/android/mediaframeworktest/MediaFrameworkUnitTestRunner.java,18,18,,,,
media/tests/MediaFrameworkTest/src/com/android/mediaframeworktest/MediaNames.java,69,69,,,,
media/tests/MediaFrameworkTest/src/com/android/mediaframeworktest/MediaPlayerStressTestRunner.java,4,4,,,,
media/tests/MediaFrameworkTest/src/com/android/mediaframeworktest/MediaProfileReader.java,30,30,,,,
media/tests/MediaFrameworkTest/src/com/android/mediaframeworktest/MediaRecorderStressTestRunner.java,29,29,,,,
media/tests/MediaFrameworkTest/src/com/android/mediaframeworktest/MediaTestUtil.java,45,45,,,,
media/tests/MediaFrameworkTest/src/com/android/mediaframeworktest/performance/MediaPlayerPerformance.java,131,131,,,,
media/tests/MediaFrameworkTest/src/com/android/mediaframeworktest/power/MediaPlayerPowerTest.java,16,16,,,,
media/tests/MediaFrameworkTest/src/com/android/mediaframeworktest/stress/Camera2CaptureRequestTest.java,93,93,,,,
media/tests/MediaFrameworkTest/src/com/android/mediaframeworktest/stress/Camera2RecordingTest.java,196,193,,2,1,
media/tests/MediaFrameworkTest/src/com/android/mediaframeworktest/stress/Camera2ReprocessCaptureTest.java,251,251,,,,
media/tests/MediaFrameworkTest/src/com/android/mediaframeworktest/stress/Camera2StillCaptureTest.java,102,102,,,,
media/tests/MediaFrameworkTest/src/com/android/mediaframeworktest/stress/Camera2SwitchPreviewTest.java,107,107,,,,
media/tests/MediaFrameworkTest/src/com/android/mediaframeworktest/stress/CameraStressTest.java,40,40,,,,
media/tests/MediaFrameworkTest/src/com/android/mediaframeworktest/stress/MediaPlayerStreamingStressTest.java,33,33,,,,
media/tests/MediaFrameworkTest/src/com/android/mediaframeworktest/stress/MediaPlayerStressTest.java,32,32,,,,
media/tests/MediaFrameworkTest/src/com/android/mediaframeworktest/stress/MediaRecorderStressTest.java,84,84,,,,
media/tests/MediaFrameworkTest/src/com/android/mediaframeworktest/unit/ByteArrayHelpers.java,37,37,,,,
media/tests/MediaFrameworkTest/src/com/android/mediaframeworktest/unit/CameraMetadataTest.java,219,219,,,,
media/tests/MediaFrameworkTest/src/com/android/mediaframeworktest/unit/CameraOpenTest.java,7,7,,,,
media/tests/MediaFrameworkTest/src/com/android/mediaframeworktest/unit/CameraUtilsTypeReferenceTest.java,78,78,,,,
media/tests/MediaFrameworkTest/src/com/android/mediaframeworktest/unit/CameraUtilsUncheckedThrowTest.java,4,4,,,,
media/tests/MediaFrameworkTest/src/com/android/mediaframeworktest/unit/ExifInterfaceTest.java,130,130,,,,
media/tests/MediaFrameworkTest/src/com/android/mediaframeworktest/unit/ImageReaderTest.java,22,22,,,,
media/tests/MediaFrameworkTest/src/com/android/mediaframeworktest/unit/MediaInserterTest.java,48,48,,,,
media/tests/MediaFrameworkTest/src/com/android/mediaframeworktest/unit/MediaMetadataRetrieverTest.java,53,53,,,,
media/tests/MediaFrameworkTest/src/com/android/mediaframeworktest/unit/MediaPlayerGetCurrentPositionStateUnitTest.java,8,8,,,,
media/tests/MediaFrameworkTest/src/com/android/mediaframeworktest/unit/MediaPlayerGetDurationStateUnitTest.java,8,8,,,,
media/tests/MediaFrameworkTest/src/com/android/mediaframeworktest/unit/MediaPlayerGetVideoHeightStateUnitTest.java,8,8,,,,
media/tests/MediaFrameworkTest/src/com/android/mediaframeworktest/unit/MediaPlayerGetVideoWidthStateUnitTest.java,8,8,,,,
media/tests/MediaFrameworkTest/src/com/android/mediaframeworktest/unit/MediaPlayerIsPlayingStateUnitTest.java,8,8,,,,
media/tests/MediaFrameworkTest/src/com/android/mediaframeworktest/unit/MediaPlayerMetadataParserTest.java,70,70,,,,
media/tests/MediaFrameworkTest/src/com/android/mediaframeworktest/unit/MediaPlayerMethodUnderTest.java,5,5,,,,
media/tests/MediaFrameworkTest/src/com/android/mediaframeworktest/unit/MediaPlayerPauseStateUnitTest.java,8,8,,,,
media/tests/MediaFrameworkTest/src/com/android/mediaframeworktest/unit/MediaPlayerResetStateUnitTest.java,8,8,,,,
media/tests/MediaFrameworkTest/src/com/android/mediaframeworktest/unit/MediaPlayerSeekToStateUnitTest.java,8,8,,,,
media/tests/MediaFrameworkTest/src/com/android/mediaframeworktest/unit/MediaPlayerSetAudioStreamTypeStateUnitTest.java,8,8,,,,
media/tests/MediaFrameworkTest/src/com/android/mediaframeworktest/unit/MediaPlayerSetLoopingStateUnitTest.java,8,8,,,,
media/tests/MediaFrameworkTest/src/com/android/mediaframeworktest/unit/MediaPlayerSetVolumeStateUnitTest.java,8,8,,,,
media/tests/MediaFrameworkTest/src/com/android/mediaframeworktest/unit/MediaPlayerStartStateUnitTest.java,8,8,,,,
media/tests/MediaFrameworkTest/src/com/android/mediaframeworktest/unit/MediaPlayerStateErrors.java,13,13,,,,
media/tests/MediaFrameworkTest/src/com/android/mediaframeworktest/unit/MediaPlayerStateUnitTestTemplate.java,77,77,,,,
media/tests/MediaFrameworkTest/src/com/android/mediaframeworktest/unit/MediaPlayerStopStateUnitTest.java,7,7,,,,
media/tests/MediaFrameworkTest/src/com/android/mediaframeworktest/unit/MediaRecorderMethodUnderTest.java,5,5,,,,
media/tests/MediaFrameworkTest/src/com/android/mediaframeworktest/unit/MediaRecorderPrepareStateUnitTest.java,9,9,,,,
media/tests/MediaFrameworkTest/src/com/android/mediaframeworktest/unit/MediaRecorderResetStateUnitTest.java,8,8,,,,
media/tests/MediaFrameworkTest/src/com/android/mediaframeworktest/unit/MediaRecorderSetAudioEncoderStateUnitTest.java,8,8,,,,
media/tests/MediaFrameworkTest/src/com/android/mediaframeworktest/unit/MediaRecorderSetAudioSourceStateUnitTest.java,8,8,,,,
media/tests/MediaFrameworkTest/src/com/android/mediaframeworktest/unit/MediaRecorderSetOutputFileStateUnitTest.java,8,8,,,,
media/tests/MediaFrameworkTest/src/com/android/mediaframeworktest/unit/MediaRecorderSetOutputFormatStateUnitTest.java,8,8,,,,
media/tests/MediaFrameworkTest/src/com/android/mediaframeworktest/unit/MediaRecorderStartStateUnitTest.java,8,8,,,,
media/tests/MediaFrameworkTest/src/com/android/mediaframeworktest/unit/MediaRecorderStateErrors.java,9,9,,,,
media/tests/MediaFrameworkTest/src/com/android/mediaframeworktest/unit/MediaRecorderStateUnitTestTemplate.java,44,44,,,,
media/tests/MediaFrameworkTest/src/com/android/mediaframeworktest/unit/MediaRecorderStopStateUnitTest.java,11,11,,,,
media/tests/MediaFrameworkTest/src/com/android/mediaframeworktest/unit/RangeTest.java,49,49,,,,
media/tests/MediaFrameworkTest/src/com/android/mediaframeworktest/unit/RationalTest.java,119,119,,,,
media/tests/MtpTests/src/android/mtp/MtpStorageManagerTest.java,370,270,,85,15,
media/tests/NativeMidiDemo/java/com/example/android/nativemididemo/NativeMidi.java,106,106,,,,
media/tests/NativeMidiDemo/java/com/example/android/nativemididemo/TouchableScrollView.java,9,9,,,,
media/tests/ScoAudioTest/src/com/android/scoaudiotest/ScoAudioTest.java,176,176,,,,
media/tests/SoundPoolTest/src/com/android/SoundPoolTest.java,81,81,,,,
nfc-extras/java/com/android/nfc_extras/EeAlreadyOpenException.java,4,4,,,,
nfc-extras/java/com/android/nfc_extras/EeExternalFieldException.java,4,4,,,,
nfc-extras/java/com/android/nfc_extras/EeInitializationException.java,4,4,,,,
nfc-extras/java/com/android/nfc_extras/EeIOException.java,4,4,,,,
nfc-extras/java/com/android/nfc_extras/EeListenModeException.java,4,4,,,,
nfc-extras/java/com/android/nfc_extras/EeNfcDisabledException.java,4,4,,,,
nfc-extras/java/com/android/nfc_extras/NfcAdapterExtras.java,43,43,,,,
nfc-extras/java/com/android/nfc_extras/NfcExecutionEnvironment.java,29,29,,,,
nfc-extras/tests/src/com/android/nfc_extras/tests/BasicNfcEeTest.java,24,24,,,,
obex/javax/obex/ApplicationParameter.java,57,57,,,,
obex/javax/obex/Authenticator.java,7,7,,,,
obex/javax/obex/BaseStream.java,8,8,,,,
obex/javax/obex/ClientOperation.java,80,80,,,,
obex/javax/obex/ClientSession.java,73,73,,,,
obex/javax/obex/HeaderSet.java,69,69,,,,
obex/javax/obex/ObexHelper.java,134,134,,,,
obex/javax/obex/ObexPacket.java,17,17,,,,
obex/javax/obex/ObexSession.java,27,27,,,,
obex/javax/obex/ObexTransport.java,13,13,,,,
obex/javax/obex/Operation.java,17,17,,,,
obex/javax/obex/PasswordAuthentication.java,8,8,,,,
obex/javax/obex/PrivateInputStream.java,26,26,,,,
obex/javax/obex/PrivateOutputStream.java,27,27,,,,
obex/javax/obex/ResponseCodes.java,40,40,,,,
obex/javax/obex/ServerOperation.java,95,95,,,,
obex/javax/obex/ServerRequestHandler.java,33,33,,,,
obex/javax/obex/ServerSession.java,92,92,,,,
obex/javax/obex/SessionNotifier.java,6,6,,,,
opengl/java/android/opengl/EGL14.java,265,265,,,,
opengl/java/android/opengl/EGLConfig.java,6,6,,,,
opengl/java/android/opengl/EGLContext.java,6,6,,,,
opengl/java/android/opengl/EGLDisplay.java,6,6,,,,
opengl/java/android/opengl/EGLExt.java,11,11,,,,
opengl/java/android/opengl/EGLLogWrapper.java,185,185,,,,
opengl/java/android/opengl/EGLObjectHandle.java,10,10,,,,
opengl/java/android/opengl/EGLSurface.java,6,6,,,,
opengl/java/android/opengl/ETC1.java,39,39,,,,
opengl/java/android/opengl/ETC1Util.java,68,68,,,,
opengl/java/android/opengl/GLDebugHelper.java,14,14,,,,
opengl/java/android/opengl/GLErrorWrapper.java,986,986,,,,
opengl/java/android/opengl/GLES10.java,731,731,,,,
opengl/java/android/opengl/GLES10Ext.java,10,10,,,,
opengl/java/android/opengl/GLES11.java,408,408,,,,
opengl/java/android/opengl/GLES11Ext.java,590,590,,,,
opengl/java/android/opengl/GLES20.java,1113,1113,,,,
opengl/java/android/opengl/GLES30.java,1124,1124,,,,
opengl/java/android/opengl/GLES31.java,686,686,,,,
opengl/java/android/opengl/GLES31Ext.java,450,450,,,,
opengl/java/android/opengl/GLES32.java,529,529,,,,
opengl/java/android/opengl/GLException.java,11,11,,,,
opengl/java/android/opengl/GLLogWrapper.java,1265,1265,,,,
opengl/java/android/opengl/GLSurfaceView.java,331,331,,,,
opengl/java/android/opengl/GLU.java,66,66,,,,
opengl/java/android/opengl/GLUtils.java,62,62,,,,
opengl/java/android/opengl/GLWallpaperService.java,1,1,,,,
opengl/java/android/opengl/GLWrapperBase.java,8,8,,,,
opengl/java/android/opengl/Matrix.java,251,251,,,,
opengl/java/android/opengl/Visibility.java,24,24,,,,
opengl/java/com/google/android/gles_jni/EGLConfigImpl.java,5,5,,,,
opengl/java/com/google/android/gles_jni/EGLContextImpl.java,11,11,,,,
opengl/java/com/google/android/gles_jni/EGLDisplayImpl.java,9,9,,,,
opengl/java/com/google/android/gles_jni/EGLImpl.java,132,132,,,,
opengl/java/com/google/android/gles_jni/EGLSurfaceImpl.java,10,10,,,,
opengl/java/com/google/android/gles_jni/GLImpl.java,1031,1031,,,,
opengl/java/javax/microedition/khronos/egl/EGL.java,1,1,,,,
opengl/java/javax/microedition/khronos/egl/EGL10.java,155,155,,,,
opengl/java/javax/microedition/khronos/egl/EGL11.java,2,2,,,,
opengl/java/javax/microedition/khronos/egl/EGLConfig.java,1,1,,,,
opengl/java/javax/microedition/khronos/egl/EGLContext.java,4,4,,,,
opengl/java/javax/microedition/khronos/egl/EGLDisplay.java,1,1,,,,
opengl/java/javax/microedition/khronos/egl/EGLSurface.java,1,1,,,,
opengl/java/javax/microedition/khronos/opengles/GL.java,1,1,,,,
opengl/java/javax/microedition/khronos/opengles/GL10.java,703,703,,,,
opengl/java/javax/microedition/khronos/opengles/GL10Ext.java,9,9,,,,
opengl/java/javax/microedition/khronos/opengles/GL11.java,395,395,,,,
opengl/java/javax/microedition/khronos/opengles/GL11Ext.java,93,93,,,,
opengl/java/javax/microedition/khronos/opengles/GL11ExtensionPack.java,305,305,,,,
packages/BackupRestoreConfirmation/src/com/android/backupconfirm/BackupRestoreConfirmation.java,100,100,,,,
packages/CaptivePortalLogin/src/com/android/captiveportallogin/CaptivePortalLoginActivity.java,129,129,,,,
packages/CarrierDefaultApp/src/com/android/carrierdefaultapp/CaptivePortalLoginActivity.java,112,110,,2,,
packages/CarrierDefaultApp/src/com/android/carrierdefaultapp/CarrierActionUtils.java,94,86,,2,6,
packages/CarrierDefaultApp/src/com/android/carrierdefaultapp/CarrierDefaultBroadcastReceiver.java,7,7,,,,
packages/CarrierDefaultApp/src/com/android/carrierdefaultapp/CustomConfigLoader.java,27,27,,,,
packages/CarrierDefaultApp/src/com/android/carrierdefaultapp/ProvisionObserver.java,21,21,,,,
packages/CarrierDefaultApp/tests/unit/src/com/android/carrierdefaultapp/CarrierDefaultActivityTestCase.java,16,16,,,,
packages/CarrierDefaultApp/tests/unit/src/com/android/carrierdefaultapp/CarrierDefaultReceiverTest.java,19,19,,,,
packages/CarrierDefaultApp/tests/unit/src/com/android/carrierdefaultapp/TestContext.java,15,15,,,,
packages/CompanionDeviceManager/src/com/android/companiondevicemanager/DeviceChooserActivity.java,33,33,,,,
packages/CompanionDeviceManager/src/com/android/companiondevicemanager/DeviceDiscoveryService.java,116,116,,,,
packages/DefaultContainerService/src/com/android/defcontainer/DefaultContainerService.java,60,60,,,,
packages/DefaultContainerService/src/com/android/defcontainer/MeasurementUtils.java,5,5,,,,
packages/EasterEgg/src/com/android/egg/paint/PaintActivity.java,74,,,,74,
packages/ExternalStorageProvider/src/com/android/externalstorage/ExternalStorageProvider.java,157,157,,,,
packages/ExternalStorageProvider/src/com/android/externalstorage/MountReceiver.java,5,5,,,,
packages/ExternalStorageProvider/src/com/android/externalstorage/TestDocumentsProvider.java,113,113,,,,
packages/ExtServices/src/android/ext/services/autofill/AutofillFieldClassificationServiceImpl.java,7,7,,,,
packages/ExtServices/src/android/ext/services/autofill/EditDistanceScorer.java,38,38,,,,
packages/ExtServices/src/android/ext/services/notification/Assistant.java,103,103,,,,
packages/ExtServices/src/android/ext/services/notification/ChannelImpressions.java,60,60,,,,
packages/ExtServices/src/android/ext/services/resolver/LRResolverRankerService.java,61,61,,,,
packages/ExtServices/src/android/ext/services/storage/CacheQuotaServiceImpl.java,42,42,,,,
packages/ExtServices/src/android/ext/services/Version.java,3,3,,,,
packages/ExtServices/tests/src/android/ext/services/autofill/AutofillFieldClassificationServiceImplTest.java,6,6,,,,
packages/ExtServices/tests/src/android/ext/services/autofill/EditDistanceScorerTest.java,24,24,,,,
packages/ExtServices/tests/src/android/ext/services/notification/AssistantTest.java,104,104,,,,
packages/ExtServices/tests/src/android/ext/services/notification/ChannelImpressionsTest.java,30,30,,,,
packages/ExtServices/tests/src/android/ext/services/storage/CacheQuotaServiceImplTest.java,34,34,,,,
packages/ExtShared/src/android/ext/shared/Version.java,3,3,,,,
packages/FakeOemFeatures/src/com/android/fakeoemfeatures/FakeApp.java,45,45,,,,
packages/FakeOemFeatures/src/com/android/fakeoemfeatures/FakeBackgroundService.java,24,24,,,,
packages/FakeOemFeatures/src/com/android/fakeoemfeatures/FakeCoreService.java,4,4,,,,
packages/FakeOemFeatures/src/com/android/fakeoemfeatures/FakeCoreService2.java,1,1,,,,
packages/FakeOemFeatures/src/com/android/fakeoemfeatures/FakeCoreService3.java,1,1,,,,
packages/FakeOemFeatures/src/com/android/fakeoemfeatures/FakeView.java,17,17,,,,
packages/FusedLocation/src/com/android/location/fused/FusedLocationProvider.java,39,39,,,,
packages/FusedLocation/src/com/android/location/fused/FusedLocationService.java,7,7,,,,
packages/FusedLocation/src/com/android/location/fused/FusionEngine.java,69,69,,,,
packages/InputDevices/src/com/android/inputdevices/InputDeviceReceiver.java,4,4,,,,
packages/MtpDocumentsProvider/perf_tests/src/com/android/mtp/AppFusePerfTest.java,35,35,,,,
packages/MtpDocumentsProvider/src/com/android/mtp/BusyDeviceException.java,2,2,,,,
packages/MtpDocumentsProvider/src/com/android/mtp/DocumentLoader.java,86,86,,,,
packages/MtpDocumentsProvider/src/com/android/mtp/Identifier.java,18,18,,,,
packages/MtpDocumentsProvider/src/com/android/mtp/Mapper.java,84,84,,,,
packages/MtpDocumentsProvider/src/com/android/mtp/MtpDatabase.java,167,167,,,,
packages/MtpDocumentsProvider/src/com/android/mtp/MtpDatabaseConstants.java,34,34,,,,
packages/MtpDocumentsProvider/src/com/android/mtp/MtpDeviceRecord.java,25,25,,,,
packages/MtpDocumentsProvider/src/com/android/mtp/MtpDocumentsProvider.java,199,199,,,,
packages/MtpDocumentsProvider/src/com/android/mtp/MtpDocumentsService.java,26,26,,,,
packages/MtpDocumentsProvider/src/com/android/mtp/MtpFileWriter.java,25,25,,,,
packages/MtpDocumentsProvider/src/com/android/mtp/MtpManager.java,109,109,,,,
packages/MtpDocumentsProvider/src/com/android/mtp/MtpRoot.java,22,22,,,,
packages/MtpDocumentsProvider/src/com/android/mtp/PipeManager.java,41,41,,,,
packages/MtpDocumentsProvider/src/com/android/mtp/ReceiverActivity.java,9,9,,,,
packages/MtpDocumentsProvider/src/com/android/mtp/RootScanner.java,32,32,,,,
packages/MtpDocumentsProvider/src/com/android/mtp/SendObjectInfoFailure.java,2,2,,,,
packages/MtpDocumentsProvider/src/com/android/mtp/ServiceIntentSender.java,18,18,,,,
packages/MtpDocumentsProvider/src/com/android/mtp/UsbIntentReceiver.java,6,6,,,,
packages/MtpDocumentsProvider/tests/src/com/android/mtp/DocumentLoaderTest.java,53,53,,,,
packages/MtpDocumentsProvider/tests/src/com/android/mtp/MtpDatabaseTest.java,100,100,,,,
packages/MtpDocumentsProvider/tests/src/com/android/mtp/MtpDocumentsProviderTest.java,139,139,,,,
packages/MtpDocumentsProvider/tests/src/com/android/mtp/MtpManagerTest.java,35,35,,,,
packages/MtpDocumentsProvider/tests/src/com/android/mtp/PipeManagerTest.java,25,25,,,,
packages/MtpDocumentsProvider/tests/src/com/android/mtp/TestContentResolver.java,15,15,,,,
packages/MtpDocumentsProvider/tests/src/com/android/mtp/TestMtpManager.java,101,101,,,,
packages/MtpDocumentsProvider/tests/src/com/android/mtp/TestResources.java,6,6,,,,
packages/MtpDocumentsProvider/tests/src/com/android/mtp/TestResultActivity.java,12,12,,,,
packages/MtpDocumentsProvider/tests/src/com/android/mtp/TestResultInstrumentation.java,22,22,,,,
packages/MtpDocumentsProvider/tests/src/com/android/mtp/TestServiceIntentSender.java,3,3,,,,
packages/MtpDocumentsProvider/tests/src/com/android/mtp/TestUtil.java,27,27,,,,
packages/PrintRecommendationService/src/com/android/printservice/recommendation/plugin/google/CloudPrintPlugin.java,31,31,,,,
packages/PrintRecommendationService/src/com/android/printservice/recommendation/plugin/hp/HPRecommendationPlugin.java,30,30,,,,
packages/PrintRecommendationService/src/com/android/printservice/recommendation/plugin/hp/MDnsUtils.java,26,26,,,,
packages/PrintRecommendationService/src/com/android/printservice/recommendation/plugin/hp/PrinterHashMap.java,7,7,,,,
packages/PrintRecommendationService/src/com/android/printservice/recommendation/plugin/hp/ServiceListener.java,61,61,,,,
packages/PrintRecommendationService/src/com/android/printservice/recommendation/plugin/hp/ServiceRecommendationPlugin.java,23,23,,,,
packages/PrintRecommendationService/src/com/android/printservice/recommendation/plugin/hp/ServiceResolveQueue.java,33,33,,,,
packages/PrintRecommendationService/src/com/android/printservice/recommendation/plugin/hp/VendorInfo.java,9,9,,,,
packages/PrintRecommendationService/src/com/android/printservice/recommendation/plugin/mdnsFilter/MDNSFilterPlugin.java,22,22,,,,
packages/PrintRecommendationService/src/com/android/printservice/recommendation/plugin/mdnsFilter/VendorConfig.java,66,66,,,,
packages/PrintRecommendationService/src/com/android/printservice/recommendation/plugin/mopria/MopriaRecommendationPlugin.java,11,11,,,,
packages/PrintRecommendationService/src/com/android/printservice/recommendation/plugin/samsung/PrinterFilterMopria.java,12,12,,,,
packages/PrintRecommendationService/src/com/android/printservice/recommendation/plugin/samsung/PrinterFilterSamsung.java,26,26,,,,
packages/PrintRecommendationService/src/com/android/printservice/recommendation/plugin/samsung/SamsungRecommendationPlugin.java,15,15,,,,
packages/PrintRecommendationService/src/com/android/printservice/recommendation/plugin/xerox/MDnsUtils.java,35,35,,,,
packages/PrintRecommendationService/src/com/android/printservice/recommendation/plugin/xerox/PrinterHashMap.java,7,7,,,,
packages/PrintRecommendationService/src/com/android/printservice/recommendation/plugin/xerox/ServiceResolver.java,61,61,,,,
packages/PrintRecommendationService/src/com/android/printservice/recommendation/plugin/xerox/VendorInfo.java,9,9,,,,
packages/PrintRecommendationService/src/com/android/printservice/recommendation/plugin/xerox/XeroxPrintServiceRecommendationPlugin.java,17,17,,,,
packages/PrintRecommendationService/src/com/android/printservice/recommendation/PrintServicePlugin.java,9,9,,,,
packages/PrintRecommendationService/src/com/android/printservice/recommendation/RecommendationServiceImpl.java,30,30,,,,
packages/PrintRecommendationService/src/com/android/printservice/recommendation/RemotePrintServicePlugin.java,28,28,,,,
packages/PrintRecommendationService/src/com/android/printservice/recommendation/util/DiscoveryListenerMultiplexer.java,44,44,,,,
packages/PrintRecommendationService/src/com/android/printservice/recommendation/util/MDNSFilteredDiscovery.java,49,49,,,,
packages/PrintRecommendationService/src/com/android/printservice/recommendation/util/MDNSUtils.java,25,25,,,,
packages/PrintRecommendationService/src/com/android/printservice/recommendation/util/NsdResolveQueue.java,29,29,,,,
packages/PrintSpooler/src/com/android/printspooler/model/CustomPrinterIconCache.java,30,30,,,,
packages/PrintSpooler/src/com/android/printspooler/model/MutexFileProvider.java,16,16,,,,
packages/PrintSpooler/src/com/android/printspooler/model/NotificationController.java,94,94,,,,
packages/PrintSpooler/src/com/android/printspooler/model/OpenDocumentCallback.java,6,6,,,,
packages/PrintSpooler/src/com/android/printspooler/model/PageContentRepository.java,236,236,,,,
packages/PrintSpooler/src/com/android/printspooler/model/PrintSpoolerProvider.java,15,15,,,,
packages/PrintSpooler/src/com/android/printspooler/model/PrintSpoolerService.java,424,424,,,,
packages/PrintSpooler/src/com/android/printspooler/model/RemotePrintDocument.java,308,308,,,,
packages/PrintSpooler/src/com/android/printspooler/renderer/PdfManipulationService.java,93,93,,,,
packages/PrintSpooler/src/com/android/printspooler/ui/AddPrinterActivity.java,194,194,,,,
packages/PrintSpooler/src/com/android/printspooler/ui/FusedPrintersProvider.java,236,236,,,,
packages/PrintSpooler/src/com/android/printspooler/ui/PageAdapter.java,220,220,,,,
packages/PrintSpooler/src/com/android/printspooler/ui/PrintActivity.java,669,669,,,,
packages/PrintSpooler/src/com/android/printspooler/ui/PrinterRegistry.java,55,55,,,,
packages/PrintSpooler/src/com/android/printspooler/ui/PrintErrorFragment.java,27,27,,,,
packages/PrintSpooler/src/com/android/printspooler/ui/PrintPreviewController.java,106,106,,,,
packages/PrintSpooler/src/com/android/printspooler/ui/PrintProgressFragment.java,6,6,,,,
packages/PrintSpooler/src/com/android/printspooler/ui/SelectPrinterActivity.java,185,185,,,,
packages/PrintSpooler/src/com/android/printspooler/util/ApprovedPrintServices.java,29,29,,,,
packages/PrintSpooler/src/com/android/printspooler/util/BitmapSerializeUtils.java,14,14,,,,
packages/PrintSpooler/src/com/android/printspooler/util/MediaSizeUtils.java,35,35,,,,
packages/PrintSpooler/src/com/android/printspooler/util/PageRangeUtils.java,100,100,,,,
packages/PrintSpooler/src/com/android/printspooler/widget/ClickInterceptSpinner.java,8,8,,,,
packages/PrintSpooler/src/com/android/printspooler/widget/CustomErrorEditText.java,9,9,,,,
packages/PrintSpooler/src/com/android/printspooler/widget/EmbeddedContentContainer.java,16,16,,,,
packages/PrintSpooler/src/com/android/printspooler/widget/PageContentView.java,30,30,,,,
packages/PrintSpooler/src/com/android/printspooler/widget/PreviewPageFrame.java,9,9,,,,
packages/PrintSpooler/src/com/android/printspooler/widget/PrintContentView.java,119,119,,,,
packages/PrintSpooler/src/com/android/printspooler/widget/PrintOptionsLayout.java,51,51,,,,
packages/PrintSpooler/tests/outofprocess/src/com/android/printspooler/outofprocess/tests/WorkflowTest.java,64,64,,,,
packages/services/PacProcessor/src/com/android/pacprocessor/PacNative.java,21,21,,,,
packages/services/PacProcessor/src/com/android/pacprocessor/PacService.java,21,21,,,,
packages/services/Proxy/src/com/android/proxyhandler/ProxyServer.java,90,90,,,,
packages/services/Proxy/src/com/android/proxyhandler/ProxyService.java,13,13,,,,
packages/services/Proxy/src/com/android/proxyhandler/SocketConnect.java,18,18,,,,
packages/SettingsLib/src/com/android/settingslib/accessibility/AccessibilityButtonHelper.java,11,11,,,,
packages/SettingsLib/src/com/android/settingslib/accessibility/AccessibilityUtils.java,57,57,,,,
packages/SettingsLib/src/com/android/settingslib/accounts/AuthenticatorHelper.java,75,75,,,,
packages/SettingsLib/src/com/android/settingslib/animation/AppearAnimationCreator.java,9,9,,,,
packages/SettingsLib/src/com/android/settingslib/animation/AppearAnimationUtils.java,106,106,,,,
packages/SettingsLib/src/com/android/settingslib/animation/DisappearAnimationUtils.java,24,24,,,,
packages/SettingsLib/src/com/android/settingslib/AppItem.java,29,29,,,,
packages/SettingsLib/src/com/android/settingslib/applications/ApplicationsState.java,499,477,,6,16,
packages/SettingsLib/src/com/android/settingslib/applications/AppUtils.java,31,31,,,,
packages/SettingsLib/src/com/android/settingslib/applications/DefaultAppInfo.java,44,44,,,,
packages/SettingsLib/src/com/android/settingslib/applications/instantapps/InstantAppDataProvider.java,3,3,,,,
packages/SettingsLib/src/com/android/settingslib/applications/InterestingConfigChanges.java,11,11,,,,
packages/SettingsLib/src/com/android/settingslib/applications/PermissionsSummaryHelper.java,26,26,,,,
packages/SettingsLib/src/com/android/settingslib/applications/ServiceListing.java,79,79,,,,
packages/SettingsLib/src/com/android/settingslib/applications/StorageStatsSource.java,44,44,,,,
packages/SettingsLib/src/com/android/settingslib/bluetooth/A2dpProfile.java,85,82,,3,,
packages/SettingsLib/src/com/android/settingslib/bluetooth/A2dpSinkProfile.java,58,58,,,,
packages/SettingsLib/src/com/android/settingslib/bluetooth/BluetoothCallback.java,23,23,,,,
packages/SettingsLib/src/com/android/settingslib/bluetooth/BluetoothDeviceFilter.java,43,43,,,,
packages/SettingsLib/src/com/android/settingslib/bluetooth/BluetoothDiscoverableTimeoutReceiver.java,18,18,,,,
packages/SettingsLib/src/com/android/settingslib/bluetooth/BluetoothEventManager.java,173,173,,,,
packages/SettingsLib/src/com/android/settingslib/bluetooth/CachedBluetoothDevice.java,215,206,,4,5,
packages/SettingsLib/src/com/android/settingslib/bluetooth/CachedBluetoothDeviceManager.java,102,98,,3,1,
packages/SettingsLib/src/com/android/settingslib/bluetooth/HeadsetProfile.java,66,66,,,,
packages/SettingsLib/src/com/android/settingslib/bluetooth/HearingAidProfile.java,66,66,,,,
packages/SettingsLib/src/com/android/settingslib/bluetooth/HfpClientProfile.java,56,56,,,,
packages/SettingsLib/src/com/android/settingslib/bluetooth/HidDeviceProfile.java,54,54,,,,
packages/SettingsLib/src/com/android/settingslib/bluetooth/HidProfile.java,55,55,,,,
packages/SettingsLib/src/com/android/settingslib/bluetooth/LocalBluetoothAdapter.java,58,58,,,,
packages/SettingsLib/src/com/android/settingslib/bluetooth/LocalBluetoothManager.java,30,25,,5,,
packages/SettingsLib/src/com/android/settingslib/bluetooth/LocalBluetoothProfile.java,25,25,,,,
packages/SettingsLib/src/com/android/settingslib/bluetooth/LocalBluetoothProfileManager.java,121,115,,4,2,
packages/SettingsLib/src/com/android/settingslib/bluetooth/MapClientProfile.java,55,55,,,,
packages/SettingsLib/src/com/android/settingslib/bluetooth/MapProfile.java,55,55,,,,
packages/SettingsLib/src/com/android/settingslib/bluetooth/OppProfile.java,28,28,,,,
packages/SettingsLib/src/com/android/settingslib/bluetooth/PanProfile.java,53,53,,,,
packages/SettingsLib/src/com/android/settingslib/bluetooth/PbapClientProfile.java,59,59,,,,
packages/SettingsLib/src/com/android/settingslib/bluetooth/PbapServerProfile.java,42,42,,,,
packages/SettingsLib/src/com/android/settingslib/bluetooth/SapProfile.java,58,58,,,,
packages/SettingsLib/src/com/android/settingslib/bluetooth/Utils.java,34,34,,,,
packages/SettingsLib/src/com/android/settingslib/core/AbstractPreferenceController.java,23,23,,,,
packages/SettingsLib/src/com/android/settingslib/core/ConfirmationDialogController.java,6,6,,,,
packages/SettingsLib/src/com/android/settingslib/core/instrumentation/EventLogWriter.java,52,52,,,,
packages/SettingsLib/src/com/android/settingslib/core/instrumentation/Instrumentable.java,3,3,,,,
packages/SettingsLib/src/com/android/settingslib/core/instrumentation/LogWriter.java,45,45,,,,
packages/SettingsLib/src/com/android/settingslib/core/instrumentation/MetricsFeatureProvider.java,69,69,,,,
packages/SettingsLib/src/com/android/settingslib/core/instrumentation/SharedPreferencesLogger.java,93,93,,,,
packages/SettingsLib/src/com/android/settingslib/core/instrumentation/VisibilityLoggerMixin.java,17,17,,,,
packages/SettingsLib/src/com/android/settingslib/core/lifecycle/events/OnAttach.java,3,3,,,,
packages/SettingsLib/src/com/android/settingslib/core/lifecycle/events/OnCreate.java,3,3,,,,
packages/SettingsLib/src/com/android/settingslib/core/lifecycle/events/OnCreateOptionsMenu.java,4,4,,,,
packages/SettingsLib/src/com/android/settingslib/core/lifecycle/events/OnDestroy.java,2,2,,,,
packages/SettingsLib/src/com/android/settingslib/core/lifecycle/events/OnOptionsItemSelected.java,3,3,,,,
packages/SettingsLib/src/com/android/settingslib/core/lifecycle/events/OnPause.java,2,2,,,,
packages/SettingsLib/src/com/android/settingslib/core/lifecycle/events/OnPrepareOptionsMenu.java,3,3,,,,
packages/SettingsLib/src/com/android/settingslib/core/lifecycle/events/OnResume.java,2,2,,,,
packages/SettingsLib/src/com/android/settingslib/core/lifecycle/events/OnSaveInstanceState.java,3,3,,,,
packages/SettingsLib/src/com/android/settingslib/core/lifecycle/events/OnStart.java,2,2,,,,
packages/SettingsLib/src/com/android/settingslib/core/lifecycle/events/OnStop.java,2,2,,,,
packages/SettingsLib/src/com/android/settingslib/core/lifecycle/events/SetPreferenceScreen.java,3,3,,,,
packages/SettingsLib/src/com/android/settingslib/core/lifecycle/Lifecycle.java,70,70,,,,
packages/SettingsLib/src/com/android/settingslib/core/lifecycle/LifecycleObserver.java,1,1,,,,
packages/SettingsLib/src/com/android/settingslib/core/lifecycle/ObservableActivity.java,20,20,,,,
packages/SettingsLib/src/com/android/settingslib/core/lifecycle/ObservableDialogFragment.java,20,20,,,,
packages/SettingsLib/src/com/android/settingslib/core/lifecycle/ObservableFragment.java,22,22,,,,
packages/SettingsLib/src/com/android/settingslib/core/lifecycle/ObservablePreferenceFragment.java,24,24,,,,
packages/SettingsLib/src/com/android/settingslib/CustomDialogPreference.java,52,52,,,,
packages/SettingsLib/src/com/android/settingslib/CustomEditTextPreference.java,48,48,,,,
packages/SettingsLib/src/com/android/settingslib/datetime/ZoneGetter.java,128,128,,,,
packages/SettingsLib/src/com/android/settingslib/development/AbstractEnableAdbPreferenceController.java,27,27,,,,
packages/SettingsLib/src/com/android/settingslib/development/AbstractLogdSizePreferenceController.java,45,45,,,,
packages/SettingsLib/src/com/android/settingslib/development/AbstractLogpersistPreferenceController.java,56,56,,,,
packages/SettingsLib/src/com/android/settingslib/development/DeveloperOptionsPreferenceController.java,11,11,,,,
packages/SettingsLib/src/com/android/settingslib/development/DevelopmentSettingsEnabler.java,12,12,,,,
packages/SettingsLib/src/com/android/settingslib/development/SystemPropPoker.java,22,22,,,,
packages/SettingsLib/src/com/android/settingslib/deviceinfo/AbstractBatteryStatusPreferenceController.java,28,,,,28,
packages/SettingsLib/src/com/android/settingslib/deviceinfo/AbstractBluetoothAddressPreferenceController.java,15,15,,,,
packages/SettingsLib/src/com/android/settingslib/deviceinfo/AbstractConnectivityPreferenceController.java,27,27,,,,
packages/SettingsLib/src/com/android/settingslib/deviceinfo/AbstractImsStatusPreferenceController.java,18,18,,,,
packages/SettingsLib/src/com/android/settingslib/deviceinfo/AbstractIpAddressPreferenceController.java,22,22,,,,
packages/SettingsLib/src/com/android/settingslib/deviceinfo/AbstractSerialNumberPreferenceController.java,13,13,,,,
packages/SettingsLib/src/com/android/settingslib/deviceinfo/AbstractSimStatusImeiInfoPreferenceController.java,4,4,,,,
packages/SettingsLib/src/com/android/settingslib/deviceinfo/AbstractUptimePreferenceController.java,23,23,,,,
packages/SettingsLib/src/com/android/settingslib/deviceinfo/AbstractWifiMacAddressPreferenceController.java,17,17,,,,
packages/SettingsLib/src/com/android/settingslib/deviceinfo/PrivateStorageInfo.java,21,21,,,,
packages/SettingsLib/src/com/android/settingslib/deviceinfo/StorageManagerVolumeProvider.java,14,14,,,,
packages/SettingsLib/src/com/android/settingslib/deviceinfo/StorageMeasurement.java,55,55,,,,
packages/SettingsLib/src/com/android/settingslib/deviceinfo/StorageVolumeProvider.java,11,11,,,,
packages/SettingsLib/src/com/android/settingslib/DeviceInfoUtils.java,45,45,,,,
packages/SettingsLib/src/com/android/settingslib/display/BrightnessUtils.java,18,18,,,,
packages/SettingsLib/src/com/android/settingslib/display/DisplayDensityUtils.java,57,54,,3,,
packages/SettingsLib/src/com/android/settingslib/drawable/CircleFramedDrawable.java,37,37,,,,
packages/SettingsLib/src/com/android/settingslib/drawable/UserIconDrawable.java,106,106,,,,
packages/SettingsLib/src/com/android/settingslib/drawer/CategoryKey.java,23,23,,,,
packages/SettingsLib/src/com/android/settingslib/drawer/CategoryManager.java,77,77,,,,
packages/SettingsLib/src/com/android/settingslib/drawer/DashboardCategory.java,61,61,,,,
packages/SettingsLib/src/com/android/settingslib/drawer/ProfileSelectDialog.java,27,27,,,,
packages/SettingsLib/src/com/android/settingslib/drawer/SettingsDrawerActivity.java,54,54,,,,
packages/SettingsLib/src/com/android/settingslib/drawer/Tile.java,32,32,,,,
packages/SettingsLib/src/com/android/settingslib/drawer/TileUtils.java,172,166,,3,3,
packages/SettingsLib/src/com/android/settingslib/drawer/UserAdapter.java,66,66,,,,
packages/SettingsLib/src/com/android/settingslib/dream/DreamBackend.java,101,97,,3,1,
packages/SettingsLib/src/com/android/settingslib/fuelgauge/BatterySaverUtils.java,42,42,,,,
packages/SettingsLib/src/com/android/settingslib/fuelgauge/PowerWhitelistBackend.java,46,46,,,,
packages/SettingsLib/src/com/android/settingslib/graph/BatteryMeterDrawableBase.java,169,134,,13,22,
packages/SettingsLib/src/com/android/settingslib/graph/BluetoothDeviceLayerDrawable.java,46,46,,,,
packages/SettingsLib/src/com/android/settingslib/graph/SignalDrawable.java,170,170,,,,
packages/SettingsLib/src/com/android/settingslib/HelpUtils.java,62,62,,,,
packages/SettingsLib/src/com/android/settingslib/inputmethod/InputMethodAndSubtypeEnablerManager.java,73,73,,,,
packages/SettingsLib/src/com/android/settingslib/inputmethod/InputMethodAndSubtypeUtil.java,122,122,,,,
packages/SettingsLib/src/com/android/settingslib/inputmethod/InputMethodPreference.java,62,62,,,,
packages/SettingsLib/src/com/android/settingslib/inputmethod/InputMethodSettingValuesWrapper.java,42,42,,,,
packages/SettingsLib/src/com/android/settingslib/inputmethod/InputMethodSubtypePreference.java,21,21,,,,
packages/SettingsLib/src/com/android/settingslib/inputmethod/SwitchWithNoTextPreference.java,4,4,,,,
packages/SettingsLib/src/com/android/settingslib/license/LicenseHtmlGeneratorFromXml.java,62,62,,,,
packages/SettingsLib/src/com/android/settingslib/license/LicenseHtmlLoader.java,26,26,,,,
packages/SettingsLib/src/com/android/settingslib/location/RecentLocationApps.java,66,66,,,,
packages/SettingsLib/src/com/android/settingslib/net/ChartData.java,5,5,,,,
packages/SettingsLib/src/com/android/settingslib/net/ChartDataLoader.java,40,40,,,,
packages/SettingsLib/src/com/android/settingslib/net/DataUsageController.java,80,80,,,,
packages/SettingsLib/src/com/android/settingslib/net/SummaryForAllUidLoader.java,23,23,,,,
packages/SettingsLib/src/com/android/settingslib/net/UidDetail.java,6,6,,,,
packages/SettingsLib/src/com/android/settingslib/net/UidDetailProvider.java,39,39,,,,
packages/SettingsLib/src/com/android/settingslib/NetworkPolicyEditor.java,64,64,,,,
packages/SettingsLib/src/com/android/settingslib/notification/EnableZenModeDialog.java,151,151,,,,
packages/SettingsLib/src/com/android/settingslib/notification/ZenDurationDialog.java,90,90,,,,
packages/SettingsLib/src/com/android/settingslib/notification/ZenRadioLayout.java,26,26,,,,
packages/SettingsLib/src/com/android/settingslib/RestrictedLockImageSpan.java,27,27,,,,
packages/SettingsLib/src/com/android/settingslib/RestrictedLockUtils.java,241,241,,,,
packages/SettingsLib/src/com/android/settingslib/RestrictedPreference.java,36,36,,,,
packages/SettingsLib/src/com/android/settingslib/RestrictedPreferenceHelper.java,32,32,,,,
packages/SettingsLib/src/com/android/settingslib/RestrictedSwitchPreference.java,43,43,,,,
packages/SettingsLib/src/com/android/settingslib/SliceBroadcastRelay.java,17,17,,,,
packages/SettingsLib/src/com/android/settingslib/suggestions/SuggestionCategory.java,6,6,,,,
packages/SettingsLib/src/com/android/settingslib/suggestions/SuggestionController.java,34,34,,,,
packages/SettingsLib/src/com/android/settingslib/suggestions/SuggestionControllerMixin.java,35,35,,,,
packages/SettingsLib/src/com/android/settingslib/suggestions/SuggestionList.java,17,17,,,,
packages/SettingsLib/src/com/android/settingslib/suggestions/SuggestionLoader.java,11,11,,,,
packages/SettingsLib/src/com/android/settingslib/suggestions/SuggestionParser.java,159,159,,,,
packages/SettingsLib/src/com/android/settingslib/TetherUtil.java,7,7,,,,
packages/SettingsLib/src/com/android/settingslib/TronUtils.java,6,6,,,,
packages/SettingsLib/src/com/android/settingslib/TwoTargetPreference.java,34,34,,,,
packages/SettingsLib/src/com/android/settingslib/users/AppRestrictionsHelper.java,118,118,,,,
packages/SettingsLib/src/com/android/settingslib/users/UserManagerHelper.java,86,86,,,,
packages/SettingsLib/src/com/android/settingslib/utils/AsyncLoader.java,14,14,,,,
packages/SettingsLib/src/com/android/settingslib/utils/IconCache.java,11,11,,,,
packages/SettingsLib/src/com/android/settingslib/utils/PowerUtil.java,56,56,,,,
packages/SettingsLib/src/com/android/settingslib/utils/StringUtil.java,27,27,,,,
packages/SettingsLib/src/com/android/settingslib/utils/ThreadUtils.java,11,11,,,,
packages/SettingsLib/src/com/android/settingslib/Utils.java,130,127,,3,,
packages/SettingsLib/src/com/android/settingslib/widget/AnimatedImageView.java,22,22,,,,
packages/SettingsLib/src/com/android/settingslib/widget/CandidateInfo.java,7,7,,,,
packages/SettingsLib/src/com/android/settingslib/widget/FooterPreference.java,12,12,,,,
packages/SettingsLib/src/com/android/settingslib/widget/FooterPreferenceMixin.java,12,12,,,,
packages/SettingsLib/src/com/android/settingslib/widget/LinkTextView.java,10,10,,,,
packages/SettingsLib/src/com/android/settingslib/wifi/AccessPoint.java,268,268,,,,
packages/SettingsLib/src/com/android/settingslib/wifi/AccessPointPreference.java,102,102,,,,
packages/SettingsLib/src/com/android/settingslib/wifi/TestAccessPointBuilder.java,63,63,,,,
packages/SettingsLib/src/com/android/settingslib/wifi/TimestampedScoredNetwork.java,23,23,,,,
packages/SettingsLib/src/com/android/settingslib/wifi/WifiSavedConfigUtils.java,10,10,,,,
packages/SettingsLib/src/com/android/settingslib/wifi/WifiStatusTracker.java,52,50,,2,,
packages/SettingsLib/src/com/android/settingslib/wifi/WifiTracker.java,180,176,,4,,
packages/SettingsLib/src/com/android/settingslib/wifi/WifiTrackerFactory.java,10,10,,,,
packages/SettingsLib/src/com/android/settingslib/wifi/WifiUtils.java,45,45,,,,
packages/SettingsLib/src/com/android/settingslib/WirelessUtils.java,7,7,,,,
packages/SettingsLib/src/com/android/settingslib/wrapper/BluetoothA2dpWrapper.java,14,14,,,,
packages/SettingsLib/src/com/android/settingslib/wrapper/LocationManagerWrapper.java,17,17,,,,
packages/SettingsLib/src/com/android/settingslib/wrapper/PackageManagerWrapper.java,80,80,,,,
packages/SettingsLib/tests/integ/src/com/android/settingslib/applications/ApplicationsStateTest.java,27,27,,,,
packages/SettingsLib/tests/integ/src/com/android/settingslib/applications/StorageStatsSourceTest.java,4,4,,,,
packages/SettingsLib/tests/integ/src/com/android/settingslib/BaseTest.java,2,2,,,,
packages/SettingsLib/tests/integ/src/com/android/settingslib/drawable/UserIconDrawableTest.java,4,4,,,,
packages/SettingsLib/tests/integ/src/com/android/settingslib/drawer/ProfileSelectDialogTest.java,11,11,,,,
packages/SettingsLib/tests/integ/src/com/android/settingslib/drawer/SettingsDrawerActivityTest.java,7,7,,,,
packages/SettingsLib/tests/integ/src/com/android/settingslib/graph/BatteryMeterDrawableBaseTest.java,30,30,,,,
packages/SettingsLib/tests/integ/src/com/android/settingslib/inputmethod/ComparableUtils.java,25,25,,,,
packages/SettingsLib/tests/integ/src/com/android/settingslib/inputmethod/InputMethodPreferenceTest.java,20,20,,,,
packages/SettingsLib/tests/integ/src/com/android/settingslib/inputmethod/InputMethodSubtypePreferenceTest.java,13,13,,,,
packages/SettingsLib/tests/integ/src/com/android/settingslib/users/AppRestrictionsHelperTest.java,76,76,,,,
packages/SettingsLib/tests/integ/src/com/android/settingslib/users/UserManagerHelperTest.java,56,56,,,,
packages/SettingsLib/tests/integ/src/com/android/settingslib/utils/NetworkPolicyEditorTest.java,18,18,,,,
packages/SettingsLib/tests/integ/src/com/android/settingslib/utils/ZoneGetterTest.java,25,25,,,,
packages/SettingsLib/tests/integ/src/com/android/settingslib/wifi/AccessPointTest.java,285,285,,,,
packages/SettingsLib/tests/integ/src/com/android/settingslib/wifi/WifiTrackerTest.java,171,171,,,,
packages/SettingsLib/tests/robotests/src/android/bluetooth/BluetoothCodecConfig.java,4,4,,,,
packages/SettingsLib/tests/robotests/src/android/bluetooth/BluetoothCodecStatus.java,3,3,,,,
packages/SettingsLib/tests/robotests/src/com/android/settingslib/applications/ApplicationsStateRoboTest.java,66,66,,,,
packages/SettingsLib/tests/robotests/src/com/android/settingslib/applications/DefaultAppInfoTest.java,13,13,,,,
packages/SettingsLib/tests/robotests/src/com/android/settingslib/applications/ServiceListingTest.java,10,10,,,,
packages/SettingsLib/tests/robotests/src/com/android/settingslib/bluetooth/A2dpProfileTest.java,30,28,,2,,
packages/SettingsLib/tests/robotests/src/com/android/settingslib/bluetooth/BluetoothEventManagerTest.java,12,12,,,,
packages/SettingsLib/tests/robotests/src/com/android/settingslib/bluetooth/CachedBluetoothDeviceManagerTest.java,102,100,,1,1,
packages/SettingsLib/tests/robotests/src/com/android/settingslib/bluetooth/CachedBluetoothDeviceTest.java,48,40,,1,7,
packages/SettingsLib/tests/robotests/src/com/android/settingslib/bluetooth/HeadsetProfileTest.java,13,13,,,,
packages/SettingsLib/tests/robotests/src/com/android/settingslib/bluetooth/LocalBluetoothProfileManagerTest.java,29,24,,1,4,
packages/SettingsLib/tests/robotests/src/com/android/settingslib/bluetooth/UtilsTest.java,5,5,,,,
packages/SettingsLib/tests/robotests/src/com/android/settingslib/core/AbstractPreferenceControllerTest.java,22,22,,,,
packages/SettingsLib/tests/robotests/src/com/android/settingslib/core/instrumentation/MetricsFeatureProviderTest.java,21,21,,,,
packages/SettingsLib/tests/robotests/src/com/android/settingslib/core/instrumentation/SharedPreferenceLoggerTest.java,35,35,,,,
packages/SettingsLib/tests/robotests/src/com/android/settingslib/core/instrumentation/VisibilityLoggerMixinTest.java,22,22,,,,
packages/SettingsLib/tests/robotests/src/com/android/settingslib/core/lifecycle/LifecycleTest.java,62,62,,,,
packages/SettingsLib/tests/robotests/src/com/android/settingslib/CustomEditTextPreferenceTest.java,11,11,,,,
packages/SettingsLib/tests/robotests/src/com/android/settingslib/development/DeveloperOptionsPreferenceControllerTest.java,11,11,,,,
packages/SettingsLib/tests/robotests/src/com/android/settingslib/development/DevelopmentSettingsEnablerTest.java,8,8,,,,
packages/SettingsLib/tests/robotests/src/com/android/settingslib/development/EnableAdbPreferenceControllerTest.java,24,24,,,,
packages/SettingsLib/tests/robotests/src/com/android/settingslib/development/LogdSizePreferenceControllerTest.java,26,26,,,,
packages/SettingsLib/tests/robotests/src/com/android/settingslib/development/LogpersistPreferenceControllerTest.java,18,18,,,,
packages/SettingsLib/tests/robotests/src/com/android/settingslib/development/SystemPropPokerTest.java,7,7,,,,
packages/SettingsLib/tests/robotests/src/com/android/settingslib/deviceinfo/BluetoothAddressPreferenceControllerTest.java,18,18,,,,
packages/SettingsLib/tests/robotests/src/com/android/settingslib/deviceinfo/ConnectivityPreferenceControllerTest.java,18,18,,,,
packages/SettingsLib/tests/robotests/src/com/android/settingslib/deviceinfo/ImsStatusPreferenceControllerTest.java,16,16,,,,
packages/SettingsLib/tests/robotests/src/com/android/settingslib/deviceinfo/IpAddressPreferenceControllerTest.java,13,13,,,,
packages/SettingsLib/tests/robotests/src/com/android/settingslib/deviceinfo/SerialNumberPreferenceControllerTest.java,15,15,,,,
packages/SettingsLib/tests/robotests/src/com/android/settingslib/deviceinfo/SimStatusImeiInfoPreferenceControllerTest.java,25,25,,,,
packages/SettingsLib/tests/robotests/src/com/android/settingslib/deviceinfo/UptimePreferenceControllerTest.java,14,14,,,,
packages/SettingsLib/tests/robotests/src/com/android/settingslib/deviceinfo/WifiMacAddressPreferenceControllerTest.java,18,18,,,,
packages/SettingsLib/tests/robotests/src/com/android/settingslib/DeviceInfoUtilsTest.java,21,21,,,,
packages/SettingsLib/tests/robotests/src/com/android/settingslib/display/BrightnessUtilsTest.java,7,7,,,,
packages/SettingsLib/tests/robotests/src/com/android/settingslib/drawer/CategoryKeyTest.java,4,4,,,,
packages/SettingsLib/tests/robotests/src/com/android/settingslib/drawer/CategoryManagerTest.java,68,68,,,,
packages/SettingsLib/tests/robotests/src/com/android/settingslib/drawer/TileUtilsTest.java,141,141,,,,
packages/SettingsLib/tests/robotests/src/com/android/settingslib/fuelgauge/BatterySaverUtilsTest.java,15,15,,,,
packages/SettingsLib/tests/robotests/src/com/android/settingslib/fuelgauge/PowerWhitelistBackendTest.java,20,20,,,,
packages/SettingsLib/tests/robotests/src/com/android/settingslib/graph/BatteryMeterDrawableBaseTest.java,11,11,,,,
packages/SettingsLib/tests/robotests/src/com/android/settingslib/graph/BluetoothDeviceLayerDrawableTest.java,20,20,,,,
packages/SettingsLib/tests/robotests/src/com/android/settingslib/HelpUtilsTest.java,24,24,,,,
packages/SettingsLib/tests/robotests/src/com/android/settingslib/license/LicenseHtmlGeneratorFromXmlTest.java,14,14,,,,
packages/SettingsLib/tests/robotests/src/com/android/settingslib/license/LicenseHtmlLoaderTest.java,25,25,,,,
packages/SettingsLib/tests/robotests/src/com/android/settingslib/location/RecentLocationAppsTest.java,46,46,,,,
packages/SettingsLib/tests/robotests/src/com/android/settingslib/notification/EnableZenModeDialogTest.java,22,22,,,,
packages/SettingsLib/tests/robotests/src/com/android/settingslib/notification/ZenDurationDialogTest.java,23,23,,,,
packages/SettingsLib/tests/robotests/src/com/android/settingslib/RestrictedLockUtilsTest.java,65,65,,,,
packages/SettingsLib/tests/robotests/src/com/android/settingslib/RestrictedPreferenceHelperTest.java,10,10,,,,
packages/SettingsLib/tests/robotests/src/com/android/settingslib/SettingsLibRobolectricTestRunner.java,16,16,,,,
packages/SettingsLib/tests/robotests/src/com/android/settingslib/suggestions/ShadowSuggestionController.java,11,11,,,,
packages/SettingsLib/tests/robotests/src/com/android/settingslib/suggestions/SuggestionControllerMixinTest.java,15,15,,,,
packages/SettingsLib/tests/robotests/src/com/android/settingslib/suggestions/SuggestionParserTest.java,36,36,,,,
packages/SettingsLib/tests/robotests/src/com/android/settingslib/testutils/shadow/ShadowActivityManager.java,12,12,,,,
packages/SettingsLib/tests/robotests/src/com/android/settingslib/testutils/shadow/ShadowDefaultDialerManager.java,7,7,,,,
packages/SettingsLib/tests/robotests/src/com/android/settingslib/testutils/shadow/ShadowSmsApplication.java,8,8,,,,
packages/SettingsLib/tests/robotests/src/com/android/settingslib/testutils/shadow/ShadowUserManager.java,14,14,,,,
packages/SettingsLib/tests/robotests/src/com/android/settingslib/TetherUtilTest.java,4,4,,,,
packages/SettingsLib/tests/robotests/src/com/android/settingslib/TwoTargetPreferenceTest.java,18,18,,,,
packages/SettingsLib/tests/robotests/src/com/android/settingslib/users/UserManagerHelperRoboTest.java,36,36,,,,
packages/SettingsLib/tests/robotests/src/com/android/settingslib/utils/IconCacheTest.java,9,9,,,,
packages/SettingsLib/tests/robotests/src/com/android/settingslib/utils/PowerUtilTest.java,32,32,,,,
packages/SettingsLib/tests/robotests/src/com/android/settingslib/utils/StringUtilTest.java,59,59,,,,
packages/SettingsLib/tests/robotests/src/com/android/settingslib/utils/ThreadUtilsTest.java,16,16,,,,
packages/SettingsLib/tests/robotests/src/com/android/settingslib/UtilsTest.java,51,49,,2,,
packages/SettingsLib/tests/robotests/src/com/android/settingslib/widget/AnimatedImageViewTest.java,6,6,,,,
packages/SettingsLib/tests/robotests/src/com/android/settingslib/widget/FooterPreferenceMixinTest.java,13,13,,,,
packages/SettingsLib/tests/robotests/src/com/android/settingslib/widget/FooterPreferenceTest.java,8,8,,,,
packages/SettingsLib/tests/robotests/src/com/android/settingslib/wifi/AccessPointPreferenceTest.java,23,23,,,,
packages/SettingsLib/tests/robotests/src/com/android/settingslib/wifi/TimestampedScoredNetworkTest.java,11,11,,,,
packages/SettingsLib/tests/robotests/src/com/android/settingslib/wifi/WifiUtilsTest.java,31,31,,,,
packages/SettingsProvider/src/com/android/providers/settings/DatabaseHelper.java,262,256,,5,1,
packages/SettingsProvider/src/com/android/providers/settings/GenerationRegistry.java,45,45,,,,
packages/SettingsProvider/src/com/android/providers/settings/SettingsBackupAgent.java,256,251,,2,3,
packages/SettingsProvider/src/com/android/providers/settings/SettingsHelper.java,102,102,,,,
packages/SettingsProvider/src/com/android/providers/settings/SettingsProtoDumpUtil.java,154,154,,,,
packages/SettingsProvider/src/com/android/providers/settings/SettingsProvider.java,930,921,,6,3,
packages/SettingsProvider/src/com/android/providers/settings/SettingsService.java,112,86,,9,17,
packages/SettingsProvider/src/com/android/providers/settings/SettingsState.java,342,342,,,,
packages/SettingsProvider/test/src/com/android/providers/settings/BaseSettingsProviderTest.java,94,94,,,,
packages/SettingsProvider/test/src/com/android/providers/settings/InstallNonMarketAppsDeprecationTest.java,29,29,,,,
packages/SettingsProvider/test/src/com/android/providers/settings/SettingsHelperRestoreTest.java,7,7,,,,
packages/SettingsProvider/test/src/com/android/providers/settings/SettingsHelperTest.java,2,2,,,,
packages/SettingsProvider/test/src/com/android/providers/settings/SettingsProviderPerformanceTest.java,19,19,,,,
packages/SettingsProvider/test/src/com/android/providers/settings/SettingsProviderTest.java,125,125,,,,
packages/SettingsProvider/test/src/com/android/providers/settings/SettingsStateTest.java,32,32,,,,
packages/SharedStorageBackup/src/com/android/sharedstoragebackup/ObbBackupService.java,44,44,,,,
packages/SharedStorageBackup/src/com/android/sharedstoragebackup/SharedStorageAgent.java,25,25,,,,
packages/Shell/src/com/android/shell/BugreportPrefs.java,14,14,,,,
packages/Shell/src/com/android/shell/BugreportProgressService.java,442,442,,,,
packages/Shell/src/com/android/shell/BugreportReceiver.java,20,20,,,,
packages/Shell/src/com/android/shell/BugreportStorageProvider.java,41,41,,,,
packages/Shell/src/com/android/shell/BugreportWarningActivity.java,11,11,,,,
packages/Shell/src/com/android/shell/RemoteBugreportReceiver.java,11,11,,,,
packages/Shell/src/com/android/shell/Screenshooter.java,10,10,,,,
packages/Shell/tests/src/com/android/shell/ActionSendMultipleConsumerActivity.java,26,26,,,,
packages/Shell/tests/src/com/android/shell/BugreportProgressServiceTest.java,25,25,,,,
packages/Shell/tests/src/com/android/shell/BugreportReceiverTest.java,280,280,,,,
packages/Shell/tests/src/com/android/shell/UiBot.java,43,43,,,,
packages/Shell/tests/src/com/android/shell/UtilitiesTest.java,9,9,,,,
packages/SimAppDialog/src/com/android/simappdialog/InstallCarrierAppActivity.java,15,15,,,,
packages/StatementService/src/com/android/statementservice/DirectStatementService.java,67,67,,,,
packages/StatementService/src/com/android/statementservice/ExceptionLoggingFutureTask.java,7,7,,,,
packages/StatementService/src/com/android/statementservice/IntentFilterVerificationReceiver.java,52,52,,,,
packages/StatementService/src/com/android/statementservice/retriever/AbstractAsset.java,8,8,,,,
packages/StatementService/src/com/android/statementservice/retriever/AbstractAssetMatcher.java,6,6,,,,
packages/StatementService/src/com/android/statementservice/retriever/AbstractStatementRetriever.java,8,8,,,,
packages/StatementService/src/com/android/statementservice/retriever/AndroidAppAsset.java,36,36,,,,
packages/StatementService/src/com/android/statementservice/retriever/AndroidAppAssetMatcher.java,10,10,,,,
packages/StatementService/src/com/android/statementservice/retriever/AndroidPackageInfoFetcher.java,13,13,,,,
packages/StatementService/src/com/android/statementservice/retriever/AssetFactory.java,6,6,,,,
packages/StatementService/src/com/android/statementservice/retriever/AssetJsonWriter.java,17,17,,,,
packages/StatementService/src/com/android/statementservice/retriever/AssetMatcherFactory.java,7,7,,,,
packages/StatementService/src/com/android/statementservice/retriever/AssociationServiceException.java,8,8,,,,
packages/StatementService/src/com/android/statementservice/retriever/DirectStatementRetriever.java,59,59,,,,
packages/StatementService/src/com/android/statementservice/retriever/JsonParser.java,12,12,,,,
packages/StatementService/src/com/android/statementservice/retriever/ParsedStatement.java,8,8,,,,
packages/StatementService/src/com/android/statementservice/retriever/Relation.java,25,25,,,,
packages/StatementService/src/com/android/statementservice/retriever/Statement.java,22,22,,,,
packages/StatementService/src/com/android/statementservice/retriever/StatementParser.java,25,25,,,,
packages/StatementService/src/com/android/statementservice/retriever/URLFetcher.java,36,36,,,,
packages/StatementService/src/com/android/statementservice/retriever/Utils.java,39,39,,,,
packages/StatementService/src/com/android/statementservice/retriever/WebAsset.java,27,27,,,,
packages/StatementService/src/com/android/statementservice/retriever/WebAssetMatcher.java,8,8,,,,
packages/StatementService/src/com/android/statementservice/retriever/WebContent.java,8,8,,,,
packages/SystemUI/plugin/ExamplePlugin/src/com/android/systemui/plugin/testoverlayplugin/CustomView.java,7,7,,,,
packages/SystemUI/plugin/ExamplePlugin/src/com/android/systemui/plugin/testoverlayplugin/PluginSettings.java,3,3,,,,
packages/SystemUI/plugin/ExamplePlugin/src/com/android/systemui/plugin/testoverlayplugin/SampleOverlayPlugin.java,20,20,,,,
packages/SystemUI/plugin/src/com/android/systemui/plugins/ActivityStarter.java,25,25,,,,
packages/SystemUI/plugin/src/com/android/systemui/plugins/DozeServicePlugin.java,10,10,,,,
packages/SystemUI/plugin/src/com/android/systemui/plugins/FragmentBase.java,3,3,,,,
packages/SystemUI/plugin/src/com/android/systemui/plugins/GlobalActions.java,18,12,,4,2,
packages/SystemUI/plugin/src/com/android/systemui/plugins/IntentButtonProvider.java,11,11,,,,
packages/SystemUI/plugin/src/com/android/systemui/plugins/NotificationListenerController.java,24,24,,,,
packages/SystemUI/plugin/src/com/android/systemui/plugins/OverlayPlugin.java,9,9,,,,
packages/SystemUI/plugin/src/com/android/systemui/plugins/Plugin.java,6,6,,,,
packages/SystemUI/plugin/src/com/android/systemui/plugins/PluginDependency.java,10,10,,,,
packages/SystemUI/plugin/src/com/android/systemui/plugins/PluginFragment.java,10,10,,,,
packages/SystemUI/plugin/src/com/android/systemui/plugins/PluginListener.java,6,6,,,,
packages/SystemUI/plugin/src/com/android/systemui/plugins/PluginUtils.java,6,6,,,,
packages/SystemUI/plugin/src/com/android/systemui/plugins/qs/DetailAdapter.java,14,14,,,,
packages/SystemUI/plugin/src/com/android/systemui/plugins/qs/QS.java,45,45,,,,
packages/SystemUI/plugin/src/com/android/systemui/plugins/qs/QSFactory.java,8,8,,,,
packages/SystemUI/plugin/src/com/android/systemui/plugins/qs/QSIconView.java,8,8,,,,
packages/SystemUI/plugin/src/com/android/systemui/plugins/qs/QSTile.java,130,113,,5,12,
packages/SystemUI/plugin/src/com/android/systemui/plugins/qs/QSTileView.java,13,13,,,,
packages/SystemUI/plugin/src/com/android/systemui/plugins/statusbar/NotificationMenuRowPlugin.java,55,55,,,,
packages/SystemUI/plugin/src/com/android/systemui/plugins/statusbar/NotificationSwipeActionHelper.java,31,31,,,,
packages/SystemUI/plugin/src/com/android/systemui/plugins/statusbar/phone/NavBarButtonProvider.java,18,18,,,,
packages/SystemUI/plugin/src/com/android/systemui/plugins/statusbar/phone/NavGesture.java,25,25,,,,
packages/SystemUI/plugin/src/com/android/systemui/plugins/ViewProvider.java,2,2,,,,
packages/SystemUI/plugin/src/com/android/systemui/plugins/VolumeDialog.java,11,11,,,,
packages/SystemUI/plugin/src/com/android/systemui/plugins/VolumeDialogController.java,84,79,,4,1,
packages/SystemUI/shared/src/com/android/systemui/shared/recents/model/BackgroundTaskLoader.java,30,30,,,,
packages/SystemUI/shared/src/com/android/systemui/shared/recents/model/FilteredTaskList.java,32,32,,,,
packages/SystemUI/shared/src/com/android/systemui/shared/recents/model/HighResThumbnailLoader.java,49,49,,,,
packages/SystemUI/shared/src/com/android/systemui/shared/recents/model/IconLoader.java,65,65,,,,
packages/SystemUI/shared/src/com/android/systemui/shared/recents/model/RecentsTaskLoader.java,100,100,,,,
packages/SystemUI/shared/src/com/android/systemui/shared/recents/model/RecentsTaskLoadPlan.java,58,58,,,,
packages/SystemUI/shared/src/com/android/systemui/shared/recents/model/Task.java,94,94,,,,
packages/SystemUI/shared/src/com/android/systemui/shared/recents/model/TaskFilter.java,5,5,,,,
packages/SystemUI/shared/src/com/android/systemui/shared/recents/model/TaskKeyCache.java,22,22,,,,
packages/SystemUI/shared/src/com/android/systemui/shared/recents/model/TaskKeyLruCache.java,33,33,,,,
packages/SystemUI/shared/src/com/android/systemui/shared/recents/model/TaskKeyStrongCache.java,21,21,,,,
packages/SystemUI/shared/src/com/android/systemui/shared/recents/model/TaskResourceLoadQueue.java,9,9,,,,
packages/SystemUI/shared/src/com/android/systemui/shared/recents/model/TaskStack.java,123,123,,,,
packages/SystemUI/shared/src/com/android/systemui/shared/recents/model/ThumbnailData.java,13,13,,,,
packages/SystemUI/shared/src/com/android/systemui/shared/recents/utilities/AnimationProps.java,62,62,,,,
packages/SystemUI/shared/src/com/android/systemui/shared/recents/utilities/AppTrace.java,17,17,,,,
packages/SystemUI/shared/src/com/android/systemui/shared/recents/utilities/RectFEvaluator.java,10,10,,,,
packages/SystemUI/shared/src/com/android/systemui/shared/recents/utilities/Utilities.java,103,103,,,,
packages/SystemUI/shared/src/com/android/systemui/shared/recents/view/AnimateableViewBounds.java,27,27,,,,
packages/SystemUI/shared/src/com/android/systemui/shared/recents/view/AppTransitionAnimationSpecCompat.java,9,9,,,,
packages/SystemUI/shared/src/com/android/systemui/shared/recents/view/AppTransitionAnimationSpecsFuture.java,17,17,,,,
packages/SystemUI/shared/src/com/android/systemui/shared/recents/view/RecentsTransition.java,33,33,,,,
packages/SystemUI/shared/src/com/android/systemui/shared/system/ActivityCompat.java,11,11,,,,
packages/SystemUI/shared/src/com/android/systemui/shared/system/ActivityManagerWrapper.java,127,127,,,,
packages/SystemUI/shared/src/com/android/systemui/shared/system/ActivityOptionsCompat.java,6,6,,,,
packages/SystemUI/shared/src/com/android/systemui/shared/system/AssistDataReceiver.java,5,5,,,,
packages/SystemUI/shared/src/com/android/systemui/shared/system/BackgroundExecutor.java,11,11,,,,
packages/SystemUI/shared/src/com/android/systemui/shared/system/ChoreographerCompat.java,5,5,,,,
packages/SystemUI/shared/src/com/android/systemui/shared/system/GraphicBufferCompat.java,17,17,,,,
packages/SystemUI/shared/src/com/android/systemui/shared/system/InputConsumerController.java,42,42,,,,
packages/SystemUI/shared/src/com/android/systemui/shared/system/LatencyTrackerCompat.java,5,5,,,,
packages/SystemUI/shared/src/com/android/systemui/shared/system/LauncherEventUtil.java,5,5,,,,
packages/SystemUI/shared/src/com/android/systemui/shared/system/MetricsLoggerCompat.java,16,16,,,,
packages/SystemUI/shared/src/com/android/systemui/shared/system/NavigationBarCompat.java,15,13,,1,1,
packages/SystemUI/shared/src/com/android/systemui/shared/system/PackageManagerWrapper.java,12,12,,,,
packages/SystemUI/shared/src/com/android/systemui/shared/system/RecentsAnimationControllerCompat.java,24,24,,,,
packages/SystemUI/shared/src/com/android/systemui/shared/system/RecentsAnimationListener.java,7,7,,,,
packages/SystemUI/shared/src/com/android/systemui/shared/system/RemoteAnimationAdapterCompat.java,19,19,,,,
packages/SystemUI/shared/src/com/android/systemui/shared/system/RemoteAnimationDefinitionCompat.java,10,10,,,,
packages/SystemUI/shared/src/com/android/systemui/shared/system/RemoteAnimationRunnerCompat.java,5,5,,,,
packages/SystemUI/shared/src/com/android/systemui/shared/system/RemoteAnimationTargetCompat.java,25,25,,,,
packages/SystemUI/shared/src/com/android/systemui/shared/system/RotationWatcher.java,16,16,,,,
packages/SystemUI/shared/src/com/android/systemui/shared/system/SettingsCompat.java,2,2,,,,
packages/SystemUI/shared/src/com/android/systemui/shared/system/SurfaceControlCompat.java,4,4,,,,
packages/SystemUI/shared/src/com/android/systemui/shared/system/SyncRtSurfaceTransactionApplier.java,31,29,,2,,
packages/SystemUI/shared/src/com/android/systemui/shared/system/TaskStackChangeListener.java,39,39,,,,
packages/SystemUI/shared/src/com/android/systemui/shared/system/TaskStackChangeListeners.java,94,94,,,,
packages/SystemUI/shared/src/com/android/systemui/shared/system/ThreadedRendererCompat.java,6,6,,,,
packages/SystemUI/shared/src/com/android/systemui/shared/system/TonalCompat.java,13,13,,,,
packages/SystemUI/shared/src/com/android/systemui/shared/system/TransactionCompat.java,50,50,,,,
packages/SystemUI/shared/src/com/android/systemui/shared/system/WindowCallbacksCompat.java,53,53,,,,
packages/SystemUI/shared/src/com/android/systemui/shared/system/WindowManagerWrapper.java,59,59,,,,
packages/SystemUI/shared/tests/src/com/android/systemui/shared/recents/model/HighResThumbnailLoaderTest.java,11,11,,,,
packages/SystemUI/shared/tests/src/com/android/systemui/shared/SysuiSharedLibTestCase.java,23,23,,,,
packages/SystemUI/src/com/android/keyguard/AlphaOptimizedImageButton.java,5,5,,,,
packages/SystemUI/src/com/android/keyguard/AlphaOptimizedLinearLayout.java,16,16,,,,
packages/SystemUI/src/com/android/keyguard/AlphaOptimizedRelativeLayout.java,5,5,,,,
packages/SystemUI/src/com/android/keyguard/CarrierText.java,92,77,,10,5,
packages/SystemUI/src/com/android/keyguard/EmergencyButton.java,57,55,,2,,
packages/SystemUI/src/com/android/keyguard/EmergencyCarrierArea.java,15,15,,,,
packages/SystemUI/src/com/android/keyguard/KeyguardAbsKeyInputView.java,82,80,,2,,
packages/SystemUI/src/com/android/keyguard/KeyguardClockAccessibilityDelegate.java,19,19,,,,
packages/SystemUI/src/com/android/keyguard/KeyguardConstants.java,4,4,,,,
packages/SystemUI/src/com/android/keyguard/KeyguardDisplayManager.java,59,59,,,,
packages/SystemUI/src/com/android/keyguard/KeyguardEsimArea.java,38,38,,,,
packages/SystemUI/src/com/android/keyguard/KeyguardHostView.java,89,89,,,,
packages/SystemUI/src/com/android/keyguard/KeyguardMessageArea.java,52,52,,,,
packages/SystemUI/src/com/android/keyguard/KeyguardPasswordView.java,86,86,,,,
packages/SystemUI/src/com/android/keyguard/KeyguardPatternView.java,107,102,,4,1,
packages/SystemUI/src/com/android/keyguard/KeyguardPinBasedInputView.java,64,61,,3,,
packages/SystemUI/src/com/android/keyguard/KeyguardPINView.java,45,33,,2,10,
packages/SystemUI/src/com/android/keyguard/KeyguardSecurityCallback.java,11,11,,,,
packages/SystemUI/src/com/android/keyguard/KeyguardSecurityContainer.java,153,143,,10,,
packages/SystemUI/src/com/android/keyguard/KeyguardSecurityModel.java,12,12,,,,
packages/SystemUI/src/com/android/keyguard/KeyguardSecurityView.java,29,29,,,,
packages/SystemUI/src/com/android/keyguard/KeyguardSecurityViewFlipper.java,95,95,,,,
packages/SystemUI/src/com/android/keyguard/KeyguardSimPinView.java,90,86,,4,,
packages/SystemUI/src/com/android/keyguard/KeyguardSimPukView.java,107,103,,4,,
packages/SystemUI/src/com/android/keyguard/KeyguardSliceView.java,188,188,,,,
packages/SystemUI/src/com/android/keyguard/KeyguardStatusView.java,132,125,,6,1,
packages/SystemUI/src/com/android/keyguard/KeyguardUpdateMonitor.java,554,522,,15,17,
packages/SystemUI/src/com/android/keyguard/KeyguardUpdateMonitorCallback.java,77,74,,1,2,
packages/SystemUI/src/com/android/keyguard/LiftToActivateListener.java,10,10,,,,
packages/SystemUI/src/com/android/keyguard/NumPadKey.java,57,51,,3,3,
packages/SystemUI/src/com/android/keyguard/PasswordTextView.java,226,226,,,,
packages/SystemUI/src/com/android/keyguard/SecurityMessageDisplay.java,10,10,,,,
packages/SystemUI/src/com/android/keyguard/ViewMediatorCallback.java,22,22,,,,
packages/SystemUI/src/com/android/systemui/ActivityStarterDelegate.java,24,24,,,,
packages/SystemUI/src/com/android/systemui/analytics/DataCollector.java,92,92,,,,
packages/SystemUI/src/com/android/systemui/analytics/SensorLoggerSession.java,54,54,,,,
packages/SystemUI/src/com/android/systemui/assist/AssistDisclosure.java,61,61,,,,
packages/SystemUI/src/com/android/systemui/assist/AssistManager.java,80,80,,,,
packages/SystemUI/src/com/android/systemui/assist/AssistOrbContainer.java,29,29,,,,
packages/SystemUI/src/com/android/systemui/assist/AssistOrbView.java,100,100,,,,
packages/SystemUI/src/com/android/systemui/AutoReinflateContainer.java,21,21,,,,
packages/SystemUI/src/com/android/systemui/BatteryMeterView.java,97,79,,10,8,
packages/SystemUI/src/com/android/systemui/car/CarNotificationEntryManager.java,7,7,,,,
packages/SystemUI/src/com/android/systemui/car/CarSystemUIFactory.java,8,8,,,,
packages/SystemUI/src/com/android/systemui/charging/WirelessChargingAnimation.java,50,50,,,,
packages/SystemUI/src/com/android/systemui/charging/WirelessChargingLayout.java,32,32,,,,
packages/SystemUI/src/com/android/systemui/charging/WirelessChargingView.java,48,48,,,,
packages/SystemUI/src/com/android/systemui/classifier/AccelerationClassifier.java,27,27,,,,
packages/SystemUI/src/com/android/systemui/classifier/AnglesClassifier.java,47,47,,,,
packages/SystemUI/src/com/android/systemui/classifier/AnglesPercentageEvaluator.java,6,6,,,,
packages/SystemUI/src/com/android/systemui/classifier/AnglesVarianceEvaluator.java,5,5,,,,
packages/SystemUI/src/com/android/systemui/classifier/Classifier.java,16,16,,,,
packages/SystemUI/src/com/android/systemui/classifier/ClassifierData.java,19,19,,,,
packages/SystemUI/src/com/android/systemui/classifier/DirectionClassifier.java,9,9,,,,
packages/SystemUI/src/com/android/systemui/classifier/DirectionEvaluator.java,7,7,,,,
packages/SystemUI/src/com/android/systemui/classifier/DurationCountClassifier.java,7,7,,,,
packages/SystemUI/src/com/android/systemui/classifier/DurationCountEvaluator.java,4,4,,,,
packages/SystemUI/src/com/android/systemui/classifier/EndPointLengthClassifier.java,7,7,,,,
packages/SystemUI/src/com/android/systemui/classifier/EndPointLengthEvaluator.java,4,4,,,,
packages/SystemUI/src/com/android/systemui/classifier/EndPointRatioClassifier.java,8,8,,,,
packages/SystemUI/src/com/android/systemui/classifier/EndPointRatioEvaluator.java,4,4,,,,
packages/SystemUI/src/com/android/systemui/classifier/FalsingLog.java,42,42,,,,
packages/SystemUI/src/com/android/systemui/classifier/FalsingManager.java,97,97,,,,
packages/SystemUI/src/com/android/systemui/classifier/GestureClassifier.java,3,3,,,,
packages/SystemUI/src/com/android/systemui/classifier/HistoryEvaluator.java,35,35,,,,
packages/SystemUI/src/com/android/systemui/classifier/HumanInteractionClassifier.java,57,57,,,,
packages/SystemUI/src/com/android/systemui/classifier/LengthCountClassifier.java,7,7,,,,
packages/SystemUI/src/com/android/systemui/classifier/LengthCountEvaluator.java,4,4,,,,
packages/SystemUI/src/com/android/systemui/classifier/Point.java,30,30,,,,
packages/SystemUI/src/com/android/systemui/classifier/PointerCountClassifier.java,10,10,,,,
packages/SystemUI/src/com/android/systemui/classifier/PointerCountEvaluator.java,3,3,,,,
packages/SystemUI/src/com/android/systemui/classifier/ProximityClassifier.java,20,20,,,,
packages/SystemUI/src/com/android/systemui/classifier/ProximityEvaluator.java,6,6,,,,
packages/SystemUI/src/com/android/systemui/classifier/SpeedAnglesClassifier.java,39,39,,,,
packages/SystemUI/src/com/android/systemui/classifier/SpeedAnglesPercentageEvaluator.java,4,4,,,,
packages/SystemUI/src/com/android/systemui/classifier/SpeedClassifier.java,9,9,,,,
packages/SystemUI/src/com/android/systemui/classifier/SpeedEvaluator.java,4,4,,,,
packages/SystemUI/src/com/android/systemui/classifier/SpeedRatioEvaluator.java,4,4,,,,
packages/SystemUI/src/com/android/systemui/classifier/SpeedVarianceEvaluator.java,4,4,,,,
packages/SystemUI/src/com/android/systemui/classifier/Stroke.java,21,21,,,,
packages/SystemUI/src/com/android/systemui/classifier/StrokeClassifier.java,4,4,,,,
packages/SystemUI/src/com/android/systemui/colorextraction/SysuiColorExtractor.java,50,44,,6,,
packages/SystemUI/src/com/android/systemui/ConfigurationChangedReceiver.java,3,3,,,,
packages/SystemUI/src/com/android/systemui/DejankUtils.java,16,16,,,,
packages/SystemUI/src/com/android/systemui/DemoMode.java,17,17,,,,
packages/SystemUI/src/com/android/systemui/Dependency.java,50,48,,2,,
packages/SystemUI/src/com/android/systemui/DessertCase.java,10,10,,,,
packages/SystemUI/src/com/android/systemui/DessertCaseDream.java,8,8,,,,
packages/SystemUI/src/com/android/systemui/DessertCaseView.java,177,177,,,,
packages/SystemUI/src/com/android/systemui/DockedStackExistsListener.java,24,24,,,,
packages/SystemUI/src/com/android/systemui/doze/AlwaysOnDisplayPolicy.java,40,40,,,,
packages/SystemUI/src/com/android/systemui/doze/DozeBrightnessHostForwarder.java,7,7,,,,
packages/SystemUI/src/com/android/systemui/doze/DozeFactory.java,45,45,,,,
packages/SystemUI/src/com/android/systemui/doze/DozeFalsingManagerAdapter.java,9,9,,,,
packages/SystemUI/src/com/android/systemui/doze/DozeHost.java,38,38,,,,
packages/SystemUI/src/com/android/systemui/doze/DozeLog.java,105,105,,,,
packages/SystemUI/src/com/android/systemui/doze/DozeMachine.java,83,83,,,,
packages/SystemUI/src/com/android/systemui/doze/DozePauser.java,14,14,,,,
packages/SystemUI/src/com/android/systemui/doze/DozeReceiver.java,3,3,,,,
packages/SystemUI/src/com/android/systemui/doze/DozeScreenBrightness.java,52,52,,,,
packages/SystemUI/src/com/android/systemui/doze/DozeScreenState.java,26,26,,,,
packages/SystemUI/src/com/android/systemui/doze/DozeScreenStatePreventingAdapter.java,10,10,,,,
packages/SystemUI/src/com/android/systemui/doze/DozeSensors.java,132,132,,,,
packages/SystemUI/src/com/android/systemui/doze/DozeService.java,24,20,,3,1,
packages/SystemUI/src/com/android/systemui/doze/DozeSuspendScreenStatePreventingAdapter.java,10,10,,,,
packages/SystemUI/src/com/android/systemui/doze/DozeTriggers.java,109,109,,,,
packages/SystemUI/src/com/android/systemui/doze/DozeUi.java,48,48,,,,
packages/SystemUI/src/com/android/systemui/doze/DozeWallpaperState.java,20,20,,,,
packages/SystemUI/src/com/android/systemui/Dumpable.java,5,5,,,,
packages/SystemUI/src/com/android/systemui/egg/MLand.java,453,453,,,,
packages/SystemUI/src/com/android/systemui/egg/MLandActivity.java,18,18,,,,
packages/SystemUI/src/com/android/systemui/EventLogConstants.java,17,17,,,,
packages/SystemUI/src/com/android/systemui/ExpandHelper.java,178,178,,,,
packages/SystemUI/src/com/android/systemui/fingerprint/FingerprintDialogImpl.java,47,47,,,,
packages/SystemUI/src/com/android/systemui/fingerprint/FingerprintDialogView.java,89,89,,,,
packages/SystemUI/src/com/android/systemui/fingerprint/FODCircleView.java,100,,,,100,
packages/SystemUI/src/com/android/systemui/fingerprint/FODCircleViewImpl.java,8,,,,8,
packages/SystemUI/src/com/android/systemui/FontSizeUtils.java,9,9,,,,
packages/SystemUI/src/com/android/systemui/ForegroundServiceController.java,29,29,,,,
packages/SystemUI/src/com/android/systemui/ForegroundServiceControllerImpl.java,100,100,,,,
packages/SystemUI/src/com/android/systemui/ForegroundServicesDialog.java,53,53,,,,
packages/SystemUI/src/com/android/systemui/fragments/ExtensionFragmentListener.java,20,20,,,,
packages/SystemUI/src/com/android/systemui/fragments/FragmentHostManager.java,115,115,,,,
packages/SystemUI/src/com/android/systemui/fragments/FragmentService.java,31,31,,,,
packages/SystemUI/src/com/android/systemui/Gefingerpoken.java,5,5,,,,
packages/SystemUI/src/com/android/systemui/globalactions/GlobalActionsComponent.java,22,17,,3,2,
packages/SystemUI/src/com/android/systemui/globalactions/GlobalActionsDialog.java,458,338,,37,83,
packages/SystemUI/src/com/android/systemui/globalactions/GlobalActionsImpl.java,30,27,,2,1,
packages/SystemUI/src/com/android/systemui/GuestResumeSessionReceiver.java,36,36,,,,
packages/SystemUI/src/com/android/systemui/HardwareBgDrawable.java,33,33,,,,
packages/SystemUI/src/com/android/systemui/HardwareUiLayout.java,125,83,,21,21,
packages/SystemUI/src/com/android/systemui/ImageWallpaper.java,118,114,,4,,
packages/SystemUI/src/com/android/systemui/Interpolators.java,18,15,,1,2,
packages/SystemUI/src/com/android/systemui/keyboard/BluetoothDialog.java,3,3,,,,
packages/SystemUI/src/com/android/systemui/keyboard/KeyboardUI.java,168,168,,,,
packages/SystemUI/src/com/android/systemui/keyguard/DismissCallbackRegistry.java,11,11,,,,
packages/SystemUI/src/com/android/systemui/keyguard/DismissCallbackWrapper.java,11,11,,,,
packages/SystemUI/src/com/android/systemui/keyguard/KeyguardLifecyclesDispatcher.java,20,20,,,,
packages/SystemUI/src/com/android/systemui/keyguard/KeyguardService.java,49,49,,,,
packages/SystemUI/src/com/android/systemui/keyguard/KeyguardSliceProvider.java,74,74,,,,
packages/SystemUI/src/com/android/systemui/keyguard/KeyguardViewMediator.java,414,392,,12,10,
packages/SystemUI/src/com/android/systemui/keyguard/Lifecycle.java,9,9,,,,
packages/SystemUI/src/com/android/systemui/keyguard/ScreenLifecycle.java,22,22,,,,
packages/SystemUI/src/com/android/systemui/keyguard/WakefulnessLifecycle.java,22,22,,,,
packages/SystemUI/src/com/android/systemui/keyguard/WorkLockActivity.java,32,32,,,,
packages/SystemUI/src/com/android/systemui/keyguard/WorkLockActivityController.java,30,30,,,,
packages/SystemUI/src/com/android/systemui/LatencyTester.java,14,14,,,,
packages/SystemUI/src/com/android/systemui/media/MediaProjectionPermissionActivity.java,44,44,,,,
packages/SystemUI/src/com/android/systemui/media/NotificationPlayer.java,74,74,,,,
packages/SystemUI/src/com/android/systemui/media/RingtonePlayer.java,61,61,,,,
packages/SystemUI/src/com/android/systemui/net/NetworkOverLimitActivity.java,20,20,,,,
packages/SystemUI/src/com/android/systemui/OverviewProxyService.java,126,114,,4,8,
packages/SystemUI/src/com/android/systemui/pip/BasePipManager.java,8,8,,,,
packages/SystemUI/src/com/android/systemui/pip/phone/PipAccessibilityInteractionConnection.java,86,86,,,,
packages/SystemUI/src/com/android/systemui/pip/phone/PipAppOpsListener.java,25,25,,,,
packages/SystemUI/src/com/android/systemui/pip/phone/PipDismissViewController.java,23,23,,,,
packages/SystemUI/src/com/android/systemui/pip/phone/PipManager.java,61,61,,,,
packages/SystemUI/src/com/android/systemui/pip/phone/PipMediaController.java,64,64,,,,
packages/SystemUI/src/com/android/systemui/pip/phone/PipMenuActivity.java,150,150,,,,
packages/SystemUI/src/com/android/systemui/pip/phone/PipMenuActivityController.java,122,122,,,,
packages/SystemUI/src/com/android/systemui/pip/phone/PipMotionHelper.java,161,161,,,,
packages/SystemUI/src/com/android/systemui/pip/phone/PipTouchGesture.java,7,7,,,,
packages/SystemUI/src/com/android/systemui/pip/phone/PipTouchHandler.java,172,172,,,,
packages/SystemUI/src/com/android/systemui/pip/phone/PipTouchState.java,63,63,,,,
packages/SystemUI/src/com/android/systemui/pip/phone/PipUtils.java,10,10,,,,
packages/SystemUI/src/com/android/systemui/pip/PipUI.java,13,13,,,,
packages/SystemUI/src/com/android/systemui/pip/tv/PipControlButtonView.java,49,49,,,,
packages/SystemUI/src/com/android/systemui/pip/tv/PipControlsView.java,74,74,,,,
packages/SystemUI/src/com/android/systemui/pip/tv/PipManager.java,188,186,,2,,
packages/SystemUI/src/com/android/systemui/pip/tv/PipMenuActivity.java,25,25,,,,
packages/SystemUI/src/com/android/systemui/pip/tv/PipNotification.java,52,52,,,,
packages/SystemUI/src/com/android/systemui/PluginInflateContainer.java,18,18,,,,
packages/SystemUI/src/com/android/systemui/plugins/PluginDependencyProvider.java,13,13,,,,
packages/SystemUI/src/com/android/systemui/plugins/PluginInstanceManager.java,134,134,,,,
packages/SystemUI/src/com/android/systemui/plugins/PluginManager.java,32,32,,,,
packages/SystemUI/src/com/android/systemui/plugins/PluginManagerImpl.java,127,127,,,,
packages/SystemUI/src/com/android/systemui/plugins/PluginPrefs.java,15,15,,,,
packages/SystemUI/src/com/android/systemui/plugins/VersionInfo.java,43,43,,,,
packages/SystemUI/src/com/android/systemui/power/EnhancedEstimates.java,5,5,,,,
packages/SystemUI/src/com/android/systemui/power/EnhancedEstimatesImpl.java,5,5,,,,
packages/SystemUI/src/com/android/systemui/power/Estimate.java,6,6,,,,
packages/SystemUI/src/com/android/systemui/power/OverheatAlarmController.java,25,,,,25,
packages/SystemUI/src/com/android/systemui/power/OverheatAlarmDialog.java,32,,,,32,
packages/SystemUI/src/com/android/systemui/power/PowerNotificationWarnings.java,158,139,,7,12,
packages/SystemUI/src/com/android/systemui/power/PowerUI.java,184,118,,29,37,
packages/SystemUI/src/com/android/systemui/Prefs.java,86,86,,,,
packages/SystemUI/src/com/android/systemui/qs/AlphaControlledSignalTileView.java,20,20,,,,
packages/SystemUI/src/com/android/systemui/qs/AutoAddTracker.java,19,19,,,,
packages/SystemUI/src/com/android/systemui/qs/AutoSizingList.java,34,34,,,,
packages/SystemUI/src/com/android/systemui/qs/car/CarQSFooter.java,30,30,,,,
packages/SystemUI/src/com/android/systemui/qs/car/CarQSFragment.java,73,73,,,,
packages/SystemUI/src/com/android/systemui/qs/car/CarStatusBarHeader.java,14,14,,,,
packages/SystemUI/src/com/android/systemui/qs/CellTileView.java,15,15,,,,
packages/SystemUI/src/com/android/systemui/qs/customize/CustomizeTileView.java,11,11,,,,
packages/SystemUI/src/com/android/systemui/qs/customize/QSCustomizer.java,95,91,,3,1,
packages/SystemUI/src/com/android/systemui/qs/customize/TileAdapter.java,181,179,,2,,
packages/SystemUI/src/com/android/systemui/qs/customize/TileQueryHelper.java,64,62,,2,,
packages/SystemUI/src/com/android/systemui/qs/DataUsageGraph.java,29,29,,,,
packages/SystemUI/src/com/android/systemui/qs/external/CustomTile.java,83,83,,,,
packages/SystemUI/src/com/android/systemui/qs/external/PackageManagerAdapter.java,17,17,,,,
packages/SystemUI/src/com/android/systemui/qs/external/QSTileServiceWrapper.java,20,20,,,,
packages/SystemUI/src/com/android/systemui/qs/external/TileColorPicker.java,13,13,,,,
packages/SystemUI/src/com/android/systemui/qs/external/TileLifecycleManager.java,106,106,,,,
packages/SystemUI/src/com/android/systemui/qs/external/TileServiceManager.java,69,69,,,,
packages/SystemUI/src/com/android/systemui/qs/external/TileServices.java,102,102,,,,
packages/SystemUI/src/com/android/systemui/qs/GlobalSetting.java,16,16,,,,
packages/SystemUI/src/com/android/systemui/qs/NonInterceptingScrollView.java,7,7,,,,
packages/SystemUI/src/com/android/systemui/qs/PagedTileLayout.java,138,128,,2,8,
packages/SystemUI/src/com/android/systemui/qs/PageIndicator.java,73,73,,,,
packages/SystemUI/src/com/android/systemui/qs/PathInterpolatorBuilder.java,59,59,,,,
packages/SystemUI/src/com/android/systemui/qs/PseudoGridView.java,71,71,,,,
packages/SystemUI/src/com/android/systemui/qs/QSAnimator.java,114,112,,2,,
packages/SystemUI/src/com/android/systemui/qs/QSContainerImpl.java,53,53,,,,
packages/SystemUI/src/com/android/systemui/qs/QSDetail.java,118,111,,6,1,
packages/SystemUI/src/com/android/systemui/qs/QSDetailClipper.java,29,29,,,,
packages/SystemUI/src/com/android/systemui/qs/QSDetailItems.java,92,92,,,,
packages/SystemUI/src/com/android/systemui/qs/QSDetailItemsList.java,25,,,,25,
packages/SystemUI/src/com/android/systemui/qs/QSDualTileLabel.java,51,51,,,,
packages/SystemUI/src/com/android/systemui/qs/QSFooter.java,20,20,,,,
packages/SystemUI/src/com/android/systemui/qs/QSFooterImpl.java,111,109,,2,,
packages/SystemUI/src/com/android/systemui/qs/QSFragment.java,108,108,,,,
packages/SystemUI/src/com/android/systemui/qs/QSHost.java,20,20,,,,
packages/SystemUI/src/com/android/systemui/qs/QSPanel.java,209,193,,12,4,
packages/SystemUI/src/com/android/systemui/qs/QSScrollLayout.java,49,49,,,,
packages/SystemUI/src/com/android/systemui/qs/QSSecurityFooter.java,131,131,,,,
packages/SystemUI/src/com/android/systemui/qs/QSTileHost.java,92,92,,,,
packages/SystemUI/src/com/android/systemui/qs/QSTileRevealController.java,24,24,,,,
packages/SystemUI/src/com/android/systemui/qs/QuickQSPanel.java,87,85,,2,,
packages/SystemUI/src/com/android/systemui/qs/QuickStatusBarHeader.java,149,139,,3,7,
packages/SystemUI/src/com/android/systemui/qs/QuickTileLayout.java,10,10,,,,
packages/SystemUI/src/com/android/systemui/qs/SecureSetting.java,24,24,,,,
packages/SystemUI/src/com/android/systemui/qs/SignalTileView.java,44,44,,,,
packages/SystemUI/src/com/android/systemui/qs/SlashDrawable.java,74,74,,,,
packages/SystemUI/src/com/android/systemui/qs/tileimpl/ButtonRelativeLayout.java,5,5,,,,
packages/SystemUI/src/com/android/systemui/qs/tileimpl/QSFactoryImpl.java,15,13,,2,,
packages/SystemUI/src/com/android/systemui/qs/tileimpl/QSIconViewImpl.java,74,74,,,,
packages/SystemUI/src/com/android/systemui/qs/tileimpl/QSTileBaseView.java,81,78,,3,,
packages/SystemUI/src/com/android/systemui/qs/tileimpl/QSTileImpl.java,173,166,,7,,
packages/SystemUI/src/com/android/systemui/qs/tileimpl/QSTileView.java,34,32,,2,,
packages/SystemUI/src/com/android/systemui/qs/tileimpl/SlashImageView.java,21,21,,,,
packages/SystemUI/src/com/android/systemui/qs/TileLayout.java,62,62,,,,
packages/SystemUI/src/com/android/systemui/qs/tiles/AdbOverNetworkTile.java,43,,,,43,
packages/SystemUI/src/com/android/systemui/qs/tiles/AirplaneModeTile.java,32,32,,,,
packages/SystemUI/src/com/android/systemui/qs/tiles/AmbientDisplayTile.java,27,,,,27,
packages/SystemUI/src/com/android/systemui/qs/tiles/BatterySaverTile.java,41,41,,,,
packages/SystemUI/src/com/android/systemui/qs/tiles/BluetoothTile.java,84,84,,,,
packages/SystemUI/src/com/android/systemui/qs/tiles/CaffeineTile.java,39,,,,39,
packages/SystemUI/src/com/android/systemui/qs/tiles/CastTile.java,70,70,,,,
packages/SystemUI/src/com/android/systemui/qs/tiles/CellularTile.java,81,78,,3,,
packages/SystemUI/src/com/android/systemui/qs/tiles/ColorInversionTile.java,26,26,,,,
packages/SystemUI/src/com/android/systemui/qs/tiles/DataSaverTile.java,19,19,,,,
packages/SystemUI/src/com/android/systemui/qs/tiles/DataUsageDetailView.java,26,21,,4,1,
packages/SystemUI/src/com/android/systemui/qs/tiles/DndTile.java,106,86,,11,9,
packages/SystemUI/src/com/android/systemui/qs/tiles/FlashlightTile.java,29,26,,2,1,
packages/SystemUI/src/com/android/systemui/qs/tiles/HeadsUpTile.java,24,,,,24,
packages/SystemUI/src/com/android/systemui/qs/tiles/HotspotTile.java,51,51,,,,
packages/SystemUI/src/com/android/systemui/qs/tiles/IntentTile.java,69,69,,,,
packages/SystemUI/src/com/android/systemui/qs/tiles/LiveDisplayTile.java,56,,,,56,
packages/SystemUI/src/com/android/systemui/qs/tiles/LocationTile.java,59,19,,4,36,
packages/SystemUI/src/com/android/systemui/qs/tiles/NfcTile.java,28,25,,2,1,
packages/SystemUI/src/com/android/systemui/qs/tiles/NightDisplayTile.java,30,30,,,,
packages/SystemUI/src/com/android/systemui/qs/tiles/ProfilesTile.java,82,,,,82,
packages/SystemUI/src/com/android/systemui/qs/tiles/ReadingModeTile.java,20,,,,20,
packages/SystemUI/src/com/android/systemui/qs/tiles/RotationLockTile.java,29,29,,,,
packages/SystemUI/src/com/android/systemui/qs/tiles/SyncTile.java,24,,,,24,
packages/SystemUI/src/com/android/systemui/qs/tiles/UsbTetherTile.java,25,,,,25,
packages/SystemUI/src/com/android/systemui/qs/tiles/UserDetailItemView.java,50,50,,,,
packages/SystemUI/src/com/android/systemui/qs/tiles/UserDetailView.java,33,33,,,,
packages/SystemUI/src/com/android/systemui/qs/tiles/UserTile.java,25,25,,,,
packages/SystemUI/src/com/android/systemui/qs/tiles/VolumeTile.java,15,,,,15,
packages/SystemUI/src/com/android/systemui/qs/tiles/WifiTile.java,103,103,,,,
packages/SystemUI/src/com/android/systemui/qs/tiles/WorkModeTile.java,19,19,,,,
packages/SystemUI/src/com/android/systemui/qs/touch/OverScroll.java,8,8,,,,
packages/SystemUI/src/com/android/systemui/qs/touch/SwipeDetector.java,112,112,,,,
packages/SystemUI/src/com/android/systemui/qs/TouchAnimator.java,110,110,,,,
packages/SystemUI/src/com/android/systemui/recents/Constants.java,6,6,,,,
packages/SystemUI/src/com/android/systemui/recents/events/activity/AppTransitionFinishedEvent.java,1,1,,,,
packages/SystemUI/src/com/android/systemui/recents/events/activity/CancelEnterRecentsWindowAnimationEvent.java,4,4,,,,
packages/SystemUI/src/com/android/systemui/recents/events/activity/ConfigurationChangedEvent.java,10,10,,,,
packages/SystemUI/src/com/android/systemui/recents/events/activity/DismissRecentsToHomeAnimationStarted.java,4,4,,,,
packages/SystemUI/src/com/android/systemui/recents/events/activity/DockedFirstAnimationFrameEvent.java,1,1,,,,
packages/SystemUI/src/com/android/systemui/recents/events/activity/DockedTopTaskEvent.java,6,6,,,,
packages/SystemUI/src/com/android/systemui/recents/events/activity/EnterRecentsWindowAnimationCompletedEvent.java,1,1,,,,
packages/SystemUI/src/com/android/systemui/recents/events/activity/EnterRecentsWindowLastAnimationFrameEvent.java,1,1,,,,
packages/SystemUI/src/com/android/systemui/recents/events/activity/ExitRecentsWindowFirstAnimationFrameEvent.java,1,1,,,,
packages/SystemUI/src/com/android/systemui/recents/events/activity/HideRecentsEvent.java,6,6,,,,
packages/SystemUI/src/com/android/systemui/recents/events/activity/HideStackActionButtonEvent.java,5,5,,,,
packages/SystemUI/src/com/android/systemui/recents/events/activity/LaunchMostRecentTaskRequestEvent.java,1,1,,,,
packages/SystemUI/src/com/android/systemui/recents/events/activity/LaunchNextTaskRequestEvent.java,1,1,,,,
packages/SystemUI/src/com/android/systemui/recents/events/activity/LaunchTaskEvent.java,19,19,,,,
packages/SystemUI/src/com/android/systemui/recents/events/activity/LaunchTaskFailedEvent.java,1,1,,,,
packages/SystemUI/src/com/android/systemui/recents/events/activity/LaunchTaskStartedEvent.java,6,6,,,,
packages/SystemUI/src/com/android/systemui/recents/events/activity/LaunchTaskSucceededEvent.java,4,4,,,,
packages/SystemUI/src/com/android/systemui/recents/events/activity/MultiWindowStateChangedEvent.java,8,8,,,,
packages/SystemUI/src/com/android/systemui/recents/events/activity/PackagesChangedEvent.java,6,6,,,,
packages/SystemUI/src/com/android/systemui/recents/events/activity/RecentsActivityStartingEvent.java,1,1,,,,
packages/SystemUI/src/com/android/systemui/recents/events/activity/ShowEmptyViewEvent.java,1,1,,,,
packages/SystemUI/src/com/android/systemui/recents/events/activity/ShowStackActionButtonEvent.java,4,4,,,,
packages/SystemUI/src/com/android/systemui/recents/events/activity/TaskStackUpdatedEvent.java,6,6,,,,
packages/SystemUI/src/com/android/systemui/recents/events/activity/ToggleRecentsEvent.java,1,1,,,,
packages/SystemUI/src/com/android/systemui/recents/events/activity/UndockingTaskEvent.java,2,2,,,,
packages/SystemUI/src/com/android/systemui/recents/events/component/ActivityPinnedEvent.java,4,4,,,,
packages/SystemUI/src/com/android/systemui/recents/events/component/ActivityUnpinnedEvent.java,1,1,,,,
packages/SystemUI/src/com/android/systemui/recents/events/component/ExpandPipEvent.java,1,1,,,,
packages/SystemUI/src/com/android/systemui/recents/events/component/HidePipMenuEvent.java,1,1,,,,
packages/SystemUI/src/com/android/systemui/recents/events/component/RecentsVisibilityChangedEvent.java,6,6,,,,
packages/SystemUI/src/com/android/systemui/recents/events/component/ScreenPinningRequestEvent.java,6,6,,,,
packages/SystemUI/src/com/android/systemui/recents/events/component/SetWaitingForTransitionStartEvent.java,4,4,,,,
packages/SystemUI/src/com/android/systemui/recents/events/component/ShowUserToastEvent.java,6,6,,,,
packages/SystemUI/src/com/android/systemui/recents/events/EventBus.java,220,220,,,,
packages/SystemUI/src/com/android/systemui/recents/events/ui/AllTaskViewsDismissedEvent.java,4,4,,,,
packages/SystemUI/src/com/android/systemui/recents/events/ui/DeleteTaskDataEvent.java,4,4,,,,
packages/SystemUI/src/com/android/systemui/recents/events/ui/DismissAllTaskViewsEvent.java,1,1,,,,
packages/SystemUI/src/com/android/systemui/recents/events/ui/DismissTaskViewEvent.java,4,4,,,,
packages/SystemUI/src/com/android/systemui/recents/events/ui/DraggingInRecentsEndedEvent.java,4,4,,,,
packages/SystemUI/src/com/android/systemui/recents/events/ui/DraggingInRecentsEvent.java,4,4,,,,
packages/SystemUI/src/com/android/systemui/recents/events/ui/dragndrop/DragDropTargetChangedEvent.java,6,6,,,,
packages/SystemUI/src/com/android/systemui/recents/events/ui/dragndrop/DragEndCancelledEvent.java,8,8,,,,
packages/SystemUI/src/com/android/systemui/recents/events/ui/dragndrop/DragEndEvent.java,8,8,,,,
packages/SystemUI/src/com/android/systemui/recents/events/ui/dragndrop/DragStartEvent.java,14,14,,,,
packages/SystemUI/src/com/android/systemui/recents/events/ui/dragndrop/DragStartInitializeDropTargetsEvent.java,8,8,,,,
packages/SystemUI/src/com/android/systemui/recents/events/ui/focus/DismissFocusedTaskViewEvent.java,1,1,,,,
packages/SystemUI/src/com/android/systemui/recents/events/ui/focus/FocusNextTaskViewEvent.java,1,1,,,,
packages/SystemUI/src/com/android/systemui/recents/events/ui/focus/FocusPreviousTaskViewEvent.java,1,1,,,,
packages/SystemUI/src/com/android/systemui/recents/events/ui/focus/NavigateTaskViewEvent.java,6,6,,,,
packages/SystemUI/src/com/android/systemui/recents/events/ui/HideIncompatibleAppOverlayEvent.java,1,1,,,,
packages/SystemUI/src/com/android/systemui/recents/events/ui/RecentsDrawnEvent.java,1,1,,,,
packages/SystemUI/src/com/android/systemui/recents/events/ui/RecentsGrowingEvent.java,1,1,,,,
packages/SystemUI/src/com/android/systemui/recents/events/ui/ShowApplicationInfoEvent.java,4,4,,,,
packages/SystemUI/src/com/android/systemui/recents/events/ui/ShowIncompatibleAppOverlayEvent.java,1,1,,,,
packages/SystemUI/src/com/android/systemui/recents/events/ui/StackViewScrolledEvent.java,5,5,,,,
packages/SystemUI/src/com/android/systemui/recents/events/ui/TaskSnapshotChangedEvent.java,6,6,,,,
packages/SystemUI/src/com/android/systemui/recents/events/ui/TaskViewDismissedEvent.java,8,8,,,,
packages/SystemUI/src/com/android/systemui/recents/events/ui/UserInteractionEvent.java,1,1,,,,
packages/SystemUI/src/com/android/systemui/recents/misc/DozeTrigger.java,20,20,,,,
packages/SystemUI/src/com/android/systemui/recents/misc/ForegroundThread.java,7,7,,,,
packages/SystemUI/src/com/android/systemui/recents/misc/FreePathInterpolator.java,40,40,,,,
packages/SystemUI/src/com/android/systemui/recents/misc/ReferenceCountedTrigger.java,32,32,,,,
packages/SystemUI/src/com/android/systemui/recents/misc/SystemServicesProxy.java,133,133,,,,
packages/SystemUI/src/com/android/systemui/recents/misc/SysUiTaskStackChangeListener.java,5,5,,,,
packages/SystemUI/src/com/android/systemui/recents/Recents.java,184,184,,,,
packages/SystemUI/src/com/android/systemui/recents/RecentsActivity.java,183,183,,,,
packages/SystemUI/src/com/android/systemui/recents/RecentsActivityLaunchState.java,12,12,,,,
packages/SystemUI/src/com/android/systemui/recents/RecentsConfiguration.java,27,27,,,,
packages/SystemUI/src/com/android/systemui/recents/RecentsDebugFlags.java,4,4,,,,
packages/SystemUI/src/com/android/systemui/recents/RecentsImpl.java,243,243,,,,
packages/SystemUI/src/com/android/systemui/recents/RecentsImplProxy.java,47,47,,,,
packages/SystemUI/src/com/android/systemui/recents/RecentsOnboarding.java,122,116,,6,,
packages/SystemUI/src/com/android/systemui/recents/RecentsSystemUser.java,29,29,,,,
packages/SystemUI/src/com/android/systemui/recents/RecentsSystemUserService.java,8,8,,,,
packages/SystemUI/src/com/android/systemui/recents/ScreenPinningRequest.java,74,67,,4,3,
packages/SystemUI/src/com/android/systemui/recents/TriangleShape.java,13,13,,,,
packages/SystemUI/src/com/android/systemui/recents/views/DockState.java,113,113,,,,
packages/SystemUI/src/com/android/systemui/recents/views/DropTarget.java,8,8,,,,
packages/SystemUI/src/com/android/systemui/recents/views/FakeShadowDrawable.java,63,63,,,,
packages/SystemUI/src/com/android/systemui/recents/views/FixedSizeFrameLayout.java,34,34,,,,
packages/SystemUI/src/com/android/systemui/recents/views/FixedSizeImageView.java,22,22,,,,
packages/SystemUI/src/com/android/systemui/recents/views/grid/AnimateableGridViewBounds.java,5,5,,,,
packages/SystemUI/src/com/android/systemui/recents/views/grid/GridTaskView.java,19,19,,,,
packages/SystemUI/src/com/android/systemui/recents/views/grid/GridTaskViewThumbnail.java,53,53,,,,
packages/SystemUI/src/com/android/systemui/recents/views/grid/TaskGridLayoutAlgorithm.java,83,76,,6,1,
packages/SystemUI/src/com/android/systemui/recents/views/grid/TaskViewFocusFrame.java,39,39,,,,
packages/SystemUI/src/com/android/systemui/recents/views/lowram/TaskStackLowRamLayoutAlgorithm.java,86,86,,,,
packages/SystemUI/src/com/android/systemui/recents/views/RecentsEntrancePathInterpolator.java,10,10,,,,
packages/SystemUI/src/com/android/systemui/recents/views/RecentsTransitionComposer.java,44,44,,,,
packages/SystemUI/src/com/android/systemui/recents/views/RecentsView.java,253,253,,,,
packages/SystemUI/src/com/android/systemui/recents/views/RecentsViewTouchHandler.java,60,60,,,,
packages/SystemUI/src/com/android/systemui/recents/views/SystemBarScrimViews.java,47,47,,,,
packages/SystemUI/src/com/android/systemui/recents/views/TaskStackAnimationHelper.java,201,201,,,,
packages/SystemUI/src/com/android/systemui/recents/views/TaskStackLayoutAlgorithm.java,356,356,,,,
packages/SystemUI/src/com/android/systemui/recents/views/TaskStackView.java,520,520,,,,
packages/SystemUI/src/com/android/systemui/recents/views/TaskStackViewScroller.java,106,106,,,,
packages/SystemUI/src/com/android/systemui/recents/views/TaskStackViewTouchHandler.java,159,159,,,,
packages/SystemUI/src/com/android/systemui/recents/views/TaskView.java,177,177,,,,
packages/SystemUI/src/com/android/systemui/recents/views/TaskViewAccessibilityDelegate.java,21,21,,,,
packages/SystemUI/src/com/android/systemui/recents/views/TaskViewHeader.java,156,156,,,,
packages/SystemUI/src/com/android/systemui/recents/views/TaskViewThumbnail.java,89,89,,,,
packages/SystemUI/src/com/android/systemui/recents/views/TaskViewTransform.java,45,45,,,,
packages/SystemUI/src/com/android/systemui/recents/views/ViewPool.java,29,29,,,,
packages/SystemUI/src/com/android/systemui/RecentsComponent.java,14,14,,,,
packages/SystemUI/src/com/android/systemui/RegionInterceptingFrameLayout.java,25,25,,,,
packages/SystemUI/src/com/android/systemui/ResizingSpace.java,24,24,,,,
packages/SystemUI/src/com/android/systemui/ScreenDecorations.java,198,131,,25,42,
packages/SystemUI/src/com/android/systemui/screenshot/GlobalScreenshot.java,278,254,,10,14,
packages/SystemUI/src/com/android/systemui/screenshot/ScreenshotSelectorView.java,20,20,,,,
packages/SystemUI/src/com/android/systemui/screenshot/ScreenshotServiceErrorReceiver.java,5,5,,,,
packages/SystemUI/src/com/android/systemui/screenshot/TakeScreenshotService.java,17,17,,,,
packages/SystemUI/src/com/android/systemui/settings/BrightnessController.java,129,123,,3,3,
packages/SystemUI/src/com/android/systemui/settings/BrightnessDialog.java,14,14,,,,
packages/SystemUI/src/com/android/systemui/settings/CurrentUserTracker.java,35,35,,,,
packages/SystemUI/src/com/android/systemui/settings/ToggleSeekBar.java,21,21,,,,
packages/SystemUI/src/com/android/systemui/settings/ToggleSlider.java,20,20,,,,
packages/SystemUI/src/com/android/systemui/settings/ToggleSliderView.java,54,54,,,,
packages/SystemUI/src/com/android/systemui/shortcut/ShortcutKeyDispatcher.java,27,27,,,,
packages/SystemUI/src/com/android/systemui/shortcut/ShortcutKeyServiceProxy.java,16,16,,,,
packages/SystemUI/src/com/android/systemui/SliceBroadcastRelayHandler.java,38,38,,,,
packages/SystemUI/src/com/android/systemui/SlicePermissionActivity.java,20,20,,,,
packages/SystemUI/src/com/android/systemui/Somnambulator.java,8,8,,,,
packages/SystemUI/src/com/android/systemui/stackdivider/Divider.java,61,61,,,,
packages/SystemUI/src/com/android/systemui/stackdivider/DividerHandleView.java,44,44,,,,
packages/SystemUI/src/com/android/systemui/stackdivider/DividerState.java,4,4,,,,
packages/SystemUI/src/com/android/systemui/stackdivider/DividerView.java,320,318,,2,,
packages/SystemUI/src/com/android/systemui/stackdivider/DividerWindowManager.java,18,18,,,,
packages/SystemUI/src/com/android/systemui/stackdivider/events/StartedDragingEvent.java,1,1,,,,
packages/SystemUI/src/com/android/systemui/stackdivider/events/StoppedDragingEvent.java,1,1,,,,
packages/SystemUI/src/com/android/systemui/stackdivider/ForcedResizableInfoActivity.java,22,22,,,,
packages/SystemUI/src/com/android/systemui/stackdivider/ForcedResizableInfoActivityController.java,49,49,,,,
packages/SystemUI/src/com/android/systemui/stackdivider/MinimizedDockShadow.java,26,26,,,,
packages/SystemUI/src/com/android/systemui/stackdivider/WindowManagerProxy.java,61,61,,,,
packages/SystemUI/src/com/android/systemui/statusbar/Abortable.java,2,2,,,,
packages/SystemUI/src/com/android/systemui/statusbar/ActivatableNotificationView.java,289,289,,,,
packages/SystemUI/src/com/android/systemui/statusbar/AlphaImageView.java,16,16,,,,
packages/SystemUI/src/com/android/systemui/statusbar/AlphaOptimizedButton.java,16,16,,,,
packages/SystemUI/src/com/android/systemui/statusbar/AlphaOptimizedFrameLayout.java,16,16,,,,
packages/SystemUI/src/com/android/systemui/statusbar/AlphaOptimizedImageView.java,16,16,,,,
packages/SystemUI/src/com/android/systemui/statusbar/AlphaOptimizedTextView.java,16,16,,,,
packages/SystemUI/src/com/android/systemui/statusbar/AlphaOptimizedView.java,16,16,,,,
packages/SystemUI/src/com/android/systemui/statusbar/AnimatedImageView.java,26,26,,,,
packages/SystemUI/src/com/android/systemui/statusbar/AppOpsInfo.java,56,56,,,,
packages/SystemUI/src/com/android/systemui/statusbar/AppOpsListener.java,19,19,,,,
packages/SystemUI/src/com/android/systemui/statusbar/BackDropView.java,22,22,,,,
packages/SystemUI/src/com/android/systemui/statusbar/car/CarBatteryController.java,64,64,,,,
packages/SystemUI/src/com/android/systemui/statusbar/car/CarFacetButton.java,43,43,,,,
packages/SystemUI/src/com/android/systemui/statusbar/car/CarFacetButtonController.java,37,37,,,,
packages/SystemUI/src/com/android/systemui/statusbar/car/CarNavigationBarView.java,18,18,,,,
packages/SystemUI/src/com/android/systemui/statusbar/car/CarNavigationButton.java,24,24,,,,
packages/SystemUI/src/com/android/systemui/statusbar/car/CarStatusBar.java,77,72,,5,,
packages/SystemUI/src/com/android/systemui/statusbar/car/CarStatusBarKeyguardViewManager.java,10,10,,,,
packages/SystemUI/src/com/android/systemui/statusbar/car/ConnectedDeviceSignalController.java,50,50,,,,
packages/SystemUI/src/com/android/systemui/statusbar/car/FullscreenUserSwitcher.java,35,35,,,,
packages/SystemUI/src/com/android/systemui/statusbar/car/hvac/HvacController.java,60,60,,,,
packages/SystemUI/src/com/android/systemui/statusbar/car/hvac/TemperatureTextView.java,14,14,,,,
packages/SystemUI/src/com/android/systemui/statusbar/car/hvac/TemperatureView.java,5,5,,,,
packages/SystemUI/src/com/android/systemui/statusbar/car/UserGridRecyclerView.java,83,83,,,,
packages/SystemUI/src/com/android/systemui/statusbar/CommandQueue.java,329,313,,6,10,
packages/SystemUI/src/com/android/systemui/statusbar/CrossFadeHelper.java,40,40,,,,
packages/SystemUI/src/com/android/systemui/statusbar/DragDownHelper.java,69,69,,,,
packages/SystemUI/src/com/android/systemui/statusbar/EmptyShadeView.java,23,23,,,,
packages/SystemUI/src/com/android/systemui/statusbar/ExpandableNotificationRow.java,758,747,,6,5,
packages/SystemUI/src/com/android/systemui/statusbar/ExpandableOutlineView.java,133,127,,5,1,
packages/SystemUI/src/com/android/systemui/statusbar/ExpandableView.java,184,174,,2,8,
packages/SystemUI/src/com/android/systemui/statusbar/FlingAnimationUtils.java,131,131,,,,
packages/SystemUI/src/com/android/systemui/statusbar/FooterView.java,29,29,,,,
packages/SystemUI/src/com/android/systemui/statusbar/FooterViewButton.java,19,19,,,,
packages/SystemUI/src/com/android/systemui/statusbar/ForegroundServiceLifetimeExtender.java,19,19,,,,
packages/SystemUI/src/com/android/systemui/statusbar/GestureRecorder.java,79,79,,,,
packages/SystemUI/src/com/android/systemui/statusbar/HeadsUpStatusBarView.java,96,83,,2,11,
packages/SystemUI/src/com/android/systemui/statusbar/InflationTask.java,4,4,,,,
packages/SystemUI/src/com/android/systemui/statusbar/KeyboardShortcutAppItemLayout.java,15,15,,,,
packages/SystemUI/src/com/android/systemui/statusbar/KeyboardShortcutKeysLayout.java,71,71,,,,
packages/SystemUI/src/com/android/systemui/statusbar/KeyboardShortcuts.java,146,146,,,,
packages/SystemUI/src/com/android/systemui/statusbar/KeyboardShortcutsReceiver.java,4,4,,,,
packages/SystemUI/src/com/android/systemui/statusbar/KeyguardAffordanceView.java,193,193,,,,
packages/SystemUI/src/com/android/systemui/statusbar/KeyguardIndicationController.java,141,139,,2,,
packages/SystemUI/src/com/android/systemui/statusbar/LineageStatusBarItemHolder.java,43,,,,43,
packages/SystemUI/src/com/android/systemui/statusbar/NeutralGoodDrawable.java,17,17,,,,
packages/SystemUI/src/com/android/systemui/statusbar/notification/AboveShelfChangedListener.java,3,3,,,,
packages/SystemUI/src/com/android/systemui/statusbar/notification/AboveShelfObserver.java,18,18,,,,
packages/SystemUI/src/com/android/systemui/statusbar/notification/ActionListTransformState.java,15,15,,,,
packages/SystemUI/src/com/android/systemui/statusbar/notification/ActivityLaunchAnimator.java,94,91,,2,1,
packages/SystemUI/src/com/android/systemui/statusbar/notification/AnimatableProperty.java,36,36,,,,
packages/SystemUI/src/com/android/systemui/statusbar/notification/CustomInterpolatorTransformation.java,17,17,,,,
packages/SystemUI/src/com/android/systemui/statusbar/notification/FakeShadowView.java,28,28,,,,
packages/SystemUI/src/com/android/systemui/statusbar/notification/HybridGroupManager.java,63,63,,,,
packages/SystemUI/src/com/android/systemui/statusbar/notification/HybridNotificationView.java,52,52,,,,
packages/SystemUI/src/com/android/systemui/statusbar/notification/ImageGradientColorizer.java,28,28,,,,
packages/SystemUI/src/com/android/systemui/statusbar/notification/ImageTransformState.java,25,25,,,,
packages/SystemUI/src/com/android/systemui/statusbar/notification/InflationException.java,3,3,,,,
packages/SystemUI/src/com/android/systemui/statusbar/notification/MediaNotificationProcessor.java,80,80,,,,
packages/SystemUI/src/com/android/systemui/statusbar/notification/MessagingImageTransformState.java,35,35,,,,
packages/SystemUI/src/com/android/systemui/statusbar/notification/MessagingLayoutTransformState.java,136,136,,,,
packages/SystemUI/src/com/android/systemui/statusbar/notification/NotificationBigPictureTemplateViewWrapper.java,11,11,,,,
packages/SystemUI/src/com/android/systemui/statusbar/notification/NotificationBigTextTemplateViewWrapper.java,11,11,,,,
packages/SystemUI/src/com/android/systemui/statusbar/notification/NotificationCounters.java,8,8,,,,
packages/SystemUI/src/com/android/systemui/statusbar/notification/NotificationCustomViewWrapper.java,17,17,,,,
packages/SystemUI/src/com/android/systemui/statusbar/notification/NotificationDozeHelper.java,42,42,,,,
packages/SystemUI/src/com/android/systemui/statusbar/notification/NotificationHeaderViewWrapper.java,65,63,,2,,
packages/SystemUI/src/com/android/systemui/statusbar/notification/NotificationIconDozeHelper.java,36,36,,,,
packages/SystemUI/src/com/android/systemui/statusbar/notification/NotificationInflater.java,248,248,,,,
packages/SystemUI/src/com/android/systemui/statusbar/notification/NotificationMediaTemplateViewWrapper.java,14,14,,,,
packages/SystemUI/src/com/android/systemui/statusbar/notification/NotificationMessagingTemplateViewWrapper.java,15,15,,,,
packages/SystemUI/src/com/android/systemui/statusbar/notification/NotificationTemplateViewWrapper.java,97,97,,,,
packages/SystemUI/src/com/android/systemui/statusbar/notification/NotificationUtils.java,24,24,,,,
packages/SystemUI/src/com/android/systemui/statusbar/notification/NotificationViewWrapper.java,60,60,,,,
packages/SystemUI/src/com/android/systemui/statusbar/notification/ProgressTransformState.java,7,7,,,,
packages/SystemUI/src/com/android/systemui/statusbar/notification/PropertyAnimator.java,37,37,,,,
packages/SystemUI/src/com/android/systemui/statusbar/notification/RowInflaterTask.java,22,22,,,,
packages/SystemUI/src/com/android/systemui/statusbar/notification/TextViewTransformState.java,38,38,,,,
packages/SystemUI/src/com/android/systemui/statusbar/notification/TransformState.java,180,180,,,,
packages/SystemUI/src/com/android/systemui/statusbar/notification/VisibilityLocationProvider.java,3,3,,,,
packages/SystemUI/src/com/android/systemui/statusbar/notification/VisualStabilityManager.java,39,39,,,,
packages/SystemUI/src/com/android/systemui/statusbar/NotificationBackgroundView.java,77,77,,,,
packages/SystemUI/src/com/android/systemui/statusbar/NotificationBlockingHelperManager.java,21,21,,,,
packages/SystemUI/src/com/android/systemui/statusbar/NotificationContentView.java,415,415,,,,
packages/SystemUI/src/com/android/systemui/statusbar/NotificationData.java,239,239,,,,
packages/SystemUI/src/com/android/systemui/statusbar/NotificationEntryManager.java,296,287,,5,4,
packages/SystemUI/src/com/android/systemui/statusbar/NotificationGuts.java,132,132,,,,
packages/SystemUI/src/com/android/systemui/statusbar/NotificationGutsManager.java,114,114,,,,
packages/SystemUI/src/com/android/systemui/statusbar/NotificationHeaderUtil.java,159,159,,,,
packages/SystemUI/src/com/android/systemui/statusbar/NotificationInfo.java,156,151,,3,2,
packages/SystemUI/src/com/android/systemui/statusbar/NotificationLifetimeExtender.java,13,13,,,,
packages/SystemUI/src/com/android/systemui/statusbar/NotificationListContainer.java,49,49,,,,
packages/SystemUI/src/com/android/systemui/statusbar/NotificationListener.java,28,28,,,,
packages/SystemUI/src/com/android/systemui/statusbar/NotificationLockscreenUserManager.java,119,112,,7,,
packages/SystemUI/src/com/android/systemui/statusbar/NotificationLogger.java,61,61,,,,
packages/SystemUI/src/com/android/systemui/statusbar/NotificationMediaManager.java,58,51,,5,2,
packages/SystemUI/src/com/android/systemui/statusbar/NotificationMenuRow.java,208,208,,,,
packages/SystemUI/src/com/android/systemui/statusbar/NotificationPresenter.java,25,25,,,,
packages/SystemUI/src/com/android/systemui/statusbar/NotificationRemoteInputManager.java,112,112,,,,
packages/SystemUI/src/com/android/systemui/statusbar/NotificationShelf.java,267,265,,2,,
packages/SystemUI/src/com/android/systemui/statusbar/NotificationSnooze.java,147,147,,,,
packages/SystemUI/src/com/android/systemui/statusbar/NotificationUpdateHandler.java,12,12,,,,
packages/SystemUI/src/com/android/systemui/statusbar/NotificationViewHierarchyManager.java,78,78,,,,
packages/SystemUI/src/com/android/systemui/statusbar/OperatorNameView.java,43,43,,,,
packages/SystemUI/src/com/android/systemui/statusbar/phone/AppButtonData.java,12,12,,,,
packages/SystemUI/src/com/android/systemui/statusbar/phone/AppIconDragShadowBuilder.java,12,12,,,,
packages/SystemUI/src/com/android/systemui/statusbar/phone/AppInfo.java,11,11,,,,
packages/SystemUI/src/com/android/systemui/statusbar/phone/AutoTileManager.java,44,44,,,,
packages/SystemUI/src/com/android/systemui/statusbar/phone/BarTransitions.java,88,88,,,,
packages/SystemUI/src/com/android/systemui/statusbar/phone/BounceInterpolator.java,6,6,,,,
packages/SystemUI/src/com/android/systemui/statusbar/phone/ButtonDispatcher.java,98,98,,,,
packages/SystemUI/src/com/android/systemui/statusbar/phone/ClockController.java,23,,,,23,
packages/SystemUI/src/com/android/systemui/statusbar/phone/CollapsedStatusBarFragment.java,87,67,,10,10,
packages/SystemUI/src/com/android/systemui/statusbar/phone/ConfigurationControllerImpl.java,22,22,,,,
packages/SystemUI/src/com/android/systemui/statusbar/phone/DarkIconDispatcherImpl.java,28,28,,,,
packages/SystemUI/src/com/android/systemui/statusbar/phone/DemoStatusIcons.java,79,79,,,,
packages/SystemUI/src/com/android/systemui/statusbar/phone/DoubleTapHelper.java,47,47,,,,
packages/SystemUI/src/com/android/systemui/statusbar/phone/DozeParameters.java,74,74,,,,
packages/SystemUI/src/com/android/systemui/statusbar/phone/DozeScrimController.java,39,39,,,,
packages/SystemUI/src/com/android/systemui/statusbar/phone/ExpandableIndicator.java,19,19,,,,
packages/SystemUI/src/com/android/systemui/statusbar/phone/FingerprintUnlockController.java,87,82,,2,3,
packages/SystemUI/src/com/android/systemui/statusbar/phone/HeadsUpAppearanceController.java,112,60,,10,42,
packages/SystemUI/src/com/android/systemui/statusbar/phone/HeadsUpManagerPhone.java,127,114,,6,7,
packages/SystemUI/src/com/android/systemui/statusbar/phone/HeadsUpTouchHelper.java,37,37,,,,
packages/SystemUI/src/com/android/systemui/statusbar/phone/KeyguardAffordanceHelper.java,216,216,,,,
packages/SystemUI/src/com/android/systemui/statusbar/phone/KeyguardBottomAreaView.java,255,195,,38,22,
packages/SystemUI/src/com/android/systemui/statusbar/phone/KeyguardBouncer.java,107,92,,9,6,
packages/SystemUI/src/com/android/systemui/statusbar/phone/KeyguardClockPositionAlgorithm.java,66,66,,,,
packages/SystemUI/src/com/android/systemui/statusbar/phone/KeyguardDismissHandler.java,3,3,,,,
packages/SystemUI/src/com/android/systemui/statusbar/phone/KeyguardDismissUtil.java,8,8,,,,
packages/SystemUI/src/com/android/systemui/statusbar/phone/KeyguardIndicationTextView.java,19,19,,,,
packages/SystemUI/src/com/android/systemui/statusbar/phone/KeyguardPreviewContainer.java,15,15,,,,
packages/SystemUI/src/com/android/systemui/statusbar/phone/KeyguardStatusBarView.java,96,96,,,,
packages/SystemUI/src/com/android/systemui/statusbar/phone/LightBarController.java,82,82,,,,
packages/SystemUI/src/com/android/systemui/statusbar/phone/LightBarTransitionsController.java,54,54,,,,
packages/SystemUI/src/com/android/systemui/statusbar/phone/LockIcon.java,92,87,,3,2,
packages/SystemUI/src/com/android/systemui/statusbar/phone/LockscreenGestureLogger.java,18,18,,,,
packages/SystemUI/src/com/android/systemui/statusbar/phone/LockscreenWallpaper.java,84,84,,,,
packages/SystemUI/src/com/android/systemui/statusbar/phone/ManagedProfileController.java,8,8,,,,
packages/SystemUI/src/com/android/systemui/statusbar/phone/ManagedProfileControllerImpl.java,34,34,,,,
packages/SystemUI/src/com/android/systemui/statusbar/phone/MultiUserSwitch.java,44,44,,,,
packages/SystemUI/src/com/android/systemui/statusbar/phone/NavigationBarFragment.java,278,271,,5,2,
packages/SystemUI/src/com/android/systemui/statusbar/phone/NavigationBarFrame.java,15,15,,,,
packages/SystemUI/src/com/android/systemui/statusbar/phone/NavigationBarGestureHelper.java,79,77,,2,,
packages/SystemUI/src/com/android/systemui/statusbar/phone/NavigationBarInflaterView.java,161,151,,4,6,
packages/SystemUI/src/com/android/systemui/statusbar/phone/NavigationBarTransitions.java,51,51,,,,
packages/SystemUI/src/com/android/systemui/statusbar/phone/NavigationBarView.java,361,344,,7,10,
packages/SystemUI/src/com/android/systemui/statusbar/phone/NearestTouchFrame.java,40,40,,,,
packages/SystemUI/src/com/android/systemui/statusbar/phone/NoisyVelocityTracker.java,35,35,,,,
packages/SystemUI/src/com/android/systemui/statusbar/phone/NotificationGroupManager.java,184,184,,,,
packages/SystemUI/src/com/android/systemui/statusbar/phone/NotificationIconAreaController.java,107,94,,3,10,
packages/SystemUI/src/com/android/systemui/statusbar/phone/NotificationIconContainer.java,230,225,,5,,
packages/SystemUI/src/com/android/systemui/statusbar/phone/NotificationListenerWithPlugins.java,39,39,,,,
packages/SystemUI/src/com/android/systemui/statusbar/phone/NotificationPanelView.java,688,631,,28,29,
packages/SystemUI/src/com/android/systemui/statusbar/phone/NotificationsQuickSettingsContainer.java,54,54,,,,
packages/SystemUI/src/com/android/systemui/statusbar/phone/ObservableScrollView.java,60,60,,,,
packages/SystemUI/src/com/android/systemui/statusbar/phone/PanelBar.java,66,54,,3,9,
packages/SystemUI/src/com/android/systemui/statusbar/phone/PanelView.java,310,310,,,,
packages/SystemUI/src/com/android/systemui/statusbar/phone/PhoneStatusBarPolicy.java,212,197,,7,8,
packages/SystemUI/src/com/android/systemui/statusbar/phone/PhoneStatusBarTransitions.java,35,30,,3,2,
packages/SystemUI/src/com/android/systemui/statusbar/phone/PhoneStatusBarView.java,81,78,,3,,
packages/SystemUI/src/com/android/systemui/statusbar/phone/PlatformVelocityTracker.java,14,14,,,,
packages/SystemUI/src/com/android/systemui/statusbar/phone/QuickStepController.java,138,119,,9,10,
packages/SystemUI/src/com/android/systemui/statusbar/phone/ReverseLinearLayout.java,48,48,,,,
packages/SystemUI/src/com/android/systemui/statusbar/phone/ScreenPinningNotify.java,19,13,,3,3,
packages/SystemUI/src/com/android/systemui/statusbar/phone/ScrimController.java,221,200,,7,14,
packages/SystemUI/src/com/android/systemui/statusbar/phone/ScrimState.java,78,61,,7,10,
packages/SystemUI/src/com/android/systemui/statusbar/phone/SettingsButton.java,44,44,,,,
packages/SystemUI/src/com/android/systemui/statusbar/phone/ShadowKeyDrawable.java,56,56,,,,
packages/SystemUI/src/com/android/systemui/statusbar/phone/StatusBar.java,1229,1112,,35,82,
packages/SystemUI/src/com/android/systemui/statusbar/phone/StatusBarIconController.java,163,163,,,,
packages/SystemUI/src/com/android/systemui/statusbar/phone/StatusBarIconControllerImpl.java,114,111,,3,,
packages/SystemUI/src/com/android/systemui/statusbar/phone/StatusBarIconHolder.java,36,36,,,,
packages/SystemUI/src/com/android/systemui/statusbar/phone/StatusBarIconList.java,75,71,,2,2,
packages/SystemUI/src/com/android/systemui/statusbar/phone/StatusBarKeyguardViewManager.java,196,186,,7,3,
packages/SystemUI/src/com/android/systemui/statusbar/phone/StatusBarSignalPolicy.java,157,135,,13,9,
packages/SystemUI/src/com/android/systemui/statusbar/phone/StatusBarWindowManager.java,164,139,,6,19,
packages/SystemUI/src/com/android/systemui/statusbar/phone/StatusBarWindowView.java,261,232,,6,23,
packages/SystemUI/src/com/android/systemui/statusbar/phone/StatusIconContainer.java,114,114,,,,
packages/SystemUI/src/com/android/systemui/statusbar/phone/SystemUIDialog.java,43,43,,,,
packages/SystemUI/src/com/android/systemui/statusbar/phone/TrustDrawable.java,87,87,,,,
packages/SystemUI/src/com/android/systemui/statusbar/phone/UnlockMethodCache.java,55,55,,,,
packages/SystemUI/src/com/android/systemui/statusbar/phone/UserAvatarView.java,44,44,,,,
packages/SystemUI/src/com/android/systemui/statusbar/phone/VelocityTrackerFactory.java,6,6,,,,
packages/SystemUI/src/com/android/systemui/statusbar/phone/VelocityTrackerInterface.java,8,8,,,,
packages/SystemUI/src/com/android/systemui/statusbar/policy/AccessibilityContentDescriptions.java,7,7,,,,
packages/SystemUI/src/com/android/systemui/statusbar/policy/AccessibilityController.java,28,28,,,,
packages/SystemUI/src/com/android/systemui/statusbar/policy/AccessibilityManagerWrapper.java,17,17,,,,
packages/SystemUI/src/com/android/systemui/statusbar/policy/AccessPointControllerImpl.java,44,44,,,,
packages/SystemUI/src/com/android/systemui/statusbar/policy/BatteryController.java,16,16,,,,
packages/SystemUI/src/com/android/systemui/statusbar/policy/BatteryControllerImpl.java,64,64,,,,
packages/SystemUI/src/com/android/systemui/statusbar/policy/BluetoothController.java,24,24,,,,
packages/SystemUI/src/com/android/systemui/statusbar/policy/BluetoothControllerImpl.java,102,102,,,,
packages/SystemUI/src/com/android/systemui/statusbar/policy/BrightnessMirrorController.java,35,35,,,,
packages/SystemUI/src/com/android/systemui/statusbar/policy/CallbackController.java,5,5,,,,
packages/SystemUI/src/com/android/systemui/statusbar/policy/CallbackHandler.java,68,68,,,,
packages/SystemUI/src/com/android/systemui/statusbar/policy/CastController.java,21,21,,,,
packages/SystemUI/src/com/android/systemui/statusbar/policy/CastControllerImpl.java,95,95,,,,
packages/SystemUI/src/com/android/systemui/statusbar/policy/Clock.java,120,99,,7,14,
packages/SystemUI/src/com/android/systemui/statusbar/policy/ConfigurationController.java,7,7,,,,
packages/SystemUI/src/com/android/systemui/statusbar/policy/DarkIconDispatcher.java,39,39,,,,
packages/SystemUI/src/com/android/systemui/statusbar/policy/DataSaverController.java,7,7,,,,
packages/SystemUI/src/com/android/systemui/statusbar/policy/DataSaverControllerImpl.java,23,23,,,,
packages/SystemUI/src/com/android/systemui/statusbar/policy/DateView.java,25,25,,,,
packages/SystemUI/src/com/android/systemui/statusbar/policy/DeadZone.java,49,49,,,,
packages/SystemUI/src/com/android/systemui/statusbar/policy/DeviceProvisionedController.java,10,10,,,,
packages/SystemUI/src/com/android/systemui/statusbar/policy/DeviceProvisionedControllerImpl.java,33,33,,,,
packages/SystemUI/src/com/android/systemui/statusbar/policy/EmergencyCryptkeeperText.java,29,29,,,,
packages/SystemUI/src/com/android/systemui/statusbar/policy/EncryptionHelper.java,4,4,,,,
packages/SystemUI/src/com/android/systemui/statusbar/policy/EthernetIcons.java,2,2,,,,
packages/SystemUI/src/com/android/systemui/statusbar/policy/EthernetSignalController.java,13,13,,,,
packages/SystemUI/src/com/android/systemui/statusbar/policy/ExtensionController.java,42,42,,,,
packages/SystemUI/src/com/android/systemui/statusbar/policy/ExtensionControllerImpl.java,131,131,,,,
packages/SystemUI/src/com/android/systemui/statusbar/policy/FlashlightController.java,12,12,,,,
packages/SystemUI/src/com/android/systemui/statusbar/policy/FlashlightControllerImpl.java,69,69,,,,
packages/SystemUI/src/com/android/systemui/statusbar/policy/HeadsUpManager.java,158,158,,,,
packages/SystemUI/src/com/android/systemui/statusbar/policy/HeadsUpUtil.java,8,8,,,,
packages/SystemUI/src/com/android/systemui/statusbar/policy/HotspotController.java,11,11,,,,
packages/SystemUI/src/com/android/systemui/statusbar/policy/HotspotControllerImpl.java,40,27,,9,4,
packages/SystemUI/src/com/android/systemui/statusbar/policy/IconLogger.java,8,8,,,,
packages/SystemUI/src/com/android/systemui/statusbar/policy/IconLoggerImpl.java,27,27,,,,
packages/SystemUI/src/com/android/systemui/statusbar/policy/KeyButtonDrawable.java,21,21,,,,
packages/SystemUI/src/com/android/systemui/statusbar/policy/KeyButtonRipple.java,110,110,,,,
packages/SystemUI/src/com/android/systemui/statusbar/policy/KeyButtonView.java,85,72,,8,5,
packages/SystemUI/src/com/android/systemui/statusbar/policy/KeyguardMonitor.java,11,11,,,,
packages/SystemUI/src/com/android/systemui/statusbar/policy/KeyguardMonitorImpl.java,47,47,,,,
packages/SystemUI/src/com/android/systemui/statusbar/policy/KeyguardUserSwitcher.java,84,84,,,,
packages/SystemUI/src/com/android/systemui/statusbar/policy/KeyguardUserSwitcherScrim.java,35,35,,,,
packages/SystemUI/src/com/android/systemui/statusbar/policy/Listenable.java,3,3,,,,
packages/SystemUI/src/com/android/systemui/statusbar/policy/LocationController.java,13,9,,1,3,
packages/SystemUI/src/com/android/systemui/statusbar/policy/LocationControllerImpl.java,55,47,,1,7,
packages/SystemUI/src/com/android/systemui/statusbar/policy/MobileSignalController.java,145,142,,3,,
packages/SystemUI/src/com/android/systemui/statusbar/policy/NetworkController.java,84,84,,,,
packages/SystemUI/src/com/android/systemui/statusbar/policy/NetworkControllerImpl.java,258,258,,,,
packages/SystemUI/src/com/android/systemui/statusbar/policy/NextAlarmController.java,4,4,,,,
packages/SystemUI/src/com/android/systemui/statusbar/policy/NextAlarmControllerImpl.java,23,23,,,,
packages/SystemUI/src/com/android/systemui/statusbar/policy/OnHeadsUpChangedListener.java,10,10,,,,
packages/SystemUI/src/com/android/systemui/statusbar/policy/PreviewInflater.java,61,61,,,,
packages/SystemUI/src/com/android/systemui/statusbar/policy/RemoteInputQuickSettingsDisabler.java,15,15,,,,
packages/SystemUI/src/com/android/systemui/statusbar/policy/RemoteInputView.java,159,159,,,,
packages/SystemUI/src/com/android/systemui/statusbar/policy/RotationLockController.java,13,13,,,,
packages/SystemUI/src/com/android/systemui/statusbar/policy/RotationLockControllerImpl.java,26,26,,,,
packages/SystemUI/src/com/android/systemui/statusbar/policy/ScrollAdapter.java,4,4,,,,
packages/SystemUI/src/com/android/systemui/statusbar/policy/SecurityController.java,20,20,,,,
packages/SystemUI/src/com/android/systemui/statusbar/policy/SecurityControllerImpl.java,109,109,,,,
packages/SystemUI/src/com/android/systemui/statusbar/policy/SignalController.java,85,85,,,,
packages/SystemUI/src/com/android/systemui/statusbar/policy/SmartReplyConstants.java,25,25,,,,
packages/SystemUI/src/com/android/systemui/statusbar/policy/SmartReplyView.java,203,203,,,,
packages/SystemUI/src/com/android/systemui/statusbar/policy/SplitClockView.java,29,29,,,,
packages/SystemUI/src/com/android/systemui/statusbar/policy/SuController.java,9,,,,9,
packages/SystemUI/src/com/android/systemui/statusbar/policy/SuControllerImpl.java,28,,,,28,
packages/SystemUI/src/com/android/systemui/statusbar/policy/TelephonyIcons.java,26,26,,,,
packages/SystemUI/src/com/android/systemui/statusbar/policy/TintedKeyButtonDrawable.java,24,24,,,,
packages/SystemUI/src/com/android/systemui/statusbar/policy/UserInfoController.java,7,7,,,,
packages/SystemUI/src/com/android/systemui/statusbar/policy/UserInfoControllerImpl.java,69,69,,,,
packages/SystemUI/src/com/android/systemui/statusbar/policy/UserSwitcherController.java,242,242,,,,
packages/SystemUI/src/com/android/systemui/statusbar/policy/WifiIcons.java,6,6,,,,
packages/SystemUI/src/com/android/systemui/statusbar/policy/WifiSignalController.java,45,43,,2,,
packages/SystemUI/src/com/android/systemui/statusbar/policy/ZenModeController.java,29,27,,1,1,
packages/SystemUI/src/com/android/systemui/statusbar/policy/ZenModeControllerImpl.java,80,77,,2,1,
packages/SystemUI/src/com/android/systemui/statusbar/RemoteInputController.java,82,82,,,,
packages/SystemUI/src/com/android/systemui/statusbar/ScalingDrawableWrapper.java,7,7,,,,
packages/SystemUI/src/com/android/systemui/statusbar/ScrimView.java,94,94,,,,
packages/SystemUI/src/com/android/systemui/statusbar/SignalClusterView.java,204,204,,,,
packages/SystemUI/src/com/android/systemui/statusbar/SmartReplyController.java,19,19,,,,
packages/SystemUI/src/com/android/systemui/statusbar/stack/AmbientState.java,164,164,,,,
packages/SystemUI/src/com/android/systemui/statusbar/stack/AnimationFilter.java,45,43,,2,,
packages/SystemUI/src/com/android/systemui/statusbar/stack/AnimationProperties.java,28,28,,,,
packages/SystemUI/src/com/android/systemui/statusbar/stack/ExpandableViewState.java,116,116,,,,
packages/SystemUI/src/com/android/systemui/statusbar/stack/HeadsUpAppearInterpolator.java,10,10,,,,
packages/SystemUI/src/com/android/systemui/statusbar/stack/NotificationChildrenContainer.java,365,361,,3,1,
packages/SystemUI/src/com/android/systemui/statusbar/stack/NotificationRoundnessManager.java,41,41,,,,
packages/SystemUI/src/com/android/systemui/statusbar/stack/NotificationStackScrollLayout.java,1390,1341,,28,21,
packages/SystemUI/src/com/android/systemui/statusbar/stack/StackScrollAlgorithm.java,207,205,,2,,
packages/SystemUI/src/com/android/systemui/statusbar/stack/StackScrollState.java,26,26,,,,
packages/SystemUI/src/com/android/systemui/statusbar/stack/StackStateAnimator.java,163,159,,2,2,
packages/SystemUI/src/com/android/systemui/statusbar/stack/ViewState.java,190,190,,,,
packages/SystemUI/src/com/android/systemui/statusbar/StackScrollerDecorView.java,58,58,,,,
packages/SystemUI/src/com/android/systemui/statusbar/StatusBarIconContainer.java,4,4,,,,
packages/SystemUI/src/com/android/systemui/statusbar/StatusBarIconView.java,266,266,,,,
packages/SystemUI/src/com/android/systemui/statusbar/StatusBarMobileView.java,67,63,,4,,
packages/SystemUI/src/com/android/systemui/statusbar/StatusBarState.java,7,7,,,,
packages/SystemUI/src/com/android/systemui/statusbar/StatusBarWifiView.java,70,70,,,,
packages/SystemUI/src/com/android/systemui/statusbar/StatusIconDisplayable.java,11,11,,,,
packages/SystemUI/src/com/android/systemui/statusbar/TransformableView.java,22,22,,,,
packages/SystemUI/src/com/android/systemui/statusbar/tv/TvStatusBar.java,11,11,,,,
packages/SystemUI/src/com/android/systemui/statusbar/UserUtil.java,15,15,,,,
packages/SystemUI/src/com/android/systemui/statusbar/VibratorHelper.java,14,14,,,,
packages/SystemUI/src/com/android/systemui/statusbar/ViewTransformationHelper.java,93,93,,,,
packages/SystemUI/src/com/android/systemui/statusbar/VisualizerView.java,97,,,,97,
packages/SystemUI/src/com/android/systemui/SwipeHelper.java,248,248,,,,
packages/SystemUI/src/com/android/systemui/SystemBars.java,18,18,,,,
packages/SystemUI/src/com/android/systemui/SystemUI.java,22,22,,,,
packages/SystemUI/src/com/android/systemui/SystemUIApplication.java,52,52,,,,
packages/SystemUI/src/com/android/systemui/SystemUIFactory.java,43,43,,,,
packages/SystemUI/src/com/android/systemui/SystemUISecondaryUserService.java,13,13,,,,
packages/SystemUI/src/com/android/systemui/SystemUIService.java,16,14,,2,,
packages/SystemUI/src/com/android/systemui/SysuiRestartReceiver.java,6,6,,,,
packages/SystemUI/src/com/android/systemui/SysUiServiceProvider.java,6,6,,,,
packages/SystemUI/src/com/android/systemui/SysUIToast.java,10,10,,,,
packages/SystemUI/src/com/android/systemui/tuner/AutoScrollView.java,10,10,,,,
packages/SystemUI/src/com/android/systemui/tuner/BatteryPreference.java,20,20,,,,
packages/SystemUI/src/com/android/systemui/tuner/BetterListPreference.java,8,8,,,,
packages/SystemUI/src/com/android/systemui/tuner/ClipboardView.java,19,19,,,,
packages/SystemUI/src/com/android/systemui/tuner/ClockPreference.java,21,19,,2,,
packages/SystemUI/src/com/android/systemui/tuner/CustomListPreference.java,59,59,,,,
packages/SystemUI/src/com/android/systemui/tuner/DemoModeFragment.java,40,40,,,,
packages/SystemUI/src/com/android/systemui/tuner/LockscreenFragment.java,150,114,,19,17,
packages/SystemUI/src/com/android/systemui/tuner/NavBarTuner.java,68,68,,,,
packages/SystemUI/src/com/android/systemui/tuner/OtherPrefs.java,4,4,,,,
packages/SystemUI/src/com/android/systemui/tuner/PluginFragment.java,59,59,,,,
packages/SystemUI/src/com/android/systemui/tuner/PowerNotificationControlsFragment.java,22,22,,,,
packages/SystemUI/src/com/android/systemui/tuner/PreviewNavInflater.java,15,15,,,,
packages/SystemUI/src/com/android/systemui/tuner/RadioListPreference.java,46,46,,,,
packages/SystemUI/src/com/android/systemui/tuner/SelectablePreference.java,7,7,,,,
packages/SystemUI/src/com/android/systemui/tuner/ShortcutParser.java,53,53,,,,
packages/SystemUI/src/com/android/systemui/tuner/ShortcutPicker.java,58,46,,3,9,
packages/SystemUI/src/com/android/systemui/tuner/StatusBarSwitch.java,15,15,,,,
packages/SystemUI/src/com/android/systemui/tuner/StatusBarTuner.java,10,,,,10,
packages/SystemUI/src/com/android/systemui/tuner/TunablePadding.java,37,34,,2,1,
packages/SystemUI/src/com/android/systemui/tuner/TunerActivity.java,35,32,,3,,
packages/SystemUI/src/com/android/systemui/tuner/TunerFragment.java,35,33,,2,,
packages/SystemUI/src/com/android/systemui/tuner/TunerPreferenceFragment.java,4,4,,,,
packages/SystemUI/src/com/android/systemui/tuner/TunerService.java,51,46,,1,4,
packages/SystemUI/src/com/android/systemui/tuner/TunerServiceImpl.java,84,53,,19,12,
packages/SystemUI/src/com/android/systemui/tuner/TunerSwitch.java,16,14,,2,,
packages/SystemUI/src/com/android/systemui/tuner/TunerZenModePanel.java,35,35,,,,
packages/SystemUI/src/com/android/systemui/UiOffloadThread.java,4,4,,,,
packages/SystemUI/src/com/android/systemui/usb/StorageNotification.java,186,183,,3,,
packages/SystemUI/src/com/android/systemui/usb/UsbAccessoryUriActivity.java,15,15,,,,
packages/SystemUI/src/com/android/systemui/usb/UsbConfirmActivity.java,30,30,,,,
packages/SystemUI/src/com/android/systemui/usb/UsbDebuggingActivity.java,38,36,,2,,
packages/SystemUI/src/com/android/systemui/usb/UsbDebuggingSecondaryUserActivity.java,20,20,,,,
packages/SystemUI/src/com/android/systemui/usb/UsbDisconnectedReceiver.java,18,18,,,,
packages/SystemUI/src/com/android/systemui/usb/UsbPermissionActivity.java,56,56,,,,
packages/SystemUI/src/com/android/systemui/usb/UsbResolverActivity.java,31,31,,,,
packages/SystemUI/src/com/android/systemui/util/AlarmTimeout.java,20,20,,,,
packages/SystemUI/src/com/android/systemui/util/Assert.java,3,3,,,,
packages/SystemUI/src/com/android/systemui/util/AsyncSensorManager.java,52,52,,,,
packages/SystemUI/src/com/android/systemui/util/EmergencyDialerConstants.java,6,,,,6,
packages/SystemUI/src/com/android/systemui/util/leak/AbstractCollection.java,22,22,,,,
packages/SystemUI/src/com/android/systemui/util/leak/DumpTruck.java,37,37,,,,
packages/SystemUI/src/com/android/systemui/util/leak/GarbageMonitor.java,149,149,,,,
packages/SystemUI/src/com/android/systemui/util/leak/LeakDetector.java,24,24,,,,
packages/SystemUI/src/com/android/systemui/util/leak/LeakReporter.java,36,36,,,,
packages/SystemUI/src/com/android/systemui/util/leak/RotationUtils.java,13,13,,,,
packages/SystemUI/src/com/android/systemui/util/leak/TrackedCollections.java,27,27,,,,
packages/SystemUI/src/com/android/systemui/util/leak/TrackedGarbage.java,31,31,,,,
packages/SystemUI/src/com/android/systemui/util/leak/TrackedObjects.java,17,17,,,,
packages/SystemUI/src/com/android/systemui/util/leak/WeakIdentityHashMap.java,25,25,,,,
packages/SystemUI/src/com/android/systemui/util/NotificationChannels.java,27,27,,,,
packages/SystemUI/src/com/android/systemui/util/Utils.java,24,21,,2,1,
packages/SystemUI/src/com/android/systemui/util/wakelock/DelayedWakeLock.java,12,12,,,,
packages/SystemUI/src/com/android/systemui/util/wakelock/KeepAwakeAnimationListener.java,16,16,,,,
packages/SystemUI/src/com/android/systemui/util/wakelock/SettableWakeLock.java,8,8,,,,
packages/SystemUI/src/com/android/systemui/util/wakelock/WakeLock.java,21,21,,,,
packages/SystemUI/src/com/android/systemui/VendorServices.java,2,2,,,,
packages/SystemUI/src/com/android/systemui/volume/CarVolumeDialogImpl.java,154,154,,,,
packages/SystemUI/src/com/android/systemui/volume/ConfigurableTexts.java,34,34,,,,
packages/SystemUI/src/com/android/systemui/volume/D.java,2,2,,,,
packages/SystemUI/src/com/android/systemui/volume/Events.java,68,61,,4,3,
packages/SystemUI/src/com/android/systemui/volume/Interaction.java,14,14,,,,
packages/SystemUI/src/com/android/systemui/volume/MediaRouterWrapper.java,13,13,,,,
packages/SystemUI/src/com/android/systemui/volume/MediaSessions.java,138,138,,,,
packages/SystemUI/src/com/android/systemui/volume/SafetyWarningDialog.java,31,26,,3,2,
packages/SystemUI/src/com/android/systemui/volume/SegmentedButtons.java,46,46,,,,
packages/SystemUI/src/com/android/systemui/volume/SystemUIInterpolators.java,32,32,,,,
packages/SystemUI/src/com/android/systemui/volume/Util.java,47,47,,,,
packages/SystemUI/src/com/android/systemui/volume/VolumeComponent.java,9,9,,,,
packages/SystemUI/src/com/android/systemui/volume/VolumeDialogComponent.java,54,49,,5,,
packages/SystemUI/src/com/android/systemui/volume/VolumeDialogControllerImpl.java,342,335,,4,3,
packages/SystemUI/src/com/android/systemui/volume/VolumeDialogImpl.java,342,302,,16,24,
packages/SystemUI/src/com/android/systemui/volume/VolumePrefs.java,33,33,,,,
packages/SystemUI/src/com/android/systemui/volume/VolumeUI.java,17,17,,,,
packages/SystemUI/src/com/android/systemui/volume/ZenModePanel.java,325,319,,5,1,
packages/SystemUI/tests/src/com/android/AAAPlusPlusVerifySysuiRequiredTestPropertiesTest.java,33,33,,,,
packages/SystemUI/tests/src/com/android/keyguard/KeyguardClockAccessibilityDelegateTest.java,20,20,,,,
packages/SystemUI/tests/src/com/android/keyguard/KeyguardHostViewTest.java,4,4,,,,
packages/SystemUI/tests/src/com/android/keyguard/KeyguardMessageAreaTest.java,6,6,,,,
packages/SystemUI/tests/src/com/android/keyguard/KeyguardPinBasedInputViewTest.java,9,9,,,,
packages/SystemUI/tests/src/com/android/keyguard/KeyguardSecurityContainerTest.java,9,9,,,,
packages/SystemUI/tests/src/com/android/keyguard/KeyguardSliceViewTest.java,15,15,,,,
packages/SystemUI/tests/src/com/android/keyguard/KeyguardStatusViewTest.java,8,8,,,,
packages/SystemUI/tests/src/com/android/keyguard/KeyguardUpdateMonitorTest.java,66,14,,1,51,
packages/SystemUI/tests/src/com/android/systemui/BatteryMeterDrawableTest.java,18,18,,,,
packages/SystemUI/tests/src/com/android/systemui/colorextraction/SysuiColorExtractorTests.java,22,20,,2,,
packages/SystemUI/tests/src/com/android/systemui/DependencyTest.java,11,11,,,,
packages/SystemUI/tests/src/com/android/systemui/doze/AlwaysOnDisplayPolicyTest.java,9,9,,,,
packages/SystemUI/tests/src/com/android/systemui/doze/DozeConfigurationTest.java,5,2,,2,1,
packages/SystemUI/tests/src/com/android/systemui/doze/DozeConfigurationUtil.java,9,9,,,,
packages/SystemUI/tests/src/com/android/systemui/doze/DozeHostFake.java,39,39,,,,
packages/SystemUI/tests/src/com/android/systemui/doze/DozeMachineTest.java,25,25,,,,
packages/SystemUI/tests/src/com/android/systemui/doze/DozeScreenBrightnessTest.java,23,23,,,,
packages/SystemUI/tests/src/com/android/systemui/doze/DozeScreenStatePreventingAdapterTest.java,14,14,,,,
packages/SystemUI/tests/src/com/android/systemui/doze/DozeScreenStateTest.java,16,16,,,,
packages/SystemUI/tests/src/com/android/systemui/doze/DozeServiceFake.java,14,14,,,,
packages/SystemUI/tests/src/com/android/systemui/doze/DozeSuspendScreenStatePreventingAdapterTest.java,15,15,,,,
packages/SystemUI/tests/src/com/android/systemui/doze/DozeTriggersTest.java,13,13,,,,
packages/SystemUI/tests/src/com/android/systemui/doze/DozeUiTest.java,19,19,,,,
packages/SystemUI/tests/src/com/android/systemui/doze/DozeWallpaperStateTest.java,11,11,,,,
packages/SystemUI/tests/src/com/android/systemui/ExpandHelperTest.java,8,8,,,,
packages/SystemUI/tests/src/com/android/systemui/ForegroundServiceControllerTest.java,74,74,,,,
packages/SystemUI/tests/src/com/android/systemui/keyguard/DismissCallbackRegistryTest.java,10,10,,,,
packages/SystemUI/tests/src/com/android/systemui/keyguard/KeyguardSliceProviderTest.java,31,31,,,,
packages/SystemUI/tests/src/com/android/systemui/keyguard/LifecycleTest.java,9,9,,,,
packages/SystemUI/tests/src/com/android/systemui/keyguard/ScreenLifecycleTest.java,10,10,,,,
packages/SystemUI/tests/src/com/android/systemui/keyguard/WakefulnessLifecycleTest.java,11,11,,,,
packages/SystemUI/tests/src/com/android/systemui/keyguard/WorkLockActivityControllerTest.java,32,32,,,,
packages/SystemUI/tests/src/com/android/systemui/keyguard/WorkLockActivityTest.java,17,17,,,,
packages/SystemUI/tests/src/com/android/systemui/pip/phone/PipTouchStateTest.java,17,17,,,,
packages/SystemUI/tests/src/com/android/systemui/plugins/PluginInstanceManagerTest.java,44,44,,,,
packages/SystemUI/tests/src/com/android/systemui/plugins/PluginManagerTest.java,26,26,,,,
packages/SystemUI/tests/src/com/android/systemui/plugins/VersionInfoTest.java,23,23,,,,
packages/SystemUI/tests/src/com/android/systemui/power/OverheatAlarmControllerTest.java,11,,,,11,
packages/SystemUI/tests/src/com/android/systemui/power/OverheatAlarmDialogTest.java,23,,,,23,
packages/SystemUI/tests/src/com/android/systemui/power/PowerNotificationWarningsTest.java,40,17,,2,21,
packages/SystemUI/tests/src/com/android/systemui/power/PowerUITest.java,99,63,,6,30,
packages/SystemUI/tests/src/com/android/systemui/qs/AlphaControlledSignalTileViewTest.java,19,19,,,,
packages/SystemUI/tests/src/com/android/systemui/qs/AutoAddTrackerTest.java,7,7,,,,
packages/SystemUI/tests/src/com/android/systemui/qs/car/CarQsFragmentTest.java,7,7,,,,
packages/SystemUI/tests/src/com/android/systemui/qs/customize/TileAdapterTest.java,5,5,,,,
packages/SystemUI/tests/src/com/android/systemui/qs/customize/TileQueryHelperTest.java,10,10,,,,
packages/SystemUI/tests/src/com/android/systemui/qs/external/TileColorPickerTest.java,14,14,,,,
packages/SystemUI/tests/src/com/android/systemui/qs/external/TileLifecycleManagerTest.java,28,28,,,,
packages/SystemUI/tests/src/com/android/systemui/qs/external/TileServiceManagerTest.java,13,13,,,,
packages/SystemUI/tests/src/com/android/systemui/qs/external/TileServicesTest.java,27,27,,,,
packages/SystemUI/tests/src/com/android/systemui/qs/QSDetailTest.java,13,13,,,,
packages/SystemUI/tests/src/com/android/systemui/qs/QSFooterImplTest.java,7,7,,,,
packages/SystemUI/tests/src/com/android/systemui/qs/QSFragmentTest.java,9,9,,,,
packages/SystemUI/tests/src/com/android/systemui/qs/QSPanelTest.java,7,7,,,,
packages/SystemUI/tests/src/com/android/systemui/qs/QSSecurityFooterTest.java,36,36,,,,
packages/SystemUI/tests/src/com/android/systemui/qs/SlashImageViewTest.java,18,18,,,,
packages/SystemUI/tests/src/com/android/systemui/qs/tileimpl/QSIconViewImplTest.java,10,10,,,,
packages/SystemUI/tests/src/com/android/systemui/qs/tileimpl/QSTileImplTest.java,36,36,,,,
packages/SystemUI/tests/src/com/android/systemui/qs/TileLayoutTest.java,33,33,,,,
packages/SystemUI/tests/src/com/android/systemui/qs/TouchAnimatorTest.java,26,26,,,,
packages/SystemUI/tests/src/com/android/systemui/recents/RecentsTest.java,6,6,,,,
packages/SystemUI/tests/src/com/android/systemui/ScreenDecorationsTest.java,32,20,,2,10,
packages/SystemUI/tests/src/com/android/systemui/screenshot/ScreenshotStubActivity.java,3,3,,,,
packages/SystemUI/tests/src/com/android/systemui/settings/CurrentUserTrackerTest.java,14,14,,,,
packages/SystemUI/tests/src/com/android/systemui/SliceBroadcastRelayHandlerTest.java,24,24,,,,
packages/SystemUI/tests/src/com/android/systemui/statusbar/AppOpsInfoTest.java,53,53,,,,
packages/SystemUI/tests/src/com/android/systemui/statusbar/AppOpsListenerTest.java,13,13,,,,
packages/SystemUI/tests/src/com/android/systemui/statusbar/CommandQueueTest.java,45,45,,,,
packages/SystemUI/tests/src/com/android/systemui/statusbar/ExpandableNotificationRowTest.java,52,52,,,,
packages/SystemUI/tests/src/com/android/systemui/statusbar/FooterViewTest.java,8,8,,,,
packages/SystemUI/tests/src/com/android/systemui/statusbar/ForegroundServiceLifetimeExtenderTest.java,9,9,,,,
packages/SystemUI/tests/src/com/android/systemui/statusbar/KeyguardIndicationControllerTest.java,20,20,,,,
packages/SystemUI/tests/src/com/android/systemui/statusbar/NonPhoneDependencyTest.java,19,19,,,,
packages/SystemUI/tests/src/com/android/systemui/statusbar/notification/AboveShelfObserverTest.java,13,13,,,,
packages/SystemUI/tests/src/com/android/systemui/statusbar/notification/MediaNotificationProcessorTest.java,24,24,,,,
packages/SystemUI/tests/src/com/android/systemui/statusbar/notification/NotificationInflaterTest.java,79,79,,,,
packages/SystemUI/tests/src/com/android/systemui/statusbar/notification/NotificationViewWrapperTest.java,7,7,,,,
packages/SystemUI/tests/src/com/android/systemui/statusbar/notification/PropertyAnimatorTest.java,41,41,,,,
packages/SystemUI/tests/src/com/android/systemui/statusbar/notification/VisualStabilityManagerTest.java,21,21,,,,
packages/SystemUI/tests/src/com/android/systemui/statusbar/NotificationBlockingHelperManagerTest.java,38,38,,,,
packages/SystemUI/tests/src/com/android/systemui/statusbar/NotificationContentViewTest.java,15,15,,,,
packages/SystemUI/tests/src/com/android/systemui/statusbar/NotificationCustomViewWrapperTest.java,7,7,,,,
packages/SystemUI/tests/src/com/android/systemui/statusbar/NotificationDataTest.java,63,63,,,,
packages/SystemUI/tests/src/com/android/systemui/statusbar/NotificationEntryManagerTest.java,72,72,,,,
packages/SystemUI/tests/src/com/android/systemui/statusbar/NotificationGutsManagerTest.java,61,61,,,,
packages/SystemUI/tests/src/com/android/systemui/statusbar/NotificationInfoTest.java,165,158,,4,3,
packages/SystemUI/tests/src/com/android/systemui/statusbar/NotificationListenerTest.java,16,16,,,,
packages/SystemUI/tests/src/com/android/systemui/statusbar/NotificationLockscreenUserManagerTest.java,26,26,,,,
packages/SystemUI/tests/src/com/android/systemui/statusbar/NotificationLoggerTest.java,25,25,,,,
packages/SystemUI/tests/src/com/android/systemui/statusbar/NotificationMenuRowTest.java,14,14,,,,
packages/SystemUI/tests/src/com/android/systemui/statusbar/NotificationRemoteInputManagerTest.java,28,28,,,,
packages/SystemUI/tests/src/com/android/systemui/statusbar/NotificationSnoozeTest.java,17,17,,,,
packages/SystemUI/tests/src/com/android/systemui/statusbar/NotificationTestHelper.java,45,45,,,,
packages/SystemUI/tests/src/com/android/systemui/statusbar/NotificationViewHierarchyManagerTest.java,71,71,,,,
packages/SystemUI/tests/src/com/android/systemui/statusbar/phone/AutoTileManagerTest.java,10,10,,,,
packages/SystemUI/tests/src/com/android/systemui/statusbar/phone/CollapsedStatusBarFragmentTest.java,13,13,,,,
packages/SystemUI/tests/src/com/android/systemui/statusbar/phone/DozeParametersTest.java,44,44,,,,
packages/SystemUI/tests/src/com/android/systemui/statusbar/phone/DozeScrimControllerTest.java,14,14,,,,
packages/SystemUI/tests/src/com/android/systemui/statusbar/phone/HeadsUpAppearanceControllerTest.java,18,12,,2,4,
packages/SystemUI/tests/src/com/android/systemui/statusbar/phone/HeadsUpManagerPhoneTest.java,19,19,,,,
packages/SystemUI/tests/src/com/android/systemui/statusbar/phone/KeyguardBouncerTest.java,48,48,,,,
packages/SystemUI/tests/src/com/android/systemui/statusbar/phone/KeyguardPresentationTest.java,3,3,,,,
packages/SystemUI/tests/src/com/android/systemui/statusbar/phone/NavigationBarFragmentTest.java,15,15,,,,
packages/SystemUI/tests/src/com/android/systemui/statusbar/phone/NavigationBarTransitionsTest.java,6,6,,,,
packages/SystemUI/tests/src/com/android/systemui/statusbar/phone/NearestTouchFrameTest.java,40,40,,,,
packages/SystemUI/tests/src/com/android/systemui/statusbar/phone/ScrimControllerTest.java,107,103,,3,1,
packages/SystemUI/tests/src/com/android/systemui/statusbar/phone/StatusBarIconControllerTest.java,58,58,,,,
packages/SystemUI/tests/src/com/android/systemui/statusbar/phone/StatusBarKeyguardViewManagerTest.java,36,34,,1,1,
packages/SystemUI/tests/src/com/android/systemui/statusbar/phone/StatusBarTest.java,140,140,,,,
packages/SystemUI/tests/src/com/android/systemui/statusbar/phone/StatusBarWindowViewTest.java,8,8,,,,
packages/SystemUI/tests/src/com/android/systemui/statusbar/phone/SystemUIDialogTest.java,6,6,,,,
packages/SystemUI/tests/src/com/android/systemui/statusbar/policy/BatteryControllerTest.java,10,10,,,,
packages/SystemUI/tests/src/com/android/systemui/statusbar/policy/BlockingQueueIntentReceiver.java,6,6,,,,
packages/SystemUI/tests/src/com/android/systemui/statusbar/policy/BluetoothControllerImplTest.java,27,27,,,,
packages/SystemUI/tests/src/com/android/systemui/statusbar/policy/CallbackHandlerTest.java,60,60,,,,
packages/SystemUI/tests/src/com/android/systemui/statusbar/policy/ExtensionControllerImplTest.java,40,40,,,,
packages/SystemUI/tests/src/com/android/systemui/statusbar/policy/IconLoggerImplTest.java,11,11,,,,
packages/SystemUI/tests/src/com/android/systemui/statusbar/policy/KeyButtonViewTest.java,17,17,,,,
packages/SystemUI/tests/src/com/android/systemui/statusbar/policy/LocationControllerImplTest.java,13,13,,,,
packages/SystemUI/tests/src/com/android/systemui/statusbar/policy/NetworkControllerBaseTest.java,149,147,,2,,
packages/SystemUI/tests/src/com/android/systemui/statusbar/policy/NetworkControllerDataTest.java,23,18,,5,,
packages/SystemUI/tests/src/com/android/systemui/statusbar/policy/NetworkControllerEthernetTest.java,10,10,,,,
packages/SystemUI/tests/src/com/android/systemui/statusbar/policy/NetworkControllerSignalTest.java,76,76,,,,
packages/SystemUI/tests/src/com/android/systemui/statusbar/policy/NetworkControllerWifiTest.java,58,58,,,,
packages/SystemUI/tests/src/com/android/systemui/statusbar/policy/RemoteInputQuickSettingsDisablerTest.java,10,10,,,,
packages/SystemUI/tests/src/com/android/systemui/statusbar/policy/RemoteInputViewTest.java,22,22,,,,
packages/SystemUI/tests/src/com/android/systemui/statusbar/policy/SecurityControllerTest.java,21,21,,,,
packages/SystemUI/tests/src/com/android/systemui/statusbar/policy/SmartReplyConstantsTest.java,15,15,,,,
packages/SystemUI/tests/src/com/android/systemui/statusbar/policy/SmartReplyViewTest.java,87,87,,,,
packages/SystemUI/tests/src/com/android/systemui/statusbar/policy/ZenModeControllerImplTest.java,15,15,,,,
packages/SystemUI/tests/src/com/android/systemui/statusbar/ScrimViewTest.java,15,15,,,,
packages/SystemUI/tests/src/com/android/systemui/statusbar/SmartReplyControllerTest.java,23,23,,,,
packages/SystemUI/tests/src/com/android/systemui/statusbar/stack/NotificationChildrenContainerTest.java,10,10,,,,
packages/SystemUI/tests/src/com/android/systemui/statusbar/stack/NotificationRoundnessManagerTest.java,21,21,,,,
packages/SystemUI/tests/src/com/android/systemui/statusbar/stack/NotificationStackScrollLayoutTest.java,22,22,,,,
packages/SystemUI/tests/src/com/android/systemui/statusbar/StatusBarIconListTest.java,40,40,,,,
packages/SystemUI/tests/src/com/android/systemui/statusbar/StatusBarIconViewTest.java,14,14,,,,
packages/SystemUI/tests/src/com/android/systemui/SysuiBaseFragmentTest.java,18,18,,,,
packages/SystemUI/tests/src/com/android/systemui/SysuiTestableContext.java,13,13,,,,
packages/SystemUI/tests/src/com/android/systemui/SysuiTestCase.java,35,35,,,,
packages/SystemUI/tests/src/com/android/systemui/TestableDependency.java,18,18,,,,
packages/SystemUI/tests/src/com/android/systemui/tuner/TunablePaddingTest.java,14,14,,,,
packages/SystemUI/tests/src/com/android/systemui/util/AsyncSensorManagerTest.java,13,13,,,,
packages/SystemUI/tests/src/com/android/systemui/util/ChannelsTest.java,17,17,,,,
packages/SystemUI/tests/src/com/android/systemui/util/leak/GarbageMonitorTest.java,19,19,,,,
packages/SystemUI/tests/src/com/android/systemui/util/leak/LeakDetectorTest.java,27,27,,,,
packages/SystemUI/tests/src/com/android/systemui/util/leak/LeakReporterTest.java,12,12,,,,
packages/SystemUI/tests/src/com/android/systemui/util/leak/ReferenceTestUtils.java,13,13,,,,
packages/SystemUI/tests/src/com/android/systemui/util/leak/ReferenceTestUtilsTest.java,5,5,,,,
packages/SystemUI/tests/src/com/android/systemui/util/leak/WeakIdentityHashMapTest.java,12,12,,,,
packages/SystemUI/tests/src/com/android/systemui/util/wakelock/KeepAwakeAnimationListenerTest.java,5,5,,,,
packages/SystemUI/tests/src/com/android/systemui/util/wakelock/SettableWakeLockTest.java,9,9,,,,
packages/SystemUI/tests/src/com/android/systemui/util/wakelock/WakeLockFake.java,7,7,,,,
packages/SystemUI/tests/src/com/android/systemui/util/wakelock/WakeLockTest.java,12,12,,,,
packages/SystemUI/tests/src/com/android/systemui/utils/hardware/FakeSensorManager.java,91,91,,,,
packages/SystemUI/tests/src/com/android/systemui/utils/leaks/BaseLeakChecker.java,14,14,,,,
packages/SystemUI/tests/src/com/android/systemui/utils/leaks/FakeBatteryController.java,13,13,,,,
packages/SystemUI/tests/src/com/android/systemui/utils/leaks/FakeBluetoothController.java,22,22,,,,
packages/SystemUI/tests/src/com/android/systemui/utils/leaks/FakeCastController.java,12,12,,,,
packages/SystemUI/tests/src/com/android/systemui/utils/leaks/FakeConfigurationController.java,3,3,,,,
packages/SystemUI/tests/src/com/android/systemui/utils/leaks/FakeDataSaverController.java,6,6,,,,
packages/SystemUI/tests/src/com/android/systemui/utils/leaks/FakeExtensionController.java,45,45,,,,
packages/SystemUI/tests/src/com/android/systemui/utils/leaks/FakeFlashlightController.java,8,8,,,,
packages/SystemUI/tests/src/com/android/systemui/utils/leaks/FakeHotspotController.java,9,9,,,,
packages/SystemUI/tests/src/com/android/systemui/utils/leaks/FakeKeyguardMonitor.java,16,16,,,,
packages/SystemUI/tests/src/com/android/systemui/utils/leaks/FakeLocationController.java,7,7,,,,
packages/SystemUI/tests/src/com/android/systemui/utils/leaks/FakeManagedProfileController.java,7,7,,,,
packages/SystemUI/tests/src/com/android/systemui/utils/leaks/FakeNetworkController.java,22,22,,,,
packages/SystemUI/tests/src/com/android/systemui/utils/leaks/FakeNextAlarmController.java,3,3,,,,
packages/SystemUI/tests/src/com/android/systemui/utils/leaks/FakePluginManager.java,30,30,,,,
packages/SystemUI/tests/src/com/android/systemui/utils/leaks/FakeRotationLockController.java,13,13,,,,
packages/SystemUI/tests/src/com/android/systemui/utils/leaks/FakeSecurityController.java,20,20,,,,
packages/SystemUI/tests/src/com/android/systemui/utils/leaks/FakeStatusBarIconController.java,30,30,,,,
packages/SystemUI/tests/src/com/android/systemui/utils/leaks/FakeTunerService.java,26,26,,,,
packages/SystemUI/tests/src/com/android/systemui/utils/leaks/FakeUserInfoController.java,4,4,,,,
packages/SystemUI/tests/src/com/android/systemui/utils/leaks/FakeZenModeController.java,17,17,,,,
packages/SystemUI/tests/src/com/android/systemui/utils/leaks/LeakCheckedTest.java,16,16,,,,
packages/SystemUI/tests/src/com/android/systemui/utils/os/FakeHandler.java,13,13,,,,
packages/SystemUI/tests/src/com/android/systemui/volume/UtilTest.java,3,3,,,,
packages/SystemUI/tests/src/com/android/systemui/volume/VolumeDialogControllerImplTest.java,20,20,,,,
packages/SystemUI/tests/src/com/android/systemui/volume/VolumeDialogImplTest.java,18,18,,,,
packages/VpnDialogs/src/com/android/vpndialogs/AlwaysOnDisconnectedDialog.java,26,26,,,,
packages/VpnDialogs/src/com/android/vpndialogs/ConfirmDialog.java,23,23,,,,
packages/VpnDialogs/src/com/android/vpndialogs/ManageDialog.java,31,31,,,,
packages/WallpaperBackup/src/com/android/wallpaperbackup/WallpaperBackupAgent.java,100,100,,,,
packages/WallpaperCropper/src/com/android/gallery3d/common/BitmapUtils.java,96,96,,,,
packages/WallpaperCropper/src/com/android/gallery3d/common/Utils.java,123,123,,,,
packages/WallpaperCropper/src/com/android/gallery3d/exif/ByteBufferInputStream.java,9,9,,,,
packages/WallpaperCropper/src/com/android/gallery3d/exif/CountedDataInputStream.java,48,48,,,,
packages/WallpaperCropper/src/com/android/gallery3d/exif/ExifData.java,77,77,,,,
packages/WallpaperCropper/src/com/android/gallery3d/exif/ExifInterface.java,675,675,,,,
packages/WallpaperCropper/src/com/android/gallery3d/exif/ExifInvalidFormatException.java,3,3,,,,
packages/WallpaperCropper/src/com/android/gallery3d/exif/ExifModifier.java,45,45,,,,
packages/WallpaperCropper/src/com/android/gallery3d/exif/ExifOutputStream.java,113,113,,,,
packages/WallpaperCropper/src/com/android/gallery3d/exif/ExifParser.java,191,191,,,,
packages/WallpaperCropper/src/com/android/gallery3d/exif/ExifReader.java,12,12,,,,
packages/WallpaperCropper/src/com/android/gallery3d/exif/ExifTag.java,164,164,,,,
packages/WallpaperCropper/src/com/android/gallery3d/exif/IfdData.java,28,28,,,,
packages/WallpaperCropper/src/com/android/gallery3d/exif/IfdId.java,7,7,,,,
packages/WallpaperCropper/src/com/android/gallery3d/exif/JpegHeader.java,12,12,,,,
packages/WallpaperCropper/src/com/android/gallery3d/exif/OrderedDataOutputStream.java,12,12,,,,
packages/WallpaperCropper/src/com/android/gallery3d/exif/Rational.java,15,15,,,,
packages/WallpaperCropper/src/com/android/gallery3d/glrenderer/BasicTexture.java,60,60,,,,
packages/WallpaperCropper/src/com/android/gallery3d/glrenderer/BitmapTexture.java,11,11,,,,
packages/WallpaperCropper/src/com/android/gallery3d/glrenderer/GLCanvas.java,132,132,,,,
packages/WallpaperCropper/src/com/android/gallery3d/glrenderer/GLES20Canvas.java,378,378,,,,
packages/WallpaperCropper/src/com/android/gallery3d/glrenderer/GLES20IdImpl.java,22,22,,,,
packages/WallpaperCropper/src/com/android/gallery3d/glrenderer/GLId.java,21,21,,,,
packages/WallpaperCropper/src/com/android/gallery3d/glrenderer/GLPaint.java,9,9,,,,
packages/WallpaperCropper/src/com/android/gallery3d/glrenderer/RawTexture.java,19,19,,,,
packages/WallpaperCropper/src/com/android/gallery3d/glrenderer/Texture.java,14,14,,,,
packages/WallpaperCropper/src/com/android/gallery3d/glrenderer/UploadedTexture.java,77,77,,,,
packages/WallpaperCropper/src/com/android/gallery3d/util/IntArray.java,13,13,,,,
packages/WallpaperCropper/src/com/android/photos/BitmapRegionTileSource.java,173,173,,,,
packages/WallpaperCropper/src/com/android/photos/views/BlockingGLTextureView.java,97,97,,,,
packages/WallpaperCropper/src/com/android/photos/views/TiledImageRenderer.java,252,252,,,,
packages/WallpaperCropper/src/com/android/photos/views/TiledImageView.java,92,92,,,,
packages/WallpaperCropper/src/com/android/wallpapercropper/CropView.java,116,116,,,,
packages/WallpaperCropper/src/com/android/wallpapercropper/WallpaperCropActivity.java,270,270,,,,
packages/WAPPushManager/src/com/android/smspush/WapPushManager.java,115,115,,,,
packages/WAPPushManager/tests/src/com/android/smspush/unitTests/ClientTest.java,44,44,,,,
packages/WAPPushManager/tests/src/com/android/smspush/unitTests/DataVerify.java,25,25,,,,
packages/WAPPushManager/tests/src/com/android/smspush/unitTests/DrmReceiver.java,7,7,,,,
packages/WAPPushManager/tests/src/com/android/smspush/unitTests/ReceiverActivity.java,7,7,,,,
packages/WAPPushManager/tests/src/com/android/smspush/unitTests/ReceiverService.java,11,11,,,,
packages/WAPPushManager/tests/src/com/android/smspush/unitTests/WapPushTest.java,373,373,,,,
rs/java/android/renderscript/Allocation.java,587,587,,,,
rs/java/android/renderscript/AllocationAdapter.java,48,48,,,,
rs/java/android/renderscript/BaseObj.java,29,29,,,,
rs/java/android/renderscript/Byte2.java,84,84,,,,
rs/java/android/renderscript/Byte3.java,87,87,,,,
rs/java/android/renderscript/Byte4.java,90,90,,,,
rs/java/android/renderscript/Double2.java,84,84,,,,
rs/java/android/renderscript/Double3.java,87,87,,,,
rs/java/android/renderscript/Double4.java,90,90,,,,
rs/java/android/renderscript/Element.java,249,249,,,,
rs/java/android/renderscript/FieldPacker.java,185,185,,,,
rs/java/android/renderscript/FileA3D.java,65,65,,,,
rs/java/android/renderscript/Float2.java,84,84,,,,
rs/java/android/renderscript/Float3.java,87,87,,,,
rs/java/android/renderscript/Float4.java,90,90,,,,
rs/java/android/renderscript/Font.java,67,67,,,,
rs/java/android/renderscript/Int2.java,98,98,,,,
rs/java/android/renderscript/Int3.java,101,101,,,,
rs/java/android/renderscript/Int4.java,104,104,,,,
rs/java/android/renderscript/Long2.java,98,98,,,,
rs/java/android/renderscript/Long3.java,101,101,,,,
rs/java/android/renderscript/Long4.java,104,104,,,,
rs/java/android/renderscript/Matrix2f.java,43,43,,,,
rs/java/android/renderscript/Matrix3f.java,84,84,,,,
rs/java/android/renderscript/Matrix4f.java,131,131,,,,
rs/java/android/renderscript/Mesh.java,175,175,,,,
rs/java/android/renderscript/Program.java,80,80,,,,
rs/java/android/renderscript/ProgramFragment.java,17,17,,,,
rs/java/android/renderscript/ProgramFragmentFixedFunction.java,60,60,,,,
rs/java/android/renderscript/ProgramRaster.java,33,33,,,,
rs/java/android/renderscript/ProgramStore.java,73,73,,,,
rs/java/android/renderscript/ProgramVertex.java,22,22,,,,
rs/java/android/renderscript/ProgramVertexFixedFunction.java,62,62,,,,
rs/java/android/renderscript/RenderScript.java,1607,1607,,,,
rs/java/android/renderscript/RenderScriptCacheDir.java,4,4,,,,
rs/java/android/renderscript/RenderScriptGL.java,67,67,,,,
rs/java/android/renderscript/RSDriverException.java,3,3,,,,
rs/java/android/renderscript/RSIllegalArgumentException.java,3,3,,,,
rs/java/android/renderscript/RSInvalidStateException.java,3,3,,,,
rs/java/android/renderscript/RSRuntimeException.java,3,3,,,,
rs/java/android/renderscript/RSSurfaceView.java,28,28,,,,
rs/java/android/renderscript/RSTextureView.java,30,30,,,,
rs/java/android/renderscript/Sampler.java,68,68,,,,
rs/java/android/renderscript/Script.java,186,186,,,,
rs/java/android/renderscript/ScriptC.java,35,35,,,,
rs/java/android/renderscript/ScriptGroup.java,305,305,,,,
rs/java/android/renderscript/ScriptIntrinsic.java,4,4,,,,
rs/java/android/renderscript/ScriptIntrinsic3DLUT.java,22,22,,,,
rs/java/android/renderscript/ScriptIntrinsicBLAS.java,1215,1215,,,,
rs/java/android/renderscript/ScriptIntrinsicBlend.java,133,133,,,,
rs/java/android/renderscript/ScriptIntrinsicBlur.java,22,22,,,,
rs/java/android/renderscript/ScriptIntrinsicColorMatrix.java,38,38,,,,
rs/java/android/renderscript/ScriptIntrinsicConvolve3x3.java,25,25,,,,
rs/java/android/renderscript/ScriptIntrinsicConvolve5x5.java,23,23,,,,
rs/java/android/renderscript/ScriptIntrinsicHistogram.java,30,30,,,,
rs/java/android/renderscript/ScriptIntrinsicLUT.java,37,37,,,,
rs/java/android/renderscript/ScriptIntrinsicResize.java,19,19,,,,
rs/java/android/renderscript/ScriptIntrinsicYuvToRGB.java,16,16,,,,
rs/java/android/renderscript/Short2.java,98,98,,,,
rs/java/android/renderscript/Short3.java,101,101,,,,
rs/java/android/renderscript/Short4.java,104,104,,,,
rs/java/android/renderscript/Type.java,93,93,,,,
samples/training/network-usage/src/com/example/android/networkusage/NetworkActivity.java,60,60,,,,
samples/training/network-usage/src/com/example/android/networkusage/SettingsActivity.java,8,8,,,,
samples/training/network-usage/src/com/example/android/networkusage/StackOverflowXmlParser.java,40,40,,,,
sax/java/android/sax/BadXmlException.java,5,5,,,,
sax/java/android/sax/Children.java,25,25,,,,
sax/java/android/sax/Element.java,49,49,,,,
sax/java/android/sax/ElementListener.java,1,1,,,,
sax/java/android/sax/EndElementListener.java,2,2,,,,
sax/java/android/sax/EndTextElementListener.java,3,3,,,,
sax/java/android/sax/RootElement.java,41,41,,,,
sax/java/android/sax/StartElementListener.java,3,3,,,,
sax/java/android/sax/TextElementListener.java,1,1,,,,
sax/tests/saxtests/src/android/sax/ExpatPerformanceTest.java,24,24,,,,
sax/tests/saxtests/src/android/sax/SafeSaxTest.java,168,168,,,,
services/accessibility/java/com/android/server/accessibility/AbstractAccessibilityServiceConnection.java,367,367,,,,
services/accessibility/java/com/android/server/accessibility/AccessibilityGestureDetector.java,131,131,,,,
services/accessibility/java/com/android/server/accessibility/AccessibilityInputFilter.java,145,145,,,,
services/accessibility/java/com/android/server/accessibility/AccessibilityManagerService.java,927,927,,,,
services/accessibility/java/com/android/server/accessibility/AccessibilityServiceConnection.java,70,70,,,,
services/accessibility/java/com/android/server/accessibility/AccessibilityShellCommand.java,15,15,,,,
services/accessibility/java/com/android/server/accessibility/ActionReplacingCallback.java,49,49,,,,
services/accessibility/java/com/android/server/accessibility/AutoclickController.java,87,87,,,,
services/accessibility/java/com/android/server/accessibility/BaseEventStreamTransformation.java,5,5,,,,
services/accessibility/java/com/android/server/accessibility/DisplayAdjustmentUtils.java,19,19,,,,
services/accessibility/java/com/android/server/accessibility/EventStreamTransformation.java,20,20,,,,
services/accessibility/java/com/android/server/accessibility/FingerprintGestureDispatcher.java,46,46,,,,
services/accessibility/java/com/android/server/accessibility/GestureUtils.java,42,42,,,,
services/accessibility/java/com/android/server/accessibility/GlobalActionPerformer.java,40,40,,,,
services/accessibility/java/com/android/server/accessibility/KeyboardInterceptor.java,50,50,,,,
services/accessibility/java/com/android/server/accessibility/KeyEventDispatcher.java,71,71,,,,
services/accessibility/java/com/android/server/accessibility/MagnificationController.java,238,238,,,,
services/accessibility/java/com/android/server/accessibility/MagnificationGestureHandler.java,244,244,,,,
services/accessibility/java/com/android/server/accessibility/MotionEventInjector.java,141,141,,,,
services/accessibility/java/com/android/server/accessibility/TouchExplorer.java,316,316,,,,
services/accessibility/java/com/android/server/accessibility/UiAutomationManager.java,80,80,,,,
services/appwidget/java/com/android/server/appwidget/AppWidgetService.java,11,10,,1,,
services/appwidget/java/com/android/server/appwidget/AppWidgetServiceImpl.java,1322,1309,,9,4,
services/autofill/java/com/android/server/autofill/AutofillCompatAccessibilityService.java,4,4,,,,
services/autofill/java/com/android/server/autofill/AutofillManagerService.java,353,353,,,,
services/autofill/java/com/android/server/autofill/AutofillManagerServiceImpl.java,335,335,,,,
services/autofill/java/com/android/server/autofill/AutofillManagerServiceShellCommand.java,80,80,,,,
services/autofill/java/com/android/server/autofill/FieldClassificationStrategy.java,66,66,,,,
services/autofill/java/com/android/server/autofill/Helper.java,66,66,,,,
services/autofill/java/com/android/server/autofill/RemoteFillService.java,167,167,,,,
services/autofill/java/com/android/server/autofill/Session.java,584,584,,,,
services/autofill/java/com/android/server/autofill/ui/AutoFillUI.java,127,127,,,,
services/autofill/java/com/android/server/autofill/ui/CustomScrollView.java,28,28,,,,
services/autofill/java/com/android/server/autofill/ui/FillUi.java,207,207,,,,
services/autofill/java/com/android/server/autofill/ui/OverlayControl.java,9,9,,,,
services/autofill/java/com/android/server/autofill/ui/PendingUi.java,19,19,,,,
services/autofill/java/com/android/server/autofill/ui/SaveUi.java,118,114,,4,,
services/autofill/java/com/android/server/autofill/ViewState.java,70,70,,,,
services/backup/java/com/android/server/backup/BackupAgentTimeoutParameters.java,31,31,,,,
services/backup/java/com/android/server/backup/BackupManagerConstants.java,43,43,,,,
services/backup/java/com/android/server/backup/BackupManagerService.java,762,762,,,,
services/backup/java/com/android/server/backup/BackupManagerServiceInterface.java,119,119,,,,
services/backup/java/com/android/server/backup/BackupPasswordManager.java,69,69,,,,
services/backup/java/com/android/server/backup/BackupPolicyEnforcer.java,5,5,,,,
services/backup/java/com/android/server/backup/BackupRestoreTask.java,6,6,,,,
services/backup/java/com/android/server/backup/DataChangedJournal.java,29,29,,,,
services/backup/java/com/android/server/backup/FileMetadata.java,16,16,,,,
services/backup/java/com/android/server/backup/fullbackup/FullBackupEngine.java,87,87,,,,
services/backup/java/com/android/server/backup/fullbackup/FullBackupEntry.java,8,8,,,,
services/backup/java/com/android/server/backup/fullbackup/FullBackupObbConnection.java,36,36,,,,
services/backup/java/com/android/server/backup/fullbackup/FullBackupPreflight.java,5,5,,,,
services/backup/java/com/android/server/backup/fullbackup/FullBackupTask.java,11,11,,,,
services/backup/java/com/android/server/backup/fullbackup/PerformAdbBackupTask.java,102,102,,,,
services/backup/java/com/android/server/backup/fullbackup/PerformFullTransportBackupTask.java,158,158,,,,
services/backup/java/com/android/server/backup/FullBackupJob.java,19,19,,,,
services/backup/java/com/android/server/backup/internal/BackupHandler.java,70,70,,,,
services/backup/java/com/android/server/backup/internal/BackupRequest.java,5,5,,,,
services/backup/java/com/android/server/backup/internal/ClearDataObserver.java,7,7,,,,
services/backup/java/com/android/server/backup/internal/OnTaskFinishedListener.java,4,4,,,,
services/backup/java/com/android/server/backup/internal/Operation.java,8,8,,,,
services/backup/java/com/android/server/backup/internal/PerformBackupTask.java,151,151,,,,
services/backup/java/com/android/server/backup/internal/PerformClearTask.java,19,19,,,,
services/backup/java/com/android/server/backup/internal/PerformInitializeTask.java,41,41,,,,
services/backup/java/com/android/server/backup/internal/ProvisionedObserver.java,9,9,,,,
services/backup/java/com/android/server/backup/internal/RunBackupReceiver.java,9,9,,,,
services/backup/java/com/android/server/backup/internal/RunInitializeReceiver.java,12,12,,,,
services/backup/java/com/android/server/backup/KeyValueAdbBackupEngine.java,67,67,,,,
services/backup/java/com/android/server/backup/KeyValueAdbRestoreEngine.java,53,53,,,,
services/backup/java/com/android/server/backup/KeyValueBackupJob.java,30,30,,,,
services/backup/java/com/android/server/backup/PackageManagerBackupAgent.java,172,172,,,,
services/backup/java/com/android/server/backup/params/AdbBackupParams.java,21,21,,,,
services/backup/java/com/android/server/backup/params/AdbParams.java,7,7,,,,
services/backup/java/com/android/server/backup/params/AdbRestoreParams.java,3,3,,,,
services/backup/java/com/android/server/backup/params/BackupParams.java,20,20,,,,
services/backup/java/com/android/server/backup/params/ClearParams.java,8,8,,,,
services/backup/java/com/android/server/backup/params/ClearRetryParams.java,6,6,,,,
services/backup/java/com/android/server/backup/params/RestoreGetSetsParams.java,12,12,,,,
services/backup/java/com/android/server/backup/params/RestoreParams.java,50,50,,,,
services/backup/java/com/android/server/backup/ProcessedPackagesJournal.java,25,25,,,,
services/backup/java/com/android/server/backup/restore/ActiveRestoreSession.java,68,68,,,,
services/backup/java/com/android/server/backup/restore/AdbRestoreFinishedLatch.java,18,18,,,,
services/backup/java/com/android/server/backup/restore/FullRestoreEngine.java,93,93,,,,
services/backup/java/com/android/server/backup/restore/PerformAdbRestoreTask.java,163,163,,,,
services/backup/java/com/android/server/backup/restore/PerformUnifiedRestoreTask.java,179,179,,,,
services/backup/java/com/android/server/backup/restore/RestoreDeleteObserver.java,9,9,,,,
services/backup/java/com/android/server/backup/restore/RestoreEngine.java,15,15,,,,
services/backup/java/com/android/server/backup/restore/RestoreFileRunnable.java,14,14,,,,
services/backup/java/com/android/server/backup/Trampoline.java,165,165,,,,
services/backup/java/com/android/server/backup/transport/OnTransportRegisteredListener.java,4,4,,,,
services/backup/java/com/android/server/backup/transport/TransportClient.java,135,135,,,,
services/backup/java/com/android/server/backup/transport/TransportClientManager.java,32,32,,,,
services/backup/java/com/android/server/backup/transport/TransportConnectionListener.java,4,4,,,,
services/backup/java/com/android/server/backup/transport/TransportNotAvailableException.java,2,2,,,,
services/backup/java/com/android/server/backup/transport/TransportNotRegisteredException.java,5,5,,,,
services/backup/java/com/android/server/backup/transport/TransportStats.java,37,37,,,,
services/backup/java/com/android/server/backup/transport/TransportUtils.java,20,20,,,,
services/backup/java/com/android/server/backup/TransportManager.java,158,158,,,,
services/backup/java/com/android/server/backup/utils/AppBackupUtils.java,34,34,,,,
services/backup/java/com/android/server/backup/utils/BackupManagerMonitorUtils.java,21,21,,,,
services/backup/java/com/android/server/backup/utils/BackupObserverUtils.java,15,15,,,,
services/backup/java/com/android/server/backup/utils/BytesReadListener.java,3,3,,,,
services/backup/java/com/android/server/backup/utils/DataStreamCodec.java,6,6,,,,
services/backup/java/com/android/server/backup/utils/DataStreamFileCodec.java,14,14,,,,
services/backup/java/com/android/server/backup/utils/FullBackupRestoreObserverUtils.java,11,11,,,,
services/backup/java/com/android/server/backup/utils/FullBackupUtils.java,23,23,,,,
services/backup/java/com/android/server/backup/utils/PasswordUtils.java,42,42,,,,
services/backup/java/com/android/server/backup/utils/RestoreUtils.java,48,48,,,,
services/backup/java/com/android/server/backup/utils/SparseArrayUtils.java,8,8,,,,
services/backup/java/com/android/server/backup/utils/TarBackupReader.java,125,125,,,,
services/companion/java/com/android/server/companion/CompanionDeviceManagerService.java,192,192,,,,
services/core/java/com/android/server/accounts/AccountAuthenticatorCache.java,22,22,,,,
services/core/java/com/android/server/accounts/AccountManagerBackupHelper.java,76,76,,,,
services/core/java/com/android/server/accounts/AccountManagerService.java,1735,1735,,,,
services/core/java/com/android/server/accounts/AccountManagerServiceShellCommand.java,15,15,,,,
services/core/java/com/android/server/accounts/AccountsDb.java,455,455,,,,
services/core/java/com/android/server/accounts/CryptoHelper.java,47,47,,,,
services/core/java/com/android/server/accounts/IAccountAuthenticatorCache.java,23,23,,,,
services/core/java/com/android/server/accounts/TokenCache.java,77,74,,3,,
services/core/java/com/android/server/AlarmManagerInternal.java,3,3,,,,
services/core/java/com/android/server/AlarmManagerService.java,1141,1138,,3,,
services/core/java/com/android/server/am/ActiveInstrumentation.java,29,29,,,,
services/core/java/com/android/server/am/ActiveServices.java,838,827,,4,7,
services/core/java/com/android/server/am/ActivityDisplay.java,208,208,,,,
services/core/java/com/android/server/am/ActivityLaunchParamsModifier.java,13,13,,,,
services/core/java/com/android/server/am/ActivityManagerConstants.java,128,102,,9,17,
services/core/java/com/android/server/am/ActivityManagerDebugConfig.java,90,90,,,,
services/core/java/com/android/server/am/ActivityManagerService.java,6022,5956,,20,46,
services/core/java/com/android/server/am/ActivityManagerShellCommand.java,675,672,,3,,
services/core/java/com/android/server/am/ActivityMetricsLogger.java,216,140,,22,54,
services/core/java/com/android/server/am/ActivityRecord.java,614,591,,10,13,
services/core/java/com/android/server/am/ActivityResult.java,8,8,,,,
services/core/java/com/android/server/am/ActivityStack.java,1050,1043,,7,,
services/core/java/com/android/server/am/ActivityStackSupervisor.java,1215,1198,,12,5,
services/core/java/com/android/server/am/ActivityStartController.java,145,135,,6,4,
services/core/java/com/android/server/am/ActivityStarter.java,504,470,,9,25,
services/core/java/com/android/server/am/ActivityStartInterceptor.java,73,73,,,,
services/core/java/com/android/server/am/AppBindRecord.java,26,26,,,,
services/core/java/com/android/server/am/AppErrorDialog.java,57,57,,,,
services/core/java/com/android/server/am/AppErrorResult.java,7,7,,,,
services/core/java/com/android/server/am/AppErrors.java,261,259,,2,,
services/core/java/com/android/server/am/AppNotRespondingDialog.java,44,44,,,,
services/core/java/com/android/server/am/AppTaskImpl.java,32,32,,,,
services/core/java/com/android/server/am/AppTimeTracker.java,38,38,,,,
services/core/java/com/android/server/am/AppWaitingForDebuggerDialog.java,15,15,,,,
services/core/java/com/android/server/am/AppWarnings.java,117,117,,,,
services/core/java/com/android/server/am/AssistDataReceiverProxy.java,21,21,,,,
services/core/java/com/android/server/am/AssistDataRequester.java,74,74,,,,
services/core/java/com/android/server/am/BackupRecord.java,16,16,,,,
services/core/java/com/android/server/am/BaseErrorDialog.java,17,17,,,,
services/core/java/com/android/server/am/BatteryExternalStatsWorker.java,110,107,,2,1,
services/core/java/com/android/server/am/BatteryStatsService.java,415,415,,,,
services/core/java/com/android/server/am/BroadcastFilter.java,36,36,,,,
services/core/java/com/android/server/am/BroadcastQueue.java,266,266,,,,
services/core/java/com/android/server/am/BroadcastRecord.java,100,100,,,,
services/core/java/com/android/server/am/BroadcastStats.java,61,61,,,,
services/core/java/com/android/server/am/CarUserSwitchingDialog.java,46,46,,,,
services/core/java/com/android/server/am/ClientLifecycleManager.java,28,28,,,,
services/core/java/com/android/server/am/CompatModeDialog.java,21,21,,,,
services/core/java/com/android/server/am/CompatModePackages.java,117,117,,,,
services/core/java/com/android/server/am/ConnectionRecord.java,27,27,,,,
services/core/java/com/android/server/am/ContentProviderConnection.java,24,24,,,,
services/core/java/com/android/server/am/ContentProviderRecord.java,61,59,,2,,
services/core/java/com/android/server/am/CoreSettingsObserver.java,28,28,,,,
services/core/java/com/android/server/am/DeprecatedTargetSdkVersionDialog.java,17,17,,,,
services/core/java/com/android/server/am/DumpHeapProvider.java,33,33,,,,
services/core/java/com/android/server/am/FactoryErrorDialog.java,10,10,,,,
services/core/java/com/android/server/am/GlobalSettingsToPropertiesMapper.java,34,34,,,,
services/core/java/com/android/server/am/HealthStatsBatteryStatsWriter.java,55,55,,,,
services/core/java/com/android/server/am/InstrumentationReporter.java,41,41,,,,
services/core/java/com/android/server/am/IntentBindRecord.java,35,35,,,,
services/core/java/com/android/server/am/KeyguardController.java,76,76,,,,
services/core/java/com/android/server/am/LaunchParamsController.java,57,57,,,,
services/core/java/com/android/server/am/LaunchWarningWindow.java,8,8,,,,
services/core/java/com/android/server/am/LockTaskController.java,145,145,,,,
services/core/java/com/android/server/am/MemoryStatUtil.java,44,40,,3,1,
services/core/java/com/android/server/am/NativeCrashListener.java,57,57,,,,
services/core/java/com/android/server/am/PendingIntentRecord.java,122,120,,2,,
services/core/java/com/android/server/am/PendingRemoteAnimationRegistry.java,22,22,,,,
services/core/java/com/android/server/am/PersistentConnection.java,69,69,,,,
services/core/java/com/android/server/am/PinnedActivityStack.java,32,32,,,,
services/core/java/com/android/server/am/PreBootBroadcaster.java,41,41,,,,
services/core/java/com/android/server/am/ProcessList.java,185,176,,3,6,
services/core/java/com/android/server/am/ProcessMemInfo.java,16,16,,,,
services/core/java/com/android/server/am/ProcessRecord.java,233,229,,2,2,
services/core/java/com/android/server/am/ProcessStatsService.java,268,268,,,,
services/core/java/com/android/server/am/ProviderMap.java,138,138,,,,
services/core/java/com/android/server/am/ReceiverList.java,46,46,,,,
services/core/java/com/android/server/am/RecentsAnimation.java,57,57,,,,
services/core/java/com/android/server/am/RecentTasks.java,310,310,,,,
services/core/java/com/android/server/am/RunningTasks.java,24,24,,,,
services/core/java/com/android/server/am/SafeActivityOptions.java,54,54,,,,
services/core/java/com/android/server/am/ServiceRecord.java,199,199,,,,
services/core/java/com/android/server/am/StrictModeViolationDialog.java,19,19,,,,
services/core/java/com/android/server/am/TaskChangeNotificationController.java,121,121,,,,
services/core/java/com/android/server/am/TaskLaunchParamsModifier.java,116,116,,,,
services/core/java/com/android/server/am/TaskPersister.java,188,188,,,,
services/core/java/com/android/server/am/TaskRecord.java,591,588,,3,,
services/core/java/com/android/server/am/UidRecord.java,49,49,,,,
services/core/java/com/android/server/am/UnsupportedCompileSdkDialog.java,17,17,,,,
services/core/java/com/android/server/am/UnsupportedDisplaySizeDialog.java,15,15,,,,
services/core/java/com/android/server/am/UriPermission.java,81,81,,,,
services/core/java/com/android/server/am/UriPermissionOwner.java,42,42,,,,
services/core/java/com/android/server/am/UserController.java,561,552,,6,3,
services/core/java/com/android/server/am/UserState.java,35,35,,,,
services/core/java/com/android/server/am/UserSwitchingDialog.java,34,34,,,,
services/core/java/com/android/server/am/VrController.java,68,68,,,,
services/core/java/com/android/server/AnimationThread.java,7,7,,,,
services/core/java/com/android/server/AnyMotionDetector.java,122,122,,,,
services/core/java/com/android/server/AppOpsService.java,1125,967,,26,132,
services/core/java/com/android/server/AppStateTracker.java,345,345,,,,
services/core/java/com/android/server/AttributeCache.java,44,44,,,,
services/core/java/com/android/server/audio/AudioEventLogger.java,25,25,,,,
services/core/java/com/android/server/audio/AudioService.java,1698,1662,,29,7,
services/core/java/com/android/server/audio/AudioServiceEvents.java,44,44,,,,
services/core/java/com/android/server/audio/FocusRequester.java,94,94,,,,
services/core/java/com/android/server/audio/MediaFocusControl.java,177,177,,,,
services/core/java/com/android/server/audio/PlaybackActivityMonitor.java,222,222,,,,
services/core/java/com/android/server/audio/PlayerFocusEnforcer.java,10,10,,,,
services/core/java/com/android/server/audio/RecordingActivityMonitor.java,80,80,,,,
services/core/java/com/android/server/audio/RotationHelper.java,23,23,,,,
services/core/java/com/android/server/backup/BackupUtils.java,28,28,,,,
services/core/java/com/android/server/BatteryService.java,299,289,,5,5,
services/core/java/com/android/server/BinderCallsStatsService.java,12,12,,,,
services/core/java/com/android/server/BluetoothManagerService.java,405,393,,6,6,
services/core/java/com/android/server/BluetoothService.java,11,11,,,,
services/core/java/com/android/server/BrickReceiver.java,4,4,,,,
services/core/java/com/android/server/broadcastradio/BroadcastRadioService.java,25,25,,,,
services/core/java/com/android/server/broadcastradio/hal1/BroadcastRadioService.java,21,21,,,,
services/core/java/com/android/server/broadcastradio/hal1/Convert.java,9,9,,,,
services/core/java/com/android/server/broadcastradio/hal1/Tuner.java,103,103,,,,
services/core/java/com/android/server/broadcastradio/hal1/TunerCallback.java,60,60,,,,
services/core/java/com/android/server/broadcastradio/hal2/AnnouncementAggregator.java,32,32,,,,
services/core/java/com/android/server/broadcastradio/hal2/BroadcastRadioService.java,29,29,,,,
services/core/java/com/android/server/broadcastradio/hal2/Convert.java,78,78,,,,
services/core/java/com/android/server/broadcastradio/hal2/Mutable.java,5,5,,,,
services/core/java/com/android/server/broadcastradio/hal2/RadioModule.java,39,39,,,,
services/core/java/com/android/server/broadcastradio/hal2/TunerCallback.java,21,21,,,,
services/core/java/com/android/server/broadcastradio/hal2/TunerSession.java,62,62,,,,
services/core/java/com/android/server/broadcastradio/hal2/Utils.java,14,14,,,,
services/core/java/com/android/server/camera/CameraServiceProxy.java,118,107,,7,4,
services/core/java/com/android/server/camera/CameraStatsJobService.java,12,12,,,,
services/core/java/com/android/server/CertBlacklister.java,36,36,,,,
services/core/java/com/android/server/clipboard/ClipboardService.java,189,173,,11,5,
services/core/java/com/android/server/CommonTimeManagementService.java,75,75,,,,
services/core/java/com/android/server/connectivity/ConnectivityConstants.java,15,15,,,,
services/core/java/com/android/server/connectivity/DataConnectionStats.java,40,40,,,,
services/core/java/com/android/server/connectivity/DefaultNetworkMetrics.java,47,47,,,,
services/core/java/com/android/server/connectivity/DnsManager.java,135,135,,,,
services/core/java/com/android/server/connectivity/IpConnectivityEventBuilder.java,105,105,,,,
services/core/java/com/android/server/connectivity/IpConnectivityMetrics.java,89,89,,,,
services/core/java/com/android/server/connectivity/KeepaliveTracker.java,105,105,,,,
services/core/java/com/android/server/connectivity/LingerMonitor.java,71,71,,,,
services/core/java/com/android/server/connectivity/MockableSystemProperties.java,12,12,,,,
services/core/java/com/android/server/connectivity/MultipathPolicyTracker.java,136,136,,,,
services/core/java/com/android/server/connectivity/Nat464Xlat.java,61,61,,,,
services/core/java/com/android/server/connectivity/NetdEventListenerService.java,136,136,,,,
services/core/java/com/android/server/connectivity/NetworkAgentInfo.java,128,128,,,,
services/core/java/com/android/server/connectivity/NetworkDiagnostics.java,148,148,,,,
services/core/java/com/android/server/connectivity/NetworkMonitor.java,324,324,,,,
services/core/java/com/android/server/connectivity/NetworkNotificationManager.java,77,77,,,,
services/core/java/com/android/server/connectivity/PacManager.java,101,101,,,,
services/core/java/com/android/server/connectivity/PermissionMonitor.java,98,98,,,,
services/core/java/com/android/server/connectivity/tethering/IControlsTethering.java,14,14,,,,
services/core/java/com/android/server/connectivity/tethering/IPv6TetheringCoordinator.java,70,70,,,,
services/core/java/com/android/server/connectivity/tethering/OffloadController.java,146,146,,,,
services/core/java/com/android/server/connectivity/tethering/OffloadHardwareInterface.java,122,122,,,,
services/core/java/com/android/server/connectivity/tethering/SimChangeListener.java,16,16,,,,
services/core/java/com/android/server/connectivity/tethering/TetheringConfiguration.java,92,81,,5,6,
services/core/java/com/android/server/connectivity/tethering/TetheringDependencies.java,19,17,,1,1,
services/core/java/com/android/server/connectivity/tethering/TetheringInterfaceUtils.java,13,13,,,,
services/core/java/com/android/server/connectivity/tethering/TetherInterfaceStateMachine.java,166,166,,,,
services/core/java/com/android/server/connectivity/tethering/UpstreamNetworkMonitor.java,140,105,,15,20,
services/core/java/com/android/server/connectivity/Tethering.java,457,441,,11,5,
services/core/java/com/android/server/connectivity/Vpn.java,446,434,,9,3,
services/core/java/com/android/server/ConnectivityService.java,1373,1332,,22,19,
services/core/java/com/android/server/ConsumerIrService.java,28,22,,3,3,
services/core/java/com/android/server/content/ContentService.java,489,489,,,,
services/core/java/com/android/server/content/ContentShellCommand.java,11,11,,,,
services/core/java/com/android/server/content/SyncAdapterStateFetcher.java,13,13,,,,
services/core/java/com/android/server/content/SyncJobService.java,42,42,,,,
services/core/java/com/android/server/content/SyncLogger.java,67,58,,1,8,
services/core/java/com/android/server/content/SyncManager.java,969,952,,14,3,
services/core/java/com/android/server/content/SyncManagerConstants.java,36,36,,,,
services/core/java/com/android/server/content/SyncOperation.java,144,139,,3,2,
services/core/java/com/android/server/content/SyncStorageEngine.java,575,570,,3,2,
services/core/java/com/android/server/ContextHubSystemService.java,9,9,,,,
services/core/java/com/android/server/CountryDetectorService.java,55,55,,,,
services/core/java/com/android/server/DeviceIdleController.java,703,703,,,,
services/core/java/com/android/server/DiskStatsService.java,68,68,,,,
services/core/java/com/android/server/display/AmbientBrightnessStatsTracker.java,106,106,,,,
services/core/java/com/android/server/display/AutomaticBrightnessController.java,212,195,,9,8,
services/core/java/com/android/server/display/BrightnessIdleJob.java,15,15,,,,
services/core/java/com/android/server/display/BrightnessMappingStrategy.java,203,203,,,,
services/core/java/com/android/server/display/BrightnessTracker.java,267,267,,,,
services/core/java/com/android/server/display/ColorDisplayService.java,145,145,,,,
services/core/java/com/android/server/display/ColorFade.java,138,136,,2,,
services/core/java/com/android/server/display/DisplayAdapter.java,40,40,,,,
services/core/java/com/android/server/display/DisplayBlanker.java,4,4,,,,
services/core/java/com/android/server/display/DisplayDevice.java,47,47,,,,
services/core/java/com/android/server/display/DisplayDeviceInfo.java,64,61,,2,1,
services/core/java/com/android/server/display/DisplayManagerService.java,559,544,,7,8,
services/core/java/com/android/server/display/DisplayManagerShellCommand.java,15,15,,,,
services/core/java/com/android/server/display/DisplayPowerController.java,312,299,,4,9,
services/core/java/com/android/server/display/DisplayPowerState.java,90,90,,,,
services/core/java/com/android/server/display/DisplayTransformManager.java,67,67,,,,
services/core/java/com/android/server/display/ExtendedRemoteDisplayHelper.java,26,,,,26,
services/core/java/com/android/server/display/HysteresisLevels.java,31,12,,16,3,
services/core/java/com/android/server/display/LocalDisplayAdapter.java,147,144,,3,,
services/core/java/com/android/server/display/LogicalDisplay.java,71,58,,3,10,
services/core/java/com/android/server/display/OverlayDisplayAdapter.java,151,151,,,,
services/core/java/com/android/server/display/OverlayDisplayWindow.java,119,119,,,,
services/core/java/com/android/server/display/PersistentDataStore.java,221,221,,,,
services/core/java/com/android/server/display/RampAnimator.java,34,34,,,,
services/core/java/com/android/server/display/utils/Plog.java,37,37,,,,
services/core/java/com/android/server/display/VirtualDisplayAdapter.java,138,138,,,,
services/core/java/com/android/server/display/WifiDisplayAdapter.java,154,154,,,,
services/core/java/com/android/server/display/WifiDisplayController.java,258,211,,34,13,
services/core/java/com/android/server/DisplayThread.java,7,7,,,,
services/core/java/com/android/server/DockObserver.java,59,59,,,,
services/core/java/com/android/server/dreams/DreamController.java,87,87,,,,
services/core/java/com/android/server/dreams/DreamManagerService.java,170,170,,,,
services/core/java/com/android/server/DropBoxManagerService.java,202,202,,,,
services/core/java/com/android/server/emergency/EmergencyAffordanceService.java,72,72,,,,
services/core/java/com/android/server/EntropyMixer.java,40,40,,,,
services/core/java/com/android/server/FgThread.java,10,10,,,,
services/core/java/com/android/server/fingerprint/AuthenticationClient.java,87,72,,5,10,
services/core/java/com/android/server/fingerprint/ClientMonitor.java,72,70,,1,1,
services/core/java/com/android/server/fingerprint/EnrollClient.java,56,40,,5,11,
services/core/java/com/android/server/fingerprint/EnumerateClient.java,36,36,,,,
services/core/java/com/android/server/fingerprint/FingerprintService.java,506,461,,27,18,
services/core/java/com/android/server/fingerprint/FingerprintsUserState.java,72,72,,,,
services/core/java/com/android/server/fingerprint/FingerprintUtils.java,26,26,,,,
services/core/java/com/android/server/fingerprint/InternalEnumerateClient.java,27,27,,,,
services/core/java/com/android/server/fingerprint/InternalRemovalClient.java,11,11,,,,
services/core/java/com/android/server/fingerprint/RemovalClient.java,42,42,,,,
services/core/java/com/android/server/firewall/AndFilter.java,14,14,,,,
services/core/java/com/android/server/firewall/CategoryFilter.java,19,19,,,,
services/core/java/com/android/server/firewall/Filter.java,9,9,,,,
services/core/java/com/android/server/firewall/FilterFactory.java,7,7,,,,
services/core/java/com/android/server/firewall/FilterList.java,8,8,,,,
services/core/java/com/android/server/firewall/IntentFirewall.java,199,199,,,,
services/core/java/com/android/server/firewall/NotFilter.java,19,19,,,,
services/core/java/com/android/server/firewall/OrFilter.java,14,14,,,,
services/core/java/com/android/server/firewall/PortFilter.java,33,33,,,,
services/core/java/com/android/server/firewall/SenderFilter.java,56,56,,,,
services/core/java/com/android/server/firewall/SenderPackageFilter.java,21,21,,,,
services/core/java/com/android/server/firewall/SenderPermissionFilter.java,18,18,,,,
services/core/java/com/android/server/firewall/StringFilter.java,151,151,,,,
services/core/java/com/android/server/GestureLauncherService.java,125,125,,,,
services/core/java/com/android/server/GraphicsStatsService.java,163,163,,,,
services/core/java/com/android/server/HardwarePropertiesManagerService.java,49,47,,2,,
services/core/java/com/android/server/hdmi/ActiveSourceHandler.java,24,24,,,,
services/core/java/com/android/server/hdmi/Constants.java,134,134,,,,
services/core/java/com/android/server/hdmi/DelayedMessageBuffer.java,25,25,,,,
services/core/java/com/android/server/hdmi/DeviceDiscoveryAction.java,79,79,,,,
services/core/java/com/android/server/hdmi/DevicePowerStatusAction.java,26,26,,,,
services/core/java/com/android/server/hdmi/DeviceSelectAction.java,35,35,,,,
services/core/java/com/android/server/hdmi/HdmiAnnotations.java,1,1,,,,
services/core/java/com/android/server/hdmi/HdmiCecController.java,210,210,,,,
services/core/java/com/android/server/hdmi/HdmiCecFeatureAction.java,75,75,,,,
services/core/java/com/android/server/hdmi/HdmiCecKeycode.java,159,159,,,,
services/core/java/com/android/server/hdmi/HdmiCecLocalDevice.java,251,251,,,,
services/core/java/com/android/server/hdmi/HdmiCecLocalDevicePlayback.java,92,92,,,,
services/core/java/com/android/server/hdmi/HdmiCecLocalDeviceTv.java,408,408,,,,
services/core/java/com/android/server/hdmi/HdmiCecMessage.java,20,20,,,,
services/core/java/com/android/server/hdmi/HdmiCecMessageBuilder.java,169,169,,,,
services/core/java/com/android/server/hdmi/HdmiCecMessageCache.java,18,18,,,,
services/core/java/com/android/server/hdmi/HdmiCecMessageValidator.java,72,72,,,,
services/core/java/com/android/server/hdmi/HdmiCecStandbyModeHandler.java,41,41,,,,
services/core/java/com/android/server/hdmi/HdmiConfig.java,10,10,,,,
services/core/java/com/android/server/hdmi/HdmiControlService.java,633,633,,,,
services/core/java/com/android/server/hdmi/HdmiLogger.java,46,46,,,,
services/core/java/com/android/server/hdmi/HdmiMhlControllerStub.java,40,40,,,,
services/core/java/com/android/server/hdmi/HdmiMhlLocalDeviceStub.java,23,23,,,,
services/core/java/com/android/server/hdmi/HdmiUtils.java,62,62,,,,
services/core/java/com/android/server/hdmi/HotplugDetectionAction.java,65,65,,,,
services/core/java/com/android/server/hdmi/NewDeviceAction.java,38,38,,,,
services/core/java/com/android/server/hdmi/OneTouchPlayAction.java,29,29,,,,
services/core/java/com/android/server/hdmi/OneTouchRecordAction.java,24,24,,,,
services/core/java/com/android/server/hdmi/PowerStatusMonitorAction.java,37,37,,,,
services/core/java/com/android/server/hdmi/RequestArcAction.java,15,15,,,,
services/core/java/com/android/server/hdmi/RequestArcInitiationAction.java,10,10,,,,
services/core/java/com/android/server/hdmi/RequestArcTerminationAction.java,10,10,,,,
services/core/java/com/android/server/hdmi/RoutingControlAction.java,46,46,,,,
services/core/java/com/android/server/hdmi/SelectRequestBuffer.java,44,44,,,,
services/core/java/com/android/server/hdmi/SendKeyAction.java,26,26,,,,
services/core/java/com/android/server/hdmi/SetArcTransmissionStateAction.java,24,24,,,,
services/core/java/com/android/server/hdmi/SystemAudioAction.java,41,41,,,,
services/core/java/com/android/server/hdmi/SystemAudioActionFromAvr.java,8,8,,,,
services/core/java/com/android/server/hdmi/SystemAudioActionFromTv.java,7,7,,,,
services/core/java/com/android/server/hdmi/SystemAudioAutoInitiationAction.java,20,20,,,,
services/core/java/com/android/server/hdmi/SystemAudioStatusAction.java,27,27,,,,
services/core/java/com/android/server/hdmi/TimerRecordingAction.java,35,35,,,,
services/core/java/com/android/server/hdmi/UnmodifiableSparseArray.java,18,18,,,,
services/core/java/com/android/server/hdmi/UnmodifiableSparseIntArray.java,18,18,,,,
services/core/java/com/android/server/hdmi/VolumeControlAction.java,46,46,,,,
services/core/java/com/android/server/INativeDaemonConnectorCallbacks.java,8,8,,,,
services/core/java/com/android/server/input/InputApplicationHandle.java,9,9,,,,
services/core/java/com/android/server/input/InputForwarder.java,7,7,,,,
services/core/java/com/android/server/input/InputManagerService.java,776,759,,4,13,
services/core/java/com/android/server/input/InputWindowHandle.java,34,34,,,,
services/core/java/com/android/server/input/PersistentDataStore.java,135,135,,,,
services/core/java/com/android/server/InputContentUriTokenHandler.java,23,23,,,,
services/core/java/com/android/server/InputMethodManagerService.java,1045,1032,,6,7,
services/core/java/com/android/server/IntentResolver.java,242,242,,,,
services/core/java/com/android/server/IoThread.java,7,7,,,,
services/core/java/com/android/server/IpSecService.java,362,362,,,,
services/core/java/com/android/server/job/controllers/BackgroundJobsController.java,68,68,,,,
services/core/java/com/android/server/job/controllers/BatteryController.java,62,62,,,,
services/core/java/com/android/server/job/controllers/ConnectivityController.java,103,103,,,,
services/core/java/com/android/server/job/controllers/ContentObserverController.java,120,120,,,,
services/core/java/com/android/server/job/controllers/DeviceIdleJobsController.java,67,67,,,,
services/core/java/com/android/server/job/controllers/IdleController.java,51,51,,,,
services/core/java/com/android/server/job/controllers/JobStatus.java,331,331,,,,
services/core/java/com/android/server/job/controllers/StateController.java,27,27,,,,
services/core/java/com/android/server/job/controllers/StorageController.java,49,49,,,,
services/core/java/com/android/server/job/controllers/TimeController.java,92,92,,,,
services/core/java/com/android/server/job/GrantedUriPermissions.java,79,79,,,,
services/core/java/com/android/server/job/JobCompletedListener.java,4,4,,,,
services/core/java/com/android/server/job/JobPackageTracker.java,248,248,,,,
services/core/java/com/android/server/job/JobSchedulerInternal.java,35,35,,,,
services/core/java/com/android/server/job/JobSchedulerService.java,739,734,,5,,
services/core/java/com/android/server/job/JobSchedulerShellCommand.java,88,88,,,,
services/core/java/com/android/server/job/JobServiceContext.java,178,178,,,,
services/core/java/com/android/server/job/JobStore.java,312,312,,,,
services/core/java/com/android/server/job/StateChangedListener.java,6,6,,,,
services/core/java/com/android/server/lights/Light.java,28,25,,1,2,
services/core/java/com/android/server/lights/LightsManager.java,12,12,,,,
services/core/java/com/android/server/lights/LightsService.java,79,66,,5,8,
services/core/java/com/android/server/location/ActivityRecognitionProxy.java,35,35,,,,
services/core/java/com/android/server/location/ComprehensiveCountryDetector.java,83,83,,,,
services/core/java/com/android/server/location/ContextHubClientBroker.java,42,42,,,,
services/core/java/com/android/server/location/ContextHubClientManager.java,48,48,,,,
services/core/java/com/android/server/location/ContextHubService.java,213,213,,,,
services/core/java/com/android/server/location/ContextHubServiceTransaction.java,20,20,,,,
services/core/java/com/android/server/location/ContextHubServiceUtil.java,41,41,,,,
services/core/java/com/android/server/location/ContextHubTransactionManager.java,85,85,,,,
services/core/java/com/android/server/location/CountryDetectorBase.java,13,13,,,,
services/core/java/com/android/server/location/ExponentialBackOff.java,10,10,,,,
services/core/java/com/android/server/location/GeocoderProxy.java,47,47,,,,
services/core/java/com/android/server/location/GeofenceManager.java,104,104,,,,
services/core/java/com/android/server/location/GeofenceProxy.java,57,57,,,,
services/core/java/com/android/server/location/GeofenceState.java,29,29,,,,
services/core/java/com/android/server/location/GnssBatchingProvider.java,38,38,,,,
services/core/java/com/android/server/location/GnssGeofenceProvider.java,88,88,,,,
services/core/java/com/android/server/location/GnssLocationProvider.java,708,706,,2,,
services/core/java/com/android/server/location/GnssMeasurementsProvider.java,47,47,,,,
services/core/java/com/android/server/location/GnssNavigationMessageProvider.java,41,41,,,,
services/core/java/com/android/server/location/GnssSatelliteBlacklistHelper.java,33,33,,,,
services/core/java/com/android/server/location/GnssStatusListenerHelper.java,41,41,,,,
services/core/java/com/android/server/location/GpsXtraDownloader.java,31,31,,,,
services/core/java/com/android/server/location/LocationBasedCountryDetector.java,59,59,,,,
services/core/java/com/android/server/location/LocationBlacklist.java,34,34,,,,
services/core/java/com/android/server/location/LocationFudger.java,66,66,,,,
services/core/java/com/android/server/location/LocationProviderInterface.java,19,19,,,,
services/core/java/com/android/server/location/LocationProviderProxy.java,105,105,,,,
services/core/java/com/android/server/location/LocationRequestStatistics.java,58,58,,,,
services/core/java/com/android/server/location/MockProvider.java,46,46,,,,
services/core/java/com/android/server/location/NanoAppStateManager.java,35,35,,,,
services/core/java/com/android/server/location/NtpTimeHelper.java,47,47,,,,
services/core/java/com/android/server/location/PassiveProvider.java,28,28,,,,
services/core/java/com/android/server/location/RemoteListenerHelper.java,76,76,,,,
services/core/java/com/android/server/LocationManagerService.java,752,733,,6,13,
services/core/java/com/android/server/LockGuard.java,67,67,,,,
services/core/java/com/android/server/locksettings/LockSettingsService.java,737,709,,6,22,
services/core/java/com/android/server/locksettings/LockSettingsShellCommand.java,40,35,,3,2,
services/core/java/com/android/server/locksettings/LockSettingsStorage.java,352,348,,1,3,
services/core/java/com/android/server/locksettings/LockSettingsStrongAuth.java,75,75,,,,
services/core/java/com/android/server/locksettings/recoverablekeystore/BadPlatformKeyException.java,3,3,,,,
services/core/java/com/android/server/locksettings/recoverablekeystore/certificate/CertParsingException.java,8,8,,,,
services/core/java/com/android/server/locksettings/recoverablekeystore/certificate/CertUtils.java,79,79,,,,
services/core/java/com/android/server/locksettings/recoverablekeystore/certificate/CertValidationException.java,8,8,,,,
services/core/java/com/android/server/locksettings/recoverablekeystore/certificate/CertXml.java,47,47,,,,
services/core/java/com/android/server/locksettings/recoverablekeystore/certificate/SigXml.java,33,33,,,,
services/core/java/com/android/server/locksettings/recoverablekeystore/InsecureUserException.java,3,3,,,,
services/core/java/com/android/server/locksettings/recoverablekeystore/KeyStoreProxy.java,12,12,,,,
services/core/java/com/android/server/locksettings/recoverablekeystore/KeyStoreProxyImpl.java,19,19,,,,
services/core/java/com/android/server/locksettings/recoverablekeystore/KeySyncTask.java,121,121,,,,
services/core/java/com/android/server/locksettings/recoverablekeystore/KeySyncUtils.java,72,72,,,,
services/core/java/com/android/server/locksettings/recoverablekeystore/PlatformDecryptionKey.java,8,8,,,,
services/core/java/com/android/server/locksettings/recoverablekeystore/PlatformEncryptionKey.java,8,8,,,,
services/core/java/com/android/server/locksettings/recoverablekeystore/PlatformKeyManager.java,74,74,,,,
services/core/java/com/android/server/locksettings/recoverablekeystore/RecoverableKeyGenerator.java,31,31,,,,
services/core/java/com/android/server/locksettings/recoverablekeystore/RecoverableKeyStorageException.java,6,6,,,,
services/core/java/com/android/server/locksettings/recoverablekeystore/RecoverableKeyStoreManager.java,199,199,,,,
services/core/java/com/android/server/locksettings/recoverablekeystore/RecoverySnapshotListenersStorage.java,16,16,,,,
services/core/java/com/android/server/locksettings/recoverablekeystore/SecureBox.java,129,129,,,,
services/core/java/com/android/server/locksettings/recoverablekeystore/serialization/KeyChainSnapshotDeserializer.java,62,62,,,,
services/core/java/com/android/server/locksettings/recoverablekeystore/serialization/KeyChainSnapshotParserException.java,6,6,,,,
services/core/java/com/android/server/locksettings/recoverablekeystore/serialization/KeyChainSnapshotSchema.java,26,26,,,,
services/core/java/com/android/server/locksettings/recoverablekeystore/serialization/KeyChainSnapshotSerializer.java,45,45,,,,
services/core/java/com/android/server/locksettings/recoverablekeystore/storage/ApplicationKeyStorage.java,30,30,,,,
services/core/java/com/android/server/locksettings/recoverablekeystore/storage/RecoverableKeyStoreDb.java,307,307,,,,
services/core/java/com/android/server/locksettings/recoverablekeystore/storage/RecoverableKeyStoreDbContract.java,35,35,,,,
services/core/java/com/android/server/locksettings/recoverablekeystore/storage/RecoverableKeyStoreDbHelper.java,37,37,,,,
services/core/java/com/android/server/locksettings/recoverablekeystore/storage/RecoverySessionStorage.java,41,41,,,,
services/core/java/com/android/server/locksettings/recoverablekeystore/storage/RecoverySnapshotStorage.java,38,38,,,,
services/core/java/com/android/server/locksettings/recoverablekeystore/TestOnlyInsecureCertificateHelper.java,20,20,,,,
services/core/java/com/android/server/locksettings/recoverablekeystore/WrappedKey.java,40,40,,,,
services/core/java/com/android/server/locksettings/SP800Derive.java,17,,,,17,
services/core/java/com/android/server/locksettings/SyntheticPasswordCrypto.java,70,70,,,,
services/core/java/com/android/server/locksettings/SyntheticPasswordManager.java,404,384,,13,7,
services/core/java/com/android/server/MasterClearReceiver.java,28,28,,,,
services/core/java/com/android/server/media/AudioPlayerStateMonitor.java,71,71,,,,
services/core/java/com/android/server/media/MediaResourceMonitorService.java,22,22,,,,
services/core/java/com/android/server/media/MediaRouterService.java,432,432,,,,
services/core/java/com/android/server/media/MediaSessionRecord.java,558,558,,,,
services/core/java/com/android/server/media/MediaSessionService.java,577,577,,,,
services/core/java/com/android/server/media/MediaSessionStack.java,83,83,,,,
services/core/java/com/android/server/media/MediaUpdateService.java,31,31,,,,
services/core/java/com/android/server/media/projection/MediaProjectionManagerService.java,166,166,,,,
services/core/java/com/android/server/media/RemoteDisplayProviderProxy.java,114,114,,,,
services/core/java/com/android/server/media/RemoteDisplayProviderWatcher.java,55,55,,,,
services/core/java/com/android/server/MmsServiceBroker.java,187,187,,,,
services/core/java/com/android/server/MountServiceIdler.java,24,24,,,,
services/core/java/com/android/server/NativeDaemonConnector.java,182,182,,,,
services/core/java/com/android/server/NativeDaemonConnectorException.java,14,14,,,,
services/core/java/com/android/server/NativeDaemonEvent.java,62,62,,,,
services/core/java/com/android/server/NativeDaemonTimeoutException.java,4,4,,,,
services/core/java/com/android/server/net/DelayedDiskWrite.java,26,26,,,,
services/core/java/com/android/server/net/IpConfigStore.java,88,88,,,,
services/core/java/com/android/server/net/LockdownVpnTracker.java,62,62,,,,
services/core/java/com/android/server/net/NetworkIdentitySet.java,43,43,,,,
services/core/java/com/android/server/net/NetworkPolicyLogger.java,189,189,,,,
services/core/java/com/android/server/net/NetworkPolicyManagerInternal.java,27,27,,,,
services/core/java/com/android/server/net/NetworkPolicyManagerService.java,1223,1220,,2,1,
services/core/java/com/android/server/net/NetworkPolicyManagerShellCommand.java,77,77,,,,
services/core/java/com/android/server/net/NetworkStatsAccess.java,27,27,,,,
services/core/java/com/android/server/net/NetworkStatsCollection.java,244,244,,,,
services/core/java/com/android/server/net/NetworkStatsManagerInternal.java,15,15,,,,
services/core/java/com/android/server/net/NetworkStatsObservers.java,135,135,,,,
services/core/java/com/android/server/net/NetworkStatsRecorder.java,116,116,,,,
services/core/java/com/android/server/net/NetworkStatsService.java,503,478,,16,9,
services/core/java/com/android/server/net/watchlist/DigestUtils.java,11,11,,,,
services/core/java/com/android/server/net/watchlist/HarmfulDigests.java,14,14,,,,
services/core/java/com/android/server/net/watchlist/NetworkWatchlistService.java,67,67,,,,
services/core/java/com/android/server/net/watchlist/NetworkWatchlistShellCommand.java,22,22,,,,
services/core/java/com/android/server/net/watchlist/PrivacyUtils.java,29,29,,,,
services/core/java/com/android/server/net/watchlist/ReportEncoder.java,21,21,,,,
services/core/java/com/android/server/net/watchlist/ReportWatchlistJobService.java,12,12,,,,
services/core/java/com/android/server/net/watchlist/WatchlistConfig.java,71,71,,,,
services/core/java/com/android/server/net/watchlist/WatchlistLoggingHandler.java,106,106,,,,
services/core/java/com/android/server/net/watchlist/WatchlistReportDbHelper.java,55,55,,,,
services/core/java/com/android/server/net/watchlist/WatchlistSettings.java,29,29,,,,
services/core/java/com/android/server/NetworkManagementInternal.java,3,3,,,,
services/core/java/com/android/server/NetworkManagementService.java,754,698,,3,53,
services/core/java/com/android/server/NetworkScorerAppManager.java,94,94,,,,
services/core/java/com/android/server/NetworkScoreService.java,270,270,,,,
services/core/java/com/android/server/NetworkTimeUpdateService.java,82,82,,,,
services/core/java/com/android/server/notification/AlertRateLimiter.java,6,6,,,,
services/core/java/com/android/server/notification/BadgeExtractor.java,15,15,,,,
services/core/java/com/android/server/notification/CalendarTracker.java,88,88,,,,
services/core/java/com/android/server/notification/ConditionProviders.java,141,139,,2,,
services/core/java/com/android/server/notification/CountdownConditionProvider.java,50,50,,,,
services/core/java/com/android/server/notification/EventConditionProvider.java,91,91,,,,
services/core/java/com/android/server/notification/GlobalSortKeyComparator.java,5,5,,,,
services/core/java/com/android/server/notification/GroupHelper.java,48,48,,,,
services/core/java/com/android/server/notification/ImportanceExtractor.java,13,13,,,,
services/core/java/com/android/server/notification/ManagedServices.java,432,429,,2,1,
services/core/java/com/android/server/notification/NotificationAdjustmentExtractor.java,12,12,,,,
services/core/java/com/android/server/notification/NotificationChannelExtractor.java,13,13,,,,
services/core/java/com/android/server/notification/NotificationComparator.java,47,47,,,,
services/core/java/com/android/server/notification/NotificationDelegate.java,60,60,,,,
services/core/java/com/android/server/notification/NotificationIntrusivenessExtractor.java,17,17,,,,
services/core/java/com/android/server/notification/NotificationManagerInternal.java,18,18,,,,
services/core/java/com/android/server/notification/NotificationManagerService.java,2072,1986,,38,48,
services/core/java/com/android/server/notification/NotificationRecord.java,274,262,,8,4,
services/core/java/com/android/server/notification/NotificationSignalExtractor.java,10,10,,,,
services/core/java/com/android/server/notification/NotificationUsageStats.java,390,390,,,,
services/core/java/com/android/server/notification/PriorityExtractor.java,13,13,,,,
services/core/java/com/android/server/notification/PropConfig.java,11,11,,,,
services/core/java/com/android/server/notification/RankingConfig.java,66,63,,2,1,
services/core/java/com/android/server/notification/RankingHandler.java,4,4,,,,
services/core/java/com/android/server/notification/RankingHelper.java,454,434,,9,11,
services/core/java/com/android/server/notification/RankingReconsideration.java,25,25,,,,
services/core/java/com/android/server/notification/RateEstimator.java,14,14,,,,
services/core/java/com/android/server/notification/ScheduleConditionProvider.java,92,92,,,,
services/core/java/com/android/server/notification/SnoozeHelper.java,137,137,,,,
services/core/java/com/android/server/notification/SystemConditionProviderService.java,21,21,,,,
services/core/java/com/android/server/notification/ValidateNotificationPeople.java,159,159,,,,
services/core/java/com/android/server/notification/VisibilityExtractor.java,13,13,,,,
services/core/java/com/android/server/notification/ZenLog.java,109,107,,2,,
services/core/java/com/android/server/notification/ZenModeConditions.java,53,44,,6,3,
services/core/java/com/android/server/notification/ZenModeExtractor.java,13,13,,,,
services/core/java/com/android/server/notification/ZenModeFiltering.java,88,88,,,,
services/core/java/com/android/server/notification/ZenModeHelper.java,364,337,,20,7,
services/core/java/com/android/server/NsdService.java,244,244,,,,
services/core/java/com/android/server/oemlock/OemLock.java,8,8,,,,
services/core/java/com/android/server/oemlock/OemLockService.java,51,51,,,,
services/core/java/com/android/server/oemlock/PersistentDataBlockLock.java,16,16,,,,
services/core/java/com/android/server/oemlock/VendorLock.java,29,29,,,,
services/core/java/com/android/server/om/IdmapManager.java,24,24,,,,
services/core/java/com/android/server/om/OverlayManagerService.java,223,218,,2,3,
services/core/java/com/android/server/om/OverlayManagerServiceImpl.java,199,199,,,,
services/core/java/com/android/server/om/OverlayManagerSettings.java,196,196,,,,
services/core/java/com/android/server/om/OverlayManagerShellCommand.java,41,41,,,,
services/core/java/com/android/server/os/DeviceIdentifiersPolicyService.java,9,9,,,,
services/core/java/com/android/server/os/SchedulingPolicyService.java,35,35,,,,
services/core/java/com/android/server/PendingIntentUtils.java,5,5,,,,
services/core/java/com/android/server/PermissionDialog.java,45,,,,45,
services/core/java/com/android/server/PermissionDialogReqQueue.java,22,,,,22,
services/core/java/com/android/server/PersistentDataBlockManagerInternal.java,6,6,,,,
services/core/java/com/android/server/PersistentDataBlockService.java,138,138,,,,
services/core/java/com/android/server/PinnerService.java,247,116,,21,110,
services/core/java/com/android/server/pm/AbstractStatsBase.java,30,30,,,,
services/core/java/com/android/server/pm/BackgroundDexOptService.java,109,107,,2,,
services/core/java/com/android/server/pm/CompilerStats.java,68,68,,,,
services/core/java/com/android/server/pm/CrossProfileAppsService.java,5,5,,,,
services/core/java/com/android/server/pm/CrossProfileAppsServiceImpl.java,71,71,,,,
services/core/java/com/android/server/pm/CrossProfileIntentFilter.java,40,40,,,,
services/core/java/com/android/server/pm/CrossProfileIntentResolver.java,8,8,,,,
services/core/java/com/android/server/pm/dex/ArtManagerService.java,155,151,,2,2,
services/core/java/com/android/server/pm/dex/DexLogger.java,34,34,,,,
services/core/java/com/android/server/pm/dex/DexManager.java,218,218,,,,
services/core/java/com/android/server/pm/dex/DexoptOptions.java,44,44,,,,
services/core/java/com/android/server/pm/dex/DexoptUtils.java,67,67,,,,
services/core/java/com/android/server/pm/dex/PackageDexUsage.java,198,198,,,,
services/core/java/com/android/server/pm/DumpState.java,47,47,,,,
services/core/java/com/android/server/pm/Installer.java,278,278,,,,
services/core/java/com/android/server/pm/InstantAppRegistry.java,355,355,,,,
services/core/java/com/android/server/pm/InstantAppResolver.java,117,117,,,,
services/core/java/com/android/server/pm/InstantAppResolverConnection.java,97,97,,,,
services/core/java/com/android/server/pm/InstructionSets.java,25,25,,,,
services/core/java/com/android/server/pm/IntentFilterVerificationKey.java,15,15,,,,
services/core/java/com/android/server/pm/IntentFilterVerificationResponse.java,11,11,,,,
services/core/java/com/android/server/pm/IntentFilterVerificationState.java,37,37,,,,
services/core/java/com/android/server/pm/KeySetHandle.java,14,14,,,,
services/core/java/com/android/server/pm/KeySetManagerService.java,229,229,,,,
services/core/java/com/android/server/pm/LauncherAppsService.java,266,266,,,,
services/core/java/com/android/server/pm/OtaDexoptService.java,112,112,,,,
services/core/java/com/android/server/pm/OtaDexoptShellCommand.java,19,19,,,,
services/core/java/com/android/server/pm/PackageDexOptimizer.java,186,180,,2,4,
services/core/java/com/android/server/pm/PackageInstallerService.java,323,323,,,,
services/core/java/com/android/server/pm/PackageInstallerSession.java,393,393,,,,
services/core/java/com/android/server/pm/PackageKeySetData.java,31,31,,,,
services/core/java/com/android/server/pm/PackageManagerException.java,17,17,,,,
services/core/java/com/android/server/pm/PackageManagerService.java,5873,5827,,12,34,
services/core/java/com/android/server/pm/PackageManagerServiceCompilerMapping.java,22,22,,,,
services/core/java/com/android/server/pm/PackageManagerServiceUtils.java,155,155,,,,
services/core/java/com/android/server/pm/PackageManagerShellCommand.java,564,564,,,,
services/core/java/com/android/server/pm/PackageSetting.java,58,58,,,,
services/core/java/com/android/server/pm/PackageSettingBase.java,268,268,,,,
services/core/java/com/android/server/pm/PackageSignatures.java,66,66,,,,
services/core/java/com/android/server/pm/PackageUsage.java,54,54,,,,
services/core/java/com/android/server/pm/PackageVerificationResponse.java,6,6,,,,
services/core/java/com/android/server/pm/PackageVerificationState.java,22,22,,,,
services/core/java/com/android/server/pm/ParallelPackageParser.java,37,37,,,,
services/core/java/com/android/server/pm/permission/BasePermission.java,134,134,,,,
services/core/java/com/android/server/pm/permission/DefaultPermissionGrantPolicy.java,361,361,,,,
services/core/java/com/android/server/pm/permission/PermissionManagerInternal.java,148,148,,,,
services/core/java/com/android/server/pm/permission/PermissionManagerService.java,568,568,,,,
services/core/java/com/android/server/pm/permission/PermissionSettings.java,76,76,,,,
services/core/java/com/android/server/pm/permission/PermissionsState.java,195,195,,,,
services/core/java/com/android/server/pm/PersistentPreferredActivity.java,18,18,,,,
services/core/java/com/android/server/pm/PersistentPreferredIntentResolver.java,6,6,,,,
services/core/java/com/android/server/pm/PreferredActivity.java,19,19,,,,
services/core/java/com/android/server/pm/PreferredComponent.java,95,95,,,,
services/core/java/com/android/server/pm/PreferredIntentResolver.java,10,10,,,,
services/core/java/com/android/server/pm/ProcessLoggingHandler.java,34,34,,,,
services/core/java/com/android/server/pm/ProtectedPackages.java,25,25,,,,
services/core/java/com/android/server/pm/SELinuxMMAC.java,104,104,,,,
services/core/java/com/android/server/pm/SettingBase.java,18,18,,,,
services/core/java/com/android/server/pm/Settings.java,1329,1318,,11,,
services/core/java/com/android/server/pm/SharedUserSetting.java,35,35,,,,
services/core/java/com/android/server/pm/ShortcutBitmapSaver.java,53,53,,,,
services/core/java/com/android/server/pm/ShortcutDumpFiles.java,24,24,,,,
services/core/java/com/android/server/pm/ShortcutLauncher.java,102,102,,,,
services/core/java/com/android/server/pm/ShortcutNonPersistentUser.java,20,20,,,,
services/core/java/com/android/server/pm/ShortcutPackage.java,389,389,,,,
services/core/java/com/android/server/pm/ShortcutPackageInfo.java,82,82,,,,
services/core/java/com/android/server/pm/ShortcutPackageItem.java,36,36,,,,
services/core/java/com/android/server/pm/ShortcutParser.java,75,75,,,,
services/core/java/com/android/server/pm/ShortcutRequestPinProcessor.java,123,123,,,,
services/core/java/com/android/server/pm/ShortcutService.java,1150,1148,,2,,
services/core/java/com/android/server/pm/ShortcutUser.java,167,167,,,,
services/core/java/com/android/server/pm/UserDataPreparer.java,91,91,,,,
services/core/java/com/android/server/pm/UserManagerService.java,999,989,,10,,
services/core/java/com/android/server/pm/UserRestrictionsUtils.java,121,118,,3,,
services/core/java/com/android/server/policy/BarController.java,105,100,,4,1,
services/core/java/com/android/server/policy/BurnInProtectionHelper.java,73,73,,,,
services/core/java/com/android/server/policy/GlobalActions.java,26,26,,,,
services/core/java/com/android/server/policy/GlobalActionsProvider.java,10,10,,,,
services/core/java/com/android/server/policy/GlobalKeyManager.java,36,36,,,,
services/core/java/com/android/server/policy/IconUtilities.java,38,38,,,,
services/core/java/com/android/server/policy/ImmersiveModeConfirmation.java,106,103,,3,,
services/core/java/com/android/server/policy/keyguard/KeyguardServiceDelegate.java,117,117,,,,
services/core/java/com/android/server/policy/keyguard/KeyguardServiceWrapper.java,78,78,,,,
services/core/java/com/android/server/policy/keyguard/KeyguardStateMonitor.java,44,36,,3,5,
services/core/java/com/android/server/policy/LegacyGlobalActions.java,208,208,,,,
services/core/java/com/android/server/policy/LogDecelerateInterpolator.java,13,13,,,,
services/core/java/com/android/server/policy/PhoneWindowManager.java,1747,1534,,58,155,
services/core/java/com/android/server/policy/PowerAction.java,11,11,,,,
services/core/java/com/android/server/policy/RestartAction.java,11,11,,,,
services/core/java/com/android/server/policy/ShortcutManager.java,48,48,,,,
services/core/java/com/android/server/policy/SplashScreenSurface.java,9,9,,,,
services/core/java/com/android/server/policy/StatusBarController.java,33,33,,,,
services/core/java/com/android/server/policy/SystemGesturesPointerEventListener.java,92,92,,,,
services/core/java/com/android/server/policy/WakeGestureListener.java,24,24,,,,
services/core/java/com/android/server/policy/WindowManagerPolicy.java,417,409,,2,6,
services/core/java/com/android/server/policy/WindowOrientationListener.java,218,209,,7,2,
services/core/java/com/android/server/power/batterysaver/BatterySaverController.java,86,86,,,,
services/core/java/com/android/server/power/batterysaver/BatterySaverLocationPlugin.java,13,13,,,,
services/core/java/com/android/server/power/batterysaver/BatterySaverStateMachine.java,80,80,,,,
services/core/java/com/android/server/power/batterysaver/BatterySavingStats.java,147,147,,,,
services/core/java/com/android/server/power/batterysaver/CpuFrequencies.java,21,21,,,,
services/core/java/com/android/server/power/batterysaver/FileUpdater.java,80,80,,,,
services/core/java/com/android/server/power/BatterySaverPolicy.java,102,102,,,,
services/core/java/com/android/server/power/Notifier.java,197,179,,12,6,
services/core/java/com/android/server/power/PowerManagerService.java,1003,911,,21,71,
services/core/java/com/android/server/power/PowerManagerShellCommand.java,15,15,,,,
services/core/java/com/android/server/power/ScreenOnBlocker.java,3,3,,,,
services/core/java/com/android/server/power/ShutdownThread.java,173,162,,6,5,
services/core/java/com/android/server/power/SuspendBlocker.java,6,6,,,,
services/core/java/com/android/server/power/WirelessChargerDetector.java,76,76,,,,
services/core/java/com/android/server/PreloadsFileCacheExpirationJobService.java,17,17,,,,
services/core/java/com/android/server/PruneInstantAppsJobService.java,13,13,,,,
services/core/java/com/android/server/RandomBlock.java,26,26,,,,
services/core/java/com/android/server/RecoverySystemService.java,56,56,,,,
services/core/java/com/android/server/RescueParty.java,93,93,,,,
services/core/java/com/android/server/search/Searchables.java,112,112,,,,
services/core/java/com/android/server/search/SearchManagerService.java,78,78,,,,
services/core/java/com/android/server/security/KeyAttestationApplicationIdProviderService.java,13,13,,,,
services/core/java/com/android/server/security/KeyChainSystemService.java,21,21,,,,
services/core/java/com/android/server/security/VerityUtils.java,51,51,,,,
services/core/java/com/android/server/SensorNotificationService.java,41,41,,,,
services/core/java/com/android/server/SerialService.java,15,15,,,,
services/core/java/com/android/server/ServiceThread.java,8,8,,,,
services/core/java/com/android/server/ServiceWatcher.java,122,122,,,,
services/core/java/com/android/server/slice/DirtyTracker.java,7,7,,,,
services/core/java/com/android/server/slice/PinnedSliceState.java,66,63,,3,,
services/core/java/com/android/server/slice/SliceClientPermissions.java,123,119,,3,1,
services/core/java/com/android/server/slice/SliceFullAccessList.java,47,47,,,,
services/core/java/com/android/server/slice/SliceManagerService.java,213,210,,2,1,
services/core/java/com/android/server/slice/SlicePermissionManager.java,146,139,,5,2,
services/core/java/com/android/server/slice/SliceProviderPermissions.java,61,61,,,,
services/core/java/com/android/server/slice/SliceShellCommand.java,20,20,,,,
services/core/java/com/android/server/stats/StatsCompanionService.java,329,320,,2,7,
services/core/java/com/android/server/statusbar/StatusBarManagerInternal.java,55,52,,2,1,
services/core/java/com/android/server/statusbar/StatusBarManagerService.java,391,380,,5,6,
services/core/java/com/android/server/statusbar/StatusBarShellCommand.java,20,20,,,,
services/core/java/com/android/server/storage/AppCollector.java,38,38,,,,
services/core/java/com/android/server/storage/AppFuseBridge.java,49,49,,,,
services/core/java/com/android/server/storage/CacheQuotaStrategy.java,109,106,,2,1,
services/core/java/com/android/server/storage/DeviceStorageMonitorInternal.java,4,4,,,,
services/core/java/com/android/server/storage/DeviceStorageMonitorService.java,136,136,,,,
services/core/java/com/android/server/storage/DiskStatsFileLogger.java,51,51,,,,
services/core/java/com/android/server/storage/DiskStatsLoggingService.java,59,59,,,,
services/core/java/com/android/server/storage/FileCollector.java,44,43,,1,,
services/core/java/com/android/server/StorageManagerService.java,928,913,,4,11,
services/core/java/com/android/server/SystemServerInitThreadPool.java,15,15,,,,
services/core/java/com/android/server/SystemService.java,47,47,,,,
services/core/java/com/android/server/SystemServiceManager.java,91,91,,,,
services/core/java/com/android/server/SystemUpdateManagerService.java,49,49,,,,
services/core/java/com/android/server/telecom/TelecomLoaderService.java,84,84,,,,
services/core/java/com/android/server/TelephonyRegistry.java,433,431,,2,,
services/core/java/com/android/server/textclassifier/TextClassificationManagerService.java,111,111,,,,
services/core/java/com/android/server/TextServicesManagerService.java,293,293,,,,
services/core/java/com/android/server/ThreadPriorityBooster.java,25,25,,,,
services/core/java/com/android/server/timezone/CheckToken.java,23,23,,,,
services/core/java/com/android/server/timezone/ConfigHelper.java,6,6,,,,
services/core/java/com/android/server/timezone/PackageManagerHelper.java,14,14,,,,
services/core/java/com/android/server/timezone/PackageStatus.java,15,15,,,,
services/core/java/com/android/server/timezone/PackageStatusStorage.java,96,96,,,,
services/core/java/com/android/server/timezone/PackageTracker.java,64,64,,,,
services/core/java/com/android/server/timezone/PackageTrackerHelperImpl.java,39,39,,,,
services/core/java/com/android/server/timezone/PackageTrackerIntentHelper.java,10,10,,,,
services/core/java/com/android/server/timezone/PackageTrackerIntentHelperImpl.java,24,24,,,,
services/core/java/com/android/server/timezone/PackageVersions.java,12,12,,,,
services/core/java/com/android/server/timezone/PermissionHelper.java,6,6,,,,
services/core/java/com/android/server/timezone/RulesManagerIntentHelper.java,3,3,,,,
services/core/java/com/android/server/timezone/RulesManagerService.java,123,123,,,,
services/core/java/com/android/server/timezone/RulesManagerServiceHelperImpl.java,16,16,,,,
services/core/java/com/android/server/timezone/TimeZoneUpdateIdler.java,18,18,,,,
services/core/java/com/android/server/trust/TrustAgentWrapper.java,151,151,,,,
services/core/java/com/android/server/trust/TrustArchive.java,81,81,,,,
services/core/java/com/android/server/trust/TrustManagerService.java,343,338,,5,,
services/core/java/com/android/server/tv/PersistentDataStore.java,59,59,,,,
services/core/java/com/android/server/tv/TvInputHal.java,81,81,,,,
services/core/java/com/android/server/tv/TvInputHardwareManager.java,347,347,,,,
services/core/java/com/android/server/tv/TvInputManagerService.java,854,854,,,,
services/core/java/com/android/server/tv/TvRemoteProviderProxy.java,188,188,,,,
services/core/java/com/android/server/tv/TvRemoteProviderWatcher.java,52,52,,,,
services/core/java/com/android/server/tv/TvRemoteService.java,116,116,,,,
services/core/java/com/android/server/tv/UinputBridge.java,64,64,,,,
services/core/java/com/android/server/twilight/TwilightListener.java,3,3,,,,
services/core/java/com/android/server/twilight/TwilightManager.java,7,7,,,,
services/core/java/com/android/server/twilight/TwilightService.java,66,66,,,,
services/core/java/com/android/server/twilight/TwilightState.java,20,20,,,,
services/core/java/com/android/server/UiModeManagerService.java,166,166,,,,
services/core/java/com/android/server/UiThread.java,11,11,,,,
services/core/java/com/android/server/UpdateLockService.java,29,29,,,,
services/core/java/com/android/server/updates/ApnDbInstallReceiver.java,7,7,,,,
services/core/java/com/android/server/updates/CarrierIdInstallReceiver.java,6,6,,,,
services/core/java/com/android/server/updates/CarrierProvisioningUrlsInstallReceiver.java,2,2,,,,
services/core/java/com/android/server/updates/CertificateTransparencyLogInstallReceiver.java,41,41,,,,
services/core/java/com/android/server/updates/CertPinInstallReceiver.java,2,2,,,,
services/core/java/com/android/server/updates/ConfigUpdateInstallReceiver.java,68,68,,,,
services/core/java/com/android/server/updates/IntentFirewallInstallReceiver.java,2,2,,,,
services/core/java/com/android/server/updates/LangIdInstallReceiver.java,2,2,,,,
services/core/java/com/android/server/updates/NetworkWatchlistInstallReceiver.java,6,6,,,,
services/core/java/com/android/server/updates/SmartSelectionInstallReceiver.java,5,5,,,,
services/core/java/com/android/server/updates/SmsShortCodesInstallReceiver.java,2,2,,,,
services/core/java/com/android/server/utils/AppInstallerUtil.java,21,21,,,,
services/core/java/com/android/server/utils/ManagedApplicationService.java,118,118,,,,
services/core/java/com/android/server/utils/PriorityDump.java,44,44,,,,
services/core/java/com/android/server/VibratorService.java,321,321,,,,
services/core/java/com/android/server/vr/EnabledComponentsObserver.java,98,98,,,,
services/core/java/com/android/server/vr/SettingsObserver.java,44,44,,,,
services/core/java/com/android/server/vr/Vr2dDisplay.java,77,77,,,,
services/core/java/com/android/server/vr/VrManagerInternal.java,23,23,,,,
services/core/java/com/android/server/vr/VrManagerService.java,377,377,,,,
services/core/java/com/android/server/vr/VrStateListener.java,3,3,,,,
services/core/java/com/android/server/wallpaper/GLHelper.java,18,18,,,,
services/core/java/com/android/server/wallpaper/IWallpaperManagerService.java,5,5,,,,
services/core/java/com/android/server/wallpaper/WallpaperManagerService.java,607,599,,2,6,
services/core/java/com/android/server/Watchdog.java,143,143,,,,
services/core/java/com/android/server/WatchdogDiagnostics.java,18,18,,,,
services/core/java/com/android/server/webkit/SystemImpl.java,85,85,,,,
services/core/java/com/android/server/webkit/SystemInterface.java,41,41,,,,
services/core/java/com/android/server/webkit/WebViewUpdater.java,125,125,,,,
services/core/java/com/android/server/webkit/WebViewUpdateService.java,60,60,,,,
services/core/java/com/android/server/webkit/WebViewUpdateServiceImpl.java,63,63,,,,
services/core/java/com/android/server/webkit/WebViewUpdateServiceShellCommand.java,20,20,,,,
services/core/java/com/android/server/WiredAccessoryManager.java,118,118,,,,
services/core/java/com/android/server/wm/AccessibilityController.java,313,312,,1,,
services/core/java/com/android/server/wm/AlertWindowNotification.java,43,43,,,,
services/core/java/com/android/server/wm/AnimatingAppWindowTokenRegistry.java,20,20,,,,
services/core/java/com/android/server/wm/animation/ClipRectLRAnimation.java,10,10,,,,
services/core/java/com/android/server/wm/animation/ClipRectTBAnimation.java,25,25,,,,
services/core/java/com/android/server/wm/animation/CurvedTranslateAnimation.java,8,8,,,,
services/core/java/com/android/server/wm/AnimationAdapter.java,22,22,,,,
services/core/java/com/android/server/wm/AppTransition.java,543,543,,,,
services/core/java/com/android/server/wm/AppWindowContainerController.java,159,154,,3,2,
services/core/java/com/android/server/wm/AppWindowContainerListener.java,12,9,,1,2,
services/core/java/com/android/server/wm/AppWindowThumbnail.java,42,40,,2,,
services/core/java/com/android/server/wm/AppWindowToken.java,425,419,,4,2,
services/core/java/com/android/server/wm/BlackFrame.java,59,59,,,,
services/core/java/com/android/server/wm/BoundsAnimationController.java,100,97,,2,1,
services/core/java/com/android/server/wm/BoundsAnimationTarget.java,12,12,,,,
services/core/java/com/android/server/wm/CircularDisplayMask.java,34,34,,,,
services/core/java/com/android/server/wm/ConfigurationContainer.java,110,110,,,,
services/core/java/com/android/server/wm/ConfigurationContainerListener.java,3,3,,,,
services/core/java/com/android/server/wm/Dimmer.java,110,110,,,,
services/core/java/com/android/server/wm/DisplayContent.java,817,792,,15,10,
services/core/java/com/android/server/wm/DisplayFrames.java,45,42,,2,1,
services/core/java/com/android/server/wm/DisplaySettings.java,58,58,,,,
services/core/java/com/android/server/wm/DisplayWindowController.java,17,17,,,,
services/core/java/com/android/server/wm/DockedStackDividerController.java,265,265,,,,
services/core/java/com/android/server/wm/DragAndDropPermissionsHandler.java,32,32,,,,
services/core/java/com/android/server/wm/DragDropController.java,76,76,,,,
services/core/java/com/android/server/wm/DragInputEventReceiver.java,18,18,,,,
services/core/java/com/android/server/wm/DragResizeMode.java,6,6,,,,
services/core/java/com/android/server/wm/DragState.java,151,151,,,,
services/core/java/com/android/server/wm/EmulatorDisplayOverlay.java,30,30,,,,
services/core/java/com/android/server/wm/ForcedSeamlessRotator.java,23,,,,23,
services/core/java/com/android/server/wm/InputConsumerImpl.java,32,32,,,,
services/core/java/com/android/server/wm/InputMonitor.java,161,158,,3,,
services/core/java/com/android/server/wm/KeyguardDisableHandler.java,26,26,,,,
services/core/java/com/android/server/wm/Letterbox.java,43,43,,,,
services/core/java/com/android/server/wm/LocalAnimationAdapter.java,44,44,,,,
services/core/java/com/android/server/wm/PinnedStackController.java,144,144,,,,
services/core/java/com/android/server/wm/PinnedStackWindowController.java,37,37,,,,
services/core/java/com/android/server/wm/PinnedStackWindowListener.java,4,4,,,,
services/core/java/com/android/server/wm/PointerEventDispatcher.java,15,15,,,,
services/core/java/com/android/server/wm/RecentsAnimationController.java,165,165,,,,
services/core/java/com/android/server/wm/RemoteAnimationController.java,88,88,,,,
services/core/java/com/android/server/wm/RootWindowContainer.java,245,236,,5,4,
services/core/java/com/android/server/wm/ScreenRotationAnimation.java,170,170,,,,
services/core/java/com/android/server/wm/Session.java,218,218,,,,
services/core/java/com/android/server/wm/SnapshotStartingData.java,8,8,,,,
services/core/java/com/android/server/wm/SplashScreenStartingData.java,23,23,,,,
services/core/java/com/android/server/wm/StackWindowController.java,104,104,,,,
services/core/java/com/android/server/wm/StackWindowListener.java,3,3,,,,
services/core/java/com/android/server/wm/StartingData.java,6,6,,,,
services/core/java/com/android/server/wm/StrictModeFlash.java,24,24,,,,
services/core/java/com/android/server/wm/SurfaceAnimationRunner.java,66,59,,4,3,
services/core/java/com/android/server/wm/SurfaceAnimationThread.java,7,7,,,,
services/core/java/com/android/server/wm/SurfaceAnimator.java,92,92,,,,
services/core/java/com/android/server/wm/SurfaceBuilderFactory.java,3,3,,,,
services/core/java/com/android/server/wm/TapExcludeRegionHolder.java,14,14,,,,
services/core/java/com/android/server/wm/Task.java,163,163,,,,
services/core/java/com/android/server/wm/TaskPositioner.java,127,127,,,,
services/core/java/com/android/server/wm/TaskPositioningController.java,38,38,,,,
services/core/java/com/android/server/wm/TaskSnapshotCache.java,48,48,,,,
services/core/java/com/android/server/wm/TaskSnapshotController.java,102,102,,,,
services/core/java/com/android/server/wm/TaskSnapshotLoader.java,17,17,,,,
services/core/java/com/android/server/wm/TaskSnapshotPersister.java,126,123,,3,,
services/core/java/com/android/server/wm/TaskSnapshotSurface.java,167,167,,,,
services/core/java/com/android/server/wm/TaskStack.java,377,377,,,,
services/core/java/com/android/server/wm/TaskTapPointerEventListener.java,24,24,,,,
services/core/java/com/android/server/wm/TaskWindowContainerController.java,78,78,,,,
services/core/java/com/android/server/wm/TaskWindowContainerListener.java,6,6,,,,
services/core/java/com/android/server/wm/TransactionFactory.java,2,2,,,,
services/core/java/com/android/server/wm/UnknownAppVisibilityController.java,30,30,,,,
services/core/java/com/android/server/wm/utils/CoordinateTransforms.java,35,6,,1,28,
services/core/java/com/android/server/wm/utils/InsetUtils.java,9,4,,1,4,
services/core/java/com/android/server/wm/utils/RotationCache.java,15,15,,,,
services/core/java/com/android/server/wm/utils/WmDisplayCutout.java,47,47,,,,
services/core/java/com/android/server/wm/ViewServer.java,60,60,,,,
services/core/java/com/android/server/wm/WallpaperController.java,173,173,,,,
services/core/java/com/android/server/wm/WallpaperVisibilityListeners.java,18,18,,,,
services/core/java/com/android/server/wm/WallpaperWindowToken.java,56,56,,,,
services/core/java/com/android/server/wm/Watermark.java,50,50,,,,
services/core/java/com/android/server/wm/WindowAnimationSpec.java,52,52,,,,
services/core/java/com/android/server/wm/WindowAnimator.java,93,93,,,,
services/core/java/com/android/server/wm/WindowContainer.java,275,269,,1,5,
services/core/java/com/android/server/wm/WindowContainerController.java,14,14,,,,
services/core/java/com/android/server/wm/WindowContainerListener.java,5,5,,,,
services/core/java/com/android/server/wm/WindowHashMap.java,1,1,,,,
services/core/java/com/android/server/wm/WindowList.java,5,5,,,,
services/core/java/com/android/server/wm/WindowManagerDebugConfig.java,48,48,,,,
services/core/java/com/android/server/wm/WindowManagerInternal.java,111,111,,,,
services/core/java/com/android/server/wm/WindowManagerService.java,1561,1551,,3,7,
services/core/java/com/android/server/wm/WindowManagerShellCommand.java,46,46,,,,
services/core/java/com/android/server/wm/WindowManagerThreadPriorityBooster.java,17,17,,,,
services/core/java/com/android/server/wm/WindowState.java,898,880,,7,11,
services/core/java/com/android/server/wm/WindowStateAnimator.java,229,221,,7,1,
services/core/java/com/android/server/wm/WindowSurfaceController.java,148,145,,3,,
services/core/java/com/android/server/wm/WindowSurfacePlacer.java,160,160,,,,
services/core/java/com/android/server/wm/WindowToken.java,87,85,,2,,
services/core/java/com/android/server/wm/WindowTracing.java,44,44,,,,
services/coverage/java/com/android/server/coverage/CoverageService.java,24,24,,,,
services/devicepolicy/java/com/android/server/devicepolicy/BaseIDevicePolicyManager.java,75,75,,,,
services/devicepolicy/java/com/android/server/devicepolicy/CertificateMonitor.java,62,62,,,,
services/devicepolicy/java/com/android/server/devicepolicy/CryptoTestHelper.java,4,4,,,,
services/devicepolicy/java/com/android/server/devicepolicy/DeviceAdminServiceController.java,52,52,,,,
services/devicepolicy/java/com/android/server/devicepolicy/DevicePolicyCacheImpl.java,10,10,,,,
services/devicepolicy/java/com/android/server/devicepolicy/DevicePolicyConstants.java,20,20,,,,
services/devicepolicy/java/com/android/server/devicepolicy/DevicePolicyManagerService.java,3153,3145,,3,5,
services/devicepolicy/java/com/android/server/devicepolicy/NetworkLogger.java,41,41,,,,
services/devicepolicy/java/com/android/server/devicepolicy/NetworkLoggingHandler.java,50,50,,,,
services/devicepolicy/java/com/android/server/devicepolicy/OverlayPackagesProvider.java,48,48,,,,
services/devicepolicy/java/com/android/server/devicepolicy/Owners.java,247,247,,,,
services/devicepolicy/java/com/android/server/devicepolicy/RemoteBugreportUtils.java,14,14,,,,
services/devicepolicy/java/com/android/server/devicepolicy/SecurityLogMonitor.java,70,70,,,,
services/devicepolicy/java/com/android/server/devicepolicy/TransferOwnershipMetadataManager.java,63,63,,,,
services/java/com/android/server/SystemServer.java,245,228,,4,13,
services/midi/java/com/android/server/midi/MidiService.java,289,289,,,,
services/net/java/android/net/apf/ApfCapabilities.java,10,10,,,,
services/net/java/android/net/apf/ApfFilter.java,300,300,,,,
services/net/java/android/net/apf/ApfGenerator.java,235,235,,,,
services/net/java/android/net/dhcp/DhcpAckPacket.java,25,25,,,,
services/net/java/android/net/dhcp/DhcpClient.java,258,258,,,,
services/net/java/android/net/dhcp/DhcpDeclinePacket.java,18,18,,,,
services/net/java/android/net/dhcp/DhcpDiscoverPacket.java,15,15,,,,
services/net/java/android/net/dhcp/DhcpInformPacket.java,18,18,,,,
services/net/java/android/net/dhcp/DhcpNakPacket.java,20,20,,,,
services/net/java/android/net/dhcp/DhcpOfferPacket.java,23,23,,,,
services/net/java/android/net/dhcp/DhcpPacket.java,346,346,,,,
services/net/java/android/net/dhcp/DhcpRequestPacket.java,16,16,,,,
services/net/java/android/net/dns/ResolvUtil.java,21,21,,,,
services/net/java/android/net/ip/ConnectivityPacketTracker.java,40,40,,,,
services/net/java/android/net/ip/InterfaceController.java,44,44,,,,
services/net/java/android/net/ip/IpClient.java,393,393,,,,
services/net/java/android/net/ip/IpManager.java,33,33,,,,
services/net/java/android/net/ip/IpNeighborMonitor.java,64,64,,,,
services/net/java/android/net/ip/IpReachabilityMonitor.java,98,98,,,,
services/net/java/android/net/ip/RouterAdvertisementDaemon.java,157,157,,,,
services/net/java/android/net/netlink/ConntrackMessage.java,31,31,,,,
services/net/java/android/net/netlink/NetlinkConstants.java,38,38,,,,
services/net/java/android/net/netlink/NetlinkErrorMessage.java,10,10,,,,
services/net/java/android/net/netlink/NetlinkMessage.java,12,12,,,,
services/net/java/android/net/netlink/NetlinkSocket.java,35,32,,3,,
services/net/java/android/net/netlink/RtNetlinkNeighborMessage.java,63,63,,,,
services/net/java/android/net/netlink/StructNdaCacheInfo.java,20,20,,,,
services/net/java/android/net/netlink/StructNdMsg.java,45,45,,,,
services/net/java/android/net/netlink/StructNfGenMsg.java,10,10,,,,
services/net/java/android/net/netlink/StructNlAttr.java,64,64,,,,
services/net/java/android/net/netlink/StructNlMsgErr.java,12,12,,,,
services/net/java/android/net/netlink/StructNlMsgHdr.java,32,32,,,,
services/net/java/android/net/util/ConnectivityPacketSummary.java,94,94,,,,
services/net/java/android/net/util/InterfaceParams.java,26,26,,,,
services/net/java/android/net/util/InterfaceSet.java,11,11,,,,
services/net/java/android/net/util/MultinetworkPolicyTracker.java,46,46,,,,
services/net/java/android/net/util/NetdService.java,21,21,,,,
services/net/java/android/net/util/NetworkConstants.java,69,69,,,,
services/net/java/android/net/util/PacketReader.java,47,47,,,,
services/net/java/android/net/util/PrefixUtils.java,18,18,,,,
services/net/java/android/net/util/SharedLog.java,45,45,,,,
services/net/java/android/net/util/Stopwatch.java,10,10,,,,
services/net/java/android/net/util/VersionedBroadcastListener.java,33,33,,,,
services/print/java/com/android/server/print/PrintManagerService.java,294,294,,,,
services/print/java/com/android/server/print/PrintShellCommand.java,17,17,,,,
services/print/java/com/android/server/print/RemotePrintService.java,205,205,,,,
services/print/java/com/android/server/print/RemotePrintServiceRecommendationService.java,39,39,,,,
services/print/java/com/android/server/print/RemotePrintSpooler.java,243,243,,,,
services/print/java/com/android/server/print/UserState.java,454,454,,,,
services/restrictions/java/com/android/server/restrictions/RestrictionsManagerService.java,49,49,,,,
services/robotests/src/com/android/server/backup/BackupAgentTimeoutParametersTest.java,22,22,,,,
services/robotests/src/com/android/server/backup/BackupManagerConstantsTest.java,49,49,,,,
services/robotests/src/com/android/server/backup/BackupManagerServiceTest.java,110,110,,,,
services/robotests/src/com/android/server/backup/internal/PerformInitializeTaskTest.java,75,75,,,,
services/robotests/src/com/android/server/backup/PerformBackupTaskTest.java,151,151,,,,
services/robotests/src/com/android/server/backup/restore/ActiveRestoreSessionTest.java,119,119,,,,
services/robotests/src/com/android/server/backup/testing/BackupManagerServiceTestUtils.java,18,18,,,,
services/robotests/src/com/android/server/backup/testing/TestUtils.java,16,16,,,,
services/robotests/src/com/android/server/backup/testing/TransportData.java,35,35,,,,
services/robotests/src/com/android/server/backup/testing/TransportTestUtils.java,47,47,,,,
services/robotests/src/com/android/server/backup/transport/TransportClientManagerTest.java,22,22,,,,
services/robotests/src/com/android/server/backup/transport/TransportClientTest.java,85,85,,,,
services/robotests/src/com/android/server/backup/transport/TransportStatsTest.java,16,16,,,,
services/robotests/src/com/android/server/backup/TransportManagerTest.java,109,109,,,,
services/robotests/src/com/android/server/location/GnssBatchingProviderTest.java,13,13,,,,
services/robotests/src/com/android/server/location/GnssGeofenceProviderTest.java,19,19,,,,
services/robotests/src/com/android/server/location/GnssMeasurementsProviderTest.java,11,11,,,,
services/robotests/src/com/android/server/location/GnssNavigationMessageProviderTest.java,11,11,,,,
services/robotests/src/com/android/server/location/GnssSatelliteBlacklistHelperTest.java,30,30,,,,
services/robotests/src/com/android/server/location/NtpTimeHelperTest.java,10,10,,,,
services/robotests/src/com/android/server/testing/FrameworkRobolectricTestRunner.java,40,40,,,,
services/robotests/src/com/android/server/testing/shadows/FrameworkShadowContextImpl.java,6,6,,,,
services/robotests/src/com/android/server/testing/shadows/FrameworkShadowLooper.java,7,7,,,,
services/robotests/src/com/android/server/testing/shadows/ShadowAppBackupUtils.java,7,7,,,,
services/robotests/src/com/android/server/testing/shadows/ShadowBackupDataInput.java,19,19,,,,
services/robotests/src/com/android/server/testing/shadows/ShadowBackupDataOutput.java,23,23,,,,
services/robotests/src/com/android/server/testing/shadows/ShadowBackupPolicyEnforcer.java,5,5,,,,
services/robotests/src/com/android/server/testing/shadows/ShadowCloseGuard.java,9,9,,,,
services/robotests/src/com/android/server/testing/shadows/ShadowEventLog.java,20,20,,,,
services/robotests/src/com/android/server/testing/shadows/ShadowPerformUnifiedRestoreTask.java,24,24,,,,
services/robotests/src/com/android/server/testing/shadows/ShadowSlog.java,5,5,,,,
services/tests/servicestests/src/com/android/server/accessibility/AccessibilityGestureDetectorTest.java,56,56,,,,
services/tests/servicestests/src/com/android/server/accessibility/AccessibilityManagerTest.java,28,28,,,,
services/tests/servicestests/src/com/android/server/accessibility/AccessibilityServiceConnectionTest.java,25,25,,,,
services/tests/servicestests/src/com/android/server/accessibility/ActionReplacingCallbackTest.java,61,61,,,,
services/tests/servicestests/src/com/android/server/accessibility/FingerprintGestureControllerTest.java,14,14,,,,
services/tests/servicestests/src/com/android/server/accessibility/FingerprintGestureDispatcherTest.java,19,19,,,,
services/tests/servicestests/src/com/android/server/accessibility/GestureDescriptionTest.java,152,152,,,,
services/tests/servicestests/src/com/android/server/accessibility/GlobalActionPerformerTest.java,11,11,,,,
services/tests/servicestests/src/com/android/server/accessibility/KeyboardInterceptorTest.java,37,37,,,,
services/tests/servicestests/src/com/android/server/accessibility/KeyEventDispatcherTest.java,66,66,,,,
services/tests/servicestests/src/com/android/server/accessibility/MagnificationControllerTest.java,194,194,,,,
services/tests/servicestests/src/com/android/server/accessibility/MagnificationGestureHandlerTest.java,105,105,,,,
services/tests/servicestests/src/com/android/server/accessibility/MessageCapturingHandler.java,21,21,,,,
services/tests/servicestests/src/com/android/server/accessibility/MotionEventInjectorTest.java,236,236,,,,
services/tests/servicestests/src/com/android/server/accessibility/UiAutomationManagerTest.java,27,27,,,,
services/tests/servicestests/src/com/android/server/accounts/AccountAuthenticatorDummyActivity.java,6,6,,,,
services/tests/servicestests/src/com/android/server/accounts/AccountManagerServiceTest.java,613,613,,,,
services/tests/servicestests/src/com/android/server/accounts/AccountManagerServiceTestFixtures.java,34,34,,,,
services/tests/servicestests/src/com/android/server/accounts/AccountsDbTest.java,117,117,,,,
services/tests/servicestests/src/com/android/server/accounts/PreNTestDatabaseHelper.java,19,19,,,,
services/tests/servicestests/src/com/android/server/accounts/TestAccountType1Authenticator.java,101,101,,,,
services/tests/servicestests/src/com/android/server/accounts/TestAccountType1AuthenticatorService.java,4,4,,,,
services/tests/servicestests/src/com/android/server/accounts/TestAccountType2Authenticator.java,55,55,,,,
services/tests/servicestests/src/com/android/server/accounts/TestAccountType2AuthenticatorService.java,4,4,,,,
services/tests/servicestests/src/com/android/server/AlarmManagerServiceTest.java,35,35,,,,
services/tests/servicestests/src/com/android/server/am/ActivityLaunchParamsModifierTests.java,14,14,,,,
services/tests/servicestests/src/com/android/server/am/ActivityManagerInternalTest.java,52,52,,,,
services/tests/servicestests/src/com/android/server/am/ActivityManagerServiceTest.java,133,133,,,,
services/tests/servicestests/src/com/android/server/am/ActivityManagerTest.java,10,10,,,,
services/tests/servicestests/src/com/android/server/am/ActivityRecordTests.java,36,36,,,,
services/tests/servicestests/src/com/android/server/am/ActivityStackSupervisorTests.java,68,68,,,,
services/tests/servicestests/src/com/android/server/am/ActivityStackTests.java,113,113,,,,
services/tests/servicestests/src/com/android/server/am/ActivityStartControllerTests.java,17,17,,,,
services/tests/servicestests/src/com/android/server/am/ActivityStarterTests.java,90,80,,2,8,
services/tests/servicestests/src/com/android/server/am/ActivityStartInterceptorTest.java,30,30,,,,
services/tests/servicestests/src/com/android/server/am/ActivityTestsBase.java,176,176,,,,
services/tests/servicestests/src/com/android/server/am/AppErrorDialogTest.java,15,15,,,,
services/tests/servicestests/src/com/android/server/am/AssistDataRequesterTest.java,65,65,,,,
services/tests/servicestests/src/com/android/server/am/ClientLifecycleManagerTests.java,7,7,,,,
services/tests/servicestests/src/com/android/server/am/CoreSettingsObserverTest.java,28,28,,,,
services/tests/servicestests/src/com/android/server/am/GlobalSettingsToPropertiesMapperTest.java,18,18,,,,
services/tests/servicestests/src/com/android/server/am/LaunchParamsControllerTests.java,53,53,,,,
services/tests/servicestests/src/com/android/server/am/LockTaskControllerTest.java,106,106,,,,
services/tests/servicestests/src/com/android/server/am/MemoryStatUtilTest.java,11,11,,,,
services/tests/servicestests/src/com/android/server/am/PendingRemoteAnimationRegistryTest.java,14,14,,,,
services/tests/servicestests/src/com/android/server/am/PersistentConnectionTest.java,42,42,,,,
services/tests/servicestests/src/com/android/server/am/RecentsAnimationTest.java,18,18,,,,
services/tests/servicestests/src/com/android/server/am/RecentTasksTest.java,223,223,,,,
services/tests/servicestests/src/com/android/server/am/RunningTasksTest.java,26,26,,,,
services/tests/servicestests/src/com/android/server/am/SafeActivityOptionsTest.java,6,6,,,,
services/tests/servicestests/src/com/android/server/am/TaskLaunchParamsModifierTests.java,29,29,,,,
services/tests/servicestests/src/com/android/server/am/TaskPersisterTest.java,20,20,,,,
services/tests/servicestests/src/com/android/server/am/TaskRecordTests.java,73,73,,,,
services/tests/servicestests/src/com/android/server/am/TaskStackChangedListenerTest.java,75,75,,,,
services/tests/servicestests/src/com/android/server/am/UserControllerTest.java,122,122,,,,
services/tests/servicestests/src/com/android/server/appops/AppOpsActiveWatcherTest.java,18,18,,,,
services/tests/servicestests/src/com/android/server/appops/AppOpsServiceTest.java,35,35,,,,
services/tests/servicestests/src/com/android/server/AppOpsUpgradeTest.java,49,49,,,,
services/tests/servicestests/src/com/android/server/AppStateTrackerTest.java,133,133,,,,
services/tests/servicestests/src/com/android/server/appwidget/AppWidgetServiceImplTest.java,82,82,,,,
services/tests/servicestests/src/com/android/server/appwidget/DummyAppWidget.java,4,4,,,,
services/tests/servicestests/src/com/android/server/autofill/AutofillManagerServiceTest.java,15,15,,,,
services/tests/servicestests/src/com/android/server/backup/BackupPasswordManagerTest.java,48,48,,,,
services/tests/servicestests/src/com/android/server/backup/DataChangedJournalTest.java,23,23,,,,
services/tests/servicestests/src/com/android/server/backup/ProcessedPackagesJournalTest.java,30,30,,,,
services/tests/servicestests/src/com/android/server/backup/restore/PerformAdbRestoreTaskTest.java,15,15,,,,
services/tests/servicestests/src/com/android/server/backup/testutils/PackageManagerStub.java,483,483,,,,
services/tests/servicestests/src/com/android/server/backup/TrampolineTest.java,151,151,,,,
services/tests/servicestests/src/com/android/server/backup/utils/AppBackupUtilsTest.java,132,132,,,,
services/tests/servicestests/src/com/android/server/backup/utils/BackupManagerMonitorUtilsTest.java,38,38,,,,
services/tests/servicestests/src/com/android/server/backup/utils/BackupObserverUtilsTest.java,14,14,,,,
services/tests/servicestests/src/com/android/server/backup/utils/DataStreamFileCodecTest.java,22,22,,,,
services/tests/servicestests/src/com/android/server/backup/utils/FullBackupRestoreObserverUtilsTest.java,22,22,,,,
services/tests/servicestests/src/com/android/server/backup/utils/FullBackupUtilsTest.java,43,43,,,,
services/tests/servicestests/src/com/android/server/backup/utils/SparseArrayUtilsTest.java,5,5,,,,
services/tests/servicestests/src/com/android/server/backup/utils/TarBackupReaderTest.java,136,136,,,,
services/tests/servicestests/src/com/android/server/BatteryServiceTest.java,30,30,,,,
services/tests/servicestests/src/com/android/server/BootReceiverFixFsckFsStatTest.java,23,23,,,,
services/tests/servicestests/src/com/android/server/CertBlacklisterTest.java,51,51,,,,
services/tests/servicestests/src/com/android/server/content/ObserverNodeTest.java,19,19,,,,
services/tests/servicestests/src/com/android/server/content/SyncManagerTest.java,25,25,,,,
services/tests/servicestests/src/com/android/server/content/SyncOperationTest.java,30,30,,,,
services/tests/servicestests/src/com/android/server/CountryDetectorServiceTest.java,28,28,,,,
services/tests/servicestests/src/com/android/server/devicepolicy/DevicePolicyConstantsTest.java,8,8,,,,
services/tests/servicestests/src/com/android/server/devicepolicy/DevicePolicyManagerServiceMigrationTest.java,22,22,,,,
services/tests/servicestests/src/com/android/server/devicepolicy/DevicePolicyManagerServiceTestable.java,154,154,,,,
services/tests/servicestests/src/com/android/server/devicepolicy/DevicePolicyManagerTest.java,491,491,,,,
services/tests/servicestests/src/com/android/server/devicepolicy/DevicePolicyManagerTestable.java,6,6,,,,
services/tests/servicestests/src/com/android/server/devicepolicy/DpmMockContext.java,190,190,,,,
services/tests/servicestests/src/com/android/server/devicepolicy/DpmTestBase.java,57,57,,,,
services/tests/servicestests/src/com/android/server/devicepolicy/DpmTestUtils.java,47,47,,,,
services/tests/servicestests/src/com/android/server/devicepolicy/DummyDeviceAdmins.java,5,5,,,,
services/tests/servicestests/src/com/android/server/devicepolicy/MockSystemServices.java,214,214,,,,
services/tests/servicestests/src/com/android/server/devicepolicy/MockUtils.java,61,61,,,,
services/tests/servicestests/src/com/android/server/devicepolicy/NetworkEventTest.java,34,34,,,,
services/tests/servicestests/src/com/android/server/devicepolicy/OverlayPackagesProviderTest.java,90,90,,,,
services/tests/servicestests/src/com/android/server/devicepolicy/OwnersTest.java,23,23,,,,
services/tests/servicestests/src/com/android/server/devicepolicy/SecurityEventTest.java,17,17,,,,
services/tests/servicestests/src/com/android/server/devicepolicy/SystemUpdatePolicyTest.java,83,83,,,,
services/tests/servicestests/src/com/android/server/devicepolicy/TransferOwnershipMetadataManagerTest.java,27,27,,,,
services/tests/servicestests/src/com/android/server/display/AmbientBrightnessStatsTrackerTest.java,61,61,,,,
services/tests/servicestests/src/com/android/server/display/BrightnessMappingStrategyTest.java,152,152,,,,
services/tests/servicestests/src/com/android/server/display/BrightnessTrackerTest.java,193,193,,,,
services/tests/servicestests/src/com/android/server/display/ColorDisplayServiceTest.java,166,166,,,,
services/tests/servicestests/src/com/android/server/display/DisplayManagerServiceTest.java,88,88,,,,
services/tests/servicestests/src/com/android/server/display/PersistentDataStoreTest.java,52,52,,,,
services/tests/servicestests/src/com/android/server/DropBoxTest.java,209,209,,,,
services/tests/servicestests/src/com/android/server/EntropyMixerTest.java,4,4,,,,
services/tests/servicestests/src/com/android/server/GestureLauncherServiceTest.java,194,194,,,,
services/tests/servicestests/src/com/android/server/job/BackgroundRestrictionsTest.java,46,46,,,,
services/tests/servicestests/src/com/android/server/job/controllers/ConnectivityControllerTest.java,63,63,,,,
services/tests/servicestests/src/com/android/server/job/controllers/JobStatusTest.java,9,9,,,,
services/tests/servicestests/src/com/android/server/job/JobSetTest.java,38,38,,,,
services/tests/servicestests/src/com/android/server/job/JobStoreTest.java,92,92,,,,
services/tests/servicestests/src/com/android/server/job/MockPriorityJobService.java,28,28,,,,
services/tests/servicestests/src/com/android/server/job/PrioritySchedulingTest.java,23,23,,,,
services/tests/servicestests/src/com/android/server/location/ComprehensiveCountryDetectorTest.java,91,91,,,,
services/tests/servicestests/src/com/android/server/location/LocationBasedCountryDetectorTest.java,111,111,,,,
services/tests/servicestests/src/com/android/server/location/LocationRequestStatisticsTest.java,39,39,,,,
services/tests/servicestests/src/com/android/server/locksettings/BaseLockSettingsServiceTests.java,60,60,,,,
services/tests/servicestests/src/com/android/server/locksettings/CachedSyntheticPasswordTests.java,20,20,,,,
services/tests/servicestests/src/com/android/server/locksettings/FakeGateKeeperService.java,69,69,,,,
services/tests/servicestests/src/com/android/server/locksettings/FakeStorageManager.java,26,26,,,,
services/tests/servicestests/src/com/android/server/locksettings/LockSettingsServiceTestable.java,46,46,,,,
services/tests/servicestests/src/com/android/server/locksettings/LockSettingsServiceTests.java,51,51,,,,
services/tests/servicestests/src/com/android/server/locksettings/LockSettingsShellCommandTest.java,14,14,,,,
services/tests/servicestests/src/com/android/server/locksettings/LockSettingsStorageTestable.java,20,20,,,,
services/tests/servicestests/src/com/android/server/locksettings/LockSettingsStorageTests.java,107,107,,,,
services/tests/servicestests/src/com/android/server/locksettings/MockLockSettingsContext.java,22,22,,,,
services/tests/servicestests/src/com/android/server/locksettings/MockSyntheticPasswordManager.java,41,41,,,,
services/tests/servicestests/src/com/android/server/locksettings/MockWeaverService.java,30,30,,,,
services/tests/servicestests/src/com/android/server/locksettings/recoverablekeystore/certificate/CertUtilsTest.java,92,92,,,,
services/tests/servicestests/src/com/android/server/locksettings/recoverablekeystore/certificate/CertXmlTest.java,35,35,,,,
services/tests/servicestests/src/com/android/server/locksettings/recoverablekeystore/certificate/SigXmlTest.java,23,23,,,,
services/tests/servicestests/src/com/android/server/locksettings/recoverablekeystore/certificate/TestData.java,31,31,,,,
services/tests/servicestests/src/com/android/server/locksettings/recoverablekeystore/KeySyncTaskTest.java,121,121,,,,
services/tests/servicestests/src/com/android/server/locksettings/recoverablekeystore/KeySyncUtilsTest.java,126,126,,,,
services/tests/servicestests/src/com/android/server/locksettings/recoverablekeystore/MockScrypt.java,10,10,,,,
services/tests/servicestests/src/com/android/server/locksettings/recoverablekeystore/PlatformKeyManagerTest.java,49,49,,,,
services/tests/servicestests/src/com/android/server/locksettings/recoverablekeystore/RecoverableKeyGeneratorTest.java,43,43,,,,
services/tests/servicestests/src/com/android/server/locksettings/recoverablekeystore/RecoverableKeyStoreManagerTest.java,265,265,,,,
services/tests/servicestests/src/com/android/server/locksettings/recoverablekeystore/RecoverySnapshotListenersStorageTest.java,27,27,,,,
services/tests/servicestests/src/com/android/server/locksettings/recoverablekeystore/SecureBoxTest.java,67,67,,,,
services/tests/servicestests/src/com/android/server/locksettings/recoverablekeystore/serialization/KeyChainSnapshotSerializerTest.java,55,55,,,,
services/tests/servicestests/src/com/android/server/locksettings/recoverablekeystore/storage/RecoverableKeyStoreDbHelperTest.java,36,36,,,,
services/tests/servicestests/src/com/android/server/locksettings/recoverablekeystore/storage/RecoverableKeyStoreDbTest.java,248,248,,,,
services/tests/servicestests/src/com/android/server/locksettings/recoverablekeystore/storage/RecoverySessionStorageTest.java,36,36,,,,
services/tests/servicestests/src/com/android/server/locksettings/recoverablekeystore/storage/RecoverySnapshotStorageTest.java,70,70,,,,
services/tests/servicestests/src/com/android/server/locksettings/recoverablekeystore/TestData.java,44,44,,,,
services/tests/servicestests/src/com/android/server/locksettings/recoverablekeystore/TestOnlyInsecureCertificateHelperTest.java,30,30,,,,
services/tests/servicestests/src/com/android/server/locksettings/recoverablekeystore/WrappedKeyTest.java,47,47,,,,
services/tests/servicestests/src/com/android/server/locksettings/SP800DeriveTests.java,6,,,,6,
services/tests/servicestests/src/com/android/server/locksettings/SyntheticPasswordTests.java,110,110,,,,
services/tests/servicestests/src/com/android/server/locksettings/WeaverBasedSyntheticPasswordTests.java,2,2,,,,
services/tests/servicestests/src/com/android/server/MountServiceTests.java,81,81,,,,
services/tests/servicestests/src/com/android/server/NativeDaemonConnectorTest.java,11,11,,,,
services/tests/servicestests/src/com/android/server/net/ConnOnActivityStartTest.java,110,110,,,,
services/tests/servicestests/src/com/android/server/net/IpConfigStoreTest.java,36,36,,,,
services/tests/servicestests/src/com/android/server/net/watchlist/HarmfulDigestsTests.java,9,9,,,,
services/tests/servicestests/src/com/android/server/net/watchlist/NetworkWatchlistServiceTests.java,53,53,,,,
services/tests/servicestests/src/com/android/server/net/watchlist/PrivacyUtilsTests.java,10,10,,,,
services/tests/servicestests/src/com/android/server/net/watchlist/ReportEncoderTests.java,30,30,,,,
services/tests/servicestests/src/com/android/server/net/watchlist/WatchlistConfigTests.java,47,47,,,,
services/tests/servicestests/src/com/android/server/net/watchlist/WatchlistLoggingHandlerTests.java,36,36,,,,
services/tests/servicestests/src/com/android/server/net/watchlist/WatchlistSettingsTests.java,31,31,,,,
services/tests/servicestests/src/com/android/server/NetworkManagementInternalTest.java,17,17,,,,
services/tests/servicestests/src/com/android/server/NetworkPolicyManagerServiceTest.java,402,399,,2,1,
services/tests/servicestests/src/com/android/server/NetworkScorerAppManagerTest.java,117,117,,,,
services/tests/servicestests/src/com/android/server/NetworkScoreServiceTest.java,181,181,,,,
services/tests/servicestests/src/com/android/server/pm/backup/BackupUtilsTest.java,80,80,,,,
services/tests/servicestests/src/com/android/server/pm/BaseShortcutManagerTest.java,738,738,,,,
services/tests/servicestests/src/com/android/server/pm/CrossProfileAppsServiceImplTest.java,77,77,,,,
services/tests/servicestests/src/com/android/server/pm/dex/DexLoggerTests.java,37,37,,,,
services/tests/servicestests/src/com/android/server/pm/dex/DexManagerTests.java,158,158,,,,
services/tests/servicestests/src/com/android/server/pm/dex/DexoptOptionsTests.java,21,21,,,,
services/tests/servicestests/src/com/android/server/pm/dex/DexoptUtilsTest.java,82,82,,,,
services/tests/servicestests/src/com/android/server/pm/dex/PackageDexUsageTests.java,140,140,,,,
services/tests/servicestests/src/com/android/server/pm/InstallerTest.java,53,53,,,,
services/tests/servicestests/src/com/android/server/pm/KeySetManagerServiceTest.java,169,169,,,,
services/tests/servicestests/src/com/android/server/pm/KeySetStrings.java,7,7,,,,
services/tests/servicestests/src/com/android/server/pm/KeySetUtils.java,28,28,,,,
services/tests/servicestests/src/com/android/server/pm/PackageManagerServiceTest.java,29,29,,,,
services/tests/servicestests/src/com/android/server/pm/PackageManagerSettingsTests.java,191,191,,,,
services/tests/servicestests/src/com/android/server/pm/PackageParserTest.java,84,84,,,,
services/tests/servicestests/src/com/android/server/pm/PackageUserStateTest.java,30,30,,,,
services/tests/servicestests/src/com/android/server/pm/PackageVerificationStateTest.java,18,18,,,,
services/tests/servicestests/src/com/android/server/pm/ParallelPackageParserTest.java,19,19,,,,
services/tests/servicestests/src/com/android/server/pm/ShortcutManagerTest1.java,320,320,,,,
services/tests/servicestests/src/com/android/server/pm/ShortcutManagerTest10.java,25,25,,,,
services/tests/servicestests/src/com/android/server/pm/ShortcutManagerTest2.java,113,113,,,,
services/tests/servicestests/src/com/android/server/pm/ShortcutManagerTest3.java,32,32,,,,
services/tests/servicestests/src/com/android/server/pm/ShortcutManagerTest4.java,7,7,,,,
services/tests/servicestests/src/com/android/server/pm/ShortcutManagerTest5.java,24,24,,,,
services/tests/servicestests/src/com/android/server/pm/ShortcutManagerTest6.java,6,6,,,,
services/tests/servicestests/src/com/android/server/pm/ShortcutManagerTest7.java,29,29,,,,
services/tests/servicestests/src/com/android/server/pm/ShortcutManagerTest8.java,102,102,,,,
services/tests/servicestests/src/com/android/server/pm/ShortcutManagerTest9.java,24,24,,,,
services/tests/servicestests/src/com/android/server/pm/ShortcutTestActivity.java,1,1,,,,
services/tests/servicestests/src/com/android/server/pm/SuspendedDetailsActivity.java,5,5,,,,
services/tests/servicestests/src/com/android/server/pm/SuspendPackagesTest.java,186,186,,,,
services/tests/servicestests/src/com/android/server/pm/UserDataPreparerTest.java,63,63,,,,
services/tests/servicestests/src/com/android/server/pm/UserLifecycleStressTest.java,22,22,,,,
services/tests/servicestests/src/com/android/server/pm/UserManagerServiceCreateProfileTest.java,36,36,,,,
services/tests/servicestests/src/com/android/server/pm/UserManagerServiceIdRecyclingTest.java,21,21,,,,
services/tests/servicestests/src/com/android/server/pm/UserManagerServiceTest.java,24,24,,,,
services/tests/servicestests/src/com/android/server/pm/UserManagerServiceUserInfoTest.java,24,24,,,,
services/tests/servicestests/src/com/android/server/pm/UserManagerTest.java,169,169,,,,
services/tests/servicestests/src/com/android/server/pm/UserRestrictionsUtilsTest.java,30,30,,,,
services/tests/servicestests/src/com/android/server/policy/FakeWindowState.java,72,72,,,,
services/tests/servicestests/src/com/android/server/policy/PhoneWindowManagerInsetsTest.java,53,53,,,,
services/tests/servicestests/src/com/android/server/policy/PhoneWindowManagerLayoutTest.java,36,36,,,,
services/tests/servicestests/src/com/android/server/policy/PhoneWindowManagerTest.java,29,29,,,,
services/tests/servicestests/src/com/android/server/policy/PhoneWindowManagerTestBase.java,68,65,,3,,
services/tests/servicestests/src/com/android/server/power/batterysaver/BatterySaverStateMachineTest.java,48,48,,,,
services/tests/servicestests/src/com/android/server/power/batterysaver/BatterySavingStatsTest.java,36,36,,,,
services/tests/servicestests/src/com/android/server/power/batterysaver/CpuFrequenciesTest.java,6,6,,,,
services/tests/servicestests/src/com/android/server/power/batterysaver/FileUpdaterTest.java,55,55,,,,
services/tests/servicestests/src/com/android/server/power/BatterySaverPolicyTest.java,61,61,,,,
services/tests/servicestests/src/com/android/server/power/PowerManagerServiceTest.java,14,14,,,,
services/tests/servicestests/src/com/android/server/search/SearchablesTest.java,76,76,,,,
services/tests/servicestests/src/com/android/server/storage/AppCollectorTest.java,37,37,,,,
services/tests/servicestests/src/com/android/server/storage/CacheQuotaStrategyTest.java,18,18,,,,
services/tests/servicestests/src/com/android/server/storage/DiskStatsFileLoggerTest.java,52,52,,,,
services/tests/servicestests/src/com/android/server/storage/DiskStatsLoggingServiceTest.java,32,32,,,,
services/tests/servicestests/src/com/android/server/storage/FileCollectorTest.java,28,28,,,,
services/tests/servicestests/src/com/android/server/testutils/OffsettableClock.java,12,12,,,,
services/tests/servicestests/src/com/android/server/testutils/TestHandler.java,35,35,,,,
services/tests/servicestests/src/com/android/server/testutils/TestUtils.java,11,11,,,,
services/tests/servicestests/src/com/android/server/timezone/CheckTokenTest.java,17,17,,,,
services/tests/servicestests/src/com/android/server/timezone/PackageStatusStorageTest.java,56,56,,,,
services/tests/servicestests/src/com/android/server/timezone/PackageStatusTest.java,8,8,,,,
services/tests/servicestests/src/com/android/server/timezone/PackageTrackerTest.java,210,210,,,,
services/tests/servicestests/src/com/android/server/timezone/PackageVersionsTest.java,6,6,,,,
services/tests/servicestests/src/com/android/server/timezone/RulesManagerServiceTest.java,198,198,,,,
services/tests/servicestests/src/com/android/server/twilight/TwilightServiceTest.java,16,16,,,,
services/tests/servicestests/src/com/android/server/updates/CertPinInstallReceiverTest.java,82,82,,,,
services/tests/servicestests/src/com/android/server/usage/AppIdleHistoryTests.java,18,18,,,,
services/tests/servicestests/src/com/android/server/usage/AppStandbyControllerTests.java,157,145,,5,7,
services/tests/servicestests/src/com/android/server/usage/AppTimeLimitControllerTests.java,75,75,,,,
services/tests/servicestests/src/com/android/server/usage/StorageStatsServiceTest.java,5,5,,,,
services/tests/servicestests/src/com/android/server/utils/PriorityDumpTest.java,58,58,,,,
services/tests/servicestests/src/com/android/server/Vector3Test.java,39,39,,,,
services/tests/servicestests/src/com/android/server/wallpaper/WallpaperServiceTests.java,17,17,,,,
services/tests/servicestests/src/com/android/server/WatchdogDiagnosticsTest.java,36,36,,,,
services/tests/servicestests/src/com/android/server/webkit/TestSystemImpl.java,78,78,,,,
services/tests/servicestests/src/com/android/server/webkit/WebViewUpdateServiceTest.java,335,335,,,,
services/tests/servicestests/src/com/android/server/wm/AnimatingAppWindowTokenRegistryTest.java,13,13,,,,
services/tests/servicestests/src/com/android/server/wm/AppTransitionTests.java,10,10,,,,
services/tests/servicestests/src/com/android/server/wm/AppWindowContainerControllerTests.java,37,37,,,,
services/tests/servicestests/src/com/android/server/wm/AppWindowTokenTests.java,33,33,,,,
services/tests/servicestests/src/com/android/server/wm/BoundsAnimationControllerTests.java,119,119,,,,
services/tests/servicestests/src/com/android/server/wm/ConfigurationContainerTests.java,58,58,,,,
services/tests/servicestests/src/com/android/server/wm/DimmerTests.java,68,68,,,,
services/tests/servicestests/src/com/android/server/wm/DisplayContentTests.java,99,99,,,,
services/tests/servicestests/src/com/android/server/wm/DragDropControllerTests.java,36,36,,,,
services/tests/servicestests/src/com/android/server/wm/PinnedStackControllerTest.java,6,6,,,,
services/tests/servicestests/src/com/android/server/wm/RecentsAnimationControllerTest.java,17,17,,,,
services/tests/servicestests/src/com/android/server/wm/RemoteAnimationControllerTest.java,39,39,,,,
services/tests/servicestests/src/com/android/server/wm/RootWindowContainerTests.java,6,6,,,,
services/tests/servicestests/src/com/android/server/wm/ScreenDecorWindowTests.java,91,91,,,,
services/tests/servicestests/src/com/android/server/wm/StackWindowControllerTests.java,21,21,,,,
services/tests/servicestests/src/com/android/server/wm/SurfaceAnimationRunnerTest.java,35,27,,6,2,
services/tests/servicestests/src/com/android/server/wm/SurfaceAnimatorTest.java,53,53,,,,
services/tests/servicestests/src/com/android/server/wm/TaskPositionerTests.java,56,56,,,,
services/tests/servicestests/src/com/android/server/wm/TaskPositioningControllerTests.java,8,8,,,,
services/tests/servicestests/src/com/android/server/wm/TaskSnapshotCacheTest.java,13,13,,,,
services/tests/servicestests/src/com/android/server/wm/TaskSnapshotControllerTest.java,18,18,,,,
services/tests/servicestests/src/com/android/server/wm/TaskSnapshotPersisterLoaderTest.java,55,55,,,,
services/tests/servicestests/src/com/android/server/wm/TaskSnapshotPersisterTestBase.java,35,35,,,,
services/tests/servicestests/src/com/android/server/wm/TaskSnapshotSurfaceTest.java,50,50,,,,
services/tests/servicestests/src/com/android/server/wm/TaskStackContainersTests.java,18,18,,,,
services/tests/servicestests/src/com/android/server/wm/TaskStackTests.java,20,20,,,,
services/tests/servicestests/src/com/android/server/wm/TaskWindowContainerControllerTests.java,28,28,,,,
services/tests/servicestests/src/com/android/server/wm/TestIWindow.java,59,59,,,,
services/tests/servicestests/src/com/android/server/wm/TestWindowManagerPolicy.java,264,264,,,,
services/tests/servicestests/src/com/android/server/wm/UnknownAppVisibilityControllerTest.java,11,11,,,,
services/tests/servicestests/src/com/android/server/wm/utils/CoordinateTransformsTest.java,37,9,,7,21,
services/tests/servicestests/src/com/android/server/wm/utils/InsetUtilsTest.java,13,3,,1,9,
services/tests/servicestests/src/com/android/server/wm/utils/RotationCacheTest.java,9,9,,,,
services/tests/servicestests/src/com/android/server/wm/utils/WmDisplayCutoutTest.java,24,24,,,,
services/tests/servicestests/src/com/android/server/wm/WallpaperControllerTests.java,7,7,,,,
services/tests/servicestests/src/com/android/server/wm/WindowAnimationSpecTest.java,31,31,,,,
services/tests/servicestests/src/com/android/server/wm/WindowConfigurationTests.java,42,42,,,,
services/tests/servicestests/src/com/android/server/wm/WindowContainerControllerTests.java,16,16,,,,
services/tests/servicestests/src/com/android/server/wm/WindowContainerTests.java,244,244,,,,
services/tests/servicestests/src/com/android/server/wm/WindowContainerTraversalTests.java,5,5,,,,
services/tests/servicestests/src/com/android/server/wm/WindowFrameTests.java,118,118,,,,
services/tests/servicestests/src/com/android/server/wm/WindowManagerServiceRule.java,23,23,,,,
services/tests/servicestests/src/com/android/server/wm/WindowManagerServiceRuleTest.java,3,3,,,,
services/tests/servicestests/src/com/android/server/wm/WindowStateTests.java,65,61,,1,3,
services/tests/servicestests/src/com/android/server/wm/WindowSurfacePlacerTest.java,9,9,,,,
services/tests/servicestests/src/com/android/server/wm/WindowTestsBase.java,129,129,,,,
services/tests/servicestests/src/com/android/server/wm/WindowTestUtils.java,152,152,,,,
services/tests/servicestests/src/com/android/server/wm/WindowTokenTests.java,17,17,,,,
services/tests/servicestests/src/com/android/server/wm/WindowTracingTest.java,28,28,,,,
services/tests/servicestests/src/com/android/server/wm/ZOrderingTests.java,84,84,,,,
services/tests/servicestests/test-apps/ConnTestApp/src/com/android/servicestests/apps/conntestapp/CmdReceiverService.java,6,6,,,,
services/tests/servicestests/test-apps/ConnTestApp/src/com/android/servicestests/apps/conntestapp/ConnTestActivity.java,28,28,,,,
services/tests/servicestests/test-apps/JobTestApp/src/com/android/servicestests/apps/jobtestapp/TestJobActivity.java,16,16,,,,
services/tests/servicestests/test-apps/JobTestApp/src/com/android/servicestests/apps/jobtestapp/TestJobService.java,12,12,,,,
services/tests/servicestests/test-apps/SuspendTestApp/src/com/android/servicestests/apps/suspendtestapp/SuspendTestActivity.java,11,11,,,,
services/tests/servicestests/test-apps/SuspendTestApp/src/com/android/servicestests/apps/suspendtestapp/SuspendTestReceiver.java,15,15,,,,
services/tests/shortcutmanagerutils/src/com/android/server/pm/shortcutmanagertest/ShortcutManagerTestUtils.java,398,398,,,,
services/tests/uiservicestests/src/com/android/frameworks/tests/uiservices/DummyProvider.java,22,22,,,,
services/tests/uiservicestests/src/com/android/server/notification/AlertRateLimiterTest.java,9,9,,,,
services/tests/uiservicestests/src/com/android/server/notification/BadgeExtractorTest.java,41,41,,,,
services/tests/uiservicestests/src/com/android/server/notification/BuzzBeepBlinkTest.java,253,210,,6,37,
services/tests/uiservicestests/src/com/android/server/notification/GlobalSortKeyComparatorTest.java,24,24,,,,
services/tests/uiservicestests/src/com/android/server/notification/GroupHelperTest.java,54,54,,,,
services/tests/uiservicestests/src/com/android/server/notification/ImportanceExtractorTest.java,26,26,,,,
services/tests/uiservicestests/src/com/android/server/notification/ManagedServicesTest.java,201,201,,,,
services/tests/uiservicestests/src/com/android/server/notification/NotificationAdjustmentExtractorTest.java,24,24,,,,
services/tests/uiservicestests/src/com/android/server/notification/NotificationAssistantsTest.java,20,20,,,,
services/tests/uiservicestests/src/com/android/server/notification/NotificationChannelExtractorTest.java,11,11,,,,
services/tests/uiservicestests/src/com/android/server/notification/NotificationChannelTest.java,11,11,,,,
services/tests/uiservicestests/src/com/android/server/notification/NotificationComparatorTest.java,52,52,,,,
services/tests/uiservicestests/src/com/android/server/notification/NotificationIntrusivenessExtractorTest.java,19,19,,,,
services/tests/uiservicestests/src/com/android/server/notification/NotificationListenerServiceTest.java,65,65,,,,
services/tests/uiservicestests/src/com/android/server/notification/NotificationManagerServiceTest.java,651,645,,2,4,
services/tests/uiservicestests/src/com/android/server/notification/NotificationRecordTest.java,169,169,,,,
services/tests/uiservicestests/src/com/android/server/notification/NotificationStatsTest.java,19,19,,,,
services/tests/uiservicestests/src/com/android/server/notification/NotificationTest.java,123,123,,,,
services/tests/uiservicestests/src/com/android/server/notification/NotifyingAppTest.java,16,16,,,,
services/tests/uiservicestests/src/com/android/server/notification/RankingHelperTest.java,347,331,,10,6,
services/tests/uiservicestests/src/com/android/server/notification/RateEstimatorTest.java,55,55,,,,
services/tests/uiservicestests/src/com/android/server/notification/ScheduleCalendarTest.java,56,54,,1,1,
services/tests/uiservicestests/src/com/android/server/notification/ScheduleConditionProviderTest.java,69,69,,,,
services/tests/uiservicestests/src/com/android/server/notification/SnoozeHelperTest.java,67,67,,,,
services/tests/uiservicestests/src/com/android/server/notification/ValidateNotificationPeopleTest.java,63,63,,,,
services/tests/uiservicestests/src/com/android/server/notification/ZenModeExtractorTest.java,17,17,,,,
services/tests/uiservicestests/src/com/android/server/notification/ZenModeFilteringTest.java,33,33,,,,
services/tests/uiservicestests/src/com/android/server/notification/ZenModeHelperTest.java,95,87,,4,4,
services/tests/uiservicestests/src/com/android/server/slice/PackageMatchingCacheTest.java,6,6,,,,
services/tests/uiservicestests/src/com/android/server/slice/PinnedSliceStateTest.java,20,18,,2,,
services/tests/uiservicestests/src/com/android/server/slice/SliceClientPermissionsTest.java,58,58,,,,
services/tests/uiservicestests/src/com/android/server/slice/SliceFullAccessListTest.java,14,14,,,,
services/tests/uiservicestests/src/com/android/server/slice/SliceManagerServiceTest.java,14,14,,,,
services/tests/uiservicestests/src/com/android/server/slice/SlicePermissionManagerTest.java,22,8,,5,9,
services/tests/uiservicestests/src/com/android/server/slice/SliceProviderPermissionsTest.java,28,28,,,,
services/tests/uiservicestests/src/com/android/server/UiServiceTestCase.java,8,8,,,,
services/usage/java/com/android/server/usage/AppIdleHistory.java,222,222,,,,
services/usage/java/com/android/server/usage/AppStandbyController.java,494,488,,5,1,
services/usage/java/com/android/server/usage/AppTimeLimitController.java,140,140,,,,
services/usage/java/com/android/server/usage/IntervalStats.java,78,78,,,,
services/usage/java/com/android/server/usage/StorageStatsService.java,154,154,,,,
services/usage/java/com/android/server/usage/UnixCalendar.java,19,19,,,,
services/usage/java/com/android/server/usage/UsageStatsDatabase.java,208,208,,,,
services/usage/java/com/android/server/usage/UsageStatsService.java,441,439,,2,,
services/usage/java/com/android/server/usage/UsageStatsXml.java,33,33,,,,
services/usage/java/com/android/server/usage/UsageStatsXmlV1.java,111,111,,,,
services/usage/java/com/android/server/usage/UserUsageStatsService.java,220,220,,,,
services/usb/java/com/android/server/usb/descriptors/ByteStream.java,30,30,,,,
services/usb/java/com/android/server/usb/descriptors/report/HTMLReportCanvas.java,22,22,,,,
services/usb/java/com/android/server/usb/descriptors/report/ReportCanvas.java,41,41,,,,
services/usb/java/com/android/server/usb/descriptors/report/Reporting.java,5,5,,,,
services/usb/java/com/android/server/usb/descriptors/report/TextReportCanvas.java,26,26,,,,
services/usb/java/com/android/server/usb/descriptors/report/UsbStrings.java,50,50,,,,
services/usb/java/com/android/server/usb/descriptors/tree/UsbDescriptorsACInterfaceNode.java,7,7,,,,
services/usb/java/com/android/server/usb/descriptors/tree/UsbDescriptorsConfigNode.java,11,11,,,,
services/usb/java/com/android/server/usb/descriptors/tree/UsbDescriptorsDeviceNode.java,11,11,,,,
services/usb/java/com/android/server/usb/descriptors/tree/UsbDescriptorsEndpointNode.java,7,7,,,,
services/usb/java/com/android/server/usb/descriptors/tree/UsbDescriptorsInterfaceNode.java,15,15,,,,
services/usb/java/com/android/server/usb/descriptors/tree/UsbDescriptorsTree.java,22,22,,,,
services/usb/java/com/android/server/usb/descriptors/tree/UsbDescriptorsTreeNode.java,6,6,,,,
services/usb/java/com/android/server/usb/descriptors/Usb10ACHeader.java,23,23,,,,
services/usb/java/com/android/server/usb/descriptors/Usb10ACInputTerminal.java,19,19,,,,
services/usb/java/com/android/server/usb/descriptors/Usb10ACMixerUnit.java,26,26,,,,
services/usb/java/com/android/server/usb/descriptors/Usb10ACOutputTerminal.java,15,15,,,,
services/usb/java/com/android/server/usb/descriptors/Usb10ASFormatI.java,30,30,,,,
services/usb/java/com/android/server/usb/descriptors/Usb10ASFormatII.java,25,25,,,,
services/usb/java/com/android/server/usb/descriptors/Usb10ASGeneral.java,17,17,,,,
services/usb/java/com/android/server/usb/descriptors/Usb20ACHeader.java,16,16,,,,
services/usb/java/com/android/server/usb/descriptors/Usb20ACInputTerminal.java,21,21,,,,
services/usb/java/com/android/server/usb/descriptors/Usb20ACMixerUnit.java,16,16,,,,
services/usb/java/com/android/server/usb/descriptors/Usb20ACOutputTerminal.java,19,19,,,,
services/usb/java/com/android/server/usb/descriptors/Usb20ASFormatI.java,16,16,,,,
services/usb/java/com/android/server/usb/descriptors/Usb20ASFormatII.java,16,16,,,,
services/usb/java/com/android/server/usb/descriptors/Usb20ASFormatIIEx.java,20,20,,,,
services/usb/java/com/android/server/usb/descriptors/Usb20ASFormatIII.java,16,16,,,,
services/usb/java/com/android/server/usb/descriptors/Usb20ASGeneral.java,25,25,,,,
services/usb/java/com/android/server/usb/descriptors/UsbACAudioControlEndpoint.java,20,20,,,,
services/usb/java/com/android/server/usb/descriptors/UsbACAudioStreamEndpoint.java,8,8,,,,
services/usb/java/com/android/server/usb/descriptors/UsbACEndpoint.java,18,18,,,,
services/usb/java/com/android/server/usb/descriptors/UsbACFeatureUnit.java,29,29,,,,
services/usb/java/com/android/server/usb/descriptors/UsbACHeaderInterface.java,14,14,,,,
services/usb/java/com/android/server/usb/descriptors/UsbACInterface.java,86,86,,,,
services/usb/java/com/android/server/usb/descriptors/UsbACInterfaceUnparsed.java,7,7,,,,
services/usb/java/com/android/server/usb/descriptors/UsbACMidiEndpoint.java,15,15,,,,
services/usb/java/com/android/server/usb/descriptors/UsbACMixerUnit.java,22,22,,,,
services/usb/java/com/android/server/usb/descriptors/UsbACSelectorUnit.java,18,18,,,,
services/usb/java/com/android/server/usb/descriptors/UsbACTerminal.java,18,18,,,,
services/usb/java/com/android/server/usb/descriptors/UsbASFormat.java,31,31,,,,
services/usb/java/com/android/server/usb/descriptors/UsbBinaryParser.java,18,18,,,,
services/usb/java/com/android/server/usb/descriptors/UsbConfigDescriptor.java,31,31,,,,
services/usb/java/com/android/server/usb/descriptors/UsbDescriptor.java,102,102,,,,
services/usb/java/com/android/server/usb/descriptors/UsbDescriptorParser.java,114,114,,,,
services/usb/java/com/android/server/usb/descriptors/UsbDeviceDescriptor.java,70,70,,,,
services/usb/java/com/android/server/usb/descriptors/UsbEndpointDescriptor.java,45,45,,,,
services/usb/java/com/android/server/usb/descriptors/UsbHIDDescriptor.java,19,19,,,,
services/usb/java/com/android/server/usb/descriptors/UsbInterfaceAssoc.java,19,19,,,,
services/usb/java/com/android/server/usb/descriptors/UsbInterfaceDescriptor.java,38,38,,,,
services/usb/java/com/android/server/usb/descriptors/UsbMSMidiHeader.java,11,11,,,,
services/usb/java/com/android/server/usb/descriptors/UsbMSMidiInputJack.java,11,11,,,,
services/usb/java/com/android/server/usb/descriptors/UsbMSMidiOutputJack.java,11,11,,,,
services/usb/java/com/android/server/usb/descriptors/UsbTerminalTypes.java,57,57,,,,
services/usb/java/com/android/server/usb/descriptors/UsbUnknown.java,5,5,,,,
services/usb/java/com/android/server/usb/MtpNotificationManager.java,39,39,,,,
services/usb/java/com/android/server/usb/UsbAlsaDevice.java,67,67,,,,
services/usb/java/com/android/server/usb/UsbAlsaJackDetector.java,22,22,,,,
services/usb/java/com/android/server/usb/UsbAlsaManager.java,62,62,,,,
services/usb/java/com/android/server/usb/UsbDebuggingManager.java,115,115,,,,
services/usb/java/com/android/server/usb/UsbDeviceManager.java,482,458,,12,12,
services/usb/java/com/android/server/usb/UsbHostManager.java,136,136,,,,
services/usb/java/com/android/server/usb/UsbMidiDevice.java,105,105,,,,
services/usb/java/com/android/server/usb/UsbPortManager.java,236,236,,,,
services/usb/java/com/android/server/usb/UsbProfileGroupSettingsManager.java,258,258,,,,
services/usb/java/com/android/server/usb/UsbService.java,159,159,,,,
services/usb/java/com/android/server/usb/UsbSettingsManager.java,38,38,,,,
services/usb/java/com/android/server/usb/UsbUserSettingsManager.java,91,91,,,,
services/voiceinteraction/java/com/android/server/soundtrigger/SoundTriggerDbHelper.java,35,35,,,,
services/voiceinteraction/java/com/android/server/soundtrigger/SoundTriggerHelper.java,270,270,,,,
services/voiceinteraction/java/com/android/server/soundtrigger/SoundTriggerInternal.java,18,18,,,,
services/voiceinteraction/java/com/android/server/soundtrigger/SoundTriggerService.java,254,254,,,,
services/voiceinteraction/java/com/android/server/voiceinteraction/DatabaseHelper.java,99,99,,,,
services/voiceinteraction/java/com/android/server/voiceinteraction/VoiceInteractionManagerService.java,292,292,,,,
services/voiceinteraction/java/com/android/server/voiceinteraction/VoiceInteractionManagerServiceImpl.java,106,106,,,,
services/voiceinteraction/java/com/android/server/voiceinteraction/VoiceInteractionSessionConnection.java,140,140,,,,
telecomm/java/android/telecom/AudioState.java,44,44,,,,
telecomm/java/android/telecom/AuthenticatorService.java,37,37,,,,
telecomm/java/android/telecom/Call.java,467,467,,,,
telecomm/java/android/telecom/CallAudioState.java,58,58,,,,
telecomm/java/android/telecom/CallbackRecord.java,8,8,,,,
telecomm/java/android/telecom/CallScreeningService.java,53,53,,,,
telecomm/java/android/telecom/Conference.java,204,204,,,,
telecomm/java/android/telecom/Conferenceable.java,2,2,,,,
telecomm/java/android/telecom/ConferenceParticipant.java,31,31,,,,
telecomm/java/android/telecom/Connection.java,608,603,,4,1,
telecomm/java/android/telecom/ConnectionRequest.java,85,85,,,,
telecomm/java/android/telecom/ConnectionService.java,703,702,,1,,
telecomm/java/android/telecom/ConnectionServiceAdapter.java,200,200,,,,
telecomm/java/android/telecom/ConnectionServiceAdapterServant.java,217,217,,,,
telecomm/java/android/telecom/DefaultDialerManager.java,47,47,,,,
telecomm/java/android/telecom/DisconnectCause.java,66,66,,,,
telecomm/java/android/telecom/GatewayInfo.java,25,25,,,,
telecomm/java/android/telecom/InCallAdapter.java,125,125,,,,
telecomm/java/android/telecom/InCallService.java,177,177,,,,
telecomm/java/android/telecom/Log.java,156,156,,,,
telecomm/java/android/telecom/Logging/EventManager.java,129,129,,,,
telecomm/java/android/telecom/Logging/Runnable.java,14,14,,,,
telecomm/java/android/telecom/Logging/Session.java,104,104,,,,
telecomm/java/android/telecom/Logging/SessionManager.java,95,95,,,,
telecomm/java/android/telecom/Logging/TimedEvent.java,9,9,,,,
telecomm/java/android/telecom/ParcelableCall.java,122,122,,,,
telecomm/java/android/telecom/ParcelableCallAnalytics.java,198,186,,4,8,
telecomm/java/android/telecom/ParcelableConference.java,58,58,,,,
telecomm/java/android/telecom/ParcelableConnection.java,114,114,,,,
telecomm/java/android/telecom/ParcelableRttCall.java,23,23,,,,
telecomm/java/android/telecom/Phone.java,117,117,,,,
telecomm/java/android/telecom/PhoneAccount.java,159,148,,1,10,
telecomm/java/android/telecom/PhoneAccountHandle.java,33,33,,,,
telecomm/java/android/telecom/RemoteConference.java,151,151,,,,
telecomm/java/android/telecom/RemoteConnection.java,422,422,,,,
telecomm/java/android/telecom/RemoteConnectionManager.java,21,21,,,,
telecomm/java/android/telecom/RemoteConnectionService.java,197,197,,,,
telecomm/java/android/telecom/Response.java,8,8,,,,
telecomm/java/android/telecom/StatusHints.java,36,36,,,,
telecomm/java/android/telecom/TelecomAnalytics.java,57,57,,,,
telecomm/java/android/telecom/TelecomManager.java,225,223,,1,1,
telecomm/java/android/telecom/TimedEvent.java,9,9,,,,
telecomm/java/android/telecom/VideoCallbackServant.java,46,46,,,,
telecomm/java/android/telecom/VideoCallImpl.java,96,96,,,,
telecomm/java/android/telecom/VideoProfile.java,84,84,,,,
telecomm/java/android/telecom/Voicemail.java,89,89,,,,
telephony/java/android/provider/Telephony.java,583,576,,3,4,
telephony/java/android/telephony/AccessNetworkConstants.java,126,126,,,,
telephony/java/android/telephony/AccessNetworkUtils.java,7,7,,,,
telephony/java/android/telephony/CarrierConfigManager.java,290,275,,2,13,
telephony/java/android/telephony/cdma/CdmaCellLocation.java,40,40,,,,
telephony/java/android/telephony/cdma/CdmaSmsCbProgramData.java,48,48,,,,
telephony/java/android/telephony/cdma/CdmaSmsCbProgramResults.java,33,33,,,,
telephony/java/android/telephony/CellIdentity.java,46,46,,,,
telephony/java/android/telephony/CellIdentityCdma.java,52,52,,,,
telephony/java/android/telephony/CellIdentityGsm.java,61,61,,,,
telephony/java/android/telephony/CellIdentityLte.java,64,64,,,,
telephony/java/android/telephony/CellIdentityTdscdma.java,53,53,,,,
telephony/java/android/telephony/CellIdentityWcdma.java,61,61,,,,
telephony/java/android/telephony/CellInfo.java,61,61,,,,
telephony/java/android/telephony/CellInfoCdma.java,37,37,,,,
telephony/java/android/telephony/CellInfoGsm.java,37,37,,,,
telephony/java/android/telephony/CellInfoLte.java,37,37,,,,
telephony/java/android/telephony/CellInfoWcdma.java,37,37,,,,
telephony/java/android/telephony/CellLocation.java,11,11,,,,
telephony/java/android/telephony/CellSignalStrength.java,17,17,,,,
telephony/java/android/telephony/CellSignalStrengthCdma.java,81,81,,,,
telephony/java/android/telephony/CellSignalStrengthGsm.java,53,53,,,,
telephony/java/android/telephony/CellSignalStrengthLte.java,56,56,,,,
telephony/java/android/telephony/CellSignalStrengthWcdma.java,47,47,,,,
telephony/java/android/telephony/ClientRequestStats.java,52,52,,,,
telephony/java/android/telephony/data/ApnSetting.java,294,294,,,,
telephony/java/android/telephony/data/DataCallResponse.java,53,53,,,,
telephony/java/android/telephony/data/DataProfile.java,74,74,,,,
telephony/java/android/telephony/data/DataService.java,169,169,,,,
telephony/java/android/telephony/data/DataServiceCallback.java,36,36,,,,
telephony/java/android/telephony/DataConnectionRealTimeInfo.java,33,33,,,,
telephony/java/android/telephony/DataSpecificRegistrationStates.java,21,21,,,,
telephony/java/android/telephony/DisconnectCause.java,76,76,,,,
telephony/java/android/telephony/euicc/DownloadableSubscription.java,55,55,,,,
telephony/java/android/telephony/euicc/EuiccCardManager.java,238,238,,,,
telephony/java/android/telephony/euicc/EuiccInfo.java,17,17,,,,
telephony/java/android/telephony/euicc/EuiccManager.java,79,79,,,,
telephony/java/android/telephony/euicc/EuiccNotification.java,37,37,,,,
telephony/java/android/telephony/euicc/EuiccRulesAuthTable.java,58,58,,,,
telephony/java/android/telephony/gsm/GsmCellLocation.java,28,28,,,,
telephony/java/android/telephony/IccOpenLogicalChannelResponse.java,30,30,,,,
telephony/java/android/telephony/ims/compat/feature/ImsFeature.java,40,40,,,,
telephony/java/android/telephony/ims/compat/feature/MMTelFeature.java,76,76,,,,
telephony/java/android/telephony/ims/compat/feature/RcsFeature.java,7,7,,,,
telephony/java/android/telephony/ims/compat/ImsService.java,57,57,,,,
telephony/java/android/telephony/ims/compat/stub/ImsCallSessionImplBase.java,171,171,,,,
telephony/java/android/telephony/ims/compat/stub/ImsConfigImplBase.java,91,91,,,,
telephony/java/android/telephony/ims/compat/stub/ImsUtListenerImplBase.java,30,30,,,,
telephony/java/android/telephony/ims/feature/CapabilityChangeRequest.java,54,54,,,,
telephony/java/android/telephony/ims/feature/ImsFeature.java,100,100,,,,
telephony/java/android/telephony/ims/feature/MmTelFeature.java,155,155,,,,
telephony/java/android/telephony/ims/feature/RcsFeature.java,10,10,,,,
telephony/java/android/telephony/ims/ImsCallForwardInfo.java,36,36,,,,
telephony/java/android/telephony/ims/ImsCallProfile.java,139,139,,,,
telephony/java/android/telephony/ims/ImsCallSession.java,304,304,,,,
telephony/java/android/telephony/ims/ImsCallSessionListener.java,128,128,,,,
telephony/java/android/telephony/ims/ImsConferenceState.java,50,50,,,,
telephony/java/android/telephony/ims/ImsExternalCallState.java,38,38,,,,
telephony/java/android/telephony/ims/ImsReasonInfo.java,162,162,,,,
telephony/java/android/telephony/ims/ImsService.java,78,78,,,,
telephony/java/android/telephony/ims/ImsSsData.java,93,93,,,,
telephony/java/android/telephony/ims/ImsSsInfo.java,27,27,,,,
telephony/java/android/telephony/ims/ImsStreamMediaProfile.java,80,80,,,,
telephony/java/android/telephony/ims/ImsSuppServiceNotification.java,28,28,,,,
telephony/java/android/telephony/ims/ImsUtListener.java,35,35,,,,
telephony/java/android/telephony/ims/ImsVideoCallProvider.java,95,95,,,,
telephony/java/android/telephony/ims/stub/ImsCallSessionImplBase.java,142,142,,,,
telephony/java/android/telephony/ims/stub/ImsConfigImplBase.java,94,94,,,,
telephony/java/android/telephony/ims/stub/ImsEcbmImplBase.java,14,14,,,,
telephony/java/android/telephony/ims/stub/ImsFeatureConfiguration.java,48,48,,,,
telephony/java/android/telephony/ims/stub/ImsMultiEndpointImplBase.java,13,13,,,,
telephony/java/android/telephony/ims/stub/ImsRegistrationImplBase.java,64,64,,,,
telephony/java/android/telephony/ims/stub/ImsSmsImplBase.java,52,52,,,,
telephony/java/android/telephony/ims/stub/ImsStreamMediaSessionImplBase.java,2,2,,,,
telephony/java/android/telephony/ims/stub/ImsUtImplBase.java,104,104,,,,
telephony/java/android/telephony/ImsiEncryptionInfo.java,48,48,,,,
telephony/java/android/telephony/JapanesePhoneNumberFormatter.java,14,14,,,,
telephony/java/android/telephony/LocationAccessPolicy.java,23,23,,,,
telephony/java/android/telephony/mbms/DownloadProgressListener.java,8,8,,,,
telephony/java/android/telephony/mbms/DownloadRequest.java,94,94,,,,
telephony/java/android/telephony/mbms/DownloadStatusListener.java,5,5,,,,
telephony/java/android/telephony/mbms/FileInfo.java,24,24,,,,
telephony/java/android/telephony/mbms/FileServiceInfo.java,23,23,,,,
telephony/java/android/telephony/mbms/InternalDownloadProgressListener.java,18,18,,,,
telephony/java/android/telephony/mbms/InternalDownloadSessionCallback.java,23,23,,,,
telephony/java/android/telephony/mbms/InternalDownloadStatusListener.java,15,15,,,,
telephony/java/android/telephony/mbms/InternalStreamingServiceCallback.java,34,34,,,,
telephony/java/android/telephony/mbms/InternalStreamingSessionCallback.java,23,23,,,,
telephony/java/android/telephony/mbms/MbmsDownloadReceiver.java,125,125,,,,
telephony/java/android/telephony/mbms/MbmsDownloadSessionCallback.java,7,7,,,,
telephony/java/android/telephony/mbms/MbmsErrors.java,31,31,,,,
telephony/java/android/telephony/mbms/MbmsStreamingSessionCallback.java,7,7,,,,
telephony/java/android/telephony/mbms/MbmsTempFileProvider.java,58,58,,,,
telephony/java/android/telephony/mbms/MbmsUtils.java,35,35,,,,
telephony/java/android/telephony/mbms/ServiceInfo.java,41,41,,,,
telephony/java/android/telephony/mbms/StreamingService.java,35,35,,,,
telephony/java/android/telephony/mbms/StreamingServiceCallback.java,13,13,,,,
telephony/java/android/telephony/mbms/StreamingServiceInfo.java,20,20,,,,
telephony/java/android/telephony/mbms/UriPathPair.java,20,20,,,,
telephony/java/android/telephony/mbms/vendor/MbmsDownloadServiceBase.java,117,117,,,,
telephony/java/android/telephony/mbms/vendor/MbmsStreamingServiceBase.java,64,64,,,,
telephony/java/android/telephony/mbms/vendor/VendorUtils.java,19,19,,,,
telephony/java/android/telephony/MbmsDownloadSession.java,164,164,,,,
telephony/java/android/telephony/MbmsStreamingSession.java,67,67,,,,
telephony/java/android/telephony/ModemActivityInfo.java,56,56,,,,
telephony/java/android/telephony/NeighboringCellInfo.java,42,42,,,,
telephony/java/android/telephony/NetworkRegistrationState.java,88,88,,,,
telephony/java/android/telephony/NetworkScan.java,22,22,,,,
telephony/java/android/telephony/NetworkScanRequest.java,52,52,,,,
telephony/java/android/telephony/NetworkService.java,70,70,,,,
telephony/java/android/telephony/NetworkServiceCallback.java,16,16,,,,
telephony/java/android/telephony/PcoData.java,23,23,,,,
telephony/java/android/telephony/PhoneNumberFormattingTextWatcher.java,41,41,,,,
telephony/java/android/telephony/PhoneNumberUtils.java,579,579,,,,
telephony/java/android/telephony/PhoneStateListener.java,142,142,,,,
telephony/java/android/telephony/PhysicalChannelConfig.java,29,29,,,,
telephony/java/android/telephony/PreciseCallState.java,48,48,,,,
telephony/java/android/telephony/PreciseDataConnectionState.java,44,44,,,,
telephony/java/android/telephony/PreciseDisconnectCause.java,175,175,,,,
telephony/java/android/telephony/RadioAccessFamily.java,65,65,,,,
telephony/java/android/telephony/RadioAccessSpecifier.java,28,28,,,,
telephony/java/android/telephony/Rlog.java,61,61,,,,
telephony/java/android/telephony/ServiceState.java,264,264,,,,
telephony/java/android/telephony/SignalStrength.java,235,235,,,,
telephony/java/android/telephony/SmsManager.java,419,416,,2,1,
telephony/java/android/telephony/SmsMessage.java,144,142,,2,,
telephony/java/android/telephony/SubscriptionInfo.java,139,139,,,,
telephony/java/android/telephony/SubscriptionManager.java,361,361,,,,
telephony/java/android/telephony/SubscriptionPlan.java,71,71,,,,
telephony/java/android/telephony/TelephonyHistogram.java,68,68,,,,
telephony/java/android/telephony/TelephonyManager.java,1401,1391,,5,5,
telephony/java/android/telephony/TelephonyScanManager.java,54,54,,,,
telephony/java/android/telephony/UiccAccessRule.java,65,65,,,,
telephony/java/android/telephony/UiccSlotInfo.java,42,42,,,,
telephony/java/android/telephony/UssdResponse.java,20,20,,,,
telephony/java/android/telephony/VisualVoicemailService.java,61,61,,,,
telephony/java/android/telephony/VisualVoicemailSms.java,35,35,,,,
telephony/java/android/telephony/VisualVoicemailSmsFilterSettings.java,38,38,,,,
telephony/java/android/telephony/VoiceSpecificRegistrationStates.java,27,27,,,,
telephony/java/android/telephony/VoLteServiceState.java,49,49,,,,
telephony/java/com/android/ims/ImsConfig.java,146,146,,,,
telephony/java/com/android/ims/ImsException.java,11,11,,,,
telephony/java/com/android/ims/ImsUtInterface.java,88,88,,,,
telephony/java/com/android/ims/internal/uce/common/CapInfo.java,104,104,,,,
telephony/java/com/android/ims/internal/uce/common/StatusCode.java,35,35,,,,
telephony/java/com/android/ims/internal/uce/common/UceLong.java,27,27,,,,
telephony/java/com/android/ims/internal/uce/options/OptionsCapInfo.java,25,25,,,,
telephony/java/com/android/ims/internal/uce/options/OptionsCmdId.java,27,27,,,,
telephony/java/com/android/ims/internal/uce/options/OptionsCmdStatus.java,33,33,,,,
telephony/java/com/android/ims/internal/uce/options/OptionsSipResponse.java,36,36,,,,
telephony/java/com/android/ims/internal/uce/presence/PresCapInfo.java,24,24,,,,
telephony/java/com/android/ims/internal/uce/presence/PresCmdId.java,27,27,,,,
telephony/java/com/android/ims/internal/uce/presence/PresCmdStatus.java,32,32,,,,
telephony/java/com/android/ims/internal/uce/presence/PresPublishTriggerType.java,30,30,,,,
telephony/java/com/android/ims/internal/uce/presence/PresResInfo.java,28,28,,,,
telephony/java/com/android/ims/internal/uce/presence/PresResInstanceInfo.java,42,42,,,,
telephony/java/com/android/ims/internal/uce/presence/PresRlmiInfo.java,48,48,,,,
telephony/java/com/android/ims/internal/uce/presence/PresServiceInfo.java,36,36,,,,
telephony/java/com/android/ims/internal/uce/presence/PresSipResponse.java,36,36,,,,
telephony/java/com/android/ims/internal/uce/presence/PresSubscriptionState.java,24,24,,,,
telephony/java/com/android/ims/internal/uce/presence/PresTupleInfo.java,28,28,,,,
telephony/java/com/android/ims/internal/uce/uceservice/ImsUceManager.java,33,33,,,,
telephony/java/com/android/ims/internal/uce/uceservice/UceServiceBase.java,38,38,,,,
telephony/java/com/android/internal/telephony/CallerInfo.java,102,102,,,,
telephony/java/com/android/internal/telephony/CallerInfoAsyncQuery.java,106,106,,,,
telephony/java/com/android/internal/telephony/CallInfo.java,15,15,,,,
telephony/java/com/android/internal/telephony/CarrierAppUtils.java,82,77,,4,1,
telephony/java/com/android/internal/telephony/cdma/BearerData.java,537,524,,3,10,
telephony/java/com/android/internal/telephony/cdma/CdmaSmsAddress.java,54,54,,,,
telephony/java/com/android/internal/telephony/cdma/CdmaSmsSubaddress.java,4,4,,,,
telephony/java/com/android/internal/telephony/cdma/SmsEnvelope.java,29,29,,,,
telephony/java/com/android/internal/telephony/cdma/SmsMessage.java,165,163,,2,,
telephony/java/com/android/internal/telephony/cdma/UserData.java,44,44,,,,
telephony/java/com/android/internal/telephony/CellNetworkScanResult.java,30,30,,,,
telephony/java/com/android/internal/telephony/DcParamObject.java,19,19,,,,
telephony/java/com/android/internal/telephony/DctConstants.java,69,69,,,,
telephony/java/com/android/internal/telephony/EncodeException.java,6,6,,,,
telephony/java/com/android/internal/telephony/ExponentialBackoff.java,40,40,,,,
telephony/java/com/android/internal/telephony/gsm/GsmSmsAddress.java,18,18,,,,
telephony/java/com/android/internal/telephony/gsm/GsmSmsCbMessage.java,45,42,,3,,
telephony/java/com/android/internal/telephony/gsm/SmsBroadcastConfigInfo.java,28,28,,,,
telephony/java/com/android/internal/telephony/gsm/SmsCbConstants.java,45,40,,1,4,
telephony/java/com/android/internal/telephony/gsm/SmsCbHeader.java,54,54,,,,
telephony/java/com/android/internal/telephony/gsm/SmsMessage.java,233,226,,3,4,
telephony/java/com/android/internal/telephony/GsmAlphabet.java,224,224,,,,
telephony/java/com/android/internal/telephony/IccCardConstants.java,21,21,,,,
telephony/java/com/android/internal/telephony/NetworkScanResult.java,28,28,,,,
telephony/java/com/android/internal/telephony/OperatorInfo.java,37,37,,,,
telephony/java/com/android/internal/telephony/PhoneConstantConversions.java,9,9,,,,
telephony/java/com/android/internal/telephony/PhoneConstants.java,87,87,,,,
telephony/java/com/android/internal/telephony/RILConstants.java,384,384,,,,
telephony/java/com/android/internal/telephony/Sms7BitEncodingTranslator.java,35,35,,,,
telephony/java/com/android/internal/telephony/SmsAddress.java,15,15,,,,
telephony/java/com/android/internal/telephony/SmsApplication.java,230,230,,,,
telephony/java/com/android/internal/telephony/SmsAuthorizationRequest.java,28,,,,28,
telephony/java/com/android/internal/telephony/SmsCbCmasInfo.java,72,72,,,,
telephony/java/com/android/internal/telephony/SmsCbEtwsInfo.java,48,43,,2,3,
telephony/java/com/android/internal/telephony/SmsCbLocation.java,38,38,,,,
telephony/java/com/android/internal/telephony/SmsCbMessage.java,60,60,,,,
telephony/java/com/android/internal/telephony/SmsConstants.java,13,13,,,,
telephony/java/com/android/internal/telephony/SmsHeader.java,77,77,,,,
telephony/java/com/android/internal/telephony/SmsMessageBase.java,65,65,,,,
telephony/java/com/android/internal/telephony/SmsRawData.java,17,17,,,,
telephony/java/com/android/internal/telephony/TelephonyIntents.java,44,44,,,,
telephony/java/com/android/internal/telephony/TelephonyPermissions.java,83,83,,,,
telephony/java/com/android/internal/telephony/TelephonyProperties.java,35,35,,,,
telephony/java/com/android/internal/telephony/uicc/asn1/Asn1Decoder.java,24,24,,,,
telephony/java/com/android/internal/telephony/uicc/asn1/Asn1Node.java,124,124,,,,
telephony/java/com/android/internal/telephony/uicc/asn1/InvalidAsn1DataException.java,11,11,,,,
telephony/java/com/android/internal/telephony/uicc/asn1/TagNotFoundException.java,6,6,,,,
telephony/java/com/android/internal/telephony/uicc/IccUtils.java,191,189,,2,,
test-base/src/android/test/AndroidTestCase.java,31,31,,,,
test-base/src/android/test/InstrumentationTestCase.java,80,80,,,,
test-base/src/android/test/InstrumentationTestSuite.java,15,15,,,,
test-base/src/android/test/PerformanceTestCase.java,16,16,,,,
test-base/src/com/android/internal/util/Predicate.java,3,3,,,,
test-base/src/junit/framework/Assert.java,132,132,,,,
test-base/src/junit/framework/AssertionFailedError.java,7,7,,,,
test-base/src/junit/framework/ComparisonCompactor.java,34,34,,,,
test-base/src/junit/framework/ComparisonFailure.java,12,12,,,,
test-base/src/junit/framework/Protectable.java,2,2,,,,
test-base/src/junit/framework/Test.java,4,4,,,,
test-base/src/junit/framework/TestCase.java,26,26,,,,
test-base/src/junit/framework/TestFailure.java,16,16,,,,
test-base/src/junit/framework/TestListener.java,11,11,,,,
test-base/src/junit/framework/TestResult.java,47,47,,,,
test-base/src/junit/framework/TestSuite.java,75,75,,,,
test-mock/src/android/test/mock/MockAccountManager.java,33,33,,,,
test-mock/src/android/test/mock/MockApplication.java,6,6,,,,
test-mock/src/android/test/mock/MockContentProvider.java,127,127,,,,
test-mock/src/android/test/mock/MockContentResolver.java,28,28,,,,
test-mock/src/android/test/mock/MockContext.java,412,412,,,,
test-mock/src/android/test/mock/MockCursor.java,66,66,,,,
test-mock/src/android/test/mock/MockDialogInterface.java,3,3,,,,
test-mock/src/android/test/mock/MockIContentProvider.java,74,74,,,,
test-mock/src/android/test/mock/MockPackageManager.java,504,504,,,,
test-mock/src/android/test/mock/MockResources.java,84,84,,,,
test-mock/src/android/test/mock/MockService.java,7,7,,,,
test-runner/src/android/test/ActivityInstrumentationTestCase.java,16,16,,,,
test-runner/src/android/test/ActivityInstrumentationTestCase2.java,22,22,,,,
test-runner/src/android/test/ActivityTestCase.java,11,11,,,,
test-runner/src/android/test/ActivityUnitTestCase.java,53,53,,,,
test-runner/src/android/test/AndroidTestRunner.java,88,88,,,,
test-runner/src/android/test/ApplicationTestCase.java,17,17,,,,
test-runner/src/android/test/AssertionFailedError.java,4,4,,,,
test-runner/src/android/test/ClassPathPackageInfoSource.java,78,78,,,,
test-runner/src/android/test/ComparisonFailure.java,7,7,,,,
test-runner/src/android/test/InstrumentationTestRunner.java,166,166,,,,
test-runner/src/android/test/IsolatedContext.java,39,39,,,,
test-runner/src/android/test/LaunchPerformanceBase.java,6,6,,,,
test-runner/src/android/test/LoaderTestCase.java,20,20,,,,
test-runner/src/android/test/MoreAsserts.java,193,193,,,,
test-runner/src/android/test/NoExecTestResult.java,3,3,,,,
test-runner/src/android/test/ProviderTestCase.java,28,28,,,,
test-runner/src/android/test/ProviderTestCase2.java,40,40,,,,
test-runner/src/android/test/RenamingDelegatingContext.java,67,67,,,,
test-runner/src/android/test/ServiceTestCase.java,29,29,,,,
test-runner/src/android/test/SimpleCache.java,7,7,,,,
test-runner/src/android/test/SingleLaunchActivityTestCase.java,13,13,,,,
test-runner/src/android/test/suitebuilder/AssignableFrom.java,6,6,,,,
test-runner/src/android/test/suitebuilder/SmokeTestSuiteBuilder.java,6,6,,,,
test-runner/src/android/test/suitebuilder/TestGrouping.java,60,60,,,,
test-runner/src/android/test/suitebuilder/TestMethod.java,36,36,,,,
test-runner/src/android/test/suitebuilder/TestPredicates.java,20,20,,,,
test-runner/src/android/test/suitebuilder/TestSuiteBuilder.java,61,61,,,,
test-runner/src/android/test/suitebuilder/UnitTestSuiteBuilder.java,6,6,,,,
test-runner/src/android/test/SyncBaseInstrumentation.java,15,15,,,,
test-runner/src/android/test/TestCaseUtil.java,27,27,,,,
test-runner/src/android/test/TestPrinter.java,29,29,,,,
test-runner/src/android/test/TestSuiteProvider.java,2,2,,,,
test-runner/src/android/test/TouchUtils.java,243,243,,,,
test-runner/src/android/test/ViewAsserts.java,116,116,,,,
test-runner/src/junit/runner/BaseTestRunner.java,96,96,,,,
test-runner/src/junit/runner/StandardTestSuiteLoader.java,5,5,,,,
test-runner/src/junit/runner/TestRunListener.java,18,18,,,,
test-runner/src/junit/runner/TestSuiteLoader.java,5,5,,,,
test-runner/src/junit/runner/Version.java,5,5,,,,
test-runner/src/junit/textui/ResultPrinter.java,43,43,,,,
test-runner/src/junit/textui/TestRunner.java,64,64,,,,
test-runner/tests/src/android/test/AndroidTestRunnerTest.java,80,80,,,,
test-runner/tests/src/android/test/InstrumentationTestRunnerTest.java,108,108,,,,
test-runner/tests/src/android/test/suitebuilder/AssignableFromTest.java,21,21,,,,
test-runner/tests/src/android/test/suitebuilder/examples/constructor/NoPublicConstructorTest.java,6,6,,,,
test-runner/tests/src/android/test/suitebuilder/examples/constructor/ProtectedConstructorTest.java,3,3,,,,
test-runner/tests/src/android/test/suitebuilder/examples/constructor/PublicConstructorTest.java,2,2,,,,
test-runner/tests/src/android/test/suitebuilder/examples/error/ErrorTest.java,3,3,,,,
test-runner/tests/src/android/test/suitebuilder/examples/error/FailingTest.java,3,3,,,,
test-runner/tests/src/android/test/suitebuilder/examples/instrumentation/InstrumentationTest.java,2,2,,,,
test-runner/tests/src/android/test/suitebuilder/examples/nested/Level1Test.java,2,2,,,,
test-runner/tests/src/android/test/suitebuilder/examples/nested/nested/Level2Test.java,2,2,,,,
test-runner/tests/src/android/test/suitebuilder/examples/OuterTest.java,5,5,,,,
test-runner/tests/src/android/test/suitebuilder/examples/simple/AnotherSimpleTest.java,2,2,,,,
test-runner/tests/src/android/test/suitebuilder/examples/simple/SimpleTest.java,3,3,,,,
test-runner/tests/src/android/test/suitebuilder/examples/smoke/NonSmokeTest.java,2,2,,,,
test-runner/tests/src/android/test/suitebuilder/examples/smoke/SmokeTest.java,2,2,,,,
test-runner/tests/src/android/test/suitebuilder/examples/subclass/SubclassTest.java,2,2,,,,
test-runner/tests/src/android/test/suitebuilder/examples/subclass/SuperclassTest.java,2,2,,,,
test-runner/tests/src/android/test/suitebuilder/examples/suppress/PartiallySuppressedTest.java,3,3,,,,
test-runner/tests/src/android/test/suitebuilder/examples/suppress/SuppressedTest.java,2,2,,,,
test-runner/tests/src/android/test/suitebuilder/ListTestCaseNames.java,25,25,,,,
test-runner/tests/src/android/test/suitebuilder/SmokeTestSuiteBuilderTest.java,4,4,,,,
test-runner/tests/src/android/test/suitebuilder/TestGroupingTest.java,5,5,,,,
test-runner/tests/src/android/test/suitebuilder/TestPredicatesTest.java,24,24,,,,
test-runner/tests/src/android/test/suitebuilder/TestSuiteBuilderTest.java,66,66,,,,
test-runner/tests/src/android/test/suitebuilder/UnitTestSuiteBuilderTest.java,39,39,,,,
test-runner/tests/src/android/test/TestCaseUtilTest.java,32,32,,,,
tests/AccessibilityEventsLogger/src/com/android/tests/accessibilityeventlogger/AELogger.java,11,11,,,,
tests/AccessoryDisplay/common/src/com/android/accessorydisplay/common/BufferPool.java,23,23,,,,
tests/AccessoryDisplay/common/src/com/android/accessorydisplay/common/Logger.java,5,5,,,,
tests/AccessoryDisplay/common/src/com/android/accessorydisplay/common/Protocol.java,14,14,,,,
tests/AccessoryDisplay/common/src/com/android/accessorydisplay/common/Service.java,18,18,,,,
tests/AccessoryDisplay/common/src/com/android/accessorydisplay/common/Transport.java,79,79,,,,
tests/AccessoryDisplay/sink/src/com/android/accessorydisplay/sink/DisplaySinkService.java,59,59,,,,
tests/AccessoryDisplay/sink/src/com/android/accessorydisplay/sink/SinkActivity.java,110,110,,,,
tests/AccessoryDisplay/sink/src/com/android/accessorydisplay/sink/UsbAccessoryBulkTransport.java,20,20,,,,
tests/AccessoryDisplay/sink/src/com/android/accessorydisplay/sink/UsbAccessoryConstants.java,19,19,,,,
tests/AccessoryDisplay/sink/src/com/android/accessorydisplay/sink/UsbHid.java,32,32,,,,
tests/AccessoryDisplay/source/src/com/android/accessorydisplay/source/DisplaySourceService.java,66,66,,,,
tests/AccessoryDisplay/source/src/com/android/accessorydisplay/source/presentation/Cube.java,13,13,,,,
tests/AccessoryDisplay/source/src/com/android/accessorydisplay/source/presentation/CubeRenderer.java,19,19,,,,
tests/AccessoryDisplay/source/src/com/android/accessorydisplay/source/presentation/DemoPresentation.java,17,17,,,,
tests/AccessoryDisplay/source/src/com/android/accessorydisplay/source/SourceActivity.java,55,55,,,,
tests/AccessoryDisplay/source/src/com/android/accessorydisplay/source/UsbAccessoryStreamTransport.java,17,17,,,,
tests/ActivityManagerPerfTests/test-app/src/com/android/frameworks/perftests/amteststestapp/StartProcessService.java,3,3,,,,
tests/ActivityManagerPerfTests/test-app/src/com/android/frameworks/perftests/amteststestapp/TestApplication.java,10,10,,,,
tests/ActivityManagerPerfTests/test-app/src/com/android/frameworks/perftests/amteststestapp/TestBroadcastReceiver.java,4,4,,,,
tests/ActivityManagerPerfTests/test-app/src/com/android/frameworks/perftests/amteststestapp/TestContentProvider.java,22,22,,,,
tests/ActivityManagerPerfTests/test-app/src/com/android/frameworks/perftests/amteststestapp/TestService.java,7,7,,,,
tests/ActivityManagerPerfTests/tests/src/com/android/frameworks/perftests/am/tests/BasePerfTest.java,25,25,,,,
tests/ActivityManagerPerfTests/tests/src/com/android/frameworks/perftests/am/tests/BroadcastPerfTest.java,13,13,,,,
tests/ActivityManagerPerfTests/tests/src/com/android/frameworks/perftests/am/tests/ContentProviderPerfTest.java,9,9,,,,
tests/ActivityManagerPerfTests/tests/src/com/android/frameworks/perftests/am/tests/ServiceBindPerfTest.java,35,35,,,,
tests/ActivityManagerPerfTests/tests/src/com/android/frameworks/perftests/am/tests/ServiceStartPerfTest.java,22,22,,,,
tests/ActivityManagerPerfTests/tests/src/com/android/frameworks/perftests/am/util/TargetPackageUtils.java,49,49,,,,
tests/ActivityManagerPerfTests/tests/src/com/android/frameworks/perftests/am/util/TimeReceiver.java,29,29,,,,
tests/ActivityManagerPerfTests/utils/src/com/android/frameworks/perftests/am/util/Constants.java,10,10,,,,
tests/ActivityManagerPerfTests/utils/src/com/android/frameworks/perftests/am/util/CountDownResultReceiver.java,7,7,,,,
tests/ActivityManagerPerfTests/utils/src/com/android/frameworks/perftests/am/util/Utils.java,15,15,,,,
tests/ActivityTests/src/com/google/android/test/activity/ActivityTestMain.java,201,201,,,,
tests/ActivityTests/src/com/google/android/test/activity/AlarmSpamReceiver.java,4,4,,,,
tests/ActivityTests/src/com/google/android/test/activity/ArrayMapTests.java,99,99,,,,
tests/ActivityTests/src/com/google/android/test/activity/CustomSplashscreenActivity.java,3,3,,,,
tests/ActivityTests/src/com/google/android/test/activity/DisableScreenshotsActivity.java,4,4,,,,
tests/ActivityTests/src/com/google/android/test/activity/DocActivity.java,5,5,,,,
tests/ActivityTests/src/com/google/android/test/activity/EmptyService.java,4,4,,,,
tests/ActivityTests/src/com/google/android/test/activity/IsolatedService.java,6,6,,,,
tests/ActivityTests/src/com/google/android/test/activity/ServiceUserTarget.java,5,5,,,,
tests/ActivityTests/src/com/google/android/test/activity/SingleUserProvider.java,28,28,,,,
tests/ActivityTests/src/com/google/android/test/activity/SingleUserReceiver.java,5,5,,,,
tests/ActivityTests/src/com/google/android/test/activity/SingleUserService.java,5,5,,,,
tests/ActivityTests/src/com/google/android/test/activity/SpamActivity.java,4,4,,,,
tests/ActivityTests/src/com/google/android/test/activity/StartEmpty.java,4,4,,,,
tests/ActivityTests/src/com/google/android/test/activity/TrackTimeReceiver.java,5,5,,,,
tests/ActivityTests/src/com/google/android/test/activity/UserTarget.java,5,5,,,,
tests/AmSlam/src/test/amslam/MainActivity.java,41,41,,,,
tests/AmSlam/src/test/amslam/PingReceiver.java,8,8,,,,
tests/AmSlam/src/test/amslam/PongReceiver.java,20,20,,,,
tests/AmSlam/src/test/amslam/subreceivers/PingReceiver000.java,1,1,,,,
tests/AmSlam/src/test/amslam/subreceivers/PingReceiver001.java,1,1,,,,
tests/AmSlam/src/test/amslam/subreceivers/PingReceiver002.java,1,1,,,,
tests/AmSlam/src/test/amslam/subreceivers/PingReceiver003.java,1,1,,,,
tests/AmSlam/src/test/amslam/subreceivers/PingReceiver004.java,1,1,,,,
tests/AmSlam/src/test/amslam/subreceivers/PingReceiver005.java,1,1,,,,
tests/AmSlam/src/test/amslam/subreceivers/PingReceiver006.java,1,1,,,,
tests/AmSlam/src/test/amslam/subreceivers/PingReceiver007.java,1,1,,,,
tests/AmSlam/src/test/amslam/subreceivers/PingReceiver008.java,1,1,,,,
tests/AmSlam/src/test/amslam/subreceivers/PingReceiver009.java,1,1,,,,
tests/AmSlam/src/test/amslam/subreceivers/PingReceiver010.java,1,1,,,,
tests/AmSlam/src/test/amslam/subreceivers/PingReceiver011.java,1,1,,,,
tests/AmSlam/src/test/amslam/subreceivers/PingReceiver012.java,1,1,,,,
tests/AmSlam/src/test/amslam/subreceivers/PingReceiver013.java,1,1,,,,
tests/AmSlam/src/test/amslam/subreceivers/PingReceiver014.java,1,1,,,,
tests/AmSlam/src/test/amslam/subreceivers/PingReceiver015.java,1,1,,,,
tests/AmSlam/src/test/amslam/subreceivers/PingReceiver016.java,1,1,,,,
tests/AmSlam/src/test/amslam/subreceivers/PingReceiver017.java,1,1,,,,
tests/AmSlam/src/test/amslam/subreceivers/PingReceiver018.java,1,1,,,,
tests/AmSlam/src/test/amslam/subreceivers/PingReceiver019.java,1,1,,,,
tests/AmSlam/src/test/amslam/subreceivers/PingReceiver020.java,1,1,,,,
tests/AmSlam/src/test/amslam/subreceivers/PingReceiver021.java,1,1,,,,
tests/AmSlam/src/test/amslam/subreceivers/PingReceiver022.java,1,1,,,,
tests/AmSlam/src/test/amslam/subreceivers/PingReceiver023.java,1,1,,,,
tests/AmSlam/src/test/amslam/subreceivers/PingReceiver024.java,1,1,,,,
tests/AmSlam/src/test/amslam/subreceivers/PingReceiver025.java,1,1,,,,
tests/AmSlam/src/test/amslam/subreceivers/PingReceiver026.java,1,1,,,,
tests/AmSlam/src/test/amslam/subreceivers/PingReceiver027.java,1,1,,,,
tests/AmSlam/src/test/amslam/subreceivers/PingReceiver028.java,1,1,,,,
tests/AmSlam/src/test/amslam/subreceivers/PingReceiver029.java,1,1,,,,
tests/AmSlam/src/test/amslam/subreceivers/PingReceiver030.java,1,1,,,,
tests/AmSlam/src/test/amslam/subreceivers/PingReceiver031.java,1,1,,,,
tests/AmSlam/src/test/amslam/subreceivers/PingReceiver032.java,1,1,,,,
tests/AmSlam/src/test/amslam/subreceivers/PingReceiver033.java,1,1,,,,
tests/AmSlam/src/test/amslam/subreceivers/PingReceiver034.java,1,1,,,,
tests/AmSlam/src/test/amslam/subreceivers/PingReceiver035.java,1,1,,,,
tests/AmSlam/src/test/amslam/subreceivers/PingReceiver036.java,1,1,,,,
tests/AmSlam/src/test/amslam/subreceivers/PingReceiver037.java,1,1,,,,
tests/AmSlam/src/test/amslam/subreceivers/PingReceiver038.java,1,1,,,,
tests/AmSlam/src/test/amslam/subreceivers/PingReceiver039.java,1,1,,,,
tests/AmSlam/src/test/amslam/subreceivers/PingReceiver040.java,1,1,,,,
tests/AmSlam/src/test/amslam/subreceivers/PingReceiver041.java,1,1,,,,
tests/AmSlam/src/test/amslam/subreceivers/PingReceiver042.java,1,1,,,,
tests/AmSlam/src/test/amslam/subreceivers/PingReceiver043.java,1,1,,,,
tests/AmSlam/src/test/amslam/subreceivers/PingReceiver044.java,1,1,,,,
tests/AmSlam/src/test/amslam/subreceivers/PingReceiver045.java,1,1,,,,
tests/AmSlam/src/test/amslam/subreceivers/PingReceiver046.java,1,1,,,,
tests/AmSlam/src/test/amslam/subreceivers/PingReceiver047.java,1,1,,,,
tests/AmSlam/src/test/amslam/subreceivers/PingReceiver048.java,1,1,,,,
tests/AmSlam/src/test/amslam/subreceivers/PingReceiver049.java,1,1,,,,
tests/AmSlam/src/test/amslam/subreceivers/PingReceiver050.java,1,1,,,,
tests/AmSlam/src/test/amslam/subreceivers/PingReceiver051.java,1,1,,,,
tests/AmSlam/src/test/amslam/subreceivers/PingReceiver052.java,1,1,,,,
tests/AmSlam/src/test/amslam/subreceivers/PingReceiver053.java,1,1,,,,
tests/AmSlam/src/test/amslam/subreceivers/PingReceiver054.java,1,1,,,,
tests/AmSlam/src/test/amslam/subreceivers/PingReceiver055.java,1,1,,,,
tests/AmSlam/src/test/amslam/subreceivers/PingReceiver056.java,1,1,,,,
tests/AmSlam/src/test/amslam/subreceivers/PingReceiver057.java,1,1,,,,
tests/AmSlam/src/test/amslam/subreceivers/PingReceiver058.java,1,1,,,,
tests/AmSlam/src/test/amslam/subreceivers/PingReceiver059.java,1,1,,,,
tests/AmSlam/src/test/amslam/subreceivers/PingReceiver060.java,1,1,,,,
tests/AmSlam/src/test/amslam/subreceivers/PingReceiver061.java,1,1,,,,
tests/AmSlam/src/test/amslam/subreceivers/PingReceiver062.java,1,1,,,,
tests/AmSlam/src/test/amslam/subreceivers/PingReceiver063.java,1,1,,,,
tests/AmSlam/src/test/amslam/subreceivers/PingReceiver064.java,1,1,,,,
tests/AmSlam/src/test/amslam/subreceivers/PingReceiver065.java,1,1,,,,
tests/AmSlam/src/test/amslam/subreceivers/PingReceiver066.java,1,1,,,,
tests/AmSlam/src/test/amslam/subreceivers/PingReceiver067.java,1,1,,,,
tests/AmSlam/src/test/amslam/subreceivers/PingReceiver068.java,1,1,,,,
tests/AmSlam/src/test/amslam/subreceivers/PingReceiver069.java,1,1,,,,
tests/AmSlam/src/test/amslam/subreceivers/PingReceiver070.java,1,1,,,,
tests/AmSlam/src/test/amslam/subreceivers/PingReceiver071.java,1,1,,,,
tests/AmSlam/src/test/amslam/subreceivers/PingReceiver072.java,1,1,,,,
tests/AmSlam/src/test/amslam/subreceivers/PingReceiver073.java,1,1,,,,
tests/AmSlam/src/test/amslam/subreceivers/PingReceiver074.java,1,1,,,,
tests/AmSlam/src/test/amslam/subreceivers/PingReceiver075.java,1,1,,,,
tests/AmSlam/src/test/amslam/subreceivers/PingReceiver076.java,1,1,,,,
tests/AmSlam/src/test/amslam/subreceivers/PingReceiver077.java,1,1,,,,
tests/AmSlam/src/test/amslam/subreceivers/PingReceiver078.java,1,1,,,,
tests/AmSlam/src/test/amslam/subreceivers/PingReceiver079.java,1,1,,,,
tests/AmSlam/src/test/amslam/subreceivers/PingReceiver080.java,1,1,,,,
tests/AmSlam/src/test/amslam/subreceivers/PingReceiver081.java,1,1,,,,
tests/AmSlam/src/test/amslam/subreceivers/PingReceiver082.java,1,1,,,,
tests/AmSlam/src/test/amslam/subreceivers/PingReceiver083.java,1,1,,,,
tests/AmSlam/src/test/amslam/subreceivers/PingReceiver084.java,1,1,,,,
tests/AmSlam/src/test/amslam/subreceivers/PingReceiver085.java,1,1,,,,
tests/AmSlam/src/test/amslam/subreceivers/PingReceiver086.java,1,1,,,,
tests/AmSlam/src/test/amslam/subreceivers/PingReceiver087.java,1,1,,,,
tests/AmSlam/src/test/amslam/subreceivers/PingReceiver088.java,1,1,,,,
tests/AmSlam/src/test/amslam/subreceivers/PingReceiver089.java,1,1,,,,
tests/AmSlam/src/test/amslam/subreceivers/PingReceiver090.java,1,1,,,,
tests/AmSlam/src/test/amslam/subreceivers/PingReceiver091.java,1,1,,,,
tests/AmSlam/src/test/amslam/subreceivers/PingReceiver092.java,1,1,,,,
tests/AmSlam/src/test/amslam/subreceivers/PingReceiver093.java,1,1,,,,
tests/AmSlam/src/test/amslam/subreceivers/PingReceiver094.java,1,1,,,,
tests/AmSlam/src/test/amslam/subreceivers/PingReceiver095.java,1,1,,,,
tests/AmSlam/src/test/amslam/subreceivers/PingReceiver096.java,1,1,,,,
tests/AmSlam/src/test/amslam/subreceivers/PingReceiver097.java,1,1,,,,
tests/AmSlam/src/test/amslam/subreceivers/PingReceiver098.java,1,1,,,,
tests/AmSlam/src/test/amslam/subreceivers/PingReceiver099.java,1,1,,,,
tests/AppLaunch/src/com/android/tests/applaunch/AppLaunch.java,242,236,,5,1,
tests/AppLaunchWear/src/com/android/tests/applaunch/AppLaunch.java,238,238,,,,
tests/appwidgets/AppWidgetHostTest/src/com/android/tests/appwidgethost/AppWidgetContainerView.java,6,6,,,,
tests/appwidgets/AppWidgetHostTest/src/com/android/tests/appwidgethost/AppWidgetHostActivity.java,64,64,,,,
tests/appwidgets/AppWidgetHostTest/src/com/android/tests/appwidgethost/TestAppWidgetConfigure.java,11,11,,,,
tests/appwidgets/AppWidgetHostTest/src/com/android/tests/appwidgethost/TestAppWidgetProvider.java,14,14,,,,
tests/appwidgets/AppWidgetProviderTest/src/com/android/tests/appwidgetprovider/TestAppWidgetProvider.java,10,10,,,,
tests/Assist/src/com/android/test/assist/AboveKeyguardActivity.java,3,3,,,,
tests/Assist/src/com/android/test/assist/AssistInteractionService.java,3,3,,,,
tests/Assist/src/com/android/test/assist/AssistInteractionSession.java,42,42,,,,
tests/Assist/src/com/android/test/assist/AssistInteractionSessionService.java,3,3,,,,
tests/Assist/src/com/android/test/assist/AssistRecognitionService.java,8,8,,,,
tests/Assist/src/com/android/test/assist/ScrimView.java,11,11,,,,
tests/BackgroundDexOptServiceIntegrationTests/src/com/android/server/pm/BackgroundDexOptServiceIntegrationTests.java,66,66,,,,
tests/backup/src/com/android/backuptest/BackupTestActivity.java,68,68,,,,
tests/backup/src/com/android/backuptest/BackupTestAgent.java,2,2,,,,
tests/BandwidthTests/src/com/android/tests/bandwidthenforcement/BandwidthEnforcementTestActivity.java,3,3,,,,
tests/BandwidthTests/src/com/android/tests/bandwidthenforcement/BandwidthEnforcementTestService.java,43,43,,,,
tests/BatteryWaster/src/com/android/batterywaster/BatteryWaster.java,41,41,,,,
tests/BiDiTests/src/com/android/bidi/BiDiTestActivity.java,38,38,,,,
tests/BiDiTests/src/com/android/bidi/BiDiTestBasic.java,25,25,,,,
tests/BiDiTests/src/com/android/bidi/BiDiTestCanvas2.java,5,5,,,,
tests/BiDiTests/src/com/android/bidi/BiDiTestConstants.java,3,3,,,,
tests/BiDiTests/src/com/android/bidi/BiDiTestFrameLayoutLocale.java,5,5,,,,
tests/BiDiTests/src/com/android/bidi/BiDiTestFrameLayoutLtr.java,5,5,,,,
tests/BiDiTests/src/com/android/bidi/BiDiTestFrameLayoutRtl.java,5,5,,,,
tests/BiDiTests/src/com/android/bidi/BiDiTestGalleryImages.java,16,16,,,,
tests/BiDiTests/src/com/android/bidi/BiDiTestGalleryLtr.java,7,7,,,,
tests/BiDiTests/src/com/android/bidi/BiDiTestGalleryRtl.java,7,7,,,,
tests/BiDiTests/src/com/android/bidi/BiDiTestGridLayoutCodeLtr.java,35,35,,,,
tests/BiDiTests/src/com/android/bidi/BiDiTestGridLayoutCodeRtl.java,35,35,,,,
tests/BiDiTests/src/com/android/bidi/BiDiTestGridLayoutLocale.java,5,5,,,,
tests/BiDiTests/src/com/android/bidi/BiDiTestGridLayoutLtr.java,5,5,,,,
tests/BiDiTests/src/com/android/bidi/BiDiTestGridLayoutRtl.java,5,5,,,,
tests/BiDiTests/src/com/android/bidi/BiDiTestLinearLayoutLocale.java,5,5,,,,
tests/BiDiTests/src/com/android/bidi/BiDiTestLinearLayoutLtr.java,5,5,,,,
tests/BiDiTests/src/com/android/bidi/BiDiTestLinearLayoutRtl.java,5,5,,,,
tests/BiDiTests/src/com/android/bidi/BiDiTestRelativeLayout2Locale.java,5,5,,,,
tests/BiDiTests/src/com/android/bidi/BiDiTestRelativeLayout2Ltr.java,5,5,,,,
tests/BiDiTests/src/com/android/bidi/BiDiTestRelativeLayout2Rtl.java,5,5,,,,
tests/BiDiTests/src/com/android/bidi/BiDiTestRelativeLayoutLtr.java,5,5,,,,
tests/BiDiTests/src/com/android/bidi/BiDiTestRelativeLayoutRtl.java,5,5,,,,
tests/BiDiTests/src/com/android/bidi/BiDiTestTableLayoutLocale.java,5,5,,,,
tests/BiDiTests/src/com/android/bidi/BiDiTestTableLayoutLtr.java,5,5,,,,
tests/BiDiTests/src/com/android/bidi/BiDiTestTableLayoutRtl.java,5,5,,,,
tests/BiDiTests/src/com/android/bidi/BiDiTestTextViewAlignmentLtr.java,5,5,,,,
tests/BiDiTests/src/com/android/bidi/BiDiTestTextViewAlignmentRtl.java,5,5,,,,
tests/BiDiTests/src/com/android/bidi/BiDiTestTextViewDirectionLtr.java,5,5,,,,
tests/BiDiTests/src/com/android/bidi/BiDiTestTextViewDirectionRtl.java,5,5,,,,
tests/BiDiTests/src/com/android/bidi/BiDiTestTextViewDrawablesLtr.java,10,10,,,,
tests/BiDiTests/src/com/android/bidi/BiDiTestTextViewDrawablesRtl.java,10,10,,,,
tests/BiDiTests/src/com/android/bidi/BiDiTestTextViewLocale.java,5,5,,,,
tests/BiDiTests/src/com/android/bidi/BiDiTestTextViewLtr.java,5,5,,,,
tests/BiDiTests/src/com/android/bidi/BiDiTestTextViewRtl.java,5,5,,,,
tests/BiDiTests/src/com/android/bidi/BiDiTestViewDrawText.java,20,20,,,,
tests/BiDiTests/src/com/android/bidi/BiDiTestViewGroupMarginMixed.java,5,5,,,,
tests/BiDiTests/src/com/android/bidi/BiDiTestViewPadding.java,5,5,,,,
tests/BiDiTests/src/com/android/bidi/BiDiTestViewPaddingMixed.java,5,5,,,,
tests/BrowserPowerTest/src/com/android/browserpowertest/PowerMeasurement.java,26,26,,,,
tests/BrowserPowerTest/src/com/android/browserpowertest/PowerTestActivity.java,72,72,,,,
tests/BrowserPowerTest/src/com/android/browserpowertest/PowerTestRunner.java,4,4,,,,
tests/Camera2Tests/CameraToo/src/com/example/android/camera2/cameratoo/CameraTooActivity.java,91,91,,,,
tests/Camera2Tests/CameraToo/tests/src/com/example/android/camera2/cameratoo/CameraTooTest.java,56,56,,,,
tests/Camera2Tests/SmartCamera/SimpleCamera/src/androidx/media/filterfw/BackingStore.java,255,255,,,,
tests/Camera2Tests/SmartCamera/SimpleCamera/src/androidx/media/filterfw/BranchFilter.java,20,20,,,,
tests/Camera2Tests/SmartCamera/SimpleCamera/src/androidx/media/filterfw/BrightnessFilter.java,18,18,,,,
tests/Camera2Tests/SmartCamera/SimpleCamera/src/androidx/media/filterfw/CameraStreamer.java,439,439,,,,
tests/Camera2Tests/SmartCamera/SimpleCamera/src/androidx/media/filterfw/ColorfulnessFilter.java,23,23,,,,
tests/Camera2Tests/SmartCamera/SimpleCamera/src/androidx/media/filterfw/ColorSpace.java,47,47,,,,
tests/Camera2Tests/SmartCamera/SimpleCamera/src/androidx/media/filterfw/CropFilter.java,45,45,,,,
tests/Camera2Tests/SmartCamera/SimpleCamera/src/androidx/media/filterfw/decoder/AudioSample.java,8,8,,,,
tests/Camera2Tests/SmartCamera/SimpleCamera/src/androidx/media/filterfw/decoder/AudioTrackDecoder.java,26,26,,,,
tests/Camera2Tests/SmartCamera/SimpleCamera/src/androidx/media/filterfw/decoder/CpuVideoTrackDecoder.java,58,58,,,,
tests/Camera2Tests/SmartCamera/SimpleCamera/src/androidx/media/filterfw/decoder/DecoderUtil.java,5,5,,,,
tests/Camera2Tests/SmartCamera/SimpleCamera/src/androidx/media/filterfw/decoder/GpuVideoTrackDecoder.java,41,41,,,,
tests/Camera2Tests/SmartCamera/SimpleCamera/src/androidx/media/filterfw/decoder/MediaDecoder.java,82,82,,,,
tests/Camera2Tests/SmartCamera/SimpleCamera/src/androidx/media/filterfw/decoder/TrackDecoder.java,44,44,,,,
tests/Camera2Tests/SmartCamera/SimpleCamera/src/androidx/media/filterfw/decoder/VideoTrackDecoder.java,19,19,,,,
tests/Camera2Tests/SmartCamera/SimpleCamera/src/androidx/media/filterfw/Filter.java,133,133,,,,
tests/Camera2Tests/SmartCamera/SimpleCamera/src/androidx/media/filterfw/FilterFactory.java,35,35,,,,
tests/Camera2Tests/SmartCamera/SimpleCamera/src/androidx/media/filterfw/FilterGraph.java,119,119,,,,
tests/Camera2Tests/SmartCamera/SimpleCamera/src/androidx/media/filterfw/Frame.java,48,48,,,,
tests/Camera2Tests/SmartCamera/SimpleCamera/src/androidx/media/filterfw/FrameBuffer1D.java,21,21,,,,
tests/Camera2Tests/SmartCamera/SimpleCamera/src/androidx/media/filterfw/FrameBuffer2D.java,11,11,,,,
tests/Camera2Tests/SmartCamera/SimpleCamera/src/androidx/media/filterfw/FrameImage2D.java,44,44,,,,
tests/Camera2Tests/SmartCamera/SimpleCamera/src/androidx/media/filterfw/FrameManager.java,137,137,,,,
tests/Camera2Tests/SmartCamera/SimpleCamera/src/androidx/media/filterfw/FrameQueue.java,62,62,,,,
tests/Camera2Tests/SmartCamera/SimpleCamera/src/androidx/media/filterfw/FrameSlotSource.java,9,9,,,,
tests/Camera2Tests/SmartCamera/SimpleCamera/src/androidx/media/filterfw/FrameSlotTarget.java,8,8,,,,
tests/Camera2Tests/SmartCamera/SimpleCamera/src/androidx/media/filterfw/FrameType.java,98,98,,,,
tests/Camera2Tests/SmartCamera/SimpleCamera/src/androidx/media/filterfw/FrameValue.java,12,12,,,,
tests/Camera2Tests/SmartCamera/SimpleCamera/src/androidx/media/filterfw/FrameValues.java,27,27,,,,
tests/Camera2Tests/SmartCamera/SimpleCamera/src/androidx/media/filterfw/geometry/Quad.java,84,84,,,,
tests/Camera2Tests/SmartCamera/SimpleCamera/src/androidx/media/filterfw/GLToolbox.java,67,67,,,,
tests/Camera2Tests/SmartCamera/SimpleCamera/src/androidx/media/filterfw/GraphExporter.java,41,41,,,,
tests/Camera2Tests/SmartCamera/SimpleCamera/src/androidx/media/filterfw/GraphInputSource.java,11,11,,,,
tests/Camera2Tests/SmartCamera/SimpleCamera/src/androidx/media/filterfw/GraphOutputTarget.java,15,15,,,,
tests/Camera2Tests/SmartCamera/SimpleCamera/src/androidx/media/filterfw/GraphReader.java,203,203,,,,
tests/Camera2Tests/SmartCamera/SimpleCamera/src/androidx/media/filterfw/GraphRunner.java,242,242,,,,
tests/Camera2Tests/SmartCamera/SimpleCamera/src/androidx/media/filterfw/ImageShader.java,260,260,,,,
tests/Camera2Tests/SmartCamera/SimpleCamera/src/androidx/media/filterfw/InputPort.java,66,66,,,,
tests/Camera2Tests/SmartCamera/SimpleCamera/src/androidx/media/filterfw/MffContext.java,89,89,,,,
tests/Camera2Tests/SmartCamera/SimpleCamera/src/androidx/media/filterfw/MotionSensor.java,18,18,,,,
tests/Camera2Tests/SmartCamera/SimpleCamera/src/androidx/media/filterfw/NewChromaHistogramFilter.java,30,30,,,,
tests/Camera2Tests/SmartCamera/SimpleCamera/src/androidx/media/filterfw/NormFilter.java,16,16,,,,
tests/Camera2Tests/SmartCamera/SimpleCamera/src/androidx/media/filterfw/OutputPort.java,37,37,,,,
tests/Camera2Tests/SmartCamera/SimpleCamera/src/androidx/media/filterfw/PixelUtils.java,17,17,,,,
tests/Camera2Tests/SmartCamera/SimpleCamera/src/androidx/media/filterfw/RenderTarget.java,152,152,,,,
tests/Camera2Tests/SmartCamera/SimpleCamera/src/androidx/media/filterfw/ResizeFilter.java,7,7,,,,
tests/Camera2Tests/SmartCamera/SimpleCamera/src/androidx/media/filterfw/RotateFilter.java,19,19,,,,
tests/Camera2Tests/SmartCamera/SimpleCamera/src/androidx/media/filterfw/samples/simplecamera/AverageFilter.java,16,16,,,,
tests/Camera2Tests/SmartCamera/SimpleCamera/src/androidx/media/filterfw/samples/simplecamera/AvgBrightnessFilter.java,19,19,,,,
tests/Camera2Tests/SmartCamera/SimpleCamera/src/androidx/media/filterfw/samples/simplecamera/Camera2Source.java,66,66,,,,
tests/Camera2Tests/SmartCamera/SimpleCamera/src/androidx/media/filterfw/samples/simplecamera/CameraTestThread.java,12,12,,,,
tests/Camera2Tests/SmartCamera/SimpleCamera/src/androidx/media/filterfw/samples/simplecamera/ContrastRatioFilter.java,19,19,,,,
tests/Camera2Tests/SmartCamera/SimpleCamera/src/androidx/media/filterfw/samples/simplecamera/CSVWriterFilter.java,39,39,,,,
tests/Camera2Tests/SmartCamera/SimpleCamera/src/androidx/media/filterfw/samples/simplecamera/ExposureFilter.java,32,32,,,,
tests/Camera2Tests/SmartCamera/SimpleCamera/src/androidx/media/filterfw/samples/simplecamera/FaceSquareFilter.java,32,32,,,,
tests/Camera2Tests/SmartCamera/SimpleCamera/src/androidx/media/filterfw/samples/simplecamera/FloatArrayToSizeFilter.java,15,15,,,,
tests/Camera2Tests/SmartCamera/SimpleCamera/src/androidx/media/filterfw/samples/simplecamera/FloatArrayToStrFilter.java,14,14,,,,
tests/Camera2Tests/SmartCamera/SimpleCamera/src/androidx/media/filterfw/samples/simplecamera/IfElseFilter.java,17,17,,,,
tests/Camera2Tests/SmartCamera/SimpleCamera/src/androidx/media/filterfw/samples/simplecamera/ImageConstants.java,6,6,,,,
tests/Camera2Tests/SmartCamera/SimpleCamera/src/androidx/media/filterfw/samples/simplecamera/ImageGoodnessFilter.java,114,114,,,,
tests/Camera2Tests/SmartCamera/SimpleCamera/src/androidx/media/filterfw/samples/simplecamera/MotionSensorWTime.java,24,24,,,,
tests/Camera2Tests/SmartCamera/SimpleCamera/src/androidx/media/filterfw/samples/simplecamera/SmartCamera.java,73,73,,,,
tests/Camera2Tests/SmartCamera/SimpleCamera/src/androidx/media/filterfw/samples/simplecamera/WaveTriggerFilter.java,15,15,,,,
tests/Camera2Tests/SmartCamera/SimpleCamera/src/androidx/media/filterfw/ScaleFilter.java,16,16,,,,
tests/Camera2Tests/SmartCamera/SimpleCamera/src/androidx/media/filterfw/Signature.java,64,64,,,,
tests/Camera2Tests/SmartCamera/SimpleCamera/src/androidx/media/filterfw/SimpleCache.java,6,6,,,,
tests/Camera2Tests/SmartCamera/SimpleCamera/src/androidx/media/filterfw/SlotFilter.java,8,8,,,,
tests/Camera2Tests/SmartCamera/SimpleCamera/src/androidx/media/filterfw/SobelFilter.java,36,36,,,,
tests/Camera2Tests/SmartCamera/SimpleCamera/src/androidx/media/filterfw/StatsFilter.java,36,36,,,,
tests/Camera2Tests/SmartCamera/SimpleCamera/src/androidx/media/filterfw/SurfaceHolderTarget.java,48,48,,,,
tests/Camera2Tests/SmartCamera/SimpleCamera/src/androidx/media/filterfw/TextureSource.java,35,35,,,,
tests/Camera2Tests/SmartCamera/SimpleCamera/src/androidx/media/filterfw/TextViewTarget.java,13,13,,,,
tests/Camera2Tests/SmartCamera/SimpleCamera/src/androidx/media/filterfw/Throughput.java,14,14,,,,
tests/Camera2Tests/SmartCamera/SimpleCamera/src/androidx/media/filterfw/ThroughputFilter.java,19,19,,,,
tests/Camera2Tests/SmartCamera/SimpleCamera/src/androidx/media/filterfw/ToGrayValuesFilter.java,25,25,,,,
tests/Camera2Tests/SmartCamera/SimpleCamera/src/androidx/media/filterfw/ToStringFilter.java,10,10,,,,
tests/Camera2Tests/SmartCamera/SimpleCamera/src/androidx/media/filterfw/TransformUtils.java,20,20,,,,
tests/Camera2Tests/SmartCamera/SimpleCamera/src/androidx/media/filterfw/ValueTarget.java,19,19,,,,
tests/Camera2Tests/SmartCamera/SimpleCamera/src/androidx/media/filterfw/VariableSource.java,13,13,,,,
tests/Camera2Tests/SmartCamera/SimpleCamera/src/androidx/media/filterfw/ViewFilter.java,45,45,,,,
tests/Camera2Tests/SmartCamera/SimpleCamera/tests/src/androidx/media/filterfw/FrameSourceFilter.java,11,11,,,,
tests/Camera2Tests/SmartCamera/SimpleCamera/tests/src/androidx/media/filterfw/FrameTargetFilter.java,14,14,,,,
tests/Camera2Tests/SmartCamera/SimpleCamera/tests/src/androidx/media/filterfw/MffFilterTestCase.java,53,53,,,,
tests/Camera2Tests/SmartCamera/SimpleCamera/tests/src/androidx/media/filterfw/MffTestCase.java,11,11,,,,
tests/Camera2Tests/SmartCamera/SimpleCamera/tests/src/androidx/media/filterfw/samples/simplecamera/AverageFilterTest.java,7,7,,,,
tests/Camera2Tests/SmartCamera/SimpleCamera/tests/src/androidx/media/filterfw/samples/simplecamera/AvgBrightnessFilterTest.java,10,10,,,,
tests/Camera2Tests/SmartCamera/SimpleCamera/tests/src/androidx/media/filterfw/samples/simplecamera/ContrastRatioFilterTest.java,10,10,,,,
tests/Camera2Tests/SmartCamera/SimpleCamera/tests/src/androidx/media/filterfw/samples/simplecamera/ExposureFilterTest.java,11,11,,,,
tests/Camera2Tests/SmartCamera/SimpleCamera/tests/src/androidx/media/filterfw/samples/simplecamera/FaceSquareFilterTest.java,28,28,,,,
tests/Camera2Tests/SmartCamera/SimpleCamera/tests/src/androidx/media/filterfw/samples/simplecamera/FloatArrayToSizeFilterTest.java,6,6,,,,
tests/Camera2Tests/SmartCamera/SimpleCamera/tests/src/androidx/media/filterfw/samples/simplecamera/FloatArrayToStrFilterTest.java,6,6,,,,
tests/Camera2Tests/SmartCamera/SimpleCamera/tests/src/androidx/media/filterfw/samples/simplecamera/IfElseFilterTest.java,22,22,,,,
tests/Camera2Tests/SmartCamera/SimpleCamera/tests/src/androidx/media/filterfw/samples/simplecamera/ImageGoodnessFilterTest.java,48,48,,,,
tests/CameraPrewarmTest/src/com/google/android/test/cameraprewarm/CameraActivity.java,4,4,,,,
tests/CameraPrewarmTest/src/com/google/android/test/cameraprewarm/PrewarmService.java,4,4,,,,
tests/CameraPrewarmTest/src/com/google/android/test/cameraprewarm/SecureCameraActivity.java,3,3,,,,
tests/CanvasCompare/src/com/android/test/hwuicompare/AutomaticActivity.java,92,92,,,,
tests/CanvasCompare/src/com/android/test/hwuicompare/CompareActivity.java,27,27,,,,
tests/CanvasCompare/src/com/android/test/hwuicompare/DisplayModifier.java,262,262,,,,
tests/CanvasCompare/src/com/android/test/hwuicompare/ErrorCalculator.java,57,57,,,,
tests/CanvasCompare/src/com/android/test/hwuicompare/MainView.java,16,16,,,,
tests/CanvasCompare/src/com/android/test/hwuicompare/ManualActivity.java,60,60,,,,
tests/CanvasCompare/src/com/android/test/hwuicompare/ResourceModifiers.java,30,30,,,,
tests/CanvasCompare/src/com/android/test/hwuicompare/Test.java,12,12,,,,
tests/Compatibility/src/com/android/compatibilitytest/AppCompatibility.java,90,90,,,,
tests/Compatibility/src/com/android/compatibilitytest/AppCompatibilityRunner.java,1,1,,,,
tests/CoreTests/android/core/HttpConstants.java,83,83,,,,
tests/CoreTests/android/core/HttpHeaderTest.java,9,9,,,,
tests/CoreTests/android/core/LowLevelNetRunner.java,5,5,,,,
tests/CoreTests/android/core/RequestAPITest.java,67,67,,,,
tests/CoreTests/android/core/TestEventHandler.java,141,141,,,,
tests/CoreTests/android/core/TestHttpClient.java,15,15,,,,
tests/CoreTests/android/core/TestWebData.java,22,22,,,,
tests/CoreTests/android/core/TestWebServer.java,138,138,,,,
tests/DataIdleTest/src/com/android/tests/dataidle/DataIdleTest.java,26,26,,,,
tests/DexLoggerIntegrationTests/src/com/android/dcl/Simple.java,2,2,,,,
tests/DexLoggerIntegrationTests/src/com/android/server/pm/dex/DexLoggerIntegrationTests.java,32,32,,,,
tests/DozeTest/src/com/android/dreams/dozetest/DozeTestDream.java,34,34,,,,
tests/DpiTest/src/com/google/android/test/dpi/DpiTestActivity.java,63,63,,,,
tests/DpiTest/src/com/google/android/test/dpi/DpiTestNoCompatActivity.java,2,2,,,,
tests/FeatureSplit/base/src/com/android/test/split/feature/ActivityMain.java,3,3,,,,
tests/FeatureSplit/feature1/src/com/android/test/split/feature/one/One.java,3,3,,,,
tests/FixVibrateSetting/src/com/android/fixvibratesetting/FixVibrateSetting.java,25,25,,,,
tests/FrameworkPerf/src/com/android/frameworkperf/FrameworkPerfActivity.java,99,99,,,,
tests/FrameworkPerf/src/com/android/frameworkperf/FrameworkPerfTest.java,10,10,,,,
tests/FrameworkPerf/src/com/android/frameworkperf/LocalTestService.java,2,2,,,,
tests/FrameworkPerf/src/com/android/frameworkperf/Receiver.java,4,4,,,,
tests/FrameworkPerf/src/com/android/frameworkperf/RunResult.java,24,24,,,,
tests/FrameworkPerf/src/com/android/frameworkperf/SchedulerService.java,8,8,,,,
tests/FrameworkPerf/src/com/android/frameworkperf/SimpleInflater.java,36,36,,,,
tests/FrameworkPerf/src/com/android/frameworkperf/TestArgs.java,19,19,,,,
tests/FrameworkPerf/src/com/android/frameworkperf/TestService.java,439,439,,,,
tests/GridLayoutTest/src/com/android/test/layout/AbstractLayoutTest.java,25,25,,,,
tests/GridLayoutTest/src/com/android/test/layout/Activity0.java,3,3,,,,
tests/GridLayoutTest/src/com/android/test/layout/Activity1.java,3,3,,,,
tests/GridLayoutTest/src/com/android/test/layout/Activity4.java,3,3,,,,
tests/GridLayoutTest/src/com/android/test/layout/Activity5.java,3,3,,,,
tests/GridLayoutTest/src/com/android/test/layout/Activity6.java,3,3,,,,
tests/GridLayoutTest/src/com/android/test/layout/Activity7.java,3,3,,,,
tests/GridLayoutTest/src/com/android/test/layout/AlignmentTest.java,52,52,,,,
tests/GridLayoutTest/src/com/android/test/layout/GridLayoutTest.java,13,13,,,,
tests/GridLayoutTest/src/com/android/test/layout/LayoutInsetsTest.java,13,13,,,,
tests/GridLayoutTest/src/com/android/test/layout/LinearLayoutTest.java,11,11,,,,
tests/HierarchyViewerTest/src/com/android/test/hierarchyviewer/Decoder.java,32,32,,,,
tests/HierarchyViewerTest/src/com/android/test/hierarchyviewer/MainActivity.java,10,10,,,,
tests/HierarchyViewerTest/src/com/android/test/hierarchyviewer/MainActivityTest.java,27,27,,,,
tests/HierarchyViewerTest/src/com/android/test/hierarchyviewer/ViewDumpParser.java,26,26,,,,
tests/HugeBackup/src/com/android/hugebackup/HugeAgent.java,45,45,,,,
tests/HugeBackup/src/com/android/hugebackup/HugeBackupActivity.java,43,43,,,,
tests/HwAccelerationTest/src/com/android/test/hwui/AdvancedBlendActivity.java,25,25,,,,
tests/HwAccelerationTest/src/com/android/test/hwui/AdvancedGradientsActivity.java,14,14,,,,
tests/HwAccelerationTest/src/com/android/test/hwui/Alpha8BitmapActivity.java,19,19,,,,
tests/HwAccelerationTest/src/com/android/test/hwui/AlphaLayersActivity.java,22,22,,,,
tests/HwAccelerationTest/src/com/android/test/hwui/Animated3dActivity.java,5,5,,,,
tests/HwAccelerationTest/src/com/android/test/hwui/AssetsAtlasActivity.java,13,13,,,,
tests/HwAccelerationTest/src/com/android/test/hwui/BigGradientActivity.java,9,9,,,,
tests/HwAccelerationTest/src/com/android/test/hwui/BitmapMeshActivity.java,15,15,,,,
tests/HwAccelerationTest/src/com/android/test/hwui/BitmapMeshLayerActivity.java,15,15,,,,
tests/HwAccelerationTest/src/com/android/test/hwui/BitmapMutateActivity.java,27,27,,,,
tests/HwAccelerationTest/src/com/android/test/hwui/Bitmaps3dActivity.java,13,13,,,,
tests/HwAccelerationTest/src/com/android/test/hwui/BitmapsActivity.java,17,17,,,,
tests/HwAccelerationTest/src/com/android/test/hwui/BitmapsAlphaActivity.java,15,15,,,,
tests/HwAccelerationTest/src/com/android/test/hwui/BitmapsRectActivity.java,17,17,,,,
tests/HwAccelerationTest/src/com/android/test/hwui/BitmapsSkewActivity.java,11,11,,,,
tests/HwAccelerationTest/src/com/android/test/hwui/CanvasTextureViewActivity.java,32,32,,,,
tests/HwAccelerationTest/src/com/android/test/hwui/CirclePropActivity.java,26,26,,,,
tests/HwAccelerationTest/src/com/android/test/hwui/ClearActivity.java,12,12,,,,
tests/HwAccelerationTest/src/com/android/test/hwui/ClipOutlineActivity.java,24,24,,,,
tests/HwAccelerationTest/src/com/android/test/hwui/ClipRegion2Activity.java,19,19,,,,
tests/HwAccelerationTest/src/com/android/test/hwui/ClipRegion3Activity.java,21,21,,,,
tests/HwAccelerationTest/src/com/android/test/hwui/ClipRegionActivity.java,20,20,,,,
tests/HwAccelerationTest/src/com/android/test/hwui/ColoredRectsActivity.java,22,22,,,,
tests/HwAccelerationTest/src/com/android/test/hwui/ColoredShadowsActivity.java,16,16,,,,
tests/HwAccelerationTest/src/com/android/test/hwui/ColorFiltersActivity.java,15,15,,,,
tests/HwAccelerationTest/src/com/android/test/hwui/ColorFiltersMutateActivity.java,40,40,,,,
tests/HwAccelerationTest/src/com/android/test/hwui/DatePicker.java,133,133,,,,
tests/HwAccelerationTest/src/com/android/test/hwui/DatePickerActivity.java,10,10,,,,
tests/HwAccelerationTest/src/com/android/test/hwui/DisplayListLayersActivity.java,40,40,,,,
tests/HwAccelerationTest/src/com/android/test/hwui/DrawIntoHwBitmapActivity.java,8,8,,,,
tests/HwAccelerationTest/src/com/android/test/hwui/FramebufferBlendActivity.java,19,19,,,,
tests/HwAccelerationTest/src/com/android/test/hwui/GetBitmapActivity.java,27,27,,,,
tests/HwAccelerationTest/src/com/android/test/hwui/GetBitmapSurfaceViewActivity.java,30,30,,,,
tests/HwAccelerationTest/src/com/android/test/hwui/GLDepthTestActivity.java,72,72,,,,
tests/HwAccelerationTest/src/com/android/test/hwui/GLTextureViewActivity.java,100,100,,,,
tests/HwAccelerationTest/src/com/android/test/hwui/GlyphCacheActivity.java,14,14,,,,
tests/HwAccelerationTest/src/com/android/test/hwui/GradientsActivity.java,76,76,,,,
tests/HwAccelerationTest/src/com/android/test/hwui/GradientStopsActivity.java,12,12,,,,
tests/HwAccelerationTest/src/com/android/test/hwui/HardwareCanvasSurfaceViewActivity.java,41,41,,,,
tests/HwAccelerationTest/src/com/android/test/hwui/HardwareCanvasTextureViewActivity.java,33,33,,,,
tests/HwAccelerationTest/src/com/android/test/hwui/HwTests.java,48,48,,,,
tests/HwAccelerationTest/src/com/android/test/hwui/LabelsActivity.java,3,3,,,,
tests/HwAccelerationTest/src/com/android/test/hwui/LayersActivity.java,11,11,,,,
tests/HwAccelerationTest/src/com/android/test/hwui/Lines2Activity.java,50,50,,,,
tests/HwAccelerationTest/src/com/android/test/hwui/LinesActivity.java,25,25,,,,
tests/HwAccelerationTest/src/com/android/test/hwui/ListActivity.java,24,24,,,,
tests/HwAccelerationTest/src/com/android/test/hwui/LooperAcceleration.java,19,19,,,,
tests/HwAccelerationTest/src/com/android/test/hwui/MarqueeActivity.java,10,10,,,,
tests/HwAccelerationTest/src/com/android/test/hwui/MatrixActivity.java,8,8,,,,
tests/HwAccelerationTest/src/com/android/test/hwui/MaxBitmapSizeActivity.java,10,10,,,,
tests/HwAccelerationTest/src/com/android/test/hwui/MipMapActivity.java,12,12,,,,
tests/HwAccelerationTest/src/com/android/test/hwui/MoreNinePatchesActivity.java,14,14,,,,
tests/HwAccelerationTest/src/com/android/test/hwui/MoreShadersActivity.java,26,26,,,,
tests/HwAccelerationTest/src/com/android/test/hwui/MovingSurfaceViewActivity.java,32,32,,,,
tests/HwAccelerationTest/src/com/android/test/hwui/MultiLayersActivity.java,13,13,,,,
tests/HwAccelerationTest/src/com/android/test/hwui/MultiProducerActivity.java,93,93,,,,
tests/HwAccelerationTest/src/com/android/test/hwui/NewLayersActivity.java,14,14,,,,
tests/HwAccelerationTest/src/com/android/test/hwui/NinePatchesActivity.java,5,5,,,,
tests/HwAccelerationTest/src/com/android/test/hwui/NoAATextActivity.java,11,11,,,,
tests/HwAccelerationTest/src/com/android/test/hwui/OpaqueActivity.java,13,13,,,,
tests/HwAccelerationTest/src/com/android/test/hwui/PaintDrawFilterActivity.java,10,10,,,,
tests/HwAccelerationTest/src/com/android/test/hwui/PathDestructionActivity.java,27,27,,,,
tests/HwAccelerationTest/src/com/android/test/hwui/PathOffsetActivity.java,13,13,,,,
tests/HwAccelerationTest/src/com/android/test/hwui/PathOpsActivity.java,22,22,,,,
tests/HwAccelerationTest/src/com/android/test/hwui/PathsActivity.java,23,23,,,,
tests/HwAccelerationTest/src/com/android/test/hwui/PathsCacheActivity.java,25,25,,,,
tests/HwAccelerationTest/src/com/android/test/hwui/PixelCopyWindow.java,24,24,,,,
tests/HwAccelerationTest/src/com/android/test/hwui/PointsActivity.java,37,37,,,,
tests/HwAccelerationTest/src/com/android/test/hwui/PosTextActivity.java,12,12,,,,
tests/HwAccelerationTest/src/com/android/test/hwui/ProjectionActivity.java,27,27,,,,
tests/HwAccelerationTest/src/com/android/test/hwui/ProjectionClippingActivity.java,7,7,,,,
tests/HwAccelerationTest/src/com/android/test/hwui/QuickRejectActivity.java,12,12,,,,
tests/HwAccelerationTest/src/com/android/test/hwui/ResizeActivity.java,3,3,,,,
tests/HwAccelerationTest/src/com/android/test/hwui/RevealActivity.java,32,32,,,,
tests/HwAccelerationTest/src/com/android/test/hwui/Rotate3dTextActivity.java,15,15,,,,
tests/HwAccelerationTest/src/com/android/test/hwui/RotationActivity.java,13,13,,,,
tests/HwAccelerationTest/src/com/android/test/hwui/ScaledPathsActivity.java,16,16,,,,
tests/HwAccelerationTest/src/com/android/test/hwui/ScaledTextActivity.java,23,23,,,,
tests/HwAccelerationTest/src/com/android/test/hwui/ShadersActivity.java,23,23,,,,
tests/HwAccelerationTest/src/com/android/test/hwui/ShapesActivity.java,15,15,,,,
tests/HwAccelerationTest/src/com/android/test/hwui/SimplePatchActivity.java,9,9,,,,
tests/HwAccelerationTest/src/com/android/test/hwui/SimplePathsActivity.java,5,5,,,,
tests/HwAccelerationTest/src/com/android/test/hwui/SingleFrameTextureViewTestActivity.java,50,50,,,,
tests/HwAccelerationTest/src/com/android/test/hwui/SmallCircleActivity.java,13,13,,,,
tests/HwAccelerationTest/src/com/android/test/hwui/StackActivity.java,10,10,,,,
tests/HwAccelerationTest/src/com/android/test/hwui/TextActivity.java,15,15,,,,
tests/HwAccelerationTest/src/com/android/test/hwui/TextFadeActivity.java,3,3,,,,
tests/HwAccelerationTest/src/com/android/test/hwui/TextGammaActivity.java,20,20,,,,
tests/HwAccelerationTest/src/com/android/test/hwui/TextOnPathActivity.java,31,31,,,,
tests/HwAccelerationTest/src/com/android/test/hwui/TextPathActivity.java,19,19,,,,
tests/HwAccelerationTest/src/com/android/test/hwui/TextureViewActivity.java,39,39,,,,
tests/HwAccelerationTest/src/com/android/test/hwui/ThinPatchesActivity.java,19,19,,,,
tests/HwAccelerationTest/src/com/android/test/hwui/TimeDialogActivity.java,8,8,,,,
tests/HwAccelerationTest/src/com/android/test/hwui/TJunctionActivity.java,9,9,,,,
tests/HwAccelerationTest/src/com/android/test/hwui/Transform3dActivity.java,28,28,,,,
tests/HwAccelerationTest/src/com/android/test/hwui/TransformsAndAnimationsActivity.java,54,54,,,,
tests/HwAccelerationTest/src/com/android/test/hwui/TransparentListActivity.java,20,20,,,,
tests/HwAccelerationTest/src/com/android/test/hwui/VideoViewCaptureActivity.java,15,15,,,,
tests/HwAccelerationTest/src/com/android/test/hwui/ViewFlipperActivity.java,8,8,,,,
tests/HwAccelerationTest/src/com/android/test/hwui/ViewLayerInvalidationActivity.java,47,47,,,,
tests/HwAccelerationTest/src/com/android/test/hwui/ViewLayersActivity.java,28,28,,,,
tests/HwAccelerationTest/src/com/android/test/hwui/ViewLayersActivity2.java,17,17,,,,
tests/HwAccelerationTest/src/com/android/test/hwui/ViewLayersActivity3.java,17,17,,,,
tests/HwAccelerationTest/src/com/android/test/hwui/ViewLayersActivity4.java,21,21,,,,
tests/HwAccelerationTest/src/com/android/test/hwui/ViewLayersActivity5.java,46,46,,,,
tests/HwAccelerationTest/src/com/android/test/hwui/ViewPropertyAlphaActivity.java,31,31,,,,
tests/HwAccelerationTest/src/com/android/test/hwui/XfermodeActivity.java,13,13,,,,
tests/HwAccelerationTest/src/com/android/test/hwui/ZOrderingActivity.java,11,11,,,,
tests/ImfTest/src/com/android/imftest/samples/AutoCompleteTextViewActivityLandscape.java,6,6,,,,
tests/ImfTest/src/com/android/imftest/samples/AutoCompleteTextViewActivityPortrait.java,6,6,,,,
tests/ImfTest/src/com/android/imftest/samples/BigEditTextActivityNonScrollablePanScan.java,8,8,,,,
tests/ImfTest/src/com/android/imftest/samples/BigEditTextActivityNonScrollableResize.java,8,8,,,,
tests/ImfTest/src/com/android/imftest/samples/BigEditTextActivityScrollablePanScan.java,9,9,,,,
tests/ImfTest/src/com/android/imftest/samples/BigEditTextActivityScrollableResize.java,9,9,,,,
tests/ImfTest/src/com/android/imftest/samples/BottomEditTextActivityPanScan.java,8,8,,,,
tests/ImfTest/src/com/android/imftest/samples/BottomEditTextActivityResize.java,8,8,,,,
tests/ImfTest/src/com/android/imftest/samples/ButtonActivity.java,14,14,,,,
tests/ImfTest/src/com/android/imftest/samples/DialogActivity.java,23,23,,,,
tests/ImfTest/src/com/android/imftest/samples/EditTextActivityDialog.java,23,23,,,,
tests/ImfTest/src/com/android/imftest/samples/InputTypeActivity.java,13,13,,,,
tests/ImfTest/src/com/android/imftest/samples/ManyEditTextActivityNoScrollPanScan.java,8,8,,,,
tests/ImfTest/src/com/android/imftest/samples/ManyEditTextActivityScrollPanScan.java,9,9,,,,
tests/ImfTest/src/com/android/imftest/samples/ManyEditTextActivityScrollResize.java,9,9,,,,
tests/ImfTest/src/com/android/imftest/samples/OneEditTextActivityNotSelected.java,10,10,,,,
tests/ImfTest/src/com/android/imftest/samples/OneEditTextActivitySelected.java,9,9,,,,
tests/ImfTest/tests/src/com/android/imftest/samples/BigEditTextActivityNonScrollablePanScanTests.java,6,6,,,,
tests/ImfTest/tests/src/com/android/imftest/samples/BigEditTextActivityNonScrollableResizeTests.java,6,6,,,,
tests/ImfTest/tests/src/com/android/imftest/samples/BigEditTextActivityScrollablePanScanTests.java,6,6,,,,
tests/ImfTest/tests/src/com/android/imftest/samples/BigEditTextActivityScrollableResizeTests.java,6,6,,,,
tests/ImfTest/tests/src/com/android/imftest/samples/BottomEditTextActivityPanScanTests.java,6,6,,,,
tests/ImfTest/tests/src/com/android/imftest/samples/BottomEditTextActivityResizeTests.java,6,6,,,,
tests/ImfTest/tests/src/com/android/imftest/samples/ButtonActivityTest.java,7,7,,,,
tests/ImfTest/tests/src/com/android/imftest/samples/ImfBaseTestCase.java,37,37,,,,
tests/ImfTest/tests/src/com/android/imftest/samples/ManyEditTextActivityBaseTestCase.java,9,9,,,,
tests/ImfTest/tests/src/com/android/imftest/samples/ManyEditTextActivityNoScrollPanScanTests.java,4,4,,,,
tests/ImfTest/tests/src/com/android/imftest/samples/ManyEditTextActivityScrollPanScanTests.java,4,4,,,,
tests/ImfTest/tests/src/com/android/imftest/samples/ManyEditTextActivityScrollResizeTests.java,4,4,,,,
tests/ImfTest/tests/src/com/android/imftest/samples/OneEditTextActivityNotSelectedTests.java,6,6,,,,
tests/ImfTest/tests/src/com/android/imftest/samples/OneEditTextActivitySelectedTests.java,6,6,,,,
tests/Internal/src/android/app/WallpaperColorsTest.java,16,16,,,,
tests/Internal/src/android/app/WallpaperInfoTest.java,10,10,,,,
tests/Internal/src/android/service/wallpaper/WallpaperServiceTest.java,11,11,,,,
tests/Internal/src/com/android/internal/colorextraction/ColorExtractorTest.java,15,9,,6,,
tests/Internal/src/com/android/internal/colorextraction/types/TonalTest.java,30,30,,,,
tests/Internal/src/com/android/internal/graphics/ColorUtilsTest.java,5,5,,,,
tests/Internal/src/com/android/internal/ml/clustering/KMeansTest.java,32,32,,,,
tests/Internal/src/stub/DummyWallpaperService.java,2,2,,,,
tests/JankBench/app/src/androidTest/java/com/android/benchmark/ApplicationTest.java,2,2,,,,
tests/JankBench/app/src/main/java/com/android/benchmark/app/BenchmarkDashboardFragment.java,6,6,,,,
tests/JankBench/app/src/main/java/com/android/benchmark/app/BenchmarkListAdapter.java,41,41,,,,
tests/JankBench/app/src/main/java/com/android/benchmark/app/HomeActivity.java,36,36,,,,
tests/JankBench/app/src/main/java/com/android/benchmark/app/PerfTimeline.java,45,45,,,,
tests/JankBench/app/src/main/java/com/android/benchmark/app/RunLocalBenchmarksActivity.java,97,97,,,,
tests/JankBench/app/src/main/java/com/android/benchmark/app/UiResultsFragment.java,38,38,,,,
tests/JankBench/app/src/main/java/com/android/benchmark/registry/BenchmarkCategory.java,3,3,,,,
tests/JankBench/app/src/main/java/com/android/benchmark/registry/BenchmarkGroup.java,47,47,,,,
tests/JankBench/app/src/main/java/com/android/benchmark/registry/BenchmarkRegistry.java,62,62,,,,
tests/JankBench/app/src/main/java/com/android/benchmark/results/GlobalResultsStore.java,78,78,,,,
tests/JankBench/app/src/main/java/com/android/benchmark/results/UiBenchmarkResult.java,78,78,,,,
tests/JankBench/app/src/main/java/com/android/benchmark/synthetic/MemoryActivity.java,24,24,,,,
tests/JankBench/app/src/main/java/com/android/benchmark/synthetic/TestInterface.java,142,142,,,,
tests/JankBench/app/src/main/java/com/android/benchmark/ui/automation/Automator.java,76,76,,,,
tests/JankBench/app/src/main/java/com/android/benchmark/ui/automation/CollectorThread.java,39,39,,,,
tests/JankBench/app/src/main/java/com/android/benchmark/ui/automation/FrameTimingStats.java,27,27,,,,
tests/JankBench/app/src/main/java/com/android/benchmark/ui/automation/Interaction.java,73,73,,,,
tests/JankBench/app/src/main/java/com/android/benchmark/ui/BitmapUploadActivity.java,43,43,,,,
tests/JankBench/app/src/main/java/com/android/benchmark/ui/EditTextInputActivity.java,27,27,,,,
tests/JankBench/app/src/main/java/com/android/benchmark/ui/FullScreenOverdrawActivity.java,32,32,,,,
tests/JankBench/app/src/main/java/com/android/benchmark/ui/ImageListViewScrollActivity.java,39,39,,,,
tests/JankBench/app/src/main/java/com/android/benchmark/ui/ListActivityBase.java,8,8,,,,
tests/JankBench/app/src/main/java/com/android/benchmark/ui/ListViewScrollActivity.java,29,29,,,,
tests/JankBench/app/src/main/java/com/android/benchmark/ui/ShadowGridActivity.java,28,28,,,,
tests/JankBench/app/src/main/java/com/android/benchmark/ui/TextScrollActivity.java,28,28,,,,
tests/JankBench/app/src/main/java/com/android/benchmark/ui/Utils.java,42,42,,,,
tests/JankBench/app/src/test/java/com/android/benchmark/ExampleUnitTest.java,2,2,,,,
tests/JobSchedulerTestApp/src/com/android/demo/jobSchedulerApp/MainActivity.java,49,49,,,,
tests/JobSchedulerTestApp/src/com/android/demo/jobSchedulerApp/service/TestJobService.java,27,27,,,,
tests/LargeAssetTest/src/com/android/largeassettest/LargeAssetTest.java,24,24,,,,
tests/LegacyAssistant/src/com/google/android/test/legacyassistant/AssistActivity.java,3,3,,,,
tests/libs-permissions/product/java/com/android/test/libs/product/LibsProductTest.java,2,2,,,,
tests/LocationTracker/src/com/android/locationtracker/data/CSVFormatter.java,9,9,,,,
tests/LocationTracker/src/com/android/locationtracker/data/DateUtils.java,9,9,,,,
tests/LocationTracker/src/com/android/locationtracker/data/IFormatter.java,5,5,,,,
tests/LocationTracker/src/com/android/locationtracker/data/KMLFormatter.java,15,15,,,,
tests/LocationTracker/src/com/android/locationtracker/data/TrackerDataHelper.java,41,41,,,,
tests/LocationTracker/src/com/android/locationtracker/data/TrackerEntry.java,82,82,,,,
tests/LocationTracker/src/com/android/locationtracker/data/TrackerListHelper.java,20,20,,,,
tests/LocationTracker/src/com/android/locationtracker/data/TrackerProvider.java,45,45,,,,
tests/LocationTracker/src/com/android/locationtracker/SettingsActivity.java,3,3,,,,
tests/LocationTracker/src/com/android/locationtracker/TrackerActivity.java,47,47,,,,
tests/LocationTracker/src/com/android/locationtracker/TrackerService.java,96,96,,,,
tests/LockTaskTests/src/com/google/android/example/locktasktests/LaunchActivity.java,19,19,,,,
tests/LockTaskTests/src/com/google/android/example/locktasktests/LockAtLaunchActivity.java,1,1,,,,
tests/LockTaskTests/src/com/google/android/example/locktasktests/LockDefaultActivity.java,1,1,,,,
tests/LockTaskTests/src/com/google/android/example/locktasktests/LockTaskNeverActivity.java,1,1,,,,
tests/LockTaskTests/src/com/google/android/example/locktasktests/LockWhitelistedActivity.java,1,1,,,,
tests/LockTaskTests/src/com/google/android/example/locktasktests/MainActivity.java,19,19,,,,
tests/LotsOfApps/src/com/android/lotsofapps/Nothing.java,1,1,,,,
tests/LowStorageTest/src/com/android/lowstoragetest/LowStorageTest.java,43,43,,,,
tests/MemoryUsage/src/com/android/tests/memoryusage/MemoryUsageInstrumentation.java,5,5,,,,
tests/MemoryUsage/src/com/android/tests/memoryusage/MemoryUsageTest.java,93,93,,,,
tests/net/java/android/app/usage/NetworkStatsManagerTest.java,36,36,,,,
tests/net/java/android/net/apf/ApfTest.java,353,353,,,,
tests/net/java/android/net/apf/Bpf2Apf.java,36,36,,,,
tests/net/java/android/net/captiveportal/CaptivePortalProbeSpecTest.java,29,29,,,,
tests/net/java/android/net/ConnectivityManagerTest.java,74,74,,,,
tests/net/java/android/net/dhcp/DhcpPacketTest.java,199,199,,,,
tests/net/java/android/net/ip/IpClientTest.java,151,151,,,,
tests/net/java/android/net/ip/IpReachabilityMonitorTest.java,10,10,,,,
tests/net/java/android/net/IpPrefixTest.java,64,64,,,,
tests/net/java/android/net/IpSecAlgorithmTest.java,19,19,,,,
tests/net/java/android/net/IpSecConfigTest.java,14,14,,,,
tests/net/java/android/net/IpSecManagerTest.java,52,52,,,,
tests/net/java/android/net/IpSecTransformTest.java,9,9,,,,
tests/net/java/android/net/LinkAddressTest.java,63,63,,,,
tests/net/java/android/net/LinkPropertiesTest.java,107,107,,,,
tests/net/java/android/net/MacAddressTest.java,74,74,,,,
tests/net/java/android/net/netlink/ConntrackMessageTest.java,10,10,,,,
tests/net/java/android/net/netlink/NetlinkErrorMessageTest.java,10,10,,,,
tests/net/java/android/net/netlink/NetlinkSocketTest.java,13,13,,,,
tests/net/java/android/net/netlink/RtNetlinkNeighborMessageTest.java,36,36,,,,
tests/net/java/android/net/NetworkCapabilitiesTest.java,50,50,,,,
tests/net/java/android/net/NetworkStatsHistoryTest.java,138,138,,,,
tests/net/java/android/net/NetworkStatsTest.java,167,156,,4,7,
tests/net/java/android/net/NetworkTest.java,26,26,,,,
tests/net/java/android/net/NetworkUtilsTest.java,14,14,,,,
tests/net/java/android/net/nsd/NsdManagerTest.java,87,87,,,,
tests/net/java/android/net/nsd/NsdServiceInfoTest.java,35,35,,,,
tests/net/java/android/net/RouteInfoTest.java,48,48,,,,
tests/net/java/android/net/StaticIpConfigurationTest.java,41,41,,,,
tests/net/java/android/net/UidRangeTest.java,28,28,,,,
tests/net/java/android/net/util/ConnectivityPacketSummaryTest.java,41,41,,,,
tests/net/java/android/net/util/InterfaceParamsTest.java,5,5,,,,
tests/net/java/android/net/util/InterfaceSetTest.java,9,9,,,,
tests/net/java/android/net/util/IpUtilsTest.java,28,28,,,,
tests/net/java/android/net/util/PacketReaderTest.java,41,41,,,,
tests/net/java/android/net/util/SharedLogTest.java,19,19,,,,
tests/net/java/android/net/util/VersionedBroadcastListenerTest.java,25,25,,,,
tests/net/java/com/android/internal/net/NetworkStatsFactoryTest.java,57,57,,,,
tests/net/java/com/android/internal/util/BitUtilsTest.java,29,29,,,,
tests/net/java/com/android/internal/util/RingBufferTest.java,46,46,,,,
tests/net/java/com/android/internal/util/TestUtils.java,12,12,,,,
tests/net/java/com/android/server/connectivity/DnsManagerTest.java,22,22,,,,
tests/net/java/com/android/server/connectivity/IpConnectivityEventBuilderTest.java,48,48,,,,
tests/net/java/com/android/server/connectivity/IpConnectivityMetricsTest.java,130,130,,,,
tests/net/java/com/android/server/connectivity/LingerMonitorTest.java,99,99,,,,
tests/net/java/com/android/server/connectivity/MetricsTestUtil.java,27,27,,,,
tests/net/java/com/android/server/connectivity/MultipathPolicyTrackerTest.java,50,50,,,,
tests/net/java/com/android/server/connectivity/Nat464XlatTest.java,31,31,,,,
tests/net/java/com/android/server/connectivity/NetdEventListenerServiceTest.java,112,112,,,,
tests/net/java/com/android/server/connectivity/NetworkMonitorTest.java,14,14,,,,
tests/net/java/com/android/server/connectivity/NetworkNotificationManagerTest.java,36,36,,,,
tests/net/java/com/android/server/connectivity/PermissionMonitorTest.java,20,20,,,,
tests/net/java/com/android/server/connectivity/tethering/OffloadControllerTest.java,108,108,,,,
tests/net/java/com/android/server/connectivity/tethering/SimChangeListenerTest.java,19,19,,,,
tests/net/java/com/android/server/connectivity/tethering/TetheringConfigurationTest.java,29,29,,,,
tests/net/java/com/android/server/connectivity/tethering/TetherInterfaceStateMachineTest.java,63,63,,,,
tests/net/java/com/android/server/connectivity/tethering/UpstreamNetworkMonitorTest.java,148,113,,20,15,
tests/net/java/com/android/server/connectivity/TetheringTest.java,177,167,,6,4,
tests/net/java/com/android/server/connectivity/VpnTest.java,107,105,,2,,
tests/net/java/com/android/server/ConnectivityServiceTest.java,900,875,,11,14,
tests/net/java/com/android/server/IpSecServiceParameterizedTest.java,105,105,,,,
tests/net/java/com/android/server/IpSecServiceRefcountedResourceTest.java,76,76,,,,
tests/net/java/com/android/server/IpSecServiceTest.java,132,132,,,,
tests/net/java/com/android/server/net/NetworkStatsAccessTest.java,29,29,,,,
tests/net/java/com/android/server/net/NetworkStatsCollectionTest.java,101,101,,,,
tests/net/java/com/android/server/net/NetworkStatsObserversTest.java,97,97,,,,
tests/net/java/com/android/server/net/NetworkStatsServiceTest.java,246,212,,20,14,
tests/net/java/com/android/server/NetworkManagementServiceTest.java,24,24,,,,
tests/net/java/com/android/server/NsdServiceTest.java,44,44,,,,
tests/NetworkSecurityConfigTest/src/android/security/net/config/NetworkSecurityConfigTests.java,72,72,,,,
tests/NetworkSecurityConfigTest/src/android/security/net/config/TestCertificateSource.java,18,18,,,,
tests/NetworkSecurityConfigTest/src/android/security/net/config/TestConfigSource.java,8,8,,,,
tests/NetworkSecurityConfigTest/src/android/security/net/config/TestUtils.java,36,36,,,,
tests/NetworkSecurityConfigTest/src/android/security/net/config/XmlConfigTests.java,164,164,,,,
tests/notification/src/com/android/frameworks/tests/notification/NotificationTests.java,133,133,,,,
tests/OdmApps/src/com/android/test/odm/app/OdmAppsTest.java,3,3,,,,
tests/OneMedia/src/com/android/onemedia/NotificationHelper.java,41,41,,,,
tests/OneMedia/src/com/android/onemedia/OnePlayerActivity.java,47,47,,,,
tests/OneMedia/src/com/android/onemedia/OnePlayerService.java,7,7,,,,
tests/OneMedia/src/com/android/onemedia/playback/LocalRenderer.java,143,143,,,,
tests/OneMedia/src/com/android/onemedia/playback/MediaItem.java,17,17,,,,
tests/OneMedia/src/com/android/onemedia/playback/PlaybackError.java,5,5,,,,
tests/OneMedia/src/com/android/onemedia/playback/Renderer.java,77,77,,,,
tests/OneMedia/src/com/android/onemedia/playback/RequestUtils.java,23,23,,,,
tests/OneMedia/src/com/android/onemedia/PlayerController.java,61,61,,,,
tests/OneMedia/src/com/android/onemedia/PlayerService.java,40,40,,,,
tests/OneMedia/src/com/android/onemedia/PlayerSession.java,62,62,,,,
tests/permission/src/com/android/framework/permission/tests/ActivityManagerPermissionTests.java,37,37,,,,
tests/permission/src/com/android/framework/permission/tests/PmPermissionsTests.java,17,17,,,,
tests/permission/src/com/android/framework/permission/tests/ServiceManagerPermissionTests.java,24,24,,,,
tests/permission/src/com/android/framework/permission/tests/SmsManagerPermissionTest.java,12,12,,,,
tests/permission/src/com/android/framework/permission/tests/VibratorServicePermissionTest.java,8,8,,,,
tests/permission/src/com/android/framework/permission/tests/WindowManagerPermissionTests.java,38,38,,,,
tests/RemoteDisplayProvider/src/com/android/media/remotedisplay/test/RemoteDisplayProviderService.java,50,50,,,,
tests/RenderThreadTest/src/com/example/renderthread/MainActivity.java,34,34,,,,
tests/RenderThreadTest/src/com/example/renderthread/SubActivity.java,13,13,,,,
tests/SerialChat/src/com/android/serialchat/SerialChat.java,35,35,,,,
tests/ServiceCrashTest/src/com/android/tests/servicecrashtest/CrashingService.java,16,16,,,,
tests/ServiceCrashTest/src/com/android/tests/servicecrashtest/MainActivity.java,16,16,,,,
tests/ServiceCrashTest/src/com/android/tests/servicecrashtest/ServiceCrashTest.java,11,11,,,,
tests/SharedLibrary/client/src/com/google/android/test/lib_client/ActivityMain.java,6,6,,,,
tests/SharedLibrary/client/src/com/google/android/test/lib_client/DependentAppwidgetProvider.java,4,4,,,,
tests/SharedLibrary/lib/src/com/google/android/test/shared_library/ActivityMain.java,4,4,,,,
tests/SharedLibrary/lib/src/com/google/android/test/shared_library/AddressView.java,11,11,,,,
tests/SharedLibrary/lib/src/com/google/android/test/shared_library/SharedLibraryMain.java,14,14,,,,
tests/SharedLibrary/lib/src/com/google/android/test/shared_library/VersionDialog.java,13,13,,,,
tests/ShowWhenLockedApp/src/com/android/showwhenlocked/ShowWhenLockedActivity.java,23,23,,,,
tests/SmokeTest/src/com/android/smoketest/SmokeTestActivity.java,3,3,,,,
tests/SmokeTest/tests/src/com/android/smoketest/ProcessErrorsTest.java,71,71,,,,
tests/SmokeTest/tests/src/com/android/smoketest/SmokeTestRunner.java,21,21,,,,
tests/SmokeTestApps/src/com/android/smoketest/triggers/CrashyApp.java,5,5,,,,
tests/SmokeTestApps/src/com/android/smoketest/triggers/CrashyApp2.java,5,5,,,,
tests/SmokeTestApps/src/com/android/smoketest/triggers/UnresponsiveApp.java,6,6,,,,
tests/SoundTriggerTestApp/src/com/android/test/soundtrigger/SoundTriggerTestActivity.java,85,85,,,,
tests/SoundTriggerTestApp/src/com/android/test/soundtrigger/SoundTriggerTestService.java,183,183,,,,
tests/SoundTriggerTestApp/src/com/android/test/soundtrigger/SoundTriggerUtil.java,20,20,,,,
tests/SoundTriggerTests/src/android/hardware/soundtrigger/SoundTriggerTest.java,75,75,,,,
tests/SoundTriggerTests/src/android/hardware/soundtrigger/stubhal/GenericSoundModelTest.java,81,81,,,,
tests/Split/src/java/com/android/example/split/ActivityMain.java,3,3,,,,
tests/StatusBar/src/com/android/statusbartest/ConfirmationActivity.java,11,11,,,,
tests/StatusBar/src/com/android/statusbartest/NotificationBuilderTest.java,72,72,,,,
tests/StatusBar/src/com/android/statusbartest/NotificationTestList.java,282,282,,,,
tests/StatusBar/src/com/android/statusbartest/PowerTest.java,31,31,,,,
tests/StatusBar/src/com/android/statusbartest/StatusBarTest.java,104,104,,,,
tests/StatusBar/src/com/android/statusbartest/TestActivity.java,19,19,,,,
tests/StatusBar/src/com/android/statusbartest/TestAlertActivity.java,8,8,,,,
tests/StatusBar/src/com/android/statusbartest/ToastTest.java,36,36,,,,
tests/SurfaceComposition/src/android/surfacecomposition/CustomLayout.java,23,23,,,,
tests/SurfaceComposition/src/android/surfacecomposition/CustomSurfaceView.java,58,58,,,,
tests/SurfaceComposition/src/android/surfacecomposition/MemoryAccessTask.java,15,15,,,,
tests/SurfaceComposition/src/android/surfacecomposition/SurfaceCompositionMeasuringActivity.java,155,155,,,,
tests/SurfaceComposition/src/android/surfacecomposition/SurfaceCompositionTest.java,25,25,,,,
tests/SystemUIDemoModeController/src/com/example/android/demomodecontroller/DemoModeController.java,86,86,,,,
tests/testables/src/android/testing/AndroidTestingRunner.java,39,39,,,,
tests/testables/src/android/testing/BaseFragmentTest.java,48,48,,,,
tests/testables/src/android/testing/DexmakerShareClassLoaderRule.java,23,23,,,,
tests/testables/src/android/testing/LayoutInflaterBuilder.java,35,35,,,,
tests/testables/src/android/testing/LeakCheck.java,26,26,,,,
tests/testables/src/android/testing/PollingCheck.java,25,25,,,,
tests/testables/src/android/testing/TestableContentResolver.java,41,28,,7,6,
tests/testables/src/android/testing/TestableContext.java,162,162,,,,
tests/testables/src/android/testing/TestableImageView.java,8,8,,,,
tests/testables/src/android/testing/TestableInstrumentation.java,31,31,,,,
tests/testables/src/android/testing/TestableLooper.java,83,83,,,,
tests/testables/src/android/testing/TestablePermissions.java,23,23,,,,
tests/testables/src/android/testing/TestableResources.java,19,19,,,,
tests/testables/src/android/testing/TestableSettingsProvider.java,31,31,,,,
tests/testables/src/android/testing/ViewUtils.java,6,6,,,,
tests/testables/tests/src/android/testing/DexmakerShareClassLoaderRuleTest.java,20,20,,,,
tests/testables/tests/src/android/testing/TestableContentResolverTest.java,13,,,,13,
tests/testables/tests/src/android/testing/TestableLooperTest.java,37,37,,,,
tests/testables/tests/src/android/testing/TestablePermissionsTest.java,10,10,,,,
tests/testables/tests/src/android/testing/TestableResourcesTest.java,15,15,,,,
tests/testables/tests/src/android/testing/TestableSettingsProviderTest.java,15,15,,,,
tests/TouchLatency/app/src/androidTest/java/com/prefabulated/touchlatency/ApplicationTest.java,2,2,,,,
tests/TouchLatency/app/src/main/java/com/prefabulated/touchlatency/TouchLatencyActivity.java,54,54,,,,
tests/TransformTest/src/com/google/android/test/transform/TransformTestActivity.java,50,50,,,,
tests/TransitionTests/src/com/android/transitiontests/ChangingText.java,11,11,,,,
tests/TransitionTests/src/com/android/transitiontests/ClippingText.java,16,16,,,,
tests/TransitionTests/src/com/android/transitiontests/ContactsExpansion.java,33,33,,,,
tests/TransitionTests/src/com/android/transitiontests/CrossFadeDemo.java,13,13,,,,
tests/TransitionTests/src/com/android/transitiontests/CrossfadeImage.java,16,16,,,,
tests/TransitionTests/src/com/android/transitiontests/CrossfadeMultiple.java,29,29,,,,
tests/TransitionTests/src/com/android/transitiontests/DelayedTransition.java,15,15,,,,
tests/TransitionTests/src/com/android/transitiontests/Demo0.java,12,12,,,,
tests/TransitionTests/src/com/android/transitiontests/Demo1.java,19,19,,,,
tests/TransitionTests/src/com/android/transitiontests/Demo2.java,14,14,,,,
tests/TransitionTests/src/com/android/transitiontests/Demo3.java,12,12,,,,
tests/TransitionTests/src/com/android/transitiontests/Demo4.java,14,14,,,,
tests/TransitionTests/src/com/android/transitiontests/Demo5.java,10,10,,,,
tests/TransitionTests/src/com/android/transitiontests/FadingHierarchy.java,10,10,,,,
tests/TransitionTests/src/com/android/transitiontests/FadingTest.java,17,17,,,,
tests/TransitionTests/src/com/android/transitiontests/HierarchicalMove.java,22,22,,,,
tests/TransitionTests/src/com/android/transitiontests/HitRectBug.java,18,18,,,,
tests/TransitionTests/src/com/android/transitiontests/InstanceTargets.java,12,12,,,,
tests/TransitionTests/src/com/android/transitiontests/InterruptionTest.java,17,17,,,,
tests/TransitionTests/src/com/android/transitiontests/ListViewAddRemove.java,51,51,,,,
tests/TransitionTests/src/com/android/transitiontests/ListViewAddRemoveNoTransition.java,32,32,,,,
tests/TransitionTests/src/com/android/transitiontests/LoginActivity.java,21,21,,,,
tests/TransitionTests/src/com/android/transitiontests/LoginActivityFromResources.java,20,20,,,,
tests/TransitionTests/src/com/android/transitiontests/OverlayTest.java,10,10,,,,
tests/TransitionTests/src/com/android/transitiontests/Reparenting.java,22,22,,,,
tests/TransitionTests/src/com/android/transitiontests/ResourceLoadingTest.java,18,18,,,,
tests/TransitionTests/src/com/android/transitiontests/ScenesTestAutoTargets.java,12,12,,,,
tests/TransitionTests/src/com/android/transitiontests/ScenesTestAutoTransition.java,11,11,,,,
tests/TransitionTests/src/com/android/transitiontests/ScenesTestAutoTransition2.java,10,10,,,,
tests/TransitionTests/src/com/android/transitiontests/ScenesTestv21.java,14,14,,,,
tests/TransitionTests/src/com/android/transitiontests/SequenceTest.java,19,19,,,,
tests/TransitionTests/src/com/android/transitiontests/SequenceTestSimple.java,16,16,,,,
tests/TransitionTests/src/com/android/transitiontests/SurfaceAndTextureViews.java,68,68,,,,
tests/TransitionTests/src/com/android/transitiontests/UniqueIds.java,24,24,,,,
tests/TtsTests/src/com/android/speech/tts/MockableCheckVoiceData.java,7,7,,,,
tests/TtsTests/src/com/android/speech/tts/MockableTextToSpeechService.java,34,34,,,,
tests/TtsTests/src/com/android/speech/tts/TextToSpeechTests.java,54,54,,,,
tests/TtsTests/src/com/android/speech/tts/TtsEnginesTests.java,11,11,,,,
tests/UiBench/src/com/android/test/uibench/ActivityTransition.java,28,28,,,,
tests/UiBench/src/com/android/test/uibench/ActivityTransitionDetails.java,13,13,,,,
tests/UiBench/src/com/android/test/uibench/BitmapUploadActivity.java,22,22,,,,
tests/UiBench/src/com/android/test/uibench/ClippedListActivity.java,13,13,,,,
tests/UiBench/src/com/android/test/uibench/DialogListActivity.java,5,5,,,,
tests/UiBench/src/com/android/test/uibench/EditTextTypeActivity.java,24,24,,,,
tests/UiBench/src/com/android/test/uibench/FadingEdgeListActivity.java,3,3,,,,
tests/UiBench/src/com/android/test/uibench/FullscreenOverdrawActivity.java,18,18,,,,
tests/UiBench/src/com/android/test/uibench/GlTextureViewActivity.java,24,24,,,,
tests/UiBench/src/com/android/test/uibench/InflatingListActivity.java,14,14,,,,
tests/UiBench/src/com/android/test/uibench/InvalidateActivity.java,24,24,,,,
tests/UiBench/src/com/android/test/uibench/InvalidateTreeActivity.java,16,16,,,,
tests/UiBench/src/com/android/test/uibench/leanback/BitmapLoader.java,43,43,,,,
tests/UiBench/src/com/android/test/uibench/leanback/BrowseActivity.java,3,3,,,,
tests/UiBench/src/com/android/test/uibench/leanback/BrowseFragment.java,5,5,,,,
tests/UiBench/src/com/android/test/uibench/leanback/CardPresenter.java,18,18,,,,
tests/UiBench/src/com/android/test/uibench/leanback/PhotoItem.java,21,21,,,,
tests/UiBench/src/com/android/test/uibench/leanback/TestHelper.java,95,95,,,,
tests/UiBench/src/com/android/test/uibench/listview/CompatListActivity.java,7,7,,,,
tests/UiBench/src/com/android/test/uibench/listview/FadingEdgeListFragment.java,4,4,,,,
tests/UiBench/src/com/android/test/uibench/MainActivity.java,54,54,,,,
tests/UiBench/src/com/android/test/uibench/NavigationDrawerActivity.java,10,10,,,,
tests/UiBench/src/com/android/test/uibench/NotificationShadeActivity.java,46,46,,,,
tests/UiBench/src/com/android/test/uibench/opengl/ImageFlipRenderThread.java,69,69,,,,
tests/UiBench/src/com/android/test/uibench/recyclerview/RvArrayAdapter.java,18,18,,,,
tests/UiBench/src/com/android/test/uibench/recyclerview/RvBoxAdapter.java,23,23,,,,
tests/UiBench/src/com/android/test/uibench/recyclerview/RvCompatListActivity.java,16,16,,,,
tests/UiBench/src/com/android/test/uibench/RenderingJitter.java,119,119,,,,
tests/UiBench/src/com/android/test/uibench/ResizeHWLayerActivity.java,14,14,,,,
tests/UiBench/src/com/android/test/uibench/SaveLayerInterleaveActivity.java,20,20,,,,
tests/UiBench/src/com/android/test/uibench/ScrollableWebViewActivity.java,5,5,,,,
tests/UiBench/src/com/android/test/uibench/ShadowGridActivity.java,9,9,,,,
tests/UiBench/src/com/android/test/uibench/SlowBindRecyclerViewActivity.java,11,11,,,,
tests/UiBench/src/com/android/test/uibench/SlowNestedRecyclerViewActivity.java,68,68,,,,
tests/UiBench/src/com/android/test/uibench/TextCacheHighHitrateActivity.java,2,2,,,,
tests/UiBench/src/com/android/test/uibench/TextCacheLowHitrateActivity.java,2,2,,,,
tests/UiBench/src/com/android/test/uibench/TextUtils.java,60,60,,,,
tests/UiBench/src/com/android/test/uibench/TrivialAnimationActivity.java,8,8,,,,
tests/UiBench/src/com/android/test/uibench/TrivialAnimationActivityWideGamut.java,1,1,,,,
tests/UiBench/src/com/android/test/uibench/TrivialListActivity.java,2,2,,,,
tests/UiBench/src/com/android/test/uibench/TrivialRecyclerViewActivity.java,2,2,,,,
tests/UsageStatsTest/src/com/android/tests/usagestats/UsageLogActivity.java,41,41,,,,
tests/UsageStatsTest/src/com/android/tests/usagestats/UsageStatsActivity.java,72,72,,,,
tests/UsbHostExternalManagmentTest/AoapTestDevice/src/com/android/hardware/usb/aoapdevicetest/UsbAoapDeviceTestActivity.java,40,40,,,,
tests/UsbHostExternalManagmentTest/AoapTestHost/src/com/android/hardware/usb/aoaphosttest/UsbAoapHostTestActivity.java,40,40,,,,
tests/UsbHostExternalManagmentTest/UsbHostExternalManagmentTestApp/src/com/android/hardware/usb/externalmanagementtest/AoapInterface.java,32,32,,,,
tests/UsbHostExternalManagmentTest/UsbHostExternalManagmentTestApp/src/com/android/hardware/usb/externalmanagementtest/UsbDeviceStateController.java,97,97,,,,
tests/UsbHostExternalManagmentTest/UsbHostExternalManagmentTestApp/src/com/android/hardware/usb/externalmanagementtest/UsbHostManagementActivity.java,70,70,,,,
tests/UsbHostExternalManagmentTest/UsbHostExternalManagmentTestApp/src/com/android/hardware/usb/externalmanagementtest/UsbUtil.java,26,26,,,,
tests/UsbTests/src/com/android/server/usb/UsbDescriptorParserTests.java,20,20,,,,
tests/UsbTests/src/com/android/server/usb/UsbHandlerTest.java,67,67,,,,
tests/utils/DummyIME/src/com/android/testing/dummyime/DummyIme.java,3,3,,,,
tests/utils/DummyIME/src/com/android/testing/dummyime/ImePreferences.java,1,1,,,,
tests/utils/SleepUtils/AlarmService/src/com/android/testing/alarmservice/AlarmImpl.java,15,15,,,,
tests/utils/SleepUtils/AlarmService/src/com/android/testing/alarmservice/AlarmService.java,8,8,,,,
tests/utils/SleepUtils/AlarmService/src/com/android/testing/alarmservice/WakeUpCall.java,6,6,,,,
tests/utils/SleepUtils/AlarmService/src/com/android/testing/alarmservice/WakeUpController.java,10,10,,,,
tests/utils/SleepUtils/SleepHelper/src/com/android/testing/sleephelper/SetAlarm.java,38,38,,,,
tests/utils/SleepUtils/WakeLoopService/src/android/test/wakeuploop/FileUtil.java,9,9,,,,
tests/utils/SleepUtils/WakeLoopService/src/android/test/wakeuploop/WakeLoopService.java,25,25,,,,
tests/utils/SleepUtils/WakeLoopService/src/android/test/wakeuploop/WakeUpCall.java,23,23,,,,
tests/utils/testutils/java/android/app/test/MockAnswerUtil.java,10,10,,,,
tests/utils/testutils/java/android/app/test/TestAlarmManager.java,54,54,,,,
tests/utils/testutils/java/android/os/test/TestLooper.java,50,50,,,,
tests/utils/testutils/java/android/os/test/TestLooperTest.java,68,68,,,,
tests/utils/testutils/java/com/android/internal/util/test/BidirectionalAsyncChannel.java,16,16,,,,
tests/utils/testutils/java/com/android/internal/util/test/BidirectionalAsyncChannelServer.java,14,14,,,,
tests/utils/testutils/java/com/android/internal/util/test/BroadcastInterceptingContext.java,77,77,,,,
tests/utils/testutils/java/com/android/internal/util/test/FakeSettingsProvider.java,20,20,,,,
tests/VectorDrawableTest/src/com/android/test/dynamic/AnimatedStateVectorDrawableTest.java,9,9,,,,
tests/VectorDrawableTest/src/com/android/test/dynamic/AnimatedVectorDrawableAttr.java,5,5,,,,
tests/VectorDrawableTest/src/com/android/test/dynamic/AnimatedVectorDrawableDupPerf.java,24,24,,,,
tests/VectorDrawableTest/src/com/android/test/dynamic/AnimatedVectorDrawableTest.java,26,26,,,,
tests/VectorDrawableTest/src/com/android/test/dynamic/BitmapDrawableDupe.java,12,12,,,,
tests/VectorDrawableTest/src/com/android/test/dynamic/BoundsCheckTest.java,12,12,,,,
tests/VectorDrawableTest/src/com/android/test/dynamic/ScaleDrawableTests.java,17,17,,,,
tests/VectorDrawableTest/src/com/android/test/dynamic/VectorCheckbox.java,9,9,,,,
tests/VectorDrawableTest/src/com/android/test/dynamic/VectorDrawable01.java,19,19,,,,
tests/VectorDrawableTest/src/com/android/test/dynamic/VectorDrawableAnimation.java,9,9,,,,
tests/VectorDrawableTest/src/com/android/test/dynamic/VectorDrawableDupPerf.java,1,1,,,,
tests/VectorDrawableTest/src/com/android/test/dynamic/VectorDrawablePerformance.java,24,24,,,,
tests/VectorDrawableTest/src/com/android/test/dynamic/VectorDrawableStaticPerf.java,1,1,,,,
tests/VectorDrawableTest/src/com/android/test/dynamic/VectorDrawableTest.java,48,48,,,,
tests/VectorDrawableTest/src/com/android/test/dynamic/VectorPathChecking.java,1,1,,,,
tests/VoiceEnrollment/src/com/android/test/voiceenrollment/EnrollmentUtil.java,27,27,,,,
tests/VoiceEnrollment/src/com/android/test/voiceenrollment/TestEnrollmentActivity.java,28,28,,,,
tests/VoiceInteraction/src/com/android/test/voiceinteraction/AssistProxyActivity.java,4,4,,,,
tests/VoiceInteraction/src/com/android/test/voiceinteraction/AssistVisualizer.java,68,68,,,,
tests/VoiceInteraction/src/com/android/test/voiceinteraction/AsyncStructure.java,12,12,,,,
tests/VoiceInteraction/src/com/android/test/voiceinteraction/MainInteractionService.java,16,16,,,,
tests/VoiceInteraction/src/com/android/test/voiceinteraction/MainInteractionSession.java,111,111,,,,
tests/VoiceInteraction/src/com/android/test/voiceinteraction/MainInteractionSessionService.java,3,3,,,,
tests/VoiceInteraction/src/com/android/test/voiceinteraction/MainRecognitionService.java,11,11,,,,
tests/VoiceInteraction/src/com/android/test/voiceinteraction/SettingsActivity.java,3,3,,,,
tests/VoiceInteraction/src/com/android/test/voiceinteraction/StartVoiceInteractionActivity.java,58,58,,,,
tests/VoiceInteraction/src/com/android/test/voiceinteraction/TestInteractionActivity.java,71,71,,,,
tests/VoiceInteraction/src/com/android/test/voiceinteraction/VoiceInteractionMain.java,14,14,,,,
tests/WallpaperTest/src/com/example/wallpapertest/MainActivity.java,53,53,,,,
tests/WallpaperTest/src/com/example/wallpapertest/TestWallpaper.java,72,72,,,,
tests/WindowAnimationJank/src/android/windowanimationjank/ElementLayoutActivity.java,35,35,,,,
tests/WindowAnimationJank/src/android/windowanimationjank/FlowLayout.java,36,36,,,,
tests/WindowAnimationJank/src/android/windowanimationjank/FullscreenRotationTest.java,7,7,,,,
tests/WindowAnimationJank/src/android/windowanimationjank/Utils.java,32,32,,,,
tests/WindowAnimationJank/src/android/windowanimationjank/WindowAnimationJankTestBase.java,6,6,,,,
tests/WindowManagerStressTest/src/test/windowmanagerstresstest/MainActivity.java,38,38,,,,
tools/aapt2/integration-tests/NamespaceTest/App/src/com/android/aapt/namespace/app/MainActivity.java,4,4,,,,
tools/aapt2/integration-tests/NamespaceTest/LibTwo/src/com/android/aapt/namespace/libtwo/TextView.java,18,18,,,,
tools/aapt2/integration-tests/NamespaceTest/Split/src/com/android/aapt/namespace/split/SplitActivity.java,3,3,,,,
tools/aapt2/integration-tests/StaticLibTest/App/src/com/android/aapt/app/one/AppOne.java,4,4,,,,
tools/aapt2/integration-tests/StaticLibTest/LibOne/src/com/android/aapt/staticlib/one/StaticLibOne.java,3,3,,,,
tools/aapt2/integration-tests/StaticLibTest/LibTwo/src/com/android/aapt/staticlib/two/StaticLibTwo.java,4,4,,,,
tools/locked_region_code_injection/src/lockedregioncodeinjection/LockFindingClassVisitor.java,92,92,,,,
tools/locked_region_code_injection/src/lockedregioncodeinjection/LockTarget.java,16,16,,,,
tools/locked_region_code_injection/src/lockedregioncodeinjection/LockTargetState.java,6,6,,,,
tools/locked_region_code_injection/src/lockedregioncodeinjection/LockTargetStateAnalysis.java,25,25,,,,
tools/locked_region_code_injection/src/lockedregioncodeinjection/Main.java,24,24,,,,
tools/locked_region_code_injection/src/lockedregioncodeinjection/Utils.java,12,12,,,,
tools/locked_region_code_injection/test/lockedregioncodeinjection/TestMain.java,25,25,,,,
tools/locked_region_code_injection/test/lockedregioncodeinjection/TestTarget.java,13,13,,,,
tools/preload/Compile.java,12,12,,,,
tools/preload/loadclass/LoadClass.java,15,15,,,,
tools/preload/LoadedClass.java,32,32,,,,
tools/preload/MemoryUsage.java,75,75,,,,
tools/preload/Operation.java,26,26,,,,
tools/preload/Policy.java,9,9,,,,
tools/preload/PrintCsv.java,18,18,,,,
tools/preload/PrintHtmlDiff.java,27,27,,,,
tools/preload/PrintPsTree.java,7,7,,,,
tools/preload/Proc.java,37,37,,,,
tools/preload/Record.java,26,26,,,,
tools/preload/Root.java,24,24,,,,
tools/preload/WritePreloadedClassFile.java,27,27,,,,
tools/preload2/src/com/android/preload/actions/AbstractThreadedAction.java,5,5,,,,
tools/preload2/src/com/android/preload/actions/AbstractThreadedDeviceSpecificAction.java,9,9,,,,
tools/preload2/src/com/android/preload/actions/ClearTableAction.java,6,6,,,,
tools/preload2/src/com/android/preload/actions/ComputeThresholdAction.java,40,40,,,,
tools/preload2/src/com/android/preload/actions/ComputeThresholdXAction.java,8,8,,,,
tools/preload2/src/com/android/preload/actions/DeviceSpecific.java,3,3,,,,
tools/preload2/src/com/android/preload/actions/ExportAction.java,11,11,,,,
tools/preload2/src/com/android/preload/actions/ImportAction.java,12,12,,,,
tools/preload2/src/com/android/preload/actions/ReloadListAction.java,16,16,,,,
tools/preload2/src/com/android/preload/actions/RunMonkeyAction.java,27,27,,,,
tools/preload2/src/com/android/preload/actions/ScanAllPackagesAction.java,14,14,,,,
tools/preload2/src/com/android/preload/actions/ScanPackageAction.java,24,24,,,,
tools/preload2/src/com/android/preload/actions/ShowDataAction.java,21,21,,,,
tools/preload2/src/com/android/preload/actions/WritePreloadedClassesAction.java,11,11,,,,
tools/preload2/src/com/android/preload/classdataretrieval/ClassDataRetriever.java,3,3,,,,
tools/preload2/src/com/android/preload/classdataretrieval/hprof/GeneralHprofDumpHandler.java,22,22,,,,
tools/preload2/src/com/android/preload/classdataretrieval/hprof/Hprof.java,54,54,,,,
tools/preload2/src/com/android/preload/classdataretrieval/jdwp/JDWPClassDataRetriever.java,53,53,,,,
tools/preload2/src/com/android/preload/classdataretrieval/jdwp/PreloadDebugeeWrapper.java,8,8,,,,
tools/preload2/src/com/android/preload/ClientUtils.java,57,57,,,,
tools/preload2/src/com/android/preload/DeviceUtils.java,119,119,,,,
tools/preload2/src/com/android/preload/DumpData.java,17,17,,,,
tools/preload2/src/com/android/preload/DumpDataIO.java,33,33,,,,
tools/preload2/src/com/android/preload/DumpTableModel.java,15,15,,,,
tools/preload2/src/com/android/preload/Main.java,61,61,,,,
tools/preload2/src/com/android/preload/ui/IUI.java,27,27,,,,
tools/preload2/src/com/android/preload/ui/NullProgressMonitor.java,9,9,,,,
tools/preload2/src/com/android/preload/ui/SequenceUI.java,70,70,,,,
tools/preload2/src/com/android/preload/ui/SwingUI.java,51,51,,,,
tools/streaming_proto/test/src/com/android/streaming_proto_test/Main.java,3,3,,,,
vr/java/com/google/vr/platform/DeviceInfo.java,3,3,,,,
vr/java/com/google/vr/platform/Dvr.java,4,4,,,,
wifi/java/android/net/wifi/AnqpInformationElement.java,40,40,,,,
wifi/java/android/net/wifi/aware/AttachCallback.java,4,4,,,,
wifi/java/android/net/wifi/aware/Characteristics.java,21,21,,,,
wifi/java/android/net/wifi/aware/ConfigRequest.java,58,58,,,,
wifi/java/android/net/wifi/aware/DiscoverySession.java,45,45,,,,
wifi/java/android/net/wifi/aware/DiscoverySessionCallback.java,24,24,,,,
wifi/java/android/net/wifi/aware/IdentityChangedListener.java,3,3,,,,
wifi/java/android/net/wifi/aware/PeerHandle.java,7,7,,,,
wifi/java/android/net/wifi/aware/PublishConfig.java,69,69,,,,
wifi/java/android/net/wifi/aware/PublishDiscoverySession.java,9,9,,,,
wifi/java/android/net/wifi/aware/SubscribeConfig.java,84,84,,,,
wifi/java/android/net/wifi/aware/SubscribeDiscoverySession.java,9,9,,,,
wifi/java/android/net/wifi/aware/TlvBufferUtils.java,95,95,,,,
wifi/java/android/net/wifi/aware/WifiAwareAgentNetworkSpecifier.java,64,64,,,,
wifi/java/android/net/wifi/aware/WifiAwareManager.java,186,186,,,,
wifi/java/android/net/wifi/aware/WifiAwareNetworkSpecifier.java,47,47,,,,
wifi/java/android/net/wifi/aware/WifiAwareSession.java,41,41,,,,
wifi/java/android/net/wifi/aware/WifiAwareUtils.java,13,13,,,,
wifi/java/android/net/wifi/BatchedScanResult.java,24,24,,,,
wifi/java/android/net/wifi/EAPConstants.java,31,31,,,,
wifi/java/android/net/wifi/hotspot2/ConfigParser.java,84,84,,,,
wifi/java/android/net/wifi/hotspot2/omadm/PpsMoParser.java,301,301,,,,
wifi/java/android/net/wifi/hotspot2/omadm/XMLNode.java,22,22,,,,
wifi/java/android/net/wifi/hotspot2/omadm/XMLParser.java,21,21,,,,
wifi/java/android/net/wifi/hotspot2/OsuProvider.java,49,49,,,,
wifi/java/android/net/wifi/hotspot2/PasspointConfiguration.java,100,100,,,,
wifi/java/android/net/wifi/hotspot2/pps/Credential.java,207,207,,,,
wifi/java/android/net/wifi/hotspot2/pps/HomeSp.java,70,70,,,,
wifi/java/android/net/wifi/hotspot2/pps/Policy.java,126,126,,,,
wifi/java/android/net/wifi/hotspot2/pps/UpdateParameter.java,67,67,,,,
wifi/java/android/net/wifi/hotspot2/ProvisioningCallback.java,17,17,,,,
wifi/java/android/net/wifi/p2p/nsd/WifiP2pDnsSdServiceInfo.java,36,36,,,,
wifi/java/android/net/wifi/p2p/nsd/WifiP2pDnsSdServiceRequest.java,15,15,,,,
wifi/java/android/net/wifi/p2p/nsd/WifiP2pDnsSdServiceResponse.java,44,44,,,,
wifi/java/android/net/wifi/p2p/nsd/WifiP2pServiceInfo.java,32,32,,,,
wifi/java/android/net/wifi/p2p/nsd/WifiP2pServiceRequest.java,47,47,,,,
wifi/java/android/net/wifi/p2p/nsd/WifiP2pServiceResponse.java,73,73,,,,
wifi/java/android/net/wifi/p2p/nsd/WifiP2pUpnpServiceInfo.java,14,14,,,,
wifi/java/android/net/wifi/p2p/nsd/WifiP2pUpnpServiceRequest.java,8,8,,,,
wifi/java/android/net/wifi/p2p/nsd/WifiP2pUpnpServiceResponse.java,22,22,,,,
wifi/java/android/net/wifi/p2p/WifiP2pConfig.java,30,30,,,,
wifi/java/android/net/wifi/p2p/WifiP2pDevice.java,75,75,,,,
wifi/java/android/net/wifi/p2p/WifiP2pDeviceList.java,58,58,,,,
wifi/java/android/net/wifi/p2p/WifiP2pGroup.java,71,71,,,,
wifi/java/android/net/wifi/p2p/WifiP2pGroupList.java,62,62,,,,
wifi/java/android/net/wifi/p2p/WifiP2pInfo.java,21,21,,,,
wifi/java/android/net/wifi/p2p/WifiP2pManager.java,342,342,,,,
wifi/java/android/net/wifi/p2p/WifiP2pProvDiscEvent.java,15,15,,,,
wifi/java/android/net/wifi/p2p/WifiP2pWfdInfo.java,60,60,,,,
wifi/java/android/net/wifi/ParcelUtil.java,29,29,,,,
wifi/java/android/net/wifi/PasspointManagementObjectDefinition.java,21,21,,,,
wifi/java/android/net/wifi/RssiPacketCountInfo.java,18,18,,,,
wifi/java/android/net/wifi/rtt/RangingRequest.java,40,40,,,,
wifi/java/android/net/wifi/rtt/RangingResult.java,78,78,,,,
wifi/java/android/net/wifi/rtt/RangingResultCallback.java,7,7,,,,
wifi/java/android/net/wifi/rtt/ResponderConfig.java,100,100,,,,
wifi/java/android/net/wifi/rtt/WifiRttManager.java,30,30,,,,
wifi/java/android/net/wifi/RttManager.java,261,261,,,,
wifi/java/android/net/wifi/ScanResult.java,176,176,,,,
wifi/java/android/net/wifi/SupplicantState.java,18,18,,,,
wifi/java/android/net/wifi/WifiActivityEnergyInfo.java,51,51,,,,
wifi/java/android/net/wifi/WifiConfiguration.java,355,354,,1,,
wifi/java/android/net/wifi/WifiEnterpriseConfig.java,220,218,,2,,
wifi/java/android/net/wifi/WifiInfo.java,99,99,,,,
wifi/java/android/net/wifi/WifiManager.java,601,598,,1,2,
wifi/java/android/net/wifi/WifiNetworkConnectionStatistics.java,25,25,,,,
wifi/java/android/net/wifi/WifiNetworkScoreCache.java,77,77,,,,
wifi/java/android/net/wifi/WifiScanner.java,414,414,,,,
wifi/java/android/net/wifi/WifiSsid.java,56,56,,,,
wifi/java/android/net/wifi/WifiWakeReasonAndCounts.java,34,34,,,,
wifi/java/android/net/wifi/WpsInfo.java,25,25,,,,
wifi/java/android/net/wifi/WpsResult.java,21,21,,,,
wifi/tests/src/android/net/wifi/aware/TlvBufferUtilsTest.java,62,62,,,,
wifi/tests/src/android/net/wifi/aware/WifiAwareAgentNetworkSpecifierTest.java,41,41,,,,
wifi/tests/src/android/net/wifi/aware/WifiAwareManagerTest.java,262,262,,,,
wifi/tests/src/android/net/wifi/FakeKeys.java,18,18,,,,
wifi/tests/src/android/net/wifi/hotspot2/ConfigParserTest.java,37,37,,,,
wifi/tests/src/android/net/wifi/hotspot2/omadm/PpsMoParserTest.java,44,44,,,,
wifi/tests/src/android/net/wifi/hotspot2/omadm/XMLParserTest.java,16,16,,,,
wifi/tests/src/android/net/wifi/hotspot2/OsuProviderTest.java,20,20,,,,
wifi/tests/src/android/net/wifi/hotspot2/PasspointConfigurationTest.java,60,60,,,,
wifi/tests/src/android/net/wifi/hotspot2/pps/CredentialTest.java,74,74,,,,
wifi/tests/src/android/net/wifi/hotspot2/pps/HomeSpTest.java,33,33,,,,
wifi/tests/src/android/net/wifi/hotspot2/pps/PolicyTest.java,52,52,,,,
wifi/tests/src/android/net/wifi/hotspot2/pps/UpdateParameterTest.java,57,57,,,,
wifi/tests/src/android/net/wifi/p2p/WifiP2pManagerTest.java,11,11,,,,
wifi/tests/src/android/net/wifi/ParcelUtilTest.java,19,19,,,,
wifi/tests/src/android/net/wifi/rtt/WifiRttManagerTest.java,91,91,,,,
wifi/tests/src/android/net/wifi/ScanResultTest.java,36,36,,,,
wifi/tests/src/android/net/wifi/WifiConfigurationTest.java,56,56,,,,
wifi/tests/src/android/net/wifi/WifiEnterpriseConfigTest.java,87,87,,,,
wifi/tests/src/android/net/wifi/WifiManagerTest.java,185,185,,,,
wifi/tests/src/android/net/wifi/WifiNetworkScoreCacheTest.java,55,55,,,,
wifi/tests/src/android/net/wifi/WifiScannerTest.java,18,18,,,,
wifi/tests/src/android/net/wifi/WifiSsidTest.java,8,8,,,,
